model,dataset,editor,method,order_id,edit_count,scope,dose_fraction,family,endpoint,metric,operation,n_cases,mean_difference_pp,ci_low_pp,ci_high_pp
GPT-2 XL,CounterFact,AlphaEdit,ENCORE,canonical,1000,dose_specific,0.25,locality,LOC,full,orthogonal,100,1.0,-2.0,5.0
GPT-2 XL,CounterFact,AlphaEdit,ENCORE,canonical,1000,dose_specific,0.25,locality,LOC,full,parallel_only,100,0.0,0.0,0.0
GPT-2 XL,CounterFact,AlphaEdit,ENCORE,canonical,1000,dose_specific,0.25,locality,LOC,full,parallel_minus_orthogonal,100,-1.0,-5.0,2.0
GPT-2 XL,CounterFact,AlphaEdit,ENCORE,canonical,1000,dose_specific,0.25,rewrite,EFF_TF,full,orthogonal,100,-1.0,-2.5,0.0
GPT-2 XL,CounterFact,AlphaEdit,ENCORE,canonical,1000,dose_specific,0.25,rewrite,EFF_TF,full,parallel_only,100,-0.5,-1.5,0.0
GPT-2 XL,CounterFact,AlphaEdit,ENCORE,canonical,1000,dose_specific,0.25,rewrite,EFF_TF,full,parallel_minus_orthogonal,100,0.5,0.0,1.5
GPT-2 XL,CounterFact,AlphaEdit,ENCORE,canonical,1000,dose_specific,0.25,rewrite,EFF_TF,content_only,orthogonal,100,-1.0,-3.0,0.0
GPT-2 XL,CounterFact,AlphaEdit,ENCORE,canonical,1000,dose_specific,0.25,rewrite,EFF_TF,content_only,parallel_only,100,-1.0,-3.0,0.0
GPT-2 XL,CounterFact,AlphaEdit,ENCORE,canonical,1000,dose_specific,0.25,rewrite,EFF_TF,content_only,parallel_minus_orthogonal,100,0.0,0.0,0.0
GPT-2 XL,CounterFact,AlphaEdit,ENCORE,canonical,1000,dose_specific,0.25,rephrase,GEN_TF,full,orthogonal,100,-0.5,-1.5,0.0
GPT-2 XL,CounterFact,AlphaEdit,ENCORE,canonical,1000,dose_specific,0.25,rephrase,GEN_TF,full,parallel_only,100,0.0,0.0,0.0
GPT-2 XL,CounterFact,AlphaEdit,ENCORE,canonical,1000,dose_specific,0.25,rephrase,GEN_TF,full,parallel_minus_orthogonal,100,0.5,0.0,1.5
GPT-2 XL,CounterFact,AlphaEdit,ENCORE,canonical,1000,dose_specific,0.25,rephrase,GEN_TF,content_only,orthogonal,100,-1.0,-3.0,0.0
GPT-2 XL,CounterFact,AlphaEdit,ENCORE,canonical,1000,dose_specific,0.25,rephrase,GEN_TF,content_only,parallel_only,100,0.0,0.0,0.0
GPT-2 XL,CounterFact,AlphaEdit,ENCORE,canonical,1000,dose_specific,0.25,rephrase,GEN_TF,content_only,parallel_minus_orthogonal,100,1.0,0.0,3.0
GPT-2 XL,CounterFact,AlphaEdit,ENCORE,canonical,1000,both_doses,0.25,locality,LOC,full,orthogonal,100,1.0,-2.0,5.0
GPT-2 XL,CounterFact,AlphaEdit,ENCORE,canonical,1000,both_doses,0.25,locality,LOC,full,parallel_only,100,0.0,0.0,0.0
GPT-2 XL,CounterFact,AlphaEdit,ENCORE,canonical,1000,both_doses,0.25,locality,LOC,full,parallel_minus_orthogonal,100,-1.0,-5.0,2.0
GPT-2 XL,CounterFact,AlphaEdit,ENCORE,canonical,1000,both_doses,0.25,rewrite,EFF_TF,full,orthogonal,100,-1.0,-2.5,0.0
GPT-2 XL,CounterFact,AlphaEdit,ENCORE,canonical,1000,both_doses,0.25,rewrite,EFF_TF,full,parallel_only,100,-0.5,-1.5,0.0
GPT-2 XL,CounterFact,AlphaEdit,ENCORE,canonical,1000,both_doses,0.25,rewrite,EFF_TF,full,parallel_minus_orthogonal,100,0.5,0.0,1.5
GPT-2 XL,CounterFact,AlphaEdit,ENCORE,canonical,1000,both_doses,0.25,rewrite,EFF_TF,content_only,orthogonal,100,-1.0,-3.0,0.0
GPT-2 XL,CounterFact,AlphaEdit,ENCORE,canonical,1000,both_doses,0.25,rewrite,EFF_TF,content_only,parallel_only,100,-1.0,-3.0,0.0
GPT-2 XL,CounterFact,AlphaEdit,ENCORE,canonical,1000,both_doses,0.25,rewrite,EFF_TF,content_only,parallel_minus_orthogonal,100,0.0,0.0,0.0
GPT-2 XL,CounterFact,AlphaEdit,ENCORE,canonical,1000,both_doses,0.25,rephrase,GEN_TF,full,orthogonal,100,-0.5,-1.5,0.0
GPT-2 XL,CounterFact,AlphaEdit,ENCORE,canonical,1000,both_doses,0.25,rephrase,GEN_TF,full,parallel_only,100,0.0,0.0,0.0
GPT-2 XL,CounterFact,AlphaEdit,ENCORE,canonical,1000,both_doses,0.25,rephrase,GEN_TF,full,parallel_minus_orthogonal,100,0.5,0.0,1.5
GPT-2 XL,CounterFact,AlphaEdit,ENCORE,canonical,1000,both_doses,0.25,rephrase,GEN_TF,content_only,orthogonal,100,-1.0,-3.0,0.0
GPT-2 XL,CounterFact,AlphaEdit,ENCORE,canonical,1000,both_doses,0.25,rephrase,GEN_TF,content_only,parallel_only,100,0.0,0.0,0.0
GPT-2 XL,CounterFact,AlphaEdit,ENCORE,canonical,1000,both_doses,0.25,rephrase,GEN_TF,content_only,parallel_minus_orthogonal,100,1.0,0.0,3.0
GPT-2 XL,CounterFact,AlphaEdit,ENCORE,canonical,1000,dose_specific,0.5,locality,LOC,full,orthogonal,100,1.0,-2.0,5.0
GPT-2 XL,CounterFact,AlphaEdit,ENCORE,canonical,1000,dose_specific,0.5,locality,LOC,full,parallel_only,100,0.0,0.0,0.0
GPT-2 XL,CounterFact,AlphaEdit,ENCORE,canonical,1000,dose_specific,0.5,locality,LOC,full,parallel_minus_orthogonal,100,-1.0,-5.0,2.0
GPT-2 XL,CounterFact,AlphaEdit,ENCORE,canonical,1000,dose_specific,0.5,rewrite,EFF_TF,full,orthogonal,100,-1.0,-2.5,0.0
GPT-2 XL,CounterFact,AlphaEdit,ENCORE,canonical,1000,dose_specific,0.5,rewrite,EFF_TF,full,parallel_only,100,0.0,-1.5,1.5
GPT-2 XL,CounterFact,AlphaEdit,ENCORE,canonical,1000,dose_specific,0.5,rewrite,EFF_TF,full,parallel_minus_orthogonal,100,1.0,0.0,2.5
GPT-2 XL,CounterFact,AlphaEdit,ENCORE,canonical,1000,dose_specific,0.5,rewrite,EFF_TF,content_only,orthogonal,100,-1.0,-3.0,0.0
GPT-2 XL,CounterFact,AlphaEdit,ENCORE,canonical,1000,dose_specific,0.5,rewrite,EFF_TF,content_only,parallel_only,100,0.0,-3.0,3.0
GPT-2 XL,CounterFact,AlphaEdit,ENCORE,canonical,1000,dose_specific,0.5,rewrite,EFF_TF,content_only,parallel_minus_orthogonal,100,1.0,0.0,3.0
GPT-2 XL,CounterFact,AlphaEdit,ENCORE,canonical,1000,dose_specific,0.5,rephrase,GEN_TF,full,orthogonal,100,-1.0,-2.5,0.0
GPT-2 XL,CounterFact,AlphaEdit,ENCORE,canonical,1000,dose_specific,0.5,rephrase,GEN_TF,full,parallel_only,100,0.0,0.0,0.0
GPT-2 XL,CounterFact,AlphaEdit,ENCORE,canonical,1000,dose_specific,0.5,rephrase,GEN_TF,full,parallel_minus_orthogonal,100,1.0,0.0,2.5
GPT-2 XL,CounterFact,AlphaEdit,ENCORE,canonical,1000,dose_specific,0.5,rephrase,GEN_TF,content_only,orthogonal,100,-2.0,-5.0,0.0
GPT-2 XL,CounterFact,AlphaEdit,ENCORE,canonical,1000,dose_specific,0.5,rephrase,GEN_TF,content_only,parallel_only,100,0.0,0.0,0.0
GPT-2 XL,CounterFact,AlphaEdit,ENCORE,canonical,1000,dose_specific,0.5,rephrase,GEN_TF,content_only,parallel_minus_orthogonal,100,2.0,0.0,5.0
GPT-2 XL,CounterFact,AlphaEdit,ENCORE,canonical,1000,both_doses,0.5,locality,LOC,full,orthogonal,100,1.0,-2.0,5.0
GPT-2 XL,CounterFact,AlphaEdit,ENCORE,canonical,1000,both_doses,0.5,locality,LOC,full,parallel_only,100,0.0,0.0,0.0
GPT-2 XL,CounterFact,AlphaEdit,ENCORE,canonical,1000,both_doses,0.5,locality,LOC,full,parallel_minus_orthogonal,100,-1.0,-5.0,2.0
GPT-2 XL,CounterFact,AlphaEdit,ENCORE,canonical,1000,both_doses,0.5,rewrite,EFF_TF,full,orthogonal,100,-1.0,-2.5,0.0
GPT-2 XL,CounterFact,AlphaEdit,ENCORE,canonical,1000,both_doses,0.5,rewrite,EFF_TF,full,parallel_only,100,0.0,-1.5,1.5
GPT-2 XL,CounterFact,AlphaEdit,ENCORE,canonical,1000,both_doses,0.5,rewrite,EFF_TF,full,parallel_minus_orthogonal,100,1.0,0.0,2.5
GPT-2 XL,CounterFact,AlphaEdit,ENCORE,canonical,1000,both_doses,0.5,rewrite,EFF_TF,content_only,orthogonal,100,-1.0,-3.0,0.0
GPT-2 XL,CounterFact,AlphaEdit,ENCORE,canonical,1000,both_doses,0.5,rewrite,EFF_TF,content_only,parallel_only,100,0.0,-3.0,3.0
GPT-2 XL,CounterFact,AlphaEdit,ENCORE,canonical,1000,both_doses,0.5,rewrite,EFF_TF,content_only,parallel_minus_orthogonal,100,1.0,0.0,3.0
GPT-2 XL,CounterFact,AlphaEdit,ENCORE,canonical,1000,both_doses,0.5,rephrase,GEN_TF,full,orthogonal,100,-1.0,-2.5,0.0
GPT-2 XL,CounterFact,AlphaEdit,ENCORE,canonical,1000,both_doses,0.5,rephrase,GEN_TF,full,parallel_only,100,0.0,0.0,0.0
GPT-2 XL,CounterFact,AlphaEdit,ENCORE,canonical,1000,both_doses,0.5,rephrase,GEN_TF,full,parallel_minus_orthogonal,100,1.0,0.0,2.5
GPT-2 XL,CounterFact,AlphaEdit,ENCORE,canonical,1000,both_doses,0.5,rephrase,GEN_TF,content_only,orthogonal,100,-2.0,-5.0,0.0
GPT-2 XL,CounterFact,AlphaEdit,ENCORE,canonical,1000,both_doses,0.5,rephrase,GEN_TF,content_only,parallel_only,100,0.0,0.0,0.0
GPT-2 XL,CounterFact,AlphaEdit,ENCORE,canonical,1000,both_doses,0.5,rephrase,GEN_TF,content_only,parallel_minus_orthogonal,100,2.0,0.0,5.0
GPT-2 XL,CounterFact,AlphaEdit,NAS,canonical,1000,dose_specific,0.25,locality,LOC,full,orthogonal,100,2.0,0.0,5.0
GPT-2 XL,CounterFact,AlphaEdit,NAS,canonical,1000,dose_specific,0.25,locality,LOC,full,parallel_only,100,0.0,0.0,0.0
GPT-2 XL,CounterFact,AlphaEdit,NAS,canonical,1000,dose_specific,0.25,locality,LOC,full,parallel_minus_orthogonal,100,-2.0,-5.0,0.0
GPT-2 XL,CounterFact,AlphaEdit,NAS,canonical,1000,dose_specific,0.25,rewrite,EFF_TF,full,orthogonal,100,0.5,0.0,1.5
GPT-2 XL,CounterFact,AlphaEdit,NAS,canonical,1000,dose_specific,0.25,rewrite,EFF_TF,full,parallel_only,100,0.0,0.0,0.0
GPT-2 XL,CounterFact,AlphaEdit,NAS,canonical,1000,dose_specific,0.25,rewrite,EFF_TF,full,parallel_minus_orthogonal,100,-0.5,-1.5,0.0
GPT-2 XL,CounterFact,AlphaEdit,NAS,canonical,1000,dose_specific,0.25,rewrite,EFF_TF,content_only,orthogonal,100,1.0,0.0,3.0
GPT-2 XL,CounterFact,AlphaEdit,NAS,canonical,1000,dose_specific,0.25,rewrite,EFF_TF,content_only,parallel_only,100,0.0,0.0,0.0
GPT-2 XL,CounterFact,AlphaEdit,NAS,canonical,1000,dose_specific,0.25,rewrite,EFF_TF,content_only,parallel_minus_orthogonal,100,-1.0,-3.0,0.0
GPT-2 XL,CounterFact,AlphaEdit,NAS,canonical,1000,dose_specific,0.25,rephrase,GEN_TF,full,orthogonal,100,1.0,0.0,2.5
GPT-2 XL,CounterFact,AlphaEdit,NAS,canonical,1000,dose_specific,0.25,rephrase,GEN_TF,full,parallel_only,100,0.5,0.0,1.5
GPT-2 XL,CounterFact,AlphaEdit,NAS,canonical,1000,dose_specific,0.25,rephrase,GEN_TF,full,parallel_minus_orthogonal,100,-0.5,-2.5,1.0
GPT-2 XL,CounterFact,AlphaEdit,NAS,canonical,1000,dose_specific,0.25,rephrase,GEN_TF,content_only,orthogonal,100,1.0,0.0,3.0
GPT-2 XL,CounterFact,AlphaEdit,NAS,canonical,1000,dose_specific,0.25,rephrase,GEN_TF,content_only,parallel_only,100,0.0,0.0,0.0
GPT-2 XL,CounterFact,AlphaEdit,NAS,canonical,1000,dose_specific,0.25,rephrase,GEN_TF,content_only,parallel_minus_orthogonal,100,-1.0,-3.0,0.0
GPT-2 XL,CounterFact,AlphaEdit,NAS,canonical,1000,both_doses,0.25,locality,LOC,full,orthogonal,100,2.0,0.0,5.0
GPT-2 XL,CounterFact,AlphaEdit,NAS,canonical,1000,both_doses,0.25,locality,LOC,full,parallel_only,100,0.0,0.0,0.0
GPT-2 XL,CounterFact,AlphaEdit,NAS,canonical,1000,both_doses,0.25,locality,LOC,full,parallel_minus_orthogonal,100,-2.0,-5.0,0.0
GPT-2 XL,CounterFact,AlphaEdit,NAS,canonical,1000,both_doses,0.25,rewrite,EFF_TF,full,orthogonal,100,0.5,0.0,1.5
GPT-2 XL,CounterFact,AlphaEdit,NAS,canonical,1000,both_doses,0.25,rewrite,EFF_TF,full,parallel_only,100,0.0,0.0,0.0
GPT-2 XL,CounterFact,AlphaEdit,NAS,canonical,1000,both_doses,0.25,rewrite,EFF_TF,full,parallel_minus_orthogonal,100,-0.5,-1.5,0.0
GPT-2 XL,CounterFact,AlphaEdit,NAS,canonical,1000,both_doses,0.25,rewrite,EFF_TF,content_only,orthogonal,100,1.0,0.0,3.0
GPT-2 XL,CounterFact,AlphaEdit,NAS,canonical,1000,both_doses,0.25,rewrite,EFF_TF,content_only,parallel_only,100,0.0,0.0,0.0
GPT-2 XL,CounterFact,AlphaEdit,NAS,canonical,1000,both_doses,0.25,rewrite,EFF_TF,content_only,parallel_minus_orthogonal,100,-1.0,-3.0,0.0
GPT-2 XL,CounterFact,AlphaEdit,NAS,canonical,1000,both_doses,0.25,rephrase,GEN_TF,full,orthogonal,100,1.0,0.0,2.5
GPT-2 XL,CounterFact,AlphaEdit,NAS,canonical,1000,both_doses,0.25,rephrase,GEN_TF,full,parallel_only,100,0.5,0.0,1.5
GPT-2 XL,CounterFact,AlphaEdit,NAS,canonical,1000,both_doses,0.25,rephrase,GEN_TF,full,parallel_minus_orthogonal,100,-0.5,-2.5,1.0
GPT-2 XL,CounterFact,AlphaEdit,NAS,canonical,1000,both_doses,0.25,rephrase,GEN_TF,content_only,orthogonal,100,1.0,0.0,3.0
GPT-2 XL,CounterFact,AlphaEdit,NAS,canonical,1000,both_doses,0.25,rephrase,GEN_TF,content_only,parallel_only,100,0.0,0.0,0.0
GPT-2 XL,CounterFact,AlphaEdit,NAS,canonical,1000,both_doses,0.25,rephrase,GEN_TF,content_only,parallel_minus_orthogonal,100,-1.0,-3.0,0.0
GPT-2 XL,CounterFact,AlphaEdit,NAS,canonical,1000,dose_specific,0.5,locality,LOC,full,orthogonal,100,4.0,1.0,8.0
GPT-2 XL,CounterFact,AlphaEdit,NAS,canonical,1000,dose_specific,0.5,locality,LOC,full,parallel_only,100,1.0,0.0,3.0
GPT-2 XL,CounterFact,AlphaEdit,NAS,canonical,1000,dose_specific,0.5,locality,LOC,full,parallel_minus_orthogonal,100,-3.0,-8.0,1.0
GPT-2 XL,CounterFact,AlphaEdit,NAS,canonical,1000,dose_specific,0.5,rewrite,EFF_TF,full,orthogonal,100,1.0,0.0,2.5
GPT-2 XL,CounterFact,AlphaEdit,NAS,canonical,1000,dose_specific,0.5,rewrite,EFF_TF,full,parallel_only,100,0.0,0.0,0.0
GPT-2 XL,CounterFact,AlphaEdit,NAS,canonical,1000,dose_specific,0.5,rewrite,EFF_TF,full,parallel_minus_orthogonal,100,-1.0,-2.5,0.0
GPT-2 XL,CounterFact,AlphaEdit,NAS,canonical,1000,dose_specific,0.5,rewrite,EFF_TF,content_only,orthogonal,100,2.0,0.0,5.0
GPT-2 XL,CounterFact,AlphaEdit,NAS,canonical,1000,dose_specific,0.5,rewrite,EFF_TF,content_only,parallel_only,100,0.0,0.0,0.0
GPT-2 XL,CounterFact,AlphaEdit,NAS,canonical,1000,dose_specific,0.5,rewrite,EFF_TF,content_only,parallel_minus_orthogonal,100,-2.0,-5.0,0.0
GPT-2 XL,CounterFact,AlphaEdit,NAS,canonical,1000,dose_specific,0.5,rephrase,GEN_TF,full,orthogonal,100,0.0,-2.0,2.0
GPT-2 XL,CounterFact,AlphaEdit,NAS,canonical,1000,dose_specific,0.5,rephrase,GEN_TF,full,parallel_only,100,1.0,0.0,2.5
GPT-2 XL,CounterFact,AlphaEdit,NAS,canonical,1000,dose_specific,0.5,rephrase,GEN_TF,full,parallel_minus_orthogonal,100,1.0,-1.5,3.5
GPT-2 XL,CounterFact,AlphaEdit,NAS,canonical,1000,dose_specific,0.5,rephrase,GEN_TF,content_only,orthogonal,100,0.0,-3.0,3.0
GPT-2 XL,CounterFact,AlphaEdit,NAS,canonical,1000,dose_specific,0.5,rephrase,GEN_TF,content_only,parallel_only,100,0.0,0.0,0.0
GPT-2 XL,CounterFact,AlphaEdit,NAS,canonical,1000,dose_specific,0.5,rephrase,GEN_TF,content_only,parallel_minus_orthogonal,100,0.0,-3.0,3.0
GPT-2 XL,CounterFact,AlphaEdit,NAS,canonical,1000,both_doses,0.5,locality,LOC,full,orthogonal,100,4.0,1.0,8.0
GPT-2 XL,CounterFact,AlphaEdit,NAS,canonical,1000,both_doses,0.5,locality,LOC,full,parallel_only,100,1.0,0.0,3.0
GPT-2 XL,CounterFact,AlphaEdit,NAS,canonical,1000,both_doses,0.5,locality,LOC,full,parallel_minus_orthogonal,100,-3.0,-8.0,1.0
GPT-2 XL,CounterFact,AlphaEdit,NAS,canonical,1000,both_doses,0.5,rewrite,EFF_TF,full,orthogonal,100,1.0,0.0,2.5
GPT-2 XL,CounterFact,AlphaEdit,NAS,canonical,1000,both_doses,0.5,rewrite,EFF_TF,full,parallel_only,100,0.0,0.0,0.0
GPT-2 XL,CounterFact,AlphaEdit,NAS,canonical,1000,both_doses,0.5,rewrite,EFF_TF,full,parallel_minus_orthogonal,100,-1.0,-2.5,0.0
GPT-2 XL,CounterFact,AlphaEdit,NAS,canonical,1000,both_doses,0.5,rewrite,EFF_TF,content_only,orthogonal,100,2.0,0.0,5.0
GPT-2 XL,CounterFact,AlphaEdit,NAS,canonical,1000,both_doses,0.5,rewrite,EFF_TF,content_only,parallel_only,100,0.0,0.0,0.0
GPT-2 XL,CounterFact,AlphaEdit,NAS,canonical,1000,both_doses,0.5,rewrite,EFF_TF,content_only,parallel_minus_orthogonal,100,-2.0,-5.0,0.0
GPT-2 XL,CounterFact,AlphaEdit,NAS,canonical,1000,both_doses,0.5,rephrase,GEN_TF,full,orthogonal,100,0.0,-2.0,2.0
GPT-2 XL,CounterFact,AlphaEdit,NAS,canonical,1000,both_doses,0.5,rephrase,GEN_TF,full,parallel_only,100,1.0,0.0,2.5
GPT-2 XL,CounterFact,AlphaEdit,NAS,canonical,1000,both_doses,0.5,rephrase,GEN_TF,full,parallel_minus_orthogonal,100,1.0,-1.5,3.5
GPT-2 XL,CounterFact,AlphaEdit,NAS,canonical,1000,both_doses,0.5,rephrase,GEN_TF,content_only,orthogonal,100,0.0,-3.0,3.0
GPT-2 XL,CounterFact,AlphaEdit,NAS,canonical,1000,both_doses,0.5,rephrase,GEN_TF,content_only,parallel_only,100,0.0,0.0,0.0
GPT-2 XL,CounterFact,AlphaEdit,NAS,canonical,1000,both_doses,0.5,rephrase,GEN_TF,content_only,parallel_minus_orthogonal,100,0.0,-3.0,3.0
GPT-2 XL,CounterFact,AlphaEdit,Native,canonical,1000,dose_specific,0.25,locality,LOC,full,orthogonal,100,0.0,-3.0,3.0
GPT-2 XL,CounterFact,AlphaEdit,Native,canonical,1000,dose_specific,0.25,locality,LOC,full,parallel_only,100,0.0,0.0,0.0
GPT-2 XL,CounterFact,AlphaEdit,Native,canonical,1000,dose_specific,0.25,locality,LOC,full,parallel_minus_orthogonal,100,0.0,-3.0,3.0
GPT-2 XL,CounterFact,AlphaEdit,Native,canonical,1000,dose_specific,0.25,rewrite,EFF_TF,full,orthogonal,100,0.0,0.0,0.0
GPT-2 XL,CounterFact,AlphaEdit,Native,canonical,1000,dose_specific,0.25,rewrite,EFF_TF,full,parallel_only,100,-0.5,-1.5,0.0
GPT-2 XL,CounterFact,AlphaEdit,Native,canonical,1000,dose_specific,0.25,rewrite,EFF_TF,full,parallel_minus_orthogonal,100,-0.5,-1.5,0.0
GPT-2 XL,CounterFact,AlphaEdit,Native,canonical,1000,dose_specific,0.25,rewrite,EFF_TF,content_only,orthogonal,100,0.0,0.0,0.0
GPT-2 XL,CounterFact,AlphaEdit,Native,canonical,1000,dose_specific,0.25,rewrite,EFF_TF,content_only,parallel_only,100,-1.0,-3.0,0.0
GPT-2 XL,CounterFact,AlphaEdit,Native,canonical,1000,dose_specific,0.25,rewrite,EFF_TF,content_only,parallel_minus_orthogonal,100,-1.0,-3.0,0.0
GPT-2 XL,CounterFact,AlphaEdit,Native,canonical,1000,dose_specific,0.25,rephrase,GEN_TF,full,orthogonal,100,1.5,-0.5,4.0
GPT-2 XL,CounterFact,AlphaEdit,Native,canonical,1000,dose_specific,0.25,rephrase,GEN_TF,full,parallel_only,100,-1.5,-3.5,0.0
GPT-2 XL,CounterFact,AlphaEdit,Native,canonical,1000,dose_specific,0.25,rephrase,GEN_TF,full,parallel_minus_orthogonal,100,-3.0,-5.512499999999989,-0.5
GPT-2 XL,CounterFact,AlphaEdit,Native,canonical,1000,dose_specific,0.25,rephrase,GEN_TF,content_only,orthogonal,100,0.0,-3.0,3.0
GPT-2 XL,CounterFact,AlphaEdit,Native,canonical,1000,dose_specific,0.25,rephrase,GEN_TF,content_only,parallel_only,100,-3.0,-7.0,0.0
GPT-2 XL,CounterFact,AlphaEdit,Native,canonical,1000,dose_specific,0.25,rephrase,GEN_TF,content_only,parallel_minus_orthogonal,100,-3.0,-7.0,1.0
GPT-2 XL,CounterFact,AlphaEdit,Native,canonical,1000,both_doses,0.25,locality,LOC,full,orthogonal,100,0.0,-3.0,3.0
GPT-2 XL,CounterFact,AlphaEdit,Native,canonical,1000,both_doses,0.25,locality,LOC,full,parallel_only,100,0.0,0.0,0.0
GPT-2 XL,CounterFact,AlphaEdit,Native,canonical,1000,both_doses,0.25,locality,LOC,full,parallel_minus_orthogonal,100,0.0,-3.0,3.0
GPT-2 XL,CounterFact,AlphaEdit,Native,canonical,1000,both_doses,0.25,rewrite,EFF_TF,full,orthogonal,100,0.0,0.0,0.0
GPT-2 XL,CounterFact,AlphaEdit,Native,canonical,1000,both_doses,0.25,rewrite,EFF_TF,full,parallel_only,100,-0.5,-1.5,0.0
GPT-2 XL,CounterFact,AlphaEdit,Native,canonical,1000,both_doses,0.25,rewrite,EFF_TF,full,parallel_minus_orthogonal,100,-0.5,-1.5,0.0
GPT-2 XL,CounterFact,AlphaEdit,Native,canonical,1000,both_doses,0.25,rewrite,EFF_TF,content_only,orthogonal,100,0.0,0.0,0.0
GPT-2 XL,CounterFact,AlphaEdit,Native,canonical,1000,both_doses,0.25,rewrite,EFF_TF,content_only,parallel_only,100,-1.0,-3.0,0.0
GPT-2 XL,CounterFact,AlphaEdit,Native,canonical,1000,both_doses,0.25,rewrite,EFF_TF,content_only,parallel_minus_orthogonal,100,-1.0,-3.0,0.0
GPT-2 XL,CounterFact,AlphaEdit,Native,canonical,1000,both_doses,0.25,rephrase,GEN_TF,full,orthogonal,100,1.5,-0.5,4.0
GPT-2 XL,CounterFact,AlphaEdit,Native,canonical,1000,both_doses,0.25,rephrase,GEN_TF,full,parallel_only,100,-1.5,-3.5,0.0
GPT-2 XL,CounterFact,AlphaEdit,Native,canonical,1000,both_doses,0.25,rephrase,GEN_TF,full,parallel_minus_orthogonal,100,-3.0,-5.512499999999989,-0.5
GPT-2 XL,CounterFact,AlphaEdit,Native,canonical,1000,both_doses,0.25,rephrase,GEN_TF,content_only,orthogonal,100,0.0,-3.0,3.0
GPT-2 XL,CounterFact,AlphaEdit,Native,canonical,1000,both_doses,0.25,rephrase,GEN_TF,content_only,parallel_only,100,-3.0,-7.0,0.0
GPT-2 XL,CounterFact,AlphaEdit,Native,canonical,1000,both_doses,0.25,rephrase,GEN_TF,content_only,parallel_minus_orthogonal,100,-3.0,-7.0,1.0
GPT-2 XL,CounterFact,AlphaEdit,Native,canonical,1000,dose_specific,0.5,locality,LOC,full,orthogonal,100,4.0,0.0,9.0
GPT-2 XL,CounterFact,AlphaEdit,Native,canonical,1000,dose_specific,0.5,locality,LOC,full,parallel_only,100,0.0,0.0,0.0
GPT-2 XL,CounterFact,AlphaEdit,Native,canonical,1000,dose_specific,0.5,locality,LOC,full,parallel_minus_orthogonal,100,-4.0,-9.0,0.0
GPT-2 XL,CounterFact,AlphaEdit,Native,canonical,1000,dose_specific,0.5,rewrite,EFF_TF,full,orthogonal,100,1.0,0.0,2.5
GPT-2 XL,CounterFact,AlphaEdit,Native,canonical,1000,dose_specific,0.5,rewrite,EFF_TF,full,parallel_only,100,-1.5,-3.5,0.0
GPT-2 XL,CounterFact,AlphaEdit,Native,canonical,1000,dose_specific,0.5,rewrite,EFF_TF,full,parallel_minus_orthogonal,100,-2.5,-5.0,-0.5
GPT-2 XL,CounterFact,AlphaEdit,Native,canonical,1000,dose_specific,0.5,rewrite,EFF_TF,content_only,orthogonal,100,2.0,0.0,5.0
GPT-2 XL,CounterFact,AlphaEdit,Native,canonical,1000,dose_specific,0.5,rewrite,EFF_TF,content_only,parallel_only,100,-3.0,-7.0,0.0
GPT-2 XL,CounterFact,AlphaEdit,Native,canonical,1000,dose_specific,0.5,rewrite,EFF_TF,content_only,parallel_minus_orthogonal,100,-5.0,-10.0,-1.0
GPT-2 XL,CounterFact,AlphaEdit,Native,canonical,1000,dose_specific,0.5,rephrase,GEN_TF,full,orthogonal,100,1.5,-1.0,4.0
GPT-2 XL,CounterFact,AlphaEdit,Native,canonical,1000,dose_specific,0.5,rephrase,GEN_TF,full,parallel_only,100,-1.5,-3.5,0.0
GPT-2 XL,CounterFact,AlphaEdit,Native,canonical,1000,dose_specific,0.5,rephrase,GEN_TF,full,parallel_minus_orthogonal,100,-3.0,-6.0,0.0
GPT-2 XL,CounterFact,AlphaEdit,Native,canonical,1000,dose_specific,0.5,rephrase,GEN_TF,content_only,orthogonal,100,0.0,-3.0,3.0
GPT-2 XL,CounterFact,AlphaEdit,Native,canonical,1000,dose_specific,0.5,rephrase,GEN_TF,content_only,parallel_only,100,-3.0,-7.0,0.0
GPT-2 XL,CounterFact,AlphaEdit,Native,canonical,1000,dose_specific,0.5,rephrase,GEN_TF,content_only,parallel_minus_orthogonal,100,-3.0,-7.0,1.0
GPT-2 XL,CounterFact,AlphaEdit,Native,canonical,1000,both_doses,0.5,locality,LOC,full,orthogonal,100,4.0,0.0,9.0
GPT-2 XL,CounterFact,AlphaEdit,Native,canonical,1000,both_doses,0.5,locality,LOC,full,parallel_only,100,0.0,0.0,0.0
GPT-2 XL,CounterFact,AlphaEdit,Native,canonical,1000,both_doses,0.5,locality,LOC,full,parallel_minus_orthogonal,100,-4.0,-9.0,0.0
GPT-2 XL,CounterFact,AlphaEdit,Native,canonical,1000,both_doses,0.5,rewrite,EFF_TF,full,orthogonal,100,1.0,0.0,2.5
GPT-2 XL,CounterFact,AlphaEdit,Native,canonical,1000,both_doses,0.5,rewrite,EFF_TF,full,parallel_only,100,-1.5,-3.5,0.0
GPT-2 XL,CounterFact,AlphaEdit,Native,canonical,1000,both_doses,0.5,rewrite,EFF_TF,full,parallel_minus_orthogonal,100,-2.5,-5.0,-0.5
GPT-2 XL,CounterFact,AlphaEdit,Native,canonical,1000,both_doses,0.5,rewrite,EFF_TF,content_only,orthogonal,100,2.0,0.0,5.0
GPT-2 XL,CounterFact,AlphaEdit,Native,canonical,1000,both_doses,0.5,rewrite,EFF_TF,content_only,parallel_only,100,-3.0,-7.0,0.0
GPT-2 XL,CounterFact,AlphaEdit,Native,canonical,1000,both_doses,0.5,rewrite,EFF_TF,content_only,parallel_minus_orthogonal,100,-5.0,-10.0,-1.0
GPT-2 XL,CounterFact,AlphaEdit,Native,canonical,1000,both_doses,0.5,rephrase,GEN_TF,full,orthogonal,100,1.5,-1.0,4.0
GPT-2 XL,CounterFact,AlphaEdit,Native,canonical,1000,both_doses,0.5,rephrase,GEN_TF,full,parallel_only,100,-1.5,-3.5,0.0
GPT-2 XL,CounterFact,AlphaEdit,Native,canonical,1000,both_doses,0.5,rephrase,GEN_TF,full,parallel_minus_orthogonal,100,-3.0,-6.0,0.0
GPT-2 XL,CounterFact,AlphaEdit,Native,canonical,1000,both_doses,0.5,rephrase,GEN_TF,content_only,orthogonal,100,0.0,-3.0,3.0
GPT-2 XL,CounterFact,AlphaEdit,Native,canonical,1000,both_doses,0.5,rephrase,GEN_TF,content_only,parallel_only,100,-3.0,-7.0,0.0
GPT-2 XL,CounterFact,AlphaEdit,Native,canonical,1000,both_doses,0.5,rephrase,GEN_TF,content_only,parallel_minus_orthogonal,100,-3.0,-7.0,1.0
GPT-2 XL,CounterFact,AlphaEdit,SADR,canonical,1000,dose_specific,0.25,locality,LOC,full,orthogonal,100,1.0,0.0,3.0
GPT-2 XL,CounterFact,AlphaEdit,SADR,canonical,1000,dose_specific,0.25,locality,LOC,full,parallel_only,100,0.0,0.0,0.0
GPT-2 XL,CounterFact,AlphaEdit,SADR,canonical,1000,dose_specific,0.25,locality,LOC,full,parallel_minus_orthogonal,100,-1.0,-3.0,0.0
GPT-2 XL,CounterFact,AlphaEdit,SADR,canonical,1000,dose_specific,0.25,rewrite,EFF_TF,full,orthogonal,100,0.5,0.0,1.5
GPT-2 XL,CounterFact,AlphaEdit,SADR,canonical,1000,dose_specific,0.25,rewrite,EFF_TF,full,parallel_only,100,0.0,0.0,0.0
GPT-2 XL,CounterFact,AlphaEdit,SADR,canonical,1000,dose_specific,0.25,rewrite,EFF_TF,full,parallel_minus_orthogonal,100,-0.5,-1.5,0.0
GPT-2 XL,CounterFact,AlphaEdit,SADR,canonical,1000,dose_specific,0.25,rewrite,EFF_TF,content_only,orthogonal,100,1.0,0.0,3.0
GPT-2 XL,CounterFact,AlphaEdit,SADR,canonical,1000,dose_specific,0.25,rewrite,EFF_TF,content_only,parallel_only,100,0.0,0.0,0.0
GPT-2 XL,CounterFact,AlphaEdit,SADR,canonical,1000,dose_specific,0.25,rewrite,EFF_TF,content_only,parallel_minus_orthogonal,100,-1.0,-3.0,0.0
GPT-2 XL,CounterFact,AlphaEdit,SADR,canonical,1000,dose_specific,0.25,rephrase,GEN_TF,full,orthogonal,100,0.5,-1.0,2.0
GPT-2 XL,CounterFact,AlphaEdit,SADR,canonical,1000,dose_specific,0.25,rephrase,GEN_TF,full,parallel_only,100,0.0,0.0,0.0
GPT-2 XL,CounterFact,AlphaEdit,SADR,canonical,1000,dose_specific,0.25,rephrase,GEN_TF,full,parallel_minus_orthogonal,100,-0.5,-2.0,1.0
GPT-2 XL,CounterFact,AlphaEdit,SADR,canonical,1000,dose_specific,0.25,rephrase,GEN_TF,content_only,orthogonal,100,0.0,-3.0,3.0
GPT-2 XL,CounterFact,AlphaEdit,SADR,canonical,1000,dose_specific,0.25,rephrase,GEN_TF,content_only,parallel_only,100,0.0,0.0,0.0
GPT-2 XL,CounterFact,AlphaEdit,SADR,canonical,1000,dose_specific,0.25,rephrase,GEN_TF,content_only,parallel_minus_orthogonal,100,0.0,-3.0,3.0
GPT-2 XL,CounterFact,AlphaEdit,SADR,canonical,1000,both_doses,0.25,locality,LOC,full,orthogonal,100,1.0,0.0,3.0
GPT-2 XL,CounterFact,AlphaEdit,SADR,canonical,1000,both_doses,0.25,locality,LOC,full,parallel_only,100,0.0,0.0,0.0
GPT-2 XL,CounterFact,AlphaEdit,SADR,canonical,1000,both_doses,0.25,locality,LOC,full,parallel_minus_orthogonal,100,-1.0,-3.0,0.0
GPT-2 XL,CounterFact,AlphaEdit,SADR,canonical,1000,both_doses,0.25,rewrite,EFF_TF,full,orthogonal,100,0.5,0.0,1.5
GPT-2 XL,CounterFact,AlphaEdit,SADR,canonical,1000,both_doses,0.25,rewrite,EFF_TF,full,parallel_only,100,0.0,0.0,0.0
GPT-2 XL,CounterFact,AlphaEdit,SADR,canonical,1000,both_doses,0.25,rewrite,EFF_TF,full,parallel_minus_orthogonal,100,-0.5,-1.5,0.0
GPT-2 XL,CounterFact,AlphaEdit,SADR,canonical,1000,both_doses,0.25,rewrite,EFF_TF,content_only,orthogonal,100,1.0,0.0,3.0
GPT-2 XL,CounterFact,AlphaEdit,SADR,canonical,1000,both_doses,0.25,rewrite,EFF_TF,content_only,parallel_only,100,0.0,0.0,0.0
GPT-2 XL,CounterFact,AlphaEdit,SADR,canonical,1000,both_doses,0.25,rewrite,EFF_TF,content_only,parallel_minus_orthogonal,100,-1.0,-3.0,0.0
GPT-2 XL,CounterFact,AlphaEdit,SADR,canonical,1000,both_doses,0.25,rephrase,GEN_TF,full,orthogonal,100,0.5,-1.0,2.0
GPT-2 XL,CounterFact,AlphaEdit,SADR,canonical,1000,both_doses,0.25,rephrase,GEN_TF,full,parallel_only,100,0.0,0.0,0.0
GPT-2 XL,CounterFact,AlphaEdit,SADR,canonical,1000,both_doses,0.25,rephrase,GEN_TF,full,parallel_minus_orthogonal,100,-0.5,-2.0,1.0
GPT-2 XL,CounterFact,AlphaEdit,SADR,canonical,1000,both_doses,0.25,rephrase,GEN_TF,content_only,orthogonal,100,0.0,-3.0,3.0
GPT-2 XL,CounterFact,AlphaEdit,SADR,canonical,1000,both_doses,0.25,rephrase,GEN_TF,content_only,parallel_only,100,0.0,0.0,0.0
GPT-2 XL,CounterFact,AlphaEdit,SADR,canonical,1000,both_doses,0.25,rephrase,GEN_TF,content_only,parallel_minus_orthogonal,100,0.0,-3.0,3.0
GPT-2 XL,CounterFact,AlphaEdit,SADR,canonical,1000,dose_specific,0.5,locality,LOC,full,orthogonal,100,2.0,-2.0,6.0
GPT-2 XL,CounterFact,AlphaEdit,SADR,canonical,1000,dose_specific,0.5,locality,LOC,full,parallel_only,100,0.0,0.0,0.0
GPT-2 XL,CounterFact,AlphaEdit,SADR,canonical,1000,dose_specific,0.5,locality,LOC,full,parallel_minus_orthogonal,100,-2.0,-6.0,2.0
GPT-2 XL,CounterFact,AlphaEdit,SADR,canonical,1000,dose_specific,0.5,rewrite,EFF_TF,full,orthogonal,100,0.5,0.0,1.5
GPT-2 XL,CounterFact,AlphaEdit,SADR,canonical,1000,dose_specific,0.5,rewrite,EFF_TF,full,parallel_only,100,0.0,0.0,0.0
GPT-2 XL,CounterFact,AlphaEdit,SADR,canonical,1000,dose_specific,0.5,rewrite,EFF_TF,full,parallel_minus_orthogonal,100,-0.5,-1.5,0.0
GPT-2 XL,CounterFact,AlphaEdit,SADR,canonical,1000,dose_specific,0.5,rewrite,EFF_TF,content_only,orthogonal,100,1.0,0.0,3.0
GPT-2 XL,CounterFact,AlphaEdit,SADR,canonical,1000,dose_specific,0.5,rewrite,EFF_TF,content_only,parallel_only,100,0.0,0.0,0.0
GPT-2 XL,CounterFact,AlphaEdit,SADR,canonical,1000,dose_specific,0.5,rewrite,EFF_TF,content_only,parallel_minus_orthogonal,100,-1.0,-3.0,0.0
GPT-2 XL,CounterFact,AlphaEdit,SADR,canonical,1000,dose_specific,0.5,rephrase,GEN_TF,full,orthogonal,100,2.0,0.0,4.5
GPT-2 XL,CounterFact,AlphaEdit,SADR,canonical,1000,dose_specific,0.5,rephrase,GEN_TF,full,parallel_only,100,0.0,0.0,0.0
GPT-2 XL,CounterFact,AlphaEdit,SADR,canonical,1000,dose_specific,0.5,rephrase,GEN_TF,full,parallel_minus_orthogonal,100,-2.0,-4.5,0.0
GPT-2 XL,CounterFact,AlphaEdit,SADR,canonical,1000,dose_specific,0.5,rephrase,GEN_TF,content_only,orthogonal,100,0.0,-3.0,3.0
GPT-2 XL,CounterFact,AlphaEdit,SADR,canonical,1000,dose_specific,0.5,rephrase,GEN_TF,content_only,parallel_only,100,0.0,0.0,0.0
GPT-2 XL,CounterFact,AlphaEdit,SADR,canonical,1000,dose_specific,0.5,rephrase,GEN_TF,content_only,parallel_minus_orthogonal,100,0.0,-3.0,3.0
GPT-2 XL,CounterFact,AlphaEdit,SADR,canonical,1000,both_doses,0.5,locality,LOC,full,orthogonal,100,2.0,-2.0,6.0
GPT-2 XL,CounterFact,AlphaEdit,SADR,canonical,1000,both_doses,0.5,locality,LOC,full,parallel_only,100,0.0,0.0,0.0
GPT-2 XL,CounterFact,AlphaEdit,SADR,canonical,1000,both_doses,0.5,locality,LOC,full,parallel_minus_orthogonal,100,-2.0,-6.0,2.0
GPT-2 XL,CounterFact,AlphaEdit,SADR,canonical,1000,both_doses,0.5,rewrite,EFF_TF,full,orthogonal,100,0.5,0.0,1.5
GPT-2 XL,CounterFact,AlphaEdit,SADR,canonical,1000,both_doses,0.5,rewrite,EFF_TF,full,parallel_only,100,0.0,0.0,0.0
GPT-2 XL,CounterFact,AlphaEdit,SADR,canonical,1000,both_doses,0.5,rewrite,EFF_TF,full,parallel_minus_orthogonal,100,-0.5,-1.5,0.0
GPT-2 XL,CounterFact,AlphaEdit,SADR,canonical,1000,both_doses,0.5,rewrite,EFF_TF,content_only,orthogonal,100,1.0,0.0,3.0
GPT-2 XL,CounterFact,AlphaEdit,SADR,canonical,1000,both_doses,0.5,rewrite,EFF_TF,content_only,parallel_only,100,0.0,0.0,0.0
GPT-2 XL,CounterFact,AlphaEdit,SADR,canonical,1000,both_doses,0.5,rewrite,EFF_TF,content_only,parallel_minus_orthogonal,100,-1.0,-3.0,0.0
GPT-2 XL,CounterFact,AlphaEdit,SADR,canonical,1000,both_doses,0.5,rephrase,GEN_TF,full,orthogonal,100,2.0,0.0,4.5
GPT-2 XL,CounterFact,AlphaEdit,SADR,canonical,1000,both_doses,0.5,rephrase,GEN_TF,full,parallel_only,100,0.0,0.0,0.0
GPT-2 XL,CounterFact,AlphaEdit,SADR,canonical,1000,both_doses,0.5,rephrase,GEN_TF,full,parallel_minus_orthogonal,100,-2.0,-4.5,0.0
GPT-2 XL,CounterFact,AlphaEdit,SADR,canonical,1000,both_doses,0.5,rephrase,GEN_TF,content_only,orthogonal,100,0.0,-3.0,3.0
GPT-2 XL,CounterFact,AlphaEdit,SADR,canonical,1000,both_doses,0.5,rephrase,GEN_TF,content_only,parallel_only,100,0.0,0.0,0.0
GPT-2 XL,CounterFact,AlphaEdit,SADR,canonical,1000,both_doses,0.5,rephrase,GEN_TF,content_only,parallel_minus_orthogonal,100,0.0,-3.0,3.0
GPT-2 XL,CounterFact,AlphaEdit,SPHERE,canonical,1000,dose_specific,0.25,locality,LOC,full,orthogonal,100,2.0,0.0,5.0
GPT-2 XL,CounterFact,AlphaEdit,SPHERE,canonical,1000,dose_specific,0.25,locality,LOC,full,parallel_only,100,0.0,0.0,0.0
GPT-2 XL,CounterFact,AlphaEdit,SPHERE,canonical,1000,dose_specific,0.25,locality,LOC,full,parallel_minus_orthogonal,100,-2.0,-5.0,0.0
GPT-2 XL,CounterFact,AlphaEdit,SPHERE,canonical,1000,dose_specific,0.25,rewrite,EFF_TF,full,orthogonal,100,1.0,0.0,2.5
GPT-2 XL,CounterFact,AlphaEdit,SPHERE,canonical,1000,dose_specific,0.25,rewrite,EFF_TF,full,parallel_only,100,0.0,0.0,0.0
GPT-2 XL,CounterFact,AlphaEdit,SPHERE,canonical,1000,dose_specific,0.25,rewrite,EFF_TF,full,parallel_minus_orthogonal,100,-1.0,-2.5,0.0
GPT-2 XL,CounterFact,AlphaEdit,SPHERE,canonical,1000,dose_specific,0.25,rewrite,EFF_TF,content_only,orthogonal,100,2.0,0.0,5.0
GPT-2 XL,CounterFact,AlphaEdit,SPHERE,canonical,1000,dose_specific,0.25,rewrite,EFF_TF,content_only,parallel_only,100,0.0,0.0,0.0
GPT-2 XL,CounterFact,AlphaEdit,SPHERE,canonical,1000,dose_specific,0.25,rewrite,EFF_TF,content_only,parallel_minus_orthogonal,100,-2.0,-5.0,0.0
GPT-2 XL,CounterFact,AlphaEdit,SPHERE,canonical,1000,dose_specific,0.25,rephrase,GEN_TF,full,orthogonal,100,0.5,-1.5,2.5
GPT-2 XL,CounterFact,AlphaEdit,SPHERE,canonical,1000,dose_specific,0.25,rephrase,GEN_TF,full,parallel_only,100,-1.0,-2.5,0.0
GPT-2 XL,CounterFact,AlphaEdit,SPHERE,canonical,1000,dose_specific,0.25,rephrase,GEN_TF,full,parallel_minus_orthogonal,100,-1.5,-4.0,1.0
GPT-2 XL,CounterFact,AlphaEdit,SPHERE,canonical,1000,dose_specific,0.25,rephrase,GEN_TF,content_only,orthogonal,100,0.0,-3.0,3.0
GPT-2 XL,CounterFact,AlphaEdit,SPHERE,canonical,1000,dose_specific,0.25,rephrase,GEN_TF,content_only,parallel_only,100,-2.0,-5.0,0.0
GPT-2 XL,CounterFact,AlphaEdit,SPHERE,canonical,1000,dose_specific,0.25,rephrase,GEN_TF,content_only,parallel_minus_orthogonal,100,-2.0,-6.0,2.0
GPT-2 XL,CounterFact,AlphaEdit,SPHERE,canonical,1000,both_doses,0.25,locality,LOC,full,orthogonal,100,2.0,0.0,5.0
GPT-2 XL,CounterFact,AlphaEdit,SPHERE,canonical,1000,both_doses,0.25,locality,LOC,full,parallel_only,100,0.0,0.0,0.0
GPT-2 XL,CounterFact,AlphaEdit,SPHERE,canonical,1000,both_doses,0.25,locality,LOC,full,parallel_minus_orthogonal,100,-2.0,-5.0,0.0
GPT-2 XL,CounterFact,AlphaEdit,SPHERE,canonical,1000,both_doses,0.25,rewrite,EFF_TF,full,orthogonal,100,1.0,0.0,2.5
GPT-2 XL,CounterFact,AlphaEdit,SPHERE,canonical,1000,both_doses,0.25,rewrite,EFF_TF,full,parallel_only,100,0.0,0.0,0.0
GPT-2 XL,CounterFact,AlphaEdit,SPHERE,canonical,1000,both_doses,0.25,rewrite,EFF_TF,full,parallel_minus_orthogonal,100,-1.0,-2.5,0.0
GPT-2 XL,CounterFact,AlphaEdit,SPHERE,canonical,1000,both_doses,0.25,rewrite,EFF_TF,content_only,orthogonal,100,2.0,0.0,5.0
GPT-2 XL,CounterFact,AlphaEdit,SPHERE,canonical,1000,both_doses,0.25,rewrite,EFF_TF,content_only,parallel_only,100,0.0,0.0,0.0
GPT-2 XL,CounterFact,AlphaEdit,SPHERE,canonical,1000,both_doses,0.25,rewrite,EFF_TF,content_only,parallel_minus_orthogonal,100,-2.0,-5.0,0.0
GPT-2 XL,CounterFact,AlphaEdit,SPHERE,canonical,1000,both_doses,0.25,rephrase,GEN_TF,full,orthogonal,100,0.5,-1.5,2.5
GPT-2 XL,CounterFact,AlphaEdit,SPHERE,canonical,1000,both_doses,0.25,rephrase,GEN_TF,full,parallel_only,100,-1.0,-2.5,0.0
GPT-2 XL,CounterFact,AlphaEdit,SPHERE,canonical,1000,both_doses,0.25,rephrase,GEN_TF,full,parallel_minus_orthogonal,100,-1.5,-4.0,1.0
GPT-2 XL,CounterFact,AlphaEdit,SPHERE,canonical,1000,both_doses,0.25,rephrase,GEN_TF,content_only,orthogonal,100,0.0,-3.0,3.0
GPT-2 XL,CounterFact,AlphaEdit,SPHERE,canonical,1000,both_doses,0.25,rephrase,GEN_TF,content_only,parallel_only,100,-2.0,-5.0,0.0
GPT-2 XL,CounterFact,AlphaEdit,SPHERE,canonical,1000,both_doses,0.25,rephrase,GEN_TF,content_only,parallel_minus_orthogonal,100,-2.0,-6.0,2.0
GPT-2 XL,CounterFact,AlphaEdit,SPHERE,canonical,1000,dose_specific,0.5,locality,LOC,full,orthogonal,100,4.0,1.0,8.0
GPT-2 XL,CounterFact,AlphaEdit,SPHERE,canonical,1000,dose_specific,0.5,locality,LOC,full,parallel_only,100,0.0,0.0,0.0
GPT-2 XL,CounterFact,AlphaEdit,SPHERE,canonical,1000,dose_specific,0.5,locality,LOC,full,parallel_minus_orthogonal,100,-4.0,-8.0,-1.0
GPT-2 XL,CounterFact,AlphaEdit,SPHERE,canonical,1000,dose_specific,0.5,rewrite,EFF_TF,full,orthogonal,100,1.0,0.0,2.5
GPT-2 XL,CounterFact,AlphaEdit,SPHERE,canonical,1000,dose_specific,0.5,rewrite,EFF_TF,full,parallel_only,100,-0.5,-1.5,0.0
GPT-2 XL,CounterFact,AlphaEdit,SPHERE,canonical,1000,dose_specific,0.5,rewrite,EFF_TF,full,parallel_minus_orthogonal,100,-1.5,-3.5,0.0
GPT-2 XL,CounterFact,AlphaEdit,SPHERE,canonical,1000,dose_specific,0.5,rewrite,EFF_TF,content_only,orthogonal,100,2.0,0.0,5.0
GPT-2 XL,CounterFact,AlphaEdit,SPHERE,canonical,1000,dose_specific,0.5,rewrite,EFF_TF,content_only,parallel_only,100,-1.0,-3.0,0.0
GPT-2 XL,CounterFact,AlphaEdit,SPHERE,canonical,1000,dose_specific,0.5,rewrite,EFF_TF,content_only,parallel_minus_orthogonal,100,-3.0,-7.0,0.0
GPT-2 XL,CounterFact,AlphaEdit,SPHERE,canonical,1000,dose_specific,0.5,rephrase,GEN_TF,full,orthogonal,100,1.0,-1.5,3.5
GPT-2 XL,CounterFact,AlphaEdit,SPHERE,canonical,1000,dose_specific,0.5,rephrase,GEN_TF,full,parallel_only,100,-1.5,-3.5,0.0
GPT-2 XL,CounterFact,AlphaEdit,SPHERE,canonical,1000,dose_specific,0.5,rephrase,GEN_TF,full,parallel_minus_orthogonal,100,-2.5,-5.5,0.0
GPT-2 XL,CounterFact,AlphaEdit,SPHERE,canonical,1000,dose_specific,0.5,rephrase,GEN_TF,content_only,orthogonal,100,0.0,-3.0,3.0
GPT-2 XL,CounterFact,AlphaEdit,SPHERE,canonical,1000,dose_specific,0.5,rephrase,GEN_TF,content_only,parallel_only,100,-3.0,-7.0,0.0
GPT-2 XL,CounterFact,AlphaEdit,SPHERE,canonical,1000,dose_specific,0.5,rephrase,GEN_TF,content_only,parallel_minus_orthogonal,100,-3.0,-7.0,1.0
GPT-2 XL,CounterFact,AlphaEdit,SPHERE,canonical,1000,both_doses,0.5,locality,LOC,full,orthogonal,100,4.0,1.0,8.0
GPT-2 XL,CounterFact,AlphaEdit,SPHERE,canonical,1000,both_doses,0.5,locality,LOC,full,parallel_only,100,0.0,0.0,0.0
GPT-2 XL,CounterFact,AlphaEdit,SPHERE,canonical,1000,both_doses,0.5,locality,LOC,full,parallel_minus_orthogonal,100,-4.0,-8.0,-1.0
GPT-2 XL,CounterFact,AlphaEdit,SPHERE,canonical,1000,both_doses,0.5,rewrite,EFF_TF,full,orthogonal,100,1.0,0.0,2.5
GPT-2 XL,CounterFact,AlphaEdit,SPHERE,canonical,1000,both_doses,0.5,rewrite,EFF_TF,full,parallel_only,100,-0.5,-1.5,0.0
GPT-2 XL,CounterFact,AlphaEdit,SPHERE,canonical,1000,both_doses,0.5,rewrite,EFF_TF,full,parallel_minus_orthogonal,100,-1.5,-3.5,0.0
GPT-2 XL,CounterFact,AlphaEdit,SPHERE,canonical,1000,both_doses,0.5,rewrite,EFF_TF,content_only,orthogonal,100,2.0,0.0,5.0
GPT-2 XL,CounterFact,AlphaEdit,SPHERE,canonical,1000,both_doses,0.5,rewrite,EFF_TF,content_only,parallel_only,100,-1.0,-3.0,0.0
GPT-2 XL,CounterFact,AlphaEdit,SPHERE,canonical,1000,both_doses,0.5,rewrite,EFF_TF,content_only,parallel_minus_orthogonal,100,-3.0,-7.0,0.0
GPT-2 XL,CounterFact,AlphaEdit,SPHERE,canonical,1000,both_doses,0.5,rephrase,GEN_TF,full,orthogonal,100,1.0,-1.5,3.5
GPT-2 XL,CounterFact,AlphaEdit,SPHERE,canonical,1000,both_doses,0.5,rephrase,GEN_TF,full,parallel_only,100,-1.5,-3.5,0.0
GPT-2 XL,CounterFact,AlphaEdit,SPHERE,canonical,1000,both_doses,0.5,rephrase,GEN_TF,full,parallel_minus_orthogonal,100,-2.5,-5.5,0.0
GPT-2 XL,CounterFact,AlphaEdit,SPHERE,canonical,1000,both_doses,0.5,rephrase,GEN_TF,content_only,orthogonal,100,0.0,-3.0,3.0
GPT-2 XL,CounterFact,AlphaEdit,SPHERE,canonical,1000,both_doses,0.5,rephrase,GEN_TF,content_only,parallel_only,100,-3.0,-7.0,0.0
GPT-2 XL,CounterFact,AlphaEdit,SPHERE,canonical,1000,both_doses,0.5,rephrase,GEN_TF,content_only,parallel_minus_orthogonal,100,-3.0,-7.0,1.0
GPT-2 XL,CounterFact,MEMIT,ENCORE,canonical,1000,dose_specific,0.25,locality,LOC,full,orthogonal,100,-1.0,-3.0,0.0
GPT-2 XL,CounterFact,MEMIT,ENCORE,canonical,1000,dose_specific,0.25,locality,LOC,full,parallel_only,100,0.0,0.0,0.0
GPT-2 XL,CounterFact,MEMIT,ENCORE,canonical,1000,dose_specific,0.25,locality,LOC,full,parallel_minus_orthogonal,100,1.0,0.0,3.0
GPT-2 XL,CounterFact,MEMIT,ENCORE,canonical,1000,dose_specific,0.25,rewrite,EFF_TF,full,orthogonal,100,-0.5,-1.5,0.0
GPT-2 XL,CounterFact,MEMIT,ENCORE,canonical,1000,dose_specific,0.25,rewrite,EFF_TF,full,parallel_only,100,0.0,0.0,0.0
GPT-2 XL,CounterFact,MEMIT,ENCORE,canonical,1000,dose_specific,0.25,rewrite,EFF_TF,full,parallel_minus_orthogonal,100,0.5,0.0,1.5
GPT-2 XL,CounterFact,MEMIT,ENCORE,canonical,1000,dose_specific,0.25,rewrite,EFF_TF,content_only,orthogonal,100,-1.0,-3.0,0.0
GPT-2 XL,CounterFact,MEMIT,ENCORE,canonical,1000,dose_specific,0.25,rewrite,EFF_TF,content_only,parallel_only,100,0.0,0.0,0.0
GPT-2 XL,CounterFact,MEMIT,ENCORE,canonical,1000,dose_specific,0.25,rewrite,EFF_TF,content_only,parallel_minus_orthogonal,100,1.0,0.0,3.0
GPT-2 XL,CounterFact,MEMIT,ENCORE,canonical,1000,dose_specific,0.25,rephrase,GEN_TF,full,orthogonal,100,0.5,0.0,1.5
GPT-2 XL,CounterFact,MEMIT,ENCORE,canonical,1000,dose_specific,0.25,rephrase,GEN_TF,full,parallel_only,100,0.0,0.0,0.0
GPT-2 XL,CounterFact,MEMIT,ENCORE,canonical,1000,dose_specific,0.25,rephrase,GEN_TF,full,parallel_minus_orthogonal,100,-0.5,-1.5,0.0
GPT-2 XL,CounterFact,MEMIT,ENCORE,canonical,1000,dose_specific,0.25,rephrase,GEN_TF,content_only,orthogonal,100,1.0,0.0,3.0
GPT-2 XL,CounterFact,MEMIT,ENCORE,canonical,1000,dose_specific,0.25,rephrase,GEN_TF,content_only,parallel_only,100,0.0,0.0,0.0
GPT-2 XL,CounterFact,MEMIT,ENCORE,canonical,1000,dose_specific,0.25,rephrase,GEN_TF,content_only,parallel_minus_orthogonal,100,-1.0,-3.0,0.0
GPT-2 XL,CounterFact,MEMIT,ENCORE,canonical,1000,both_doses,0.25,locality,LOC,full,orthogonal,100,-1.0,-3.0,0.0
GPT-2 XL,CounterFact,MEMIT,ENCORE,canonical,1000,both_doses,0.25,locality,LOC,full,parallel_only,100,0.0,0.0,0.0
GPT-2 XL,CounterFact,MEMIT,ENCORE,canonical,1000,both_doses,0.25,locality,LOC,full,parallel_minus_orthogonal,100,1.0,0.0,3.0
GPT-2 XL,CounterFact,MEMIT,ENCORE,canonical,1000,both_doses,0.25,rewrite,EFF_TF,full,orthogonal,100,-0.5,-1.5,0.0
GPT-2 XL,CounterFact,MEMIT,ENCORE,canonical,1000,both_doses,0.25,rewrite,EFF_TF,full,parallel_only,100,0.0,0.0,0.0
GPT-2 XL,CounterFact,MEMIT,ENCORE,canonical,1000,both_doses,0.25,rewrite,EFF_TF,full,parallel_minus_orthogonal,100,0.5,0.0,1.5
GPT-2 XL,CounterFact,MEMIT,ENCORE,canonical,1000,both_doses,0.25,rewrite,EFF_TF,content_only,orthogonal,100,-1.0,-3.0,0.0
GPT-2 XL,CounterFact,MEMIT,ENCORE,canonical,1000,both_doses,0.25,rewrite,EFF_TF,content_only,parallel_only,100,0.0,0.0,0.0
GPT-2 XL,CounterFact,MEMIT,ENCORE,canonical,1000,both_doses,0.25,rewrite,EFF_TF,content_only,parallel_minus_orthogonal,100,1.0,0.0,3.0
GPT-2 XL,CounterFact,MEMIT,ENCORE,canonical,1000,both_doses,0.25,rephrase,GEN_TF,full,orthogonal,100,0.5,0.0,1.5
GPT-2 XL,CounterFact,MEMIT,ENCORE,canonical,1000,both_doses,0.25,rephrase,GEN_TF,full,parallel_only,100,0.0,0.0,0.0
GPT-2 XL,CounterFact,MEMIT,ENCORE,canonical,1000,both_doses,0.25,rephrase,GEN_TF,full,parallel_minus_orthogonal,100,-0.5,-1.5,0.0
GPT-2 XL,CounterFact,MEMIT,ENCORE,canonical,1000,both_doses,0.25,rephrase,GEN_TF,content_only,orthogonal,100,1.0,0.0,3.0
GPT-2 XL,CounterFact,MEMIT,ENCORE,canonical,1000,both_doses,0.25,rephrase,GEN_TF,content_only,parallel_only,100,0.0,0.0,0.0
GPT-2 XL,CounterFact,MEMIT,ENCORE,canonical,1000,both_doses,0.25,rephrase,GEN_TF,content_only,parallel_minus_orthogonal,100,-1.0,-3.0,0.0
GPT-2 XL,CounterFact,MEMIT,ENCORE,canonical,1000,dose_specific,0.5,locality,LOC,full,orthogonal,100,-1.0,-3.0,0.0
GPT-2 XL,CounterFact,MEMIT,ENCORE,canonical,1000,dose_specific,0.5,locality,LOC,full,parallel_only,100,0.0,0.0,0.0
GPT-2 XL,CounterFact,MEMIT,ENCORE,canonical,1000,dose_specific,0.5,locality,LOC,full,parallel_minus_orthogonal,100,1.0,0.0,3.0
GPT-2 XL,CounterFact,MEMIT,ENCORE,canonical,1000,dose_specific,0.5,rewrite,EFF_TF,full,orthogonal,100,-0.5,-1.5,0.0
GPT-2 XL,CounterFact,MEMIT,ENCORE,canonical,1000,dose_specific,0.5,rewrite,EFF_TF,full,parallel_only,100,-0.5,-1.5,0.0
GPT-2 XL,CounterFact,MEMIT,ENCORE,canonical,1000,dose_specific,0.5,rewrite,EFF_TF,full,parallel_minus_orthogonal,100,0.0,-1.5,1.5
GPT-2 XL,CounterFact,MEMIT,ENCORE,canonical,1000,dose_specific,0.5,rewrite,EFF_TF,content_only,orthogonal,100,-1.0,-3.0,0.0
GPT-2 XL,CounterFact,MEMIT,ENCORE,canonical,1000,dose_specific,0.5,rewrite,EFF_TF,content_only,parallel_only,100,-1.0,-3.0,0.0
GPT-2 XL,CounterFact,MEMIT,ENCORE,canonical,1000,dose_specific,0.5,rewrite,EFF_TF,content_only,parallel_minus_orthogonal,100,0.0,-3.0,3.0
GPT-2 XL,CounterFact,MEMIT,ENCORE,canonical,1000,dose_specific,0.5,rephrase,GEN_TF,full,orthogonal,100,0.5,0.0,1.5
GPT-2 XL,CounterFact,MEMIT,ENCORE,canonical,1000,dose_specific,0.5,rephrase,GEN_TF,full,parallel_only,100,0.0,0.0,0.0
GPT-2 XL,CounterFact,MEMIT,ENCORE,canonical,1000,dose_specific,0.5,rephrase,GEN_TF,full,parallel_minus_orthogonal,100,-0.5,-1.5,0.0
GPT-2 XL,CounterFact,MEMIT,ENCORE,canonical,1000,dose_specific,0.5,rephrase,GEN_TF,content_only,orthogonal,100,1.0,0.0,3.0
GPT-2 XL,CounterFact,MEMIT,ENCORE,canonical,1000,dose_specific,0.5,rephrase,GEN_TF,content_only,parallel_only,100,0.0,0.0,0.0
GPT-2 XL,CounterFact,MEMIT,ENCORE,canonical,1000,dose_specific,0.5,rephrase,GEN_TF,content_only,parallel_minus_orthogonal,100,-1.0,-3.0,0.0
GPT-2 XL,CounterFact,MEMIT,ENCORE,canonical,1000,both_doses,0.5,locality,LOC,full,orthogonal,100,-1.0,-3.0,0.0
GPT-2 XL,CounterFact,MEMIT,ENCORE,canonical,1000,both_doses,0.5,locality,LOC,full,parallel_only,100,0.0,0.0,0.0
GPT-2 XL,CounterFact,MEMIT,ENCORE,canonical,1000,both_doses,0.5,locality,LOC,full,parallel_minus_orthogonal,100,1.0,0.0,3.0
GPT-2 XL,CounterFact,MEMIT,ENCORE,canonical,1000,both_doses,0.5,rewrite,EFF_TF,full,orthogonal,100,-0.5,-1.5,0.0
GPT-2 XL,CounterFact,MEMIT,ENCORE,canonical,1000,both_doses,0.5,rewrite,EFF_TF,full,parallel_only,100,-0.5,-1.5,0.0
GPT-2 XL,CounterFact,MEMIT,ENCORE,canonical,1000,both_doses,0.5,rewrite,EFF_TF,full,parallel_minus_orthogonal,100,0.0,-1.5,1.5
GPT-2 XL,CounterFact,MEMIT,ENCORE,canonical,1000,both_doses,0.5,rewrite,EFF_TF,content_only,orthogonal,100,-1.0,-3.0,0.0
GPT-2 XL,CounterFact,MEMIT,ENCORE,canonical,1000,both_doses,0.5,rewrite,EFF_TF,content_only,parallel_only,100,-1.0,-3.0,0.0
GPT-2 XL,CounterFact,MEMIT,ENCORE,canonical,1000,both_doses,0.5,rewrite,EFF_TF,content_only,parallel_minus_orthogonal,100,0.0,-3.0,3.0
GPT-2 XL,CounterFact,MEMIT,ENCORE,canonical,1000,both_doses,0.5,rephrase,GEN_TF,full,orthogonal,100,0.5,0.0,1.5
GPT-2 XL,CounterFact,MEMIT,ENCORE,canonical,1000,both_doses,0.5,rephrase,GEN_TF,full,parallel_only,100,0.0,0.0,0.0
GPT-2 XL,CounterFact,MEMIT,ENCORE,canonical,1000,both_doses,0.5,rephrase,GEN_TF,full,parallel_minus_orthogonal,100,-0.5,-1.5,0.0
GPT-2 XL,CounterFact,MEMIT,ENCORE,canonical,1000,both_doses,0.5,rephrase,GEN_TF,content_only,orthogonal,100,1.0,0.0,3.0
GPT-2 XL,CounterFact,MEMIT,ENCORE,canonical,1000,both_doses,0.5,rephrase,GEN_TF,content_only,parallel_only,100,0.0,0.0,0.0
GPT-2 XL,CounterFact,MEMIT,ENCORE,canonical,1000,both_doses,0.5,rephrase,GEN_TF,content_only,parallel_minus_orthogonal,100,-1.0,-3.0,0.0
GPT-2 XL,CounterFact,MEMIT,NAS,canonical,1000,dose_specific,0.25,locality,LOC,full,orthogonal,100,-2.0,-5.0,0.0
GPT-2 XL,CounterFact,MEMIT,NAS,canonical,1000,dose_specific,0.25,locality,LOC,full,parallel_only,100,0.0,0.0,0.0
GPT-2 XL,CounterFact,MEMIT,NAS,canonical,1000,dose_specific,0.25,locality,LOC,full,parallel_minus_orthogonal,100,2.0,0.0,5.0
GPT-2 XL,CounterFact,MEMIT,NAS,canonical,1000,dose_specific,0.25,rewrite,EFF_TF,full,orthogonal,100,0.5,-1.0,2.5
GPT-2 XL,CounterFact,MEMIT,NAS,canonical,1000,dose_specific,0.25,rewrite,EFF_TF,full,parallel_only,100,0.0,0.0,0.0
GPT-2 XL,CounterFact,MEMIT,NAS,canonical,1000,dose_specific,0.25,rewrite,EFF_TF,full,parallel_minus_orthogonal,100,-0.5,-2.5,1.0
GPT-2 XL,CounterFact,MEMIT,NAS,canonical,1000,dose_specific,0.25,rewrite,EFF_TF,content_only,orthogonal,100,1.0,-2.0,5.0
GPT-2 XL,CounterFact,MEMIT,NAS,canonical,1000,dose_specific,0.25,rewrite,EFF_TF,content_only,parallel_only,100,0.0,0.0,0.0
GPT-2 XL,CounterFact,MEMIT,NAS,canonical,1000,dose_specific,0.25,rewrite,EFF_TF,content_only,parallel_minus_orthogonal,100,-1.0,-5.0,2.0
GPT-2 XL,CounterFact,MEMIT,NAS,canonical,1000,dose_specific,0.25,rephrase,GEN_TF,full,orthogonal,100,-0.5,-1.5,0.0
GPT-2 XL,CounterFact,MEMIT,NAS,canonical,1000,dose_specific,0.25,rephrase,GEN_TF,full,parallel_only,100,0.0,0.0,0.0
GPT-2 XL,CounterFact,MEMIT,NAS,canonical,1000,dose_specific,0.25,rephrase,GEN_TF,full,parallel_minus_orthogonal,100,0.5,0.0,1.5
GPT-2 XL,CounterFact,MEMIT,NAS,canonical,1000,dose_specific,0.25,rephrase,GEN_TF,content_only,orthogonal,100,-1.0,-3.0,0.0
GPT-2 XL,CounterFact,MEMIT,NAS,canonical,1000,dose_specific,0.25,rephrase,GEN_TF,content_only,parallel_only,100,0.0,0.0,0.0
GPT-2 XL,CounterFact,MEMIT,NAS,canonical,1000,dose_specific,0.25,rephrase,GEN_TF,content_only,parallel_minus_orthogonal,100,1.0,0.0,3.0
GPT-2 XL,CounterFact,MEMIT,NAS,canonical,1000,both_doses,0.25,locality,LOC,full,orthogonal,100,-2.0,-5.0,0.0
GPT-2 XL,CounterFact,MEMIT,NAS,canonical,1000,both_doses,0.25,locality,LOC,full,parallel_only,100,0.0,0.0,0.0
GPT-2 XL,CounterFact,MEMIT,NAS,canonical,1000,both_doses,0.25,locality,LOC,full,parallel_minus_orthogonal,100,2.0,0.0,5.0
GPT-2 XL,CounterFact,MEMIT,NAS,canonical,1000,both_doses,0.25,rewrite,EFF_TF,full,orthogonal,100,0.5,-1.0,2.5
GPT-2 XL,CounterFact,MEMIT,NAS,canonical,1000,both_doses,0.25,rewrite,EFF_TF,full,parallel_only,100,0.0,0.0,0.0
GPT-2 XL,CounterFact,MEMIT,NAS,canonical,1000,both_doses,0.25,rewrite,EFF_TF,full,parallel_minus_orthogonal,100,-0.5,-2.5,1.0
GPT-2 XL,CounterFact,MEMIT,NAS,canonical,1000,both_doses,0.25,rewrite,EFF_TF,content_only,orthogonal,100,1.0,-2.0,5.0
GPT-2 XL,CounterFact,MEMIT,NAS,canonical,1000,both_doses,0.25,rewrite,EFF_TF,content_only,parallel_only,100,0.0,0.0,0.0
GPT-2 XL,CounterFact,MEMIT,NAS,canonical,1000,both_doses,0.25,rewrite,EFF_TF,content_only,parallel_minus_orthogonal,100,-1.0,-5.0,2.0
GPT-2 XL,CounterFact,MEMIT,NAS,canonical,1000,both_doses,0.25,rephrase,GEN_TF,full,orthogonal,100,-0.5,-1.5,0.0
GPT-2 XL,CounterFact,MEMIT,NAS,canonical,1000,both_doses,0.25,rephrase,GEN_TF,full,parallel_only,100,0.0,0.0,0.0
GPT-2 XL,CounterFact,MEMIT,NAS,canonical,1000,both_doses,0.25,rephrase,GEN_TF,full,parallel_minus_orthogonal,100,0.5,0.0,1.5
GPT-2 XL,CounterFact,MEMIT,NAS,canonical,1000,both_doses,0.25,rephrase,GEN_TF,content_only,orthogonal,100,-1.0,-3.0,0.0
GPT-2 XL,CounterFact,MEMIT,NAS,canonical,1000,both_doses,0.25,rephrase,GEN_TF,content_only,parallel_only,100,0.0,0.0,0.0
GPT-2 XL,CounterFact,MEMIT,NAS,canonical,1000,both_doses,0.25,rephrase,GEN_TF,content_only,parallel_minus_orthogonal,100,1.0,0.0,3.0
GPT-2 XL,CounterFact,MEMIT,NAS,canonical,1000,dose_specific,0.5,locality,LOC,full,orthogonal,100,0.0,-3.0,3.0
GPT-2 XL,CounterFact,MEMIT,NAS,canonical,1000,dose_specific,0.5,locality,LOC,full,parallel_only,100,-1.0,-3.0,0.0
GPT-2 XL,CounterFact,MEMIT,NAS,canonical,1000,dose_specific,0.5,locality,LOC,full,parallel_minus_orthogonal,100,-1.0,-3.0,0.0
GPT-2 XL,CounterFact,MEMIT,NAS,canonical,1000,dose_specific,0.5,rewrite,EFF_TF,full,orthogonal,100,0.5,-1.0,2.5
GPT-2 XL,CounterFact,MEMIT,NAS,canonical,1000,dose_specific,0.5,rewrite,EFF_TF,full,parallel_only,100,0.0,0.0,0.0
GPT-2 XL,CounterFact,MEMIT,NAS,canonical,1000,dose_specific,0.5,rewrite,EFF_TF,full,parallel_minus_orthogonal,100,-0.5,-2.5,1.0
GPT-2 XL,CounterFact,MEMIT,NAS,canonical,1000,dose_specific,0.5,rewrite,EFF_TF,content_only,orthogonal,100,1.0,-2.0,5.0
GPT-2 XL,CounterFact,MEMIT,NAS,canonical,1000,dose_specific,0.5,rewrite,EFF_TF,content_only,parallel_only,100,0.0,0.0,0.0
GPT-2 XL,CounterFact,MEMIT,NAS,canonical,1000,dose_specific,0.5,rewrite,EFF_TF,content_only,parallel_minus_orthogonal,100,-1.0,-5.0,2.0
GPT-2 XL,CounterFact,MEMIT,NAS,canonical,1000,dose_specific,0.5,rephrase,GEN_TF,full,orthogonal,100,-1.0,-2.5,0.0
GPT-2 XL,CounterFact,MEMIT,NAS,canonical,1000,dose_specific,0.5,rephrase,GEN_TF,full,parallel_only,100,0.0,0.0,0.0
GPT-2 XL,CounterFact,MEMIT,NAS,canonical,1000,dose_specific,0.5,rephrase,GEN_TF,full,parallel_minus_orthogonal,100,1.0,0.0,2.5
GPT-2 XL,CounterFact,MEMIT,NAS,canonical,1000,dose_specific,0.5,rephrase,GEN_TF,content_only,orthogonal,100,-2.0,-5.0,0.0
GPT-2 XL,CounterFact,MEMIT,NAS,canonical,1000,dose_specific,0.5,rephrase,GEN_TF,content_only,parallel_only,100,0.0,0.0,0.0
GPT-2 XL,CounterFact,MEMIT,NAS,canonical,1000,dose_specific,0.5,rephrase,GEN_TF,content_only,parallel_minus_orthogonal,100,2.0,0.0,5.0
GPT-2 XL,CounterFact,MEMIT,NAS,canonical,1000,both_doses,0.5,locality,LOC,full,orthogonal,100,0.0,-3.0,3.0
GPT-2 XL,CounterFact,MEMIT,NAS,canonical,1000,both_doses,0.5,locality,LOC,full,parallel_only,100,-1.0,-3.0,0.0
GPT-2 XL,CounterFact,MEMIT,NAS,canonical,1000,both_doses,0.5,locality,LOC,full,parallel_minus_orthogonal,100,-1.0,-3.0,0.0
GPT-2 XL,CounterFact,MEMIT,NAS,canonical,1000,both_doses,0.5,rewrite,EFF_TF,full,orthogonal,100,0.5,-1.0,2.5
GPT-2 XL,CounterFact,MEMIT,NAS,canonical,1000,both_doses,0.5,rewrite,EFF_TF,full,parallel_only,100,0.0,0.0,0.0
GPT-2 XL,CounterFact,MEMIT,NAS,canonical,1000,both_doses,0.5,rewrite,EFF_TF,full,parallel_minus_orthogonal,100,-0.5,-2.5,1.0
GPT-2 XL,CounterFact,MEMIT,NAS,canonical,1000,both_doses,0.5,rewrite,EFF_TF,content_only,orthogonal,100,1.0,-2.0,5.0
GPT-2 XL,CounterFact,MEMIT,NAS,canonical,1000,both_doses,0.5,rewrite,EFF_TF,content_only,parallel_only,100,0.0,0.0,0.0
GPT-2 XL,CounterFact,MEMIT,NAS,canonical,1000,both_doses,0.5,rewrite,EFF_TF,content_only,parallel_minus_orthogonal,100,-1.0,-5.0,2.0
GPT-2 XL,CounterFact,MEMIT,NAS,canonical,1000,both_doses,0.5,rephrase,GEN_TF,full,orthogonal,100,-1.0,-2.5,0.0
GPT-2 XL,CounterFact,MEMIT,NAS,canonical,1000,both_doses,0.5,rephrase,GEN_TF,full,parallel_only,100,0.0,0.0,0.0
GPT-2 XL,CounterFact,MEMIT,NAS,canonical,1000,both_doses,0.5,rephrase,GEN_TF,full,parallel_minus_orthogonal,100,1.0,0.0,2.5
GPT-2 XL,CounterFact,MEMIT,NAS,canonical,1000,both_doses,0.5,rephrase,GEN_TF,content_only,orthogonal,100,-2.0,-5.0,0.0
GPT-2 XL,CounterFact,MEMIT,NAS,canonical,1000,both_doses,0.5,rephrase,GEN_TF,content_only,parallel_only,100,0.0,0.0,0.0
GPT-2 XL,CounterFact,MEMIT,NAS,canonical,1000,both_doses,0.5,rephrase,GEN_TF,content_only,parallel_minus_orthogonal,100,2.0,0.0,5.0
GPT-2 XL,CounterFact,MEMIT,Native,canonical,1000,dose_specific,0.25,locality,LOC,full,orthogonal,100,0.0,-3.0,3.0
GPT-2 XL,CounterFact,MEMIT,Native,canonical,1000,dose_specific,0.25,locality,LOC,full,parallel_only,100,0.0,0.0,0.0
GPT-2 XL,CounterFact,MEMIT,Native,canonical,1000,dose_specific,0.25,locality,LOC,full,parallel_minus_orthogonal,100,0.0,-3.0,3.0
GPT-2 XL,CounterFact,MEMIT,Native,canonical,1000,dose_specific,0.25,rewrite,EFF_TF,full,orthogonal,100,0.0,0.0,0.0
GPT-2 XL,CounterFact,MEMIT,Native,canonical,1000,dose_specific,0.25,rewrite,EFF_TF,full,parallel_only,100,-0.5,-1.5,0.0
GPT-2 XL,CounterFact,MEMIT,Native,canonical,1000,dose_specific,0.25,rewrite,EFF_TF,full,parallel_minus_orthogonal,100,-0.5,-1.5,0.0
GPT-2 XL,CounterFact,MEMIT,Native,canonical,1000,dose_specific,0.25,rewrite,EFF_TF,content_only,orthogonal,100,0.0,0.0,0.0
GPT-2 XL,CounterFact,MEMIT,Native,canonical,1000,dose_specific,0.25,rewrite,EFF_TF,content_only,parallel_only,100,-1.0,-3.0,0.0
GPT-2 XL,CounterFact,MEMIT,Native,canonical,1000,dose_specific,0.25,rewrite,EFF_TF,content_only,parallel_minus_orthogonal,100,-1.0,-3.0,0.0
GPT-2 XL,CounterFact,MEMIT,Native,canonical,1000,dose_specific,0.25,rephrase,GEN_TF,full,orthogonal,100,0.0,0.0,0.0
GPT-2 XL,CounterFact,MEMIT,Native,canonical,1000,dose_specific,0.25,rephrase,GEN_TF,full,parallel_only,100,0.0,0.0,0.0
GPT-2 XL,CounterFact,MEMIT,Native,canonical,1000,dose_specific,0.25,rephrase,GEN_TF,full,parallel_minus_orthogonal,100,0.0,0.0,0.0
GPT-2 XL,CounterFact,MEMIT,Native,canonical,1000,dose_specific,0.25,rephrase,GEN_TF,content_only,orthogonal,100,0.0,0.0,0.0
GPT-2 XL,CounterFact,MEMIT,Native,canonical,1000,dose_specific,0.25,rephrase,GEN_TF,content_only,parallel_only,100,0.0,0.0,0.0
GPT-2 XL,CounterFact,MEMIT,Native,canonical,1000,dose_specific,0.25,rephrase,GEN_TF,content_only,parallel_minus_orthogonal,100,0.0,0.0,0.0
GPT-2 XL,CounterFact,MEMIT,Native,canonical,1000,both_doses,0.25,locality,LOC,full,orthogonal,100,0.0,-3.0,3.0
GPT-2 XL,CounterFact,MEMIT,Native,canonical,1000,both_doses,0.25,locality,LOC,full,parallel_only,100,0.0,0.0,0.0
GPT-2 XL,CounterFact,MEMIT,Native,canonical,1000,both_doses,0.25,locality,LOC,full,parallel_minus_orthogonal,100,0.0,-3.0,3.0
GPT-2 XL,CounterFact,MEMIT,Native,canonical,1000,both_doses,0.25,rewrite,EFF_TF,full,orthogonal,100,0.0,0.0,0.0
GPT-2 XL,CounterFact,MEMIT,Native,canonical,1000,both_doses,0.25,rewrite,EFF_TF,full,parallel_only,100,-0.5,-1.5,0.0
GPT-2 XL,CounterFact,MEMIT,Native,canonical,1000,both_doses,0.25,rewrite,EFF_TF,full,parallel_minus_orthogonal,100,-0.5,-1.5,0.0
GPT-2 XL,CounterFact,MEMIT,Native,canonical,1000,both_doses,0.25,rewrite,EFF_TF,content_only,orthogonal,100,0.0,0.0,0.0
GPT-2 XL,CounterFact,MEMIT,Native,canonical,1000,both_doses,0.25,rewrite,EFF_TF,content_only,parallel_only,100,-1.0,-3.0,0.0
GPT-2 XL,CounterFact,MEMIT,Native,canonical,1000,both_doses,0.25,rewrite,EFF_TF,content_only,parallel_minus_orthogonal,100,-1.0,-3.0,0.0
GPT-2 XL,CounterFact,MEMIT,Native,canonical,1000,both_doses,0.25,rephrase,GEN_TF,full,orthogonal,100,0.0,0.0,0.0
GPT-2 XL,CounterFact,MEMIT,Native,canonical,1000,both_doses,0.25,rephrase,GEN_TF,full,parallel_only,100,0.0,0.0,0.0
GPT-2 XL,CounterFact,MEMIT,Native,canonical,1000,both_doses,0.25,rephrase,GEN_TF,full,parallel_minus_orthogonal,100,0.0,0.0,0.0
GPT-2 XL,CounterFact,MEMIT,Native,canonical,1000,both_doses,0.25,rephrase,GEN_TF,content_only,orthogonal,100,0.0,0.0,0.0
GPT-2 XL,CounterFact,MEMIT,Native,canonical,1000,both_doses,0.25,rephrase,GEN_TF,content_only,parallel_only,100,0.0,0.0,0.0
GPT-2 XL,CounterFact,MEMIT,Native,canonical,1000,both_doses,0.25,rephrase,GEN_TF,content_only,parallel_minus_orthogonal,100,0.0,0.0,0.0
GPT-2 XL,CounterFact,MEMIT,Native,canonical,1000,dose_specific,0.5,locality,LOC,full,orthogonal,100,-1.0,-5.0,2.0
GPT-2 XL,CounterFact,MEMIT,Native,canonical,1000,dose_specific,0.5,locality,LOC,full,parallel_only,100,0.0,0.0,0.0
GPT-2 XL,CounterFact,MEMIT,Native,canonical,1000,dose_specific,0.5,locality,LOC,full,parallel_minus_orthogonal,100,1.0,-2.0,5.0
GPT-2 XL,CounterFact,MEMIT,Native,canonical,1000,dose_specific,0.5,rewrite,EFF_TF,full,orthogonal,100,-1.0,-2.5,0.0
GPT-2 XL,CounterFact,MEMIT,Native,canonical,1000,dose_specific,0.5,rewrite,EFF_TF,full,parallel_only,100,-1.0,-2.5,0.0
GPT-2 XL,CounterFact,MEMIT,Native,canonical,1000,dose_specific,0.5,rewrite,EFF_TF,full,parallel_minus_orthogonal,100,0.0,-1.5,1.5
GPT-2 XL,CounterFact,MEMIT,Native,canonical,1000,dose_specific,0.5,rewrite,EFF_TF,content_only,orthogonal,100,-2.0,-5.0,0.0
GPT-2 XL,CounterFact,MEMIT,Native,canonical,1000,dose_specific,0.5,rewrite,EFF_TF,content_only,parallel_only,100,-2.0,-5.0,0.0
GPT-2 XL,CounterFact,MEMIT,Native,canonical,1000,dose_specific,0.5,rewrite,EFF_TF,content_only,parallel_minus_orthogonal,100,0.0,-3.0,3.0
GPT-2 XL,CounterFact,MEMIT,Native,canonical,1000,dose_specific,0.5,rephrase,GEN_TF,full,orthogonal,100,0.0,0.0,0.0
GPT-2 XL,CounterFact,MEMIT,Native,canonical,1000,dose_specific,0.5,rephrase,GEN_TF,full,parallel_only,100,0.0,0.0,0.0
GPT-2 XL,CounterFact,MEMIT,Native,canonical,1000,dose_specific,0.5,rephrase,GEN_TF,full,parallel_minus_orthogonal,100,0.0,0.0,0.0
GPT-2 XL,CounterFact,MEMIT,Native,canonical,1000,dose_specific,0.5,rephrase,GEN_TF,content_only,orthogonal,100,0.0,0.0,0.0
GPT-2 XL,CounterFact,MEMIT,Native,canonical,1000,dose_specific,0.5,rephrase,GEN_TF,content_only,parallel_only,100,0.0,0.0,0.0
GPT-2 XL,CounterFact,MEMIT,Native,canonical,1000,dose_specific,0.5,rephrase,GEN_TF,content_only,parallel_minus_orthogonal,100,0.0,0.0,0.0
GPT-2 XL,CounterFact,MEMIT,Native,canonical,1000,both_doses,0.5,locality,LOC,full,orthogonal,100,-1.0,-5.0,2.0
GPT-2 XL,CounterFact,MEMIT,Native,canonical,1000,both_doses,0.5,locality,LOC,full,parallel_only,100,0.0,0.0,0.0
GPT-2 XL,CounterFact,MEMIT,Native,canonical,1000,both_doses,0.5,locality,LOC,full,parallel_minus_orthogonal,100,1.0,-2.0,5.0
GPT-2 XL,CounterFact,MEMIT,Native,canonical,1000,both_doses,0.5,rewrite,EFF_TF,full,orthogonal,100,-1.0,-2.5,0.0
GPT-2 XL,CounterFact,MEMIT,Native,canonical,1000,both_doses,0.5,rewrite,EFF_TF,full,parallel_only,100,-1.0,-2.5,0.0
GPT-2 XL,CounterFact,MEMIT,Native,canonical,1000,both_doses,0.5,rewrite,EFF_TF,full,parallel_minus_orthogonal,100,0.0,-1.5,1.5
GPT-2 XL,CounterFact,MEMIT,Native,canonical,1000,both_doses,0.5,rewrite,EFF_TF,content_only,orthogonal,100,-2.0,-5.0,0.0
GPT-2 XL,CounterFact,MEMIT,Native,canonical,1000,both_doses,0.5,rewrite,EFF_TF,content_only,parallel_only,100,-2.0,-5.0,0.0
GPT-2 XL,CounterFact,MEMIT,Native,canonical,1000,both_doses,0.5,rewrite,EFF_TF,content_only,parallel_minus_orthogonal,100,0.0,-3.0,3.0
GPT-2 XL,CounterFact,MEMIT,Native,canonical,1000,both_doses,0.5,rephrase,GEN_TF,full,orthogonal,100,0.0,0.0,0.0
GPT-2 XL,CounterFact,MEMIT,Native,canonical,1000,both_doses,0.5,rephrase,GEN_TF,full,parallel_only,100,0.0,0.0,0.0
GPT-2 XL,CounterFact,MEMIT,Native,canonical,1000,both_doses,0.5,rephrase,GEN_TF,full,parallel_minus_orthogonal,100,0.0,0.0,0.0
GPT-2 XL,CounterFact,MEMIT,Native,canonical,1000,both_doses,0.5,rephrase,GEN_TF,content_only,orthogonal,100,0.0,0.0,0.0
GPT-2 XL,CounterFact,MEMIT,Native,canonical,1000,both_doses,0.5,rephrase,GEN_TF,content_only,parallel_only,100,0.0,0.0,0.0
GPT-2 XL,CounterFact,MEMIT,Native,canonical,1000,both_doses,0.5,rephrase,GEN_TF,content_only,parallel_minus_orthogonal,100,0.0,0.0,0.0
GPT-2 XL,CounterFact,MEMIT,SADR,canonical,1000,dose_specific,0.25,locality,LOC,full,orthogonal,100,0.0,0.0,0.0
GPT-2 XL,CounterFact,MEMIT,SADR,canonical,1000,dose_specific,0.25,locality,LOC,full,parallel_only,100,0.0,0.0,0.0
GPT-2 XL,CounterFact,MEMIT,SADR,canonical,1000,dose_specific,0.25,locality,LOC,full,parallel_minus_orthogonal,100,0.0,0.0,0.0
GPT-2 XL,CounterFact,MEMIT,SADR,canonical,1000,dose_specific,0.25,rewrite,EFF_TF,full,orthogonal,100,0.5,-1.0,2.0
GPT-2 XL,CounterFact,MEMIT,SADR,canonical,1000,dose_specific,0.25,rewrite,EFF_TF,full,parallel_only,100,0.0,0.0,0.0
GPT-2 XL,CounterFact,MEMIT,SADR,canonical,1000,dose_specific,0.25,rewrite,EFF_TF,full,parallel_minus_orthogonal,100,-0.5,-2.0,1.0
GPT-2 XL,CounterFact,MEMIT,SADR,canonical,1000,dose_specific,0.25,rewrite,EFF_TF,content_only,orthogonal,100,1.0,-2.0,4.0
GPT-2 XL,CounterFact,MEMIT,SADR,canonical,1000,dose_specific,0.25,rewrite,EFF_TF,content_only,parallel_only,100,0.0,0.0,0.0
GPT-2 XL,CounterFact,MEMIT,SADR,canonical,1000,dose_specific,0.25,rewrite,EFF_TF,content_only,parallel_minus_orthogonal,100,-1.0,-4.0,2.0
GPT-2 XL,CounterFact,MEMIT,SADR,canonical,1000,dose_specific,0.25,rephrase,GEN_TF,full,orthogonal,100,0.0,0.0,0.0
GPT-2 XL,CounterFact,MEMIT,SADR,canonical,1000,dose_specific,0.25,rephrase,GEN_TF,full,parallel_only,100,-0.5,-1.5,0.0
GPT-2 XL,CounterFact,MEMIT,SADR,canonical,1000,dose_specific,0.25,rephrase,GEN_TF,full,parallel_minus_orthogonal,100,-0.5,-1.5,0.0
GPT-2 XL,CounterFact,MEMIT,SADR,canonical,1000,dose_specific,0.25,rephrase,GEN_TF,content_only,orthogonal,100,0.0,0.0,0.0
GPT-2 XL,CounterFact,MEMIT,SADR,canonical,1000,dose_specific,0.25,rephrase,GEN_TF,content_only,parallel_only,100,-1.0,-3.0,0.0
GPT-2 XL,CounterFact,MEMIT,SADR,canonical,1000,dose_specific,0.25,rephrase,GEN_TF,content_only,parallel_minus_orthogonal,100,-1.0,-3.0,0.0
GPT-2 XL,CounterFact,MEMIT,SADR,canonical,1000,both_doses,0.25,locality,LOC,full,orthogonal,100,0.0,0.0,0.0
GPT-2 XL,CounterFact,MEMIT,SADR,canonical,1000,both_doses,0.25,locality,LOC,full,parallel_only,100,0.0,0.0,0.0
GPT-2 XL,CounterFact,MEMIT,SADR,canonical,1000,both_doses,0.25,locality,LOC,full,parallel_minus_orthogonal,100,0.0,0.0,0.0
GPT-2 XL,CounterFact,MEMIT,SADR,canonical,1000,both_doses,0.25,rewrite,EFF_TF,full,orthogonal,100,0.5,-1.0,2.0
GPT-2 XL,CounterFact,MEMIT,SADR,canonical,1000,both_doses,0.25,rewrite,EFF_TF,full,parallel_only,100,0.0,0.0,0.0
GPT-2 XL,CounterFact,MEMIT,SADR,canonical,1000,both_doses,0.25,rewrite,EFF_TF,full,parallel_minus_orthogonal,100,-0.5,-2.0,1.0
GPT-2 XL,CounterFact,MEMIT,SADR,canonical,1000,both_doses,0.25,rewrite,EFF_TF,content_only,orthogonal,100,1.0,-2.0,4.0
GPT-2 XL,CounterFact,MEMIT,SADR,canonical,1000,both_doses,0.25,rewrite,EFF_TF,content_only,parallel_only,100,0.0,0.0,0.0
GPT-2 XL,CounterFact,MEMIT,SADR,canonical,1000,both_doses,0.25,rewrite,EFF_TF,content_only,parallel_minus_orthogonal,100,-1.0,-4.0,2.0
GPT-2 XL,CounterFact,MEMIT,SADR,canonical,1000,both_doses,0.25,rephrase,GEN_TF,full,orthogonal,100,0.0,0.0,0.0
GPT-2 XL,CounterFact,MEMIT,SADR,canonical,1000,both_doses,0.25,rephrase,GEN_TF,full,parallel_only,100,-0.5,-1.5,0.0
GPT-2 XL,CounterFact,MEMIT,SADR,canonical,1000,both_doses,0.25,rephrase,GEN_TF,full,parallel_minus_orthogonal,100,-0.5,-1.5,0.0
GPT-2 XL,CounterFact,MEMIT,SADR,canonical,1000,both_doses,0.25,rephrase,GEN_TF,content_only,orthogonal,100,0.0,0.0,0.0
GPT-2 XL,CounterFact,MEMIT,SADR,canonical,1000,both_doses,0.25,rephrase,GEN_TF,content_only,parallel_only,100,-1.0,-3.0,0.0
GPT-2 XL,CounterFact,MEMIT,SADR,canonical,1000,both_doses,0.25,rephrase,GEN_TF,content_only,parallel_minus_orthogonal,100,-1.0,-3.0,0.0
GPT-2 XL,CounterFact,MEMIT,SADR,canonical,1000,dose_specific,0.5,locality,LOC,full,orthogonal,100,1.0,0.0,3.0
GPT-2 XL,CounterFact,MEMIT,SADR,canonical,1000,dose_specific,0.5,locality,LOC,full,parallel_only,100,0.0,0.0,0.0
GPT-2 XL,CounterFact,MEMIT,SADR,canonical,1000,dose_specific,0.5,locality,LOC,full,parallel_minus_orthogonal,100,-1.0,-3.0,0.0
GPT-2 XL,CounterFact,MEMIT,SADR,canonical,1000,dose_specific,0.5,rewrite,EFF_TF,full,orthogonal,100,0.5,-1.0,2.0
GPT-2 XL,CounterFact,MEMIT,SADR,canonical,1000,dose_specific,0.5,rewrite,EFF_TF,full,parallel_only,100,0.0,0.0,0.0
GPT-2 XL,CounterFact,MEMIT,SADR,canonical,1000,dose_specific,0.5,rewrite,EFF_TF,full,parallel_minus_orthogonal,100,-0.5,-2.0,1.0
GPT-2 XL,CounterFact,MEMIT,SADR,canonical,1000,dose_specific,0.5,rewrite,EFF_TF,content_only,orthogonal,100,1.0,-2.0,4.0
GPT-2 XL,CounterFact,MEMIT,SADR,canonical,1000,dose_specific,0.5,rewrite,EFF_TF,content_only,parallel_only,100,0.0,0.0,0.0
GPT-2 XL,CounterFact,MEMIT,SADR,canonical,1000,dose_specific,0.5,rewrite,EFF_TF,content_only,parallel_minus_orthogonal,100,-1.0,-4.0,2.0
GPT-2 XL,CounterFact,MEMIT,SADR,canonical,1000,dose_specific,0.5,rephrase,GEN_TF,full,orthogonal,100,0.5,0.0,1.5
GPT-2 XL,CounterFact,MEMIT,SADR,canonical,1000,dose_specific,0.5,rephrase,GEN_TF,full,parallel_only,100,-0.5,-1.5,0.0
GPT-2 XL,CounterFact,MEMIT,SADR,canonical,1000,dose_specific,0.5,rephrase,GEN_TF,full,parallel_minus_orthogonal,100,-1.0,-2.5,0.0
GPT-2 XL,CounterFact,MEMIT,SADR,canonical,1000,dose_specific,0.5,rephrase,GEN_TF,content_only,orthogonal,100,0.0,0.0,0.0
GPT-2 XL,CounterFact,MEMIT,SADR,canonical,1000,dose_specific,0.5,rephrase,GEN_TF,content_only,parallel_only,100,-1.0,-3.0,0.0
GPT-2 XL,CounterFact,MEMIT,SADR,canonical,1000,dose_specific,0.5,rephrase,GEN_TF,content_only,parallel_minus_orthogonal,100,-1.0,-3.0,0.0
GPT-2 XL,CounterFact,MEMIT,SADR,canonical,1000,both_doses,0.5,locality,LOC,full,orthogonal,100,1.0,0.0,3.0
GPT-2 XL,CounterFact,MEMIT,SADR,canonical,1000,both_doses,0.5,locality,LOC,full,parallel_only,100,0.0,0.0,0.0
GPT-2 XL,CounterFact,MEMIT,SADR,canonical,1000,both_doses,0.5,locality,LOC,full,parallel_minus_orthogonal,100,-1.0,-3.0,0.0
GPT-2 XL,CounterFact,MEMIT,SADR,canonical,1000,both_doses,0.5,rewrite,EFF_TF,full,orthogonal,100,0.5,-1.0,2.0
GPT-2 XL,CounterFact,MEMIT,SADR,canonical,1000,both_doses,0.5,rewrite,EFF_TF,full,parallel_only,100,0.0,0.0,0.0
GPT-2 XL,CounterFact,MEMIT,SADR,canonical,1000,both_doses,0.5,rewrite,EFF_TF,full,parallel_minus_orthogonal,100,-0.5,-2.0,1.0
GPT-2 XL,CounterFact,MEMIT,SADR,canonical,1000,both_doses,0.5,rewrite,EFF_TF,content_only,orthogonal,100,1.0,-2.0,4.0
GPT-2 XL,CounterFact,MEMIT,SADR,canonical,1000,both_doses,0.5,rewrite,EFF_TF,content_only,parallel_only,100,0.0,0.0,0.0
GPT-2 XL,CounterFact,MEMIT,SADR,canonical,1000,both_doses,0.5,rewrite,EFF_TF,content_only,parallel_minus_orthogonal,100,-1.0,-4.0,2.0
GPT-2 XL,CounterFact,MEMIT,SADR,canonical,1000,both_doses,0.5,rephrase,GEN_TF,full,orthogonal,100,0.5,0.0,1.5
GPT-2 XL,CounterFact,MEMIT,SADR,canonical,1000,both_doses,0.5,rephrase,GEN_TF,full,parallel_only,100,-0.5,-1.5,0.0
GPT-2 XL,CounterFact,MEMIT,SADR,canonical,1000,both_doses,0.5,rephrase,GEN_TF,full,parallel_minus_orthogonal,100,-1.0,-2.5,0.0
GPT-2 XL,CounterFact,MEMIT,SADR,canonical,1000,both_doses,0.5,rephrase,GEN_TF,content_only,orthogonal,100,0.0,0.0,0.0
GPT-2 XL,CounterFact,MEMIT,SADR,canonical,1000,both_doses,0.5,rephrase,GEN_TF,content_only,parallel_only,100,-1.0,-3.0,0.0
GPT-2 XL,CounterFact,MEMIT,SADR,canonical,1000,both_doses,0.5,rephrase,GEN_TF,content_only,parallel_minus_orthogonal,100,-1.0,-3.0,0.0
GPT-2 XL,CounterFact,MEMIT,SPHERE,canonical,1000,dose_specific,0.25,locality,LOC,full,orthogonal,100,1.0,0.0,3.0
GPT-2 XL,CounterFact,MEMIT,SPHERE,canonical,1000,dose_specific,0.25,locality,LOC,full,parallel_only,100,0.0,0.0,0.0
GPT-2 XL,CounterFact,MEMIT,SPHERE,canonical,1000,dose_specific,0.25,locality,LOC,full,parallel_minus_orthogonal,100,-1.0,-3.0,0.0
GPT-2 XL,CounterFact,MEMIT,SPHERE,canonical,1000,dose_specific,0.25,rewrite,EFF_TF,full,orthogonal,100,0.0,0.0,0.0
GPT-2 XL,CounterFact,MEMIT,SPHERE,canonical,1000,dose_specific,0.25,rewrite,EFF_TF,full,parallel_only,100,0.0,0.0,0.0
GPT-2 XL,CounterFact,MEMIT,SPHERE,canonical,1000,dose_specific,0.25,rewrite,EFF_TF,full,parallel_minus_orthogonal,100,0.0,0.0,0.0
GPT-2 XL,CounterFact,MEMIT,SPHERE,canonical,1000,dose_specific,0.25,rewrite,EFF_TF,content_only,orthogonal,100,0.0,0.0,0.0
GPT-2 XL,CounterFact,MEMIT,SPHERE,canonical,1000,dose_specific,0.25,rewrite,EFF_TF,content_only,parallel_only,100,0.0,0.0,0.0
GPT-2 XL,CounterFact,MEMIT,SPHERE,canonical,1000,dose_specific,0.25,rewrite,EFF_TF,content_only,parallel_minus_orthogonal,100,0.0,0.0,0.0
GPT-2 XL,CounterFact,MEMIT,SPHERE,canonical,1000,dose_specific,0.25,rephrase,GEN_TF,full,orthogonal,100,0.0,0.0,0.0
GPT-2 XL,CounterFact,MEMIT,SPHERE,canonical,1000,dose_specific,0.25,rephrase,GEN_TF,full,parallel_only,100,0.0,0.0,0.0
GPT-2 XL,CounterFact,MEMIT,SPHERE,canonical,1000,dose_specific,0.25,rephrase,GEN_TF,full,parallel_minus_orthogonal,100,0.0,0.0,0.0
GPT-2 XL,CounterFact,MEMIT,SPHERE,canonical,1000,dose_specific,0.25,rephrase,GEN_TF,content_only,orthogonal,100,0.0,0.0,0.0
GPT-2 XL,CounterFact,MEMIT,SPHERE,canonical,1000,dose_specific,0.25,rephrase,GEN_TF,content_only,parallel_only,100,0.0,0.0,0.0
GPT-2 XL,CounterFact,MEMIT,SPHERE,canonical,1000,dose_specific,0.25,rephrase,GEN_TF,content_only,parallel_minus_orthogonal,100,0.0,0.0,0.0
GPT-2 XL,CounterFact,MEMIT,SPHERE,canonical,1000,both_doses,0.25,locality,LOC,full,orthogonal,100,1.0,0.0,3.0
GPT-2 XL,CounterFact,MEMIT,SPHERE,canonical,1000,both_doses,0.25,locality,LOC,full,parallel_only,100,0.0,0.0,0.0
GPT-2 XL,CounterFact,MEMIT,SPHERE,canonical,1000,both_doses,0.25,locality,LOC,full,parallel_minus_orthogonal,100,-1.0,-3.0,0.0
GPT-2 XL,CounterFact,MEMIT,SPHERE,canonical,1000,both_doses,0.25,rewrite,EFF_TF,full,orthogonal,100,0.0,0.0,0.0
GPT-2 XL,CounterFact,MEMIT,SPHERE,canonical,1000,both_doses,0.25,rewrite,EFF_TF,full,parallel_only,100,0.0,0.0,0.0
GPT-2 XL,CounterFact,MEMIT,SPHERE,canonical,1000,both_doses,0.25,rewrite,EFF_TF,full,parallel_minus_orthogonal,100,0.0,0.0,0.0
GPT-2 XL,CounterFact,MEMIT,SPHERE,canonical,1000,both_doses,0.25,rewrite,EFF_TF,content_only,orthogonal,100,0.0,0.0,0.0
GPT-2 XL,CounterFact,MEMIT,SPHERE,canonical,1000,both_doses,0.25,rewrite,EFF_TF,content_only,parallel_only,100,0.0,0.0,0.0
GPT-2 XL,CounterFact,MEMIT,SPHERE,canonical,1000,both_doses,0.25,rewrite,EFF_TF,content_only,parallel_minus_orthogonal,100,0.0,0.0,0.0
GPT-2 XL,CounterFact,MEMIT,SPHERE,canonical,1000,both_doses,0.25,rephrase,GEN_TF,full,orthogonal,100,0.0,0.0,0.0
GPT-2 XL,CounterFact,MEMIT,SPHERE,canonical,1000,both_doses,0.25,rephrase,GEN_TF,full,parallel_only,100,0.0,0.0,0.0
GPT-2 XL,CounterFact,MEMIT,SPHERE,canonical,1000,both_doses,0.25,rephrase,GEN_TF,full,parallel_minus_orthogonal,100,0.0,0.0,0.0
GPT-2 XL,CounterFact,MEMIT,SPHERE,canonical,1000,both_doses,0.25,rephrase,GEN_TF,content_only,orthogonal,100,0.0,0.0,0.0
GPT-2 XL,CounterFact,MEMIT,SPHERE,canonical,1000,both_doses,0.25,rephrase,GEN_TF,content_only,parallel_only,100,0.0,0.0,0.0
GPT-2 XL,CounterFact,MEMIT,SPHERE,canonical,1000,both_doses,0.25,rephrase,GEN_TF,content_only,parallel_minus_orthogonal,100,0.0,0.0,0.0
GPT-2 XL,CounterFact,MEMIT,SPHERE,canonical,1000,dose_specific,0.5,locality,LOC,full,orthogonal,100,1.0,-2.0,5.0
GPT-2 XL,CounterFact,MEMIT,SPHERE,canonical,1000,dose_specific,0.5,locality,LOC,full,parallel_only,100,0.0,0.0,0.0
GPT-2 XL,CounterFact,MEMIT,SPHERE,canonical,1000,dose_specific,0.5,locality,LOC,full,parallel_minus_orthogonal,100,-1.0,-5.0,2.0
GPT-2 XL,CounterFact,MEMIT,SPHERE,canonical,1000,dose_specific,0.5,rewrite,EFF_TF,full,orthogonal,100,0.0,0.0,0.0
GPT-2 XL,CounterFact,MEMIT,SPHERE,canonical,1000,dose_specific,0.5,rewrite,EFF_TF,full,parallel_only,100,0.0,0.0,0.0
GPT-2 XL,CounterFact,MEMIT,SPHERE,canonical,1000,dose_specific,0.5,rewrite,EFF_TF,full,parallel_minus_orthogonal,100,0.0,0.0,0.0
GPT-2 XL,CounterFact,MEMIT,SPHERE,canonical,1000,dose_specific,0.5,rewrite,EFF_TF,content_only,orthogonal,100,0.0,0.0,0.0
GPT-2 XL,CounterFact,MEMIT,SPHERE,canonical,1000,dose_specific,0.5,rewrite,EFF_TF,content_only,parallel_only,100,0.0,0.0,0.0
GPT-2 XL,CounterFact,MEMIT,SPHERE,canonical,1000,dose_specific,0.5,rewrite,EFF_TF,content_only,parallel_minus_orthogonal,100,0.0,0.0,0.0
GPT-2 XL,CounterFact,MEMIT,SPHERE,canonical,1000,dose_specific,0.5,rephrase,GEN_TF,full,orthogonal,100,-0.5,-3.0,1.5
GPT-2 XL,CounterFact,MEMIT,SPHERE,canonical,1000,dose_specific,0.5,rephrase,GEN_TF,full,parallel_only,100,0.0,0.0,0.0
GPT-2 XL,CounterFact,MEMIT,SPHERE,canonical,1000,dose_specific,0.5,rephrase,GEN_TF,full,parallel_minus_orthogonal,100,0.5,-1.5,3.0
GPT-2 XL,CounterFact,MEMIT,SPHERE,canonical,1000,dose_specific,0.5,rephrase,GEN_TF,content_only,orthogonal,100,0.0,-4.0,4.0
GPT-2 XL,CounterFact,MEMIT,SPHERE,canonical,1000,dose_specific,0.5,rephrase,GEN_TF,content_only,parallel_only,100,0.0,0.0,0.0
GPT-2 XL,CounterFact,MEMIT,SPHERE,canonical,1000,dose_specific,0.5,rephrase,GEN_TF,content_only,parallel_minus_orthogonal,100,0.0,-4.0,4.0
GPT-2 XL,CounterFact,MEMIT,SPHERE,canonical,1000,both_doses,0.5,locality,LOC,full,orthogonal,100,1.0,-2.0,5.0
GPT-2 XL,CounterFact,MEMIT,SPHERE,canonical,1000,both_doses,0.5,locality,LOC,full,parallel_only,100,0.0,0.0,0.0
GPT-2 XL,CounterFact,MEMIT,SPHERE,canonical,1000,both_doses,0.5,locality,LOC,full,parallel_minus_orthogonal,100,-1.0,-5.0,2.0
GPT-2 XL,CounterFact,MEMIT,SPHERE,canonical,1000,both_doses,0.5,rewrite,EFF_TF,full,orthogonal,100,0.0,0.0,0.0
GPT-2 XL,CounterFact,MEMIT,SPHERE,canonical,1000,both_doses,0.5,rewrite,EFF_TF,full,parallel_only,100,0.0,0.0,0.0
GPT-2 XL,CounterFact,MEMIT,SPHERE,canonical,1000,both_doses,0.5,rewrite,EFF_TF,full,parallel_minus_orthogonal,100,0.0,0.0,0.0
GPT-2 XL,CounterFact,MEMIT,SPHERE,canonical,1000,both_doses,0.5,rewrite,EFF_TF,content_only,orthogonal,100,0.0,0.0,0.0
GPT-2 XL,CounterFact,MEMIT,SPHERE,canonical,1000,both_doses,0.5,rewrite,EFF_TF,content_only,parallel_only,100,0.0,0.0,0.0
GPT-2 XL,CounterFact,MEMIT,SPHERE,canonical,1000,both_doses,0.5,rewrite,EFF_TF,content_only,parallel_minus_orthogonal,100,0.0,0.0,0.0
GPT-2 XL,CounterFact,MEMIT,SPHERE,canonical,1000,both_doses,0.5,rephrase,GEN_TF,full,orthogonal,100,-0.5,-3.0,1.5
GPT-2 XL,CounterFact,MEMIT,SPHERE,canonical,1000,both_doses,0.5,rephrase,GEN_TF,full,parallel_only,100,0.0,0.0,0.0
GPT-2 XL,CounterFact,MEMIT,SPHERE,canonical,1000,both_doses,0.5,rephrase,GEN_TF,full,parallel_minus_orthogonal,100,0.5,-1.5,3.0
GPT-2 XL,CounterFact,MEMIT,SPHERE,canonical,1000,both_doses,0.5,rephrase,GEN_TF,content_only,orthogonal,100,0.0,-4.0,4.0
GPT-2 XL,CounterFact,MEMIT,SPHERE,canonical,1000,both_doses,0.5,rephrase,GEN_TF,content_only,parallel_only,100,0.0,0.0,0.0
GPT-2 XL,CounterFact,MEMIT,SPHERE,canonical,1000,both_doses,0.5,rephrase,GEN_TF,content_only,parallel_minus_orthogonal,100,0.0,-4.0,4.0
GPT-2 XL,zsRE,AlphaEdit,ENCORE,canonical,1000,dose_specific,0.25,locality,LOC,full,orthogonal,100,-0.29242424242424225,-1.06060606060606,0.213636363636364
GPT-2 XL,zsRE,AlphaEdit,ENCORE,canonical,1000,dose_specific,0.25,locality,LOC,full,parallel_only,100,0.05,0.0,0.15
GPT-2 XL,zsRE,AlphaEdit,ENCORE,canonical,1000,dose_specific,0.25,locality,LOC,full,parallel_minus_orthogonal,100,0.3424242424242423,-0.18181818181818202,1.16060606060606
GPT-2 XL,zsRE,AlphaEdit,ENCORE,canonical,1000,dose_specific,0.25,rewrite,EFF_TF,full,orthogonal,100,1.8857142857142861,-0.014285714285714022,3.7905357142857135
GPT-2 XL,zsRE,AlphaEdit,ENCORE,canonical,1000,dose_specific,0.25,rewrite,EFF_TF,full,parallel_only,100,-0.3071428571428571,-1.5001785714285716,0.8095238095238098
GPT-2 XL,zsRE,AlphaEdit,ENCORE,canonical,1000,dose_specific,0.25,rewrite,EFF_TF,full,parallel_minus_orthogonal,100,-2.1928571428571426,-4.516666666666667,0.026190476190476205
GPT-2 XL,zsRE,AlphaEdit,ENCORE,canonical,1000,dose_specific,0.25,rewrite,EFF_TF,content_only,orthogonal,100,1.916666666666667,-0.9999999999999997,4.500000000000001
GPT-2 XL,zsRE,AlphaEdit,ENCORE,canonical,1000,dose_specific,0.25,rewrite,EFF_TF,content_only,parallel_only,100,-0.16666666666666685,-1.8333333333333335,1.333333333333333
GPT-2 XL,zsRE,AlphaEdit,ENCORE,canonical,1000,dose_specific,0.25,rewrite,EFF_TF,content_only,parallel_minus_orthogonal,100,-2.083333333333334,-5.166666666666668,1.0854166666666365
GPT-2 XL,zsRE,AlphaEdit,ENCORE,canonical,1000,dose_specific,0.25,rephrase,GEN_TF,full,orthogonal,100,-0.4404761904761905,-2.8666666666666663,1.8692261904761882
GPT-2 XL,zsRE,AlphaEdit,ENCORE,canonical,1000,dose_specific,0.25,rephrase,GEN_TF,full,parallel_only,100,0.1833333333333333,-1.1,1.7166666666666663
GPT-2 XL,zsRE,AlphaEdit,ENCORE,canonical,1000,dose_specific,0.25,rephrase,GEN_TF,full,parallel_minus_orthogonal,100,0.6238095238095238,-1.9666666666666663,3.373809523809523
GPT-2 XL,zsRE,AlphaEdit,ENCORE,canonical,1000,dose_specific,0.25,rephrase,GEN_TF,content_only,orthogonal,100,2.983333333333334,0.8666666666666668,5.35
GPT-2 XL,zsRE,AlphaEdit,ENCORE,canonical,1000,dose_specific,0.25,rephrase,GEN_TF,content_only,parallel_only,100,-0.3333333333333334,-1.666666666666667,1.1666666666666665
GPT-2 XL,zsRE,AlphaEdit,ENCORE,canonical,1000,dose_specific,0.25,rephrase,GEN_TF,content_only,parallel_minus_orthogonal,100,-3.3166666666666673,-5.9833333333333325,-0.7000000000000006
GPT-2 XL,zsRE,AlphaEdit,ENCORE,canonical,1000,both_doses,0.25,locality,LOC,full,orthogonal,100,-0.29242424242424225,-1.06060606060606,0.213636363636364
GPT-2 XL,zsRE,AlphaEdit,ENCORE,canonical,1000,both_doses,0.25,locality,LOC,full,parallel_only,100,0.05,0.0,0.15
GPT-2 XL,zsRE,AlphaEdit,ENCORE,canonical,1000,both_doses,0.25,locality,LOC,full,parallel_minus_orthogonal,100,0.3424242424242423,-0.18181818181818202,1.16060606060606
GPT-2 XL,zsRE,AlphaEdit,ENCORE,canonical,1000,both_doses,0.25,rewrite,EFF_TF,full,orthogonal,100,1.8857142857142861,-0.014285714285714022,3.7905357142857135
GPT-2 XL,zsRE,AlphaEdit,ENCORE,canonical,1000,both_doses,0.25,rewrite,EFF_TF,full,parallel_only,100,-0.3071428571428571,-1.5001785714285716,0.8095238095238098
GPT-2 XL,zsRE,AlphaEdit,ENCORE,canonical,1000,both_doses,0.25,rewrite,EFF_TF,full,parallel_minus_orthogonal,100,-2.1928571428571426,-4.516666666666667,0.026190476190476205
GPT-2 XL,zsRE,AlphaEdit,ENCORE,canonical,1000,both_doses,0.25,rewrite,EFF_TF,content_only,orthogonal,100,1.916666666666667,-0.9999999999999997,4.500000000000001
GPT-2 XL,zsRE,AlphaEdit,ENCORE,canonical,1000,both_doses,0.25,rewrite,EFF_TF,content_only,parallel_only,100,-0.16666666666666685,-1.8333333333333335,1.333333333333333
GPT-2 XL,zsRE,AlphaEdit,ENCORE,canonical,1000,both_doses,0.25,rewrite,EFF_TF,content_only,parallel_minus_orthogonal,100,-2.083333333333334,-5.166666666666668,1.0854166666666365
GPT-2 XL,zsRE,AlphaEdit,ENCORE,canonical,1000,both_doses,0.25,rephrase,GEN_TF,full,orthogonal,100,-0.4404761904761905,-2.8666666666666663,1.8692261904761882
GPT-2 XL,zsRE,AlphaEdit,ENCORE,canonical,1000,both_doses,0.25,rephrase,GEN_TF,full,parallel_only,100,0.1833333333333333,-1.1,1.7166666666666663
GPT-2 XL,zsRE,AlphaEdit,ENCORE,canonical,1000,both_doses,0.25,rephrase,GEN_TF,full,parallel_minus_orthogonal,100,0.6238095238095238,-1.9666666666666663,3.373809523809523
GPT-2 XL,zsRE,AlphaEdit,ENCORE,canonical,1000,both_doses,0.25,rephrase,GEN_TF,content_only,orthogonal,100,2.983333333333334,0.8666666666666668,5.35
GPT-2 XL,zsRE,AlphaEdit,ENCORE,canonical,1000,both_doses,0.25,rephrase,GEN_TF,content_only,parallel_only,100,-0.3333333333333334,-1.666666666666667,1.1666666666666665
GPT-2 XL,zsRE,AlphaEdit,ENCORE,canonical,1000,both_doses,0.25,rephrase,GEN_TF,content_only,parallel_minus_orthogonal,100,-3.3166666666666673,-5.9833333333333325,-0.7000000000000006
GPT-2 XL,zsRE,AlphaEdit,ENCORE,canonical,1000,dose_specific,0.5,locality,LOC,full,orthogonal,100,0.1788059163059166,-1.3123060966810962,1.7688059163059147
GPT-2 XL,zsRE,AlphaEdit,ENCORE,canonical,1000,dose_specific,0.5,locality,LOC,full,parallel_only,100,-1.3428571428571427,-3.95,0.40714285714285725
GPT-2 XL,zsRE,AlphaEdit,ENCORE,canonical,1000,dose_specific,0.5,locality,LOC,full,parallel_minus_orthogonal,100,-1.5216630591630593,-4.526681998556999,0.8981939935064932
GPT-2 XL,zsRE,AlphaEdit,ENCORE,canonical,1000,dose_specific,0.5,rewrite,EFF_TF,full,orthogonal,100,1.5523809523809524,-1.5670833333333334,4.771428571428571
GPT-2 XL,zsRE,AlphaEdit,ENCORE,canonical,1000,dose_specific,0.5,rewrite,EFF_TF,full,parallel_only,100,-1.7238095238095235,-3.3904761904761904,-0.40476190476190466
GPT-2 XL,zsRE,AlphaEdit,ENCORE,canonical,1000,dose_specific,0.5,rewrite,EFF_TF,full,parallel_minus_orthogonal,100,-3.276190476190476,-6.757142857142856,0.13351190476190283
GPT-2 XL,zsRE,AlphaEdit,ENCORE,canonical,1000,dose_specific,0.5,rewrite,EFF_TF,content_only,orthogonal,100,3.75,-1.416666666666666,8.916666666666666
GPT-2 XL,zsRE,AlphaEdit,ENCORE,canonical,1000,dose_specific,0.5,rewrite,EFF_TF,content_only,parallel_only,100,-2.066666666666667,-4.734166666666667,-0.16666666666666713
GPT-2 XL,zsRE,AlphaEdit,ENCORE,canonical,1000,dose_specific,0.5,rewrite,EFF_TF,content_only,parallel_minus_orthogonal,100,-5.816666666666667,-11.516666666666667,-0.31666666666666743
GPT-2 XL,zsRE,AlphaEdit,ENCORE,canonical,1000,dose_specific,0.5,rephrase,GEN_TF,full,orthogonal,100,-3.7404761904761905,-7.723809523809524,0.2261904761904762
GPT-2 XL,zsRE,AlphaEdit,ENCORE,canonical,1000,dose_specific,0.5,rephrase,GEN_TF,full,parallel_only,100,-0.21904761904761882,-2.304880952380952,2.0880952380952382
GPT-2 XL,zsRE,AlphaEdit,ENCORE,canonical,1000,dose_specific,0.5,rephrase,GEN_TF,full,parallel_minus_orthogonal,100,3.521428571428572,-0.840535714285714,8.057142857142857
GPT-2 XL,zsRE,AlphaEdit,ENCORE,canonical,1000,dose_specific,0.5,rephrase,GEN_TF,content_only,orthogonal,100,2.066666666666667,-2.8504166666666664,6.884166666666656
GPT-2 XL,zsRE,AlphaEdit,ENCORE,canonical,1000,dose_specific,0.5,rephrase,GEN_TF,content_only,parallel_only,100,-0.4166666666666674,-3.166666666666668,2.8333333333333326
GPT-2 XL,zsRE,AlphaEdit,ENCORE,canonical,1000,dose_specific,0.5,rephrase,GEN_TF,content_only,parallel_minus_orthogonal,100,-2.4833333333333343,-7.816666666666667,2.967083333333327
GPT-2 XL,zsRE,AlphaEdit,ENCORE,canonical,1000,both_doses,0.5,locality,LOC,full,orthogonal,100,0.1788059163059166,-1.3123060966810962,1.7688059163059147
GPT-2 XL,zsRE,AlphaEdit,ENCORE,canonical,1000,both_doses,0.5,locality,LOC,full,parallel_only,100,-1.3428571428571427,-3.95,0.40714285714285725
GPT-2 XL,zsRE,AlphaEdit,ENCORE,canonical,1000,both_doses,0.5,locality,LOC,full,parallel_minus_orthogonal,100,-1.5216630591630593,-4.526681998556999,0.8981939935064932
GPT-2 XL,zsRE,AlphaEdit,ENCORE,canonical,1000,both_doses,0.5,rewrite,EFF_TF,full,orthogonal,100,1.5523809523809524,-1.5670833333333334,4.771428571428571
GPT-2 XL,zsRE,AlphaEdit,ENCORE,canonical,1000,both_doses,0.5,rewrite,EFF_TF,full,parallel_only,100,-1.7238095238095235,-3.3904761904761904,-0.40476190476190466
GPT-2 XL,zsRE,AlphaEdit,ENCORE,canonical,1000,both_doses,0.5,rewrite,EFF_TF,full,parallel_minus_orthogonal,100,-3.276190476190476,-6.757142857142856,0.13351190476190283
GPT-2 XL,zsRE,AlphaEdit,ENCORE,canonical,1000,both_doses,0.5,rewrite,EFF_TF,content_only,orthogonal,100,3.75,-1.416666666666666,8.916666666666666
GPT-2 XL,zsRE,AlphaEdit,ENCORE,canonical,1000,both_doses,0.5,rewrite,EFF_TF,content_only,parallel_only,100,-2.066666666666667,-4.734166666666667,-0.16666666666666713
GPT-2 XL,zsRE,AlphaEdit,ENCORE,canonical,1000,both_doses,0.5,rewrite,EFF_TF,content_only,parallel_minus_orthogonal,100,-5.816666666666667,-11.516666666666667,-0.31666666666666743
GPT-2 XL,zsRE,AlphaEdit,ENCORE,canonical,1000,both_doses,0.5,rephrase,GEN_TF,full,orthogonal,100,-3.7404761904761905,-7.723809523809524,0.2261904761904762
GPT-2 XL,zsRE,AlphaEdit,ENCORE,canonical,1000,both_doses,0.5,rephrase,GEN_TF,full,parallel_only,100,-0.21904761904761882,-2.304880952380952,2.0880952380952382
GPT-2 XL,zsRE,AlphaEdit,ENCORE,canonical,1000,both_doses,0.5,rephrase,GEN_TF,full,parallel_minus_orthogonal,100,3.521428571428572,-0.840535714285714,8.057142857142857
GPT-2 XL,zsRE,AlphaEdit,ENCORE,canonical,1000,both_doses,0.5,rephrase,GEN_TF,content_only,orthogonal,100,2.066666666666667,-2.8504166666666664,6.884166666666656
GPT-2 XL,zsRE,AlphaEdit,ENCORE,canonical,1000,both_doses,0.5,rephrase,GEN_TF,content_only,parallel_only,100,-0.4166666666666674,-3.166666666666668,2.8333333333333326
GPT-2 XL,zsRE,AlphaEdit,ENCORE,canonical,1000,both_doses,0.5,rephrase,GEN_TF,content_only,parallel_minus_orthogonal,100,-2.4833333333333343,-7.816666666666667,2.967083333333327
GPT-2 XL,zsRE,AlphaEdit,NAS,canonical,1000,dose_specific,0.25,locality,LOC,full,orthogonal,100,0.573809523809524,-0.6190476190476187,2.047619047619048
GPT-2 XL,zsRE,AlphaEdit,NAS,canonical,1000,dose_specific,0.25,locality,LOC,full,parallel_only,100,-0.6147186147186148,-1.7727272727272727,0.0
GPT-2 XL,zsRE,AlphaEdit,NAS,canonical,1000,dose_specific,0.25,locality,LOC,full,parallel_minus_orthogonal,100,-1.1885281385281388,-2.97625,0.30011904761904573
GPT-2 XL,zsRE,AlphaEdit,NAS,canonical,1000,dose_specific,0.25,rewrite,EFF_TF,full,orthogonal,100,1.5666666666666669,-0.6833333333333335,3.9166666666666674
GPT-2 XL,zsRE,AlphaEdit,NAS,canonical,1000,dose_specific,0.25,rewrite,EFF_TF,full,parallel_only,100,-3.85,-6.116666666666666,-1.8333333333333335
GPT-2 XL,zsRE,AlphaEdit,NAS,canonical,1000,dose_specific,0.25,rewrite,EFF_TF,full,parallel_minus_orthogonal,100,-5.416666666666668,-8.466666666666667,-2.533333333333333
GPT-2 XL,zsRE,AlphaEdit,NAS,canonical,1000,dose_specific,0.25,rewrite,EFF_TF,content_only,orthogonal,100,2.9166666666666674,-0.9999999999999997,7.083333333333334
GPT-2 XL,zsRE,AlphaEdit,NAS,canonical,1000,dose_specific,0.25,rewrite,EFF_TF,content_only,parallel_only,100,-6.15,-10.233749999999999,-2.65
GPT-2 XL,zsRE,AlphaEdit,NAS,canonical,1000,dose_specific,0.25,rewrite,EFF_TF,content_only,parallel_minus_orthogonal,100,-9.066666666666668,-14.567083333333334,-3.8666666666666676
GPT-2 XL,zsRE,AlphaEdit,NAS,canonical,1000,dose_specific,0.25,rephrase,GEN_TF,full,orthogonal,100,0.026190476190476063,-2.65,2.666666666666667
GPT-2 XL,zsRE,AlphaEdit,NAS,canonical,1000,dose_specific,0.25,rephrase,GEN_TF,full,parallel_only,100,-2.3428571428571425,-4.485773809523809,-0.3998214285714306
GPT-2 XL,zsRE,AlphaEdit,NAS,canonical,1000,dose_specific,0.25,rephrase,GEN_TF,full,parallel_minus_orthogonal,100,-2.3690476190476186,-5.073869047619048,0.3071428571428578
GPT-2 XL,zsRE,AlphaEdit,NAS,canonical,1000,dose_specific,0.25,rephrase,GEN_TF,content_only,orthogonal,100,2.0,-1.416666666666667,5.666666666666668
GPT-2 XL,zsRE,AlphaEdit,NAS,canonical,1000,dose_specific,0.25,rephrase,GEN_TF,content_only,parallel_only,100,-3.733333333333334,-7.283333333333334,-0.7833333333333334
GPT-2 XL,zsRE,AlphaEdit,NAS,canonical,1000,dose_specific,0.25,rephrase,GEN_TF,content_only,parallel_minus_orthogonal,100,-5.733333333333333,-9.816666666666668,-2.083333333333334
GPT-2 XL,zsRE,AlphaEdit,NAS,canonical,1000,both_doses,0.25,locality,LOC,full,orthogonal,100,0.573809523809524,-0.6190476190476187,2.047619047619048
GPT-2 XL,zsRE,AlphaEdit,NAS,canonical,1000,both_doses,0.25,locality,LOC,full,parallel_only,100,-0.6147186147186148,-1.7727272727272727,0.0
GPT-2 XL,zsRE,AlphaEdit,NAS,canonical,1000,both_doses,0.25,locality,LOC,full,parallel_minus_orthogonal,100,-1.1885281385281388,-2.97625,0.30011904761904573
GPT-2 XL,zsRE,AlphaEdit,NAS,canonical,1000,both_doses,0.25,rewrite,EFF_TF,full,orthogonal,100,1.5666666666666669,-0.6833333333333335,3.9166666666666674
GPT-2 XL,zsRE,AlphaEdit,NAS,canonical,1000,both_doses,0.25,rewrite,EFF_TF,full,parallel_only,100,-3.85,-6.116666666666666,-1.8333333333333335
GPT-2 XL,zsRE,AlphaEdit,NAS,canonical,1000,both_doses,0.25,rewrite,EFF_TF,full,parallel_minus_orthogonal,100,-5.416666666666668,-8.466666666666667,-2.533333333333333
GPT-2 XL,zsRE,AlphaEdit,NAS,canonical,1000,both_doses,0.25,rewrite,EFF_TF,content_only,orthogonal,100,2.9166666666666674,-0.9999999999999997,7.083333333333334
GPT-2 XL,zsRE,AlphaEdit,NAS,canonical,1000,both_doses,0.25,rewrite,EFF_TF,content_only,parallel_only,100,-6.15,-10.233749999999999,-2.65
GPT-2 XL,zsRE,AlphaEdit,NAS,canonical,1000,both_doses,0.25,rewrite,EFF_TF,content_only,parallel_minus_orthogonal,100,-9.066666666666668,-14.567083333333334,-3.8666666666666676
GPT-2 XL,zsRE,AlphaEdit,NAS,canonical,1000,both_doses,0.25,rephrase,GEN_TF,full,orthogonal,100,0.026190476190476063,-2.65,2.666666666666667
GPT-2 XL,zsRE,AlphaEdit,NAS,canonical,1000,both_doses,0.25,rephrase,GEN_TF,full,parallel_only,100,-2.3428571428571425,-4.485773809523809,-0.3998214285714306
GPT-2 XL,zsRE,AlphaEdit,NAS,canonical,1000,both_doses,0.25,rephrase,GEN_TF,full,parallel_minus_orthogonal,100,-2.3690476190476186,-5.073869047619048,0.3071428571428578
GPT-2 XL,zsRE,AlphaEdit,NAS,canonical,1000,both_doses,0.25,rephrase,GEN_TF,content_only,orthogonal,100,2.0,-1.416666666666667,5.666666666666668
GPT-2 XL,zsRE,AlphaEdit,NAS,canonical,1000,both_doses,0.25,rephrase,GEN_TF,content_only,parallel_only,100,-3.733333333333334,-7.283333333333334,-0.7833333333333334
GPT-2 XL,zsRE,AlphaEdit,NAS,canonical,1000,both_doses,0.25,rephrase,GEN_TF,content_only,parallel_minus_orthogonal,100,-5.733333333333333,-9.816666666666668,-2.083333333333334
GPT-2 XL,zsRE,AlphaEdit,NAS,canonical,1000,dose_specific,0.5,locality,LOC,full,orthogonal,100,0.7682539682539681,-0.9023809523809523,2.6908928571428508
GPT-2 XL,zsRE,AlphaEdit,NAS,canonical,1000,dose_specific,0.5,locality,LOC,full,parallel_only,100,-0.6147186147186148,-1.7727272727272727,0.0
GPT-2 XL,zsRE,AlphaEdit,NAS,canonical,1000,dose_specific,0.5,locality,LOC,full,parallel_minus_orthogonal,100,-1.3829725829725827,-3.571246392496392,0.5080753968253953
GPT-2 XL,zsRE,AlphaEdit,NAS,canonical,1000,dose_specific,0.5,rewrite,EFF_TF,full,orthogonal,100,-1.85,-5.350059523809523,1.6097023809523783
GPT-2 XL,zsRE,AlphaEdit,NAS,canonical,1000,dose_specific,0.5,rewrite,EFF_TF,full,parallel_only,100,-6.526190476190477,-9.450059523809525,-3.7928571428571427
GPT-2 XL,zsRE,AlphaEdit,NAS,canonical,1000,dose_specific,0.5,rewrite,EFF_TF,full,parallel_minus_orthogonal,100,-4.676190476190477,-8.819166666666668,-0.5666666666666665
GPT-2 XL,zsRE,AlphaEdit,NAS,canonical,1000,dose_specific,0.5,rewrite,EFF_TF,content_only,orthogonal,100,-0.333333333333333,-5.583333333333332,4.916666666666666
GPT-2 XL,zsRE,AlphaEdit,NAS,canonical,1000,dose_specific,0.5,rewrite,EFF_TF,content_only,parallel_only,100,-10.1,-15.05,-5.649583333333339
GPT-2 XL,zsRE,AlphaEdit,NAS,canonical,1000,dose_specific,0.5,rewrite,EFF_TF,content_only,parallel_minus_orthogonal,100,-9.766666666666667,-16.1,-3.5000000000000013
GPT-2 XL,zsRE,AlphaEdit,NAS,canonical,1000,dose_specific,0.5,rephrase,GEN_TF,full,orthogonal,100,-5.7404761904761905,-9.828630952380953,-1.8332738095238108
GPT-2 XL,zsRE,AlphaEdit,NAS,canonical,1000,dose_specific,0.5,rephrase,GEN_TF,full,parallel_only,100,-6.230952380952381,-9.338273809523809,-3.368988095238096
GPT-2 XL,zsRE,AlphaEdit,NAS,canonical,1000,dose_specific,0.5,rephrase,GEN_TF,full,parallel_minus_orthogonal,100,-0.49047619047619007,-5.273988095238094,4.276250000000001
GPT-2 XL,zsRE,AlphaEdit,NAS,canonical,1000,dose_specific,0.5,rephrase,GEN_TF,content_only,orthogonal,100,-1.9000000000000004,-6.866666666666667,2.85
GPT-2 XL,zsRE,AlphaEdit,NAS,canonical,1000,dose_specific,0.5,rephrase,GEN_TF,content_only,parallel_only,100,-8.566666666666668,-13.1,-4.433333333333334
GPT-2 XL,zsRE,AlphaEdit,NAS,canonical,1000,dose_specific,0.5,rephrase,GEN_TF,content_only,parallel_minus_orthogonal,100,-6.666666666666668,-13.350416666666668,-0.049999999999999996
GPT-2 XL,zsRE,AlphaEdit,NAS,canonical,1000,both_doses,0.5,locality,LOC,full,orthogonal,100,0.7682539682539681,-0.9023809523809523,2.6908928571428508
GPT-2 XL,zsRE,AlphaEdit,NAS,canonical,1000,both_doses,0.5,locality,LOC,full,parallel_only,100,-0.6147186147186148,-1.7727272727272727,0.0
GPT-2 XL,zsRE,AlphaEdit,NAS,canonical,1000,both_doses,0.5,locality,LOC,full,parallel_minus_orthogonal,100,-1.3829725829725827,-3.571246392496392,0.5080753968253953
GPT-2 XL,zsRE,AlphaEdit,NAS,canonical,1000,both_doses,0.5,rewrite,EFF_TF,full,orthogonal,100,-1.85,-5.350059523809523,1.6097023809523783
GPT-2 XL,zsRE,AlphaEdit,NAS,canonical,1000,both_doses,0.5,rewrite,EFF_TF,full,parallel_only,100,-6.526190476190477,-9.450059523809525,-3.7928571428571427
GPT-2 XL,zsRE,AlphaEdit,NAS,canonical,1000,both_doses,0.5,rewrite,EFF_TF,full,parallel_minus_orthogonal,100,-4.676190476190477,-8.819166666666668,-0.5666666666666665
GPT-2 XL,zsRE,AlphaEdit,NAS,canonical,1000,both_doses,0.5,rewrite,EFF_TF,content_only,orthogonal,100,-0.333333333333333,-5.583333333333332,4.916666666666666
GPT-2 XL,zsRE,AlphaEdit,NAS,canonical,1000,both_doses,0.5,rewrite,EFF_TF,content_only,parallel_only,100,-10.1,-15.05,-5.649583333333339
GPT-2 XL,zsRE,AlphaEdit,NAS,canonical,1000,both_doses,0.5,rewrite,EFF_TF,content_only,parallel_minus_orthogonal,100,-9.766666666666667,-16.1,-3.5000000000000013
GPT-2 XL,zsRE,AlphaEdit,NAS,canonical,1000,both_doses,0.5,rephrase,GEN_TF,full,orthogonal,100,-5.7404761904761905,-9.828630952380953,-1.8332738095238108
GPT-2 XL,zsRE,AlphaEdit,NAS,canonical,1000,both_doses,0.5,rephrase,GEN_TF,full,parallel_only,100,-6.230952380952381,-9.338273809523809,-3.368988095238096
GPT-2 XL,zsRE,AlphaEdit,NAS,canonical,1000,both_doses,0.5,rephrase,GEN_TF,full,parallel_minus_orthogonal,100,-0.49047619047619007,-5.273988095238094,4.276250000000001
GPT-2 XL,zsRE,AlphaEdit,NAS,canonical,1000,both_doses,0.5,rephrase,GEN_TF,content_only,orthogonal,100,-1.9000000000000004,-6.866666666666667,2.85
GPT-2 XL,zsRE,AlphaEdit,NAS,canonical,1000,both_doses,0.5,rephrase,GEN_TF,content_only,parallel_only,100,-8.566666666666668,-13.1,-4.433333333333334
GPT-2 XL,zsRE,AlphaEdit,NAS,canonical,1000,both_doses,0.5,rephrase,GEN_TF,content_only,parallel_minus_orthogonal,100,-6.666666666666668,-13.350416666666668,-0.049999999999999996
GPT-2 XL,zsRE,AlphaEdit,Native,canonical,1000,dose_specific,0.25,locality,LOC,full,orthogonal,100,0.626923076923077,-0.17307692307692293,1.875
GPT-2 XL,zsRE,AlphaEdit,Native,canonical,1000,dose_specific,0.25,locality,LOC,full,parallel_only,100,-0.8102564102564103,-2.1435897435897435,0.12307692307692314
GPT-2 XL,zsRE,AlphaEdit,Native,canonical,1000,dose_specific,0.25,locality,LOC,full,parallel_minus_orthogonal,100,-1.4371794871794874,-3.166666666666667,-0.024663461538466443
GPT-2 XL,zsRE,AlphaEdit,Native,canonical,1000,dose_specific,0.25,rewrite,EFF_TF,full,orthogonal,100,1.75,0.26666666666666683,3.55
GPT-2 XL,zsRE,AlphaEdit,Native,canonical,1000,dose_specific,0.25,rewrite,EFF_TF,full,parallel_only,100,-2.6928571428571426,-4.5928571428571425,-1.1
GPT-2 XL,zsRE,AlphaEdit,Native,canonical,1000,dose_specific,0.25,rewrite,EFF_TF,full,parallel_minus_orthogonal,100,-4.442857142857143,-6.843035714285715,-2.342857142857143
GPT-2 XL,zsRE,AlphaEdit,Native,canonical,1000,dose_specific,0.25,rewrite,EFF_TF,content_only,orthogonal,100,2.166666666666667,0.3333333333333334,4.333333333333334
GPT-2 XL,zsRE,AlphaEdit,Native,canonical,1000,dose_specific,0.25,rewrite,EFF_TF,content_only,parallel_only,100,-3.833333333333333,-7.25,-1.2499999999999998
GPT-2 XL,zsRE,AlphaEdit,Native,canonical,1000,dose_specific,0.25,rewrite,EFF_TF,content_only,parallel_minus_orthogonal,100,-6.0,-9.750000000000002,-2.916666666666666
GPT-2 XL,zsRE,AlphaEdit,Native,canonical,1000,dose_specific,0.25,rephrase,GEN_TF,full,orthogonal,100,0.5000000000000001,-1.8524404761904762,2.95
GPT-2 XL,zsRE,AlphaEdit,Native,canonical,1000,dose_specific,0.25,rephrase,GEN_TF,full,parallel_only,100,-1.0166666666666668,-3.014345238095238,0.9501785714285688
GPT-2 XL,zsRE,AlphaEdit,Native,canonical,1000,dose_specific,0.25,rephrase,GEN_TF,full,parallel_minus_orthogonal,100,-1.5166666666666668,-4.516666666666667,1.3929166666666657
GPT-2 XL,zsRE,AlphaEdit,Native,canonical,1000,dose_specific,0.25,rephrase,GEN_TF,content_only,orthogonal,100,2.5500000000000007,-0.45,6.216666666666666
GPT-2 XL,zsRE,AlphaEdit,Native,canonical,1000,dose_specific,0.25,rephrase,GEN_TF,content_only,parallel_only,100,-0.3166666666666669,-2.85,2.6333333333333333
GPT-2 XL,zsRE,AlphaEdit,Native,canonical,1000,dose_specific,0.25,rephrase,GEN_TF,content_only,parallel_minus_orthogonal,100,-2.8666666666666676,-7.183749999999999,1.1999999999999997
GPT-2 XL,zsRE,AlphaEdit,Native,canonical,1000,both_doses,0.25,locality,LOC,full,orthogonal,100,0.626923076923077,-0.17307692307692293,1.875
GPT-2 XL,zsRE,AlphaEdit,Native,canonical,1000,both_doses,0.25,locality,LOC,full,parallel_only,100,-0.8102564102564103,-2.1435897435897435,0.12307692307692314
GPT-2 XL,zsRE,AlphaEdit,Native,canonical,1000,both_doses,0.25,locality,LOC,full,parallel_minus_orthogonal,100,-1.4371794871794874,-3.166666666666667,-0.024663461538466443
GPT-2 XL,zsRE,AlphaEdit,Native,canonical,1000,both_doses,0.25,rewrite,EFF_TF,full,orthogonal,100,1.75,0.26666666666666683,3.55
GPT-2 XL,zsRE,AlphaEdit,Native,canonical,1000,both_doses,0.25,rewrite,EFF_TF,full,parallel_only,100,-2.6928571428571426,-4.5928571428571425,-1.1
GPT-2 XL,zsRE,AlphaEdit,Native,canonical,1000,both_doses,0.25,rewrite,EFF_TF,full,parallel_minus_orthogonal,100,-4.442857142857143,-6.843035714285715,-2.342857142857143
GPT-2 XL,zsRE,AlphaEdit,Native,canonical,1000,both_doses,0.25,rewrite,EFF_TF,content_only,orthogonal,100,2.166666666666667,0.3333333333333334,4.333333333333334
GPT-2 XL,zsRE,AlphaEdit,Native,canonical,1000,both_doses,0.25,rewrite,EFF_TF,content_only,parallel_only,100,-3.833333333333333,-7.25,-1.2499999999999998
GPT-2 XL,zsRE,AlphaEdit,Native,canonical,1000,both_doses,0.25,rewrite,EFF_TF,content_only,parallel_minus_orthogonal,100,-6.0,-9.750000000000002,-2.916666666666666
GPT-2 XL,zsRE,AlphaEdit,Native,canonical,1000,both_doses,0.25,rephrase,GEN_TF,full,orthogonal,100,0.5000000000000001,-1.8524404761904762,2.95
GPT-2 XL,zsRE,AlphaEdit,Native,canonical,1000,both_doses,0.25,rephrase,GEN_TF,full,parallel_only,100,-1.0166666666666668,-3.014345238095238,0.9501785714285688
GPT-2 XL,zsRE,AlphaEdit,Native,canonical,1000,both_doses,0.25,rephrase,GEN_TF,full,parallel_minus_orthogonal,100,-1.5166666666666668,-4.516666666666667,1.3929166666666657
GPT-2 XL,zsRE,AlphaEdit,Native,canonical,1000,both_doses,0.25,rephrase,GEN_TF,content_only,orthogonal,100,2.5500000000000007,-0.45,6.216666666666666
GPT-2 XL,zsRE,AlphaEdit,Native,canonical,1000,both_doses,0.25,rephrase,GEN_TF,content_only,parallel_only,100,-0.3166666666666669,-2.85,2.6333333333333333
GPT-2 XL,zsRE,AlphaEdit,Native,canonical,1000,both_doses,0.25,rephrase,GEN_TF,content_only,parallel_minus_orthogonal,100,-2.8666666666666676,-7.183749999999999,1.1999999999999997
GPT-2 XL,zsRE,AlphaEdit,Native,canonical,1000,dose_specific,0.5,locality,LOC,full,orthogonal,100,1.4257326007326008,-1.3826007326007324,4.791845238095235
GPT-2 XL,zsRE,AlphaEdit,Native,canonical,1000,dose_specific,0.5,locality,LOC,full,parallel_only,100,-0.8727564102564103,-2.2102564102564104,0.1
GPT-2 XL,zsRE,AlphaEdit,Native,canonical,1000,dose_specific,0.5,locality,LOC,full,parallel_minus_orthogonal,100,-2.2984890109890115,-5.92097413003663,0.7494196428571424
GPT-2 XL,zsRE,AlphaEdit,Native,canonical,1000,dose_specific,0.5,rewrite,EFF_TF,full,orthogonal,100,0.016666666666667,-2.56672619047619,2.6500000000000004
GPT-2 XL,zsRE,AlphaEdit,Native,canonical,1000,dose_specific,0.5,rewrite,EFF_TF,full,parallel_only,100,-5.8690476190476195,-8.56904761904762,-3.45
GPT-2 XL,zsRE,AlphaEdit,Native,canonical,1000,dose_specific,0.5,rewrite,EFF_TF,full,parallel_minus_orthogonal,100,-5.885714285714287,-9.626369047619049,-2.340297619047622
GPT-2 XL,zsRE,AlphaEdit,Native,canonical,1000,dose_specific,0.5,rewrite,EFF_TF,content_only,orthogonal,100,1.1666666666666665,-2.166666666666667,4.416666666666666
GPT-2 XL,zsRE,AlphaEdit,Native,canonical,1000,dose_specific,0.5,rewrite,EFF_TF,content_only,parallel_only,100,-8.916666666666668,-13.666666666666668,-4.833333333333334
GPT-2 XL,zsRE,AlphaEdit,Native,canonical,1000,dose_specific,0.5,rewrite,EFF_TF,content_only,parallel_minus_orthogonal,100,-10.083333333333334,-15.583333333333332,-4.833333333333334
GPT-2 XL,zsRE,AlphaEdit,Native,canonical,1000,dose_specific,0.5,rephrase,GEN_TF,full,orthogonal,100,-3.5476190476190474,-7.1313690476190486,-0.2713690476190483
GPT-2 XL,zsRE,AlphaEdit,Native,canonical,1000,dose_specific,0.5,rephrase,GEN_TF,full,parallel_only,100,-2.2071428571428573,-5.033333333333334,0.4690476190476187
GPT-2 XL,zsRE,AlphaEdit,Native,canonical,1000,dose_specific,0.5,rephrase,GEN_TF,full,parallel_minus_orthogonal,100,1.3404761904761904,-2.5357142857142856,5.464404761904761
GPT-2 XL,zsRE,AlphaEdit,Native,canonical,1000,dose_specific,0.5,rephrase,GEN_TF,content_only,orthogonal,100,-1.4,-6.317083333333334,3.5
GPT-2 XL,zsRE,AlphaEdit,Native,canonical,1000,dose_specific,0.5,rephrase,GEN_TF,content_only,parallel_only,100,-2.8166666666666673,-6.866666666666667,1.0999999999999992
GPT-2 XL,zsRE,AlphaEdit,Native,canonical,1000,dose_specific,0.5,rephrase,GEN_TF,content_only,parallel_minus_orthogonal,100,-1.4166666666666674,-6.483333333333333,3.717083333333327
GPT-2 XL,zsRE,AlphaEdit,Native,canonical,1000,both_doses,0.5,locality,LOC,full,orthogonal,100,1.4257326007326008,-1.3826007326007324,4.791845238095235
GPT-2 XL,zsRE,AlphaEdit,Native,canonical,1000,both_doses,0.5,locality,LOC,full,parallel_only,100,-0.8727564102564103,-2.2102564102564104,0.1
GPT-2 XL,zsRE,AlphaEdit,Native,canonical,1000,both_doses,0.5,locality,LOC,full,parallel_minus_orthogonal,100,-2.2984890109890115,-5.92097413003663,0.7494196428571424
GPT-2 XL,zsRE,AlphaEdit,Native,canonical,1000,both_doses,0.5,rewrite,EFF_TF,full,orthogonal,100,0.016666666666667,-2.56672619047619,2.6500000000000004
GPT-2 XL,zsRE,AlphaEdit,Native,canonical,1000,both_doses,0.5,rewrite,EFF_TF,full,parallel_only,100,-5.8690476190476195,-8.56904761904762,-3.45
GPT-2 XL,zsRE,AlphaEdit,Native,canonical,1000,both_doses,0.5,rewrite,EFF_TF,full,parallel_minus_orthogonal,100,-5.885714285714287,-9.626369047619049,-2.340297619047622
GPT-2 XL,zsRE,AlphaEdit,Native,canonical,1000,both_doses,0.5,rewrite,EFF_TF,content_only,orthogonal,100,1.1666666666666665,-2.166666666666667,4.416666666666666
GPT-2 XL,zsRE,AlphaEdit,Native,canonical,1000,both_doses,0.5,rewrite,EFF_TF,content_only,parallel_only,100,-8.916666666666668,-13.666666666666668,-4.833333333333334
GPT-2 XL,zsRE,AlphaEdit,Native,canonical,1000,both_doses,0.5,rewrite,EFF_TF,content_only,parallel_minus_orthogonal,100,-10.083333333333334,-15.583333333333332,-4.833333333333334
GPT-2 XL,zsRE,AlphaEdit,Native,canonical,1000,both_doses,0.5,rephrase,GEN_TF,full,orthogonal,100,-3.5476190476190474,-7.1313690476190486,-0.2713690476190483
GPT-2 XL,zsRE,AlphaEdit,Native,canonical,1000,both_doses,0.5,rephrase,GEN_TF,full,parallel_only,100,-2.2071428571428573,-5.033333333333334,0.4690476190476187
GPT-2 XL,zsRE,AlphaEdit,Native,canonical,1000,both_doses,0.5,rephrase,GEN_TF,full,parallel_minus_orthogonal,100,1.3404761904761904,-2.5357142857142856,5.464404761904761
GPT-2 XL,zsRE,AlphaEdit,Native,canonical,1000,both_doses,0.5,rephrase,GEN_TF,content_only,orthogonal,100,-1.4,-6.317083333333334,3.5
GPT-2 XL,zsRE,AlphaEdit,Native,canonical,1000,both_doses,0.5,rephrase,GEN_TF,content_only,parallel_only,100,-2.8166666666666673,-6.866666666666667,1.0999999999999992
GPT-2 XL,zsRE,AlphaEdit,Native,canonical,1000,both_doses,0.5,rephrase,GEN_TF,content_only,parallel_minus_orthogonal,100,-1.4166666666666674,-6.483333333333333,3.717083333333327
GPT-2 XL,zsRE,AlphaEdit,SADR,canonical,1000,dose_specific,0.25,locality,LOC,full,orthogonal,100,1.6742673992673993,0.023076923076923207,4.251220238095237
GPT-2 XL,zsRE,AlphaEdit,SADR,canonical,1000,dose_specific,0.25,locality,LOC,full,parallel_only,100,-0.16666666666666685,-0.5000000000000006,0.0
GPT-2 XL,zsRE,AlphaEdit,SADR,canonical,1000,dose_specific,0.25,locality,LOC,full,parallel_minus_orthogonal,100,-1.8409340659340663,-4.398125,-0.14020146520146567
GPT-2 XL,zsRE,AlphaEdit,SADR,canonical,1000,dose_specific,0.25,rewrite,EFF_TF,full,orthogonal,100,2.392857142857143,-0.023809523809523794,4.952976190476182
GPT-2 XL,zsRE,AlphaEdit,SADR,canonical,1000,dose_specific,0.25,rewrite,EFF_TF,full,parallel_only,100,-0.11666666666666657,-2.2,1.916666666666667
GPT-2 XL,zsRE,AlphaEdit,SADR,canonical,1000,dose_specific,0.25,rewrite,EFF_TF,full,parallel_minus_orthogonal,100,-2.5095238095238095,-5.202559523809523,0.16666666666666657
GPT-2 XL,zsRE,AlphaEdit,SADR,canonical,1000,dose_specific,0.25,rewrite,EFF_TF,content_only,orthogonal,100,2.8666666666666667,-0.9666666666666669,6.900833333333322
GPT-2 XL,zsRE,AlphaEdit,SADR,canonical,1000,dose_specific,0.25,rewrite,EFF_TF,content_only,parallel_only,100,-0.41666666666666674,-4.25,3.333333333333333
GPT-2 XL,zsRE,AlphaEdit,SADR,canonical,1000,dose_specific,0.25,rewrite,EFF_TF,content_only,parallel_minus_orthogonal,100,-3.2833333333333337,-7.75,1.0999999999999996
GPT-2 XL,zsRE,AlphaEdit,SADR,canonical,1000,dose_specific,0.25,rephrase,GEN_TF,full,orthogonal,100,0.4738095238095237,-2.1761904761904765,3.0738095238095235
GPT-2 XL,zsRE,AlphaEdit,SADR,canonical,1000,dose_specific,0.25,rephrase,GEN_TF,full,parallel_only,100,-3.65,-6.066666666666667,-1.6166666666666665
GPT-2 XL,zsRE,AlphaEdit,SADR,canonical,1000,dose_specific,0.25,rephrase,GEN_TF,full,parallel_minus_orthogonal,100,-4.123809523809523,-7.4904761904761905,-0.8307738095238117
GPT-2 XL,zsRE,AlphaEdit,SADR,canonical,1000,dose_specific,0.25,rephrase,GEN_TF,content_only,orthogonal,100,3.166666666666667,-1.25,7.666666666666668
GPT-2 XL,zsRE,AlphaEdit,SADR,canonical,1000,dose_specific,0.25,rephrase,GEN_TF,content_only,parallel_only,100,-5.866666666666667,-10.366666666666667,-2.2333333333333334
GPT-2 XL,zsRE,AlphaEdit,SADR,canonical,1000,dose_specific,0.25,rephrase,GEN_TF,content_only,parallel_minus_orthogonal,100,-9.033333333333335,-15.017083333333334,-3.3995833333333394
GPT-2 XL,zsRE,AlphaEdit,SADR,canonical,1000,both_doses,0.25,locality,LOC,full,orthogonal,100,1.6742673992673993,0.023076923076923207,4.251220238095237
GPT-2 XL,zsRE,AlphaEdit,SADR,canonical,1000,both_doses,0.25,locality,LOC,full,parallel_only,100,-0.16666666666666685,-0.5000000000000006,0.0
GPT-2 XL,zsRE,AlphaEdit,SADR,canonical,1000,both_doses,0.25,locality,LOC,full,parallel_minus_orthogonal,100,-1.8409340659340663,-4.398125,-0.14020146520146567
GPT-2 XL,zsRE,AlphaEdit,SADR,canonical,1000,both_doses,0.25,rewrite,EFF_TF,full,orthogonal,100,2.392857142857143,-0.023809523809523794,4.952976190476182
GPT-2 XL,zsRE,AlphaEdit,SADR,canonical,1000,both_doses,0.25,rewrite,EFF_TF,full,parallel_only,100,-0.11666666666666657,-2.2,1.916666666666667
GPT-2 XL,zsRE,AlphaEdit,SADR,canonical,1000,both_doses,0.25,rewrite,EFF_TF,full,parallel_minus_orthogonal,100,-2.5095238095238095,-5.202559523809523,0.16666666666666657
GPT-2 XL,zsRE,AlphaEdit,SADR,canonical,1000,both_doses,0.25,rewrite,EFF_TF,content_only,orthogonal,100,2.8666666666666667,-0.9666666666666669,6.900833333333322
GPT-2 XL,zsRE,AlphaEdit,SADR,canonical,1000,both_doses,0.25,rewrite,EFF_TF,content_only,parallel_only,100,-0.41666666666666674,-4.25,3.333333333333333
GPT-2 XL,zsRE,AlphaEdit,SADR,canonical,1000,both_doses,0.25,rewrite,EFF_TF,content_only,parallel_minus_orthogonal,100,-3.2833333333333337,-7.75,1.0999999999999996
GPT-2 XL,zsRE,AlphaEdit,SADR,canonical,1000,both_doses,0.25,rephrase,GEN_TF,full,orthogonal,100,0.4738095238095237,-2.1761904761904765,3.0738095238095235
GPT-2 XL,zsRE,AlphaEdit,SADR,canonical,1000,both_doses,0.25,rephrase,GEN_TF,full,parallel_only,100,-3.65,-6.066666666666667,-1.6166666666666665
GPT-2 XL,zsRE,AlphaEdit,SADR,canonical,1000,both_doses,0.25,rephrase,GEN_TF,full,parallel_minus_orthogonal,100,-4.123809523809523,-7.4904761904761905,-0.8307738095238117
GPT-2 XL,zsRE,AlphaEdit,SADR,canonical,1000,both_doses,0.25,rephrase,GEN_TF,content_only,orthogonal,100,3.166666666666667,-1.25,7.666666666666668
GPT-2 XL,zsRE,AlphaEdit,SADR,canonical,1000,both_doses,0.25,rephrase,GEN_TF,content_only,parallel_only,100,-5.866666666666667,-10.366666666666667,-2.2333333333333334
GPT-2 XL,zsRE,AlphaEdit,SADR,canonical,1000,both_doses,0.25,rephrase,GEN_TF,content_only,parallel_minus_orthogonal,100,-9.033333333333335,-15.017083333333334,-3.3995833333333394
GPT-2 XL,zsRE,AlphaEdit,SADR,canonical,1000,dose_specific,0.5,locality,LOC,full,orthogonal,100,1.7367673992673993,-0.6726488095238095,4.722362637362637
GPT-2 XL,zsRE,AlphaEdit,SADR,canonical,1000,dose_specific,0.5,locality,LOC,full,parallel_only,100,-0.16666666666666685,-0.5000000000000006,0.0
GPT-2 XL,zsRE,AlphaEdit,SADR,canonical,1000,dose_specific,0.5,locality,LOC,full,parallel_minus_orthogonal,100,-1.9034340659340663,-4.898162774725274,0.5238095238095238
GPT-2 XL,zsRE,AlphaEdit,SADR,canonical,1000,dose_specific,0.5,rewrite,EFF_TF,full,orthogonal,100,0.24999999999999958,-3.5262500000000006,3.735833333333332
GPT-2 XL,zsRE,AlphaEdit,SADR,canonical,1000,dose_specific,0.5,rewrite,EFF_TF,full,parallel_only,100,-1.873809523809524,-4.514285714285714,0.619047619047619
GPT-2 XL,zsRE,AlphaEdit,SADR,canonical,1000,dose_specific,0.5,rewrite,EFF_TF,full,parallel_minus_orthogonal,100,-2.1238095238095234,-5.323809523809523,1.1097619047619014
GPT-2 XL,zsRE,AlphaEdit,SADR,canonical,1000,dose_specific,0.5,rewrite,EFF_TF,content_only,orthogonal,100,2.1166666666666667,-2.3833333333333324,6.817083333333328
GPT-2 XL,zsRE,AlphaEdit,SADR,canonical,1000,dose_specific,0.5,rewrite,EFF_TF,content_only,parallel_only,100,-2.4166666666666665,-6.5,1.5833333333333337
GPT-2 XL,zsRE,AlphaEdit,SADR,canonical,1000,dose_specific,0.5,rewrite,EFF_TF,content_only,parallel_minus_orthogonal,100,-4.533333333333334,-9.5,0.3499999999999997
GPT-2 XL,zsRE,AlphaEdit,SADR,canonical,1000,dose_specific,0.5,rephrase,GEN_TF,full,orthogonal,100,-2.976190476190476,-7.21922619047619,1.0643452380952367
GPT-2 XL,zsRE,AlphaEdit,SADR,canonical,1000,dose_specific,0.5,rephrase,GEN_TF,full,parallel_only,100,-4.892857142857142,-8.0,-2.0428571428571427
GPT-2 XL,zsRE,AlphaEdit,SADR,canonical,1000,dose_specific,0.5,rephrase,GEN_TF,full,parallel_minus_orthogonal,100,-1.916666666666667,-6.590714285714285,2.874285714285707
GPT-2 XL,zsRE,AlphaEdit,SADR,canonical,1000,dose_specific,0.5,rephrase,GEN_TF,content_only,orthogonal,100,1.5833333333333337,-3.416666666666667,6.583333333333334
GPT-2 XL,zsRE,AlphaEdit,SADR,canonical,1000,dose_specific,0.5,rephrase,GEN_TF,content_only,parallel_only,100,-7.45,-12.9,-2.3666666666666667
GPT-2 XL,zsRE,AlphaEdit,SADR,canonical,1000,dose_specific,0.5,rephrase,GEN_TF,content_only,parallel_minus_orthogonal,100,-9.033333333333333,-15.06708333333333,-3.2825000000000126
GPT-2 XL,zsRE,AlphaEdit,SADR,canonical,1000,both_doses,0.5,locality,LOC,full,orthogonal,100,1.7367673992673993,-0.6726488095238095,4.722362637362637
GPT-2 XL,zsRE,AlphaEdit,SADR,canonical,1000,both_doses,0.5,locality,LOC,full,parallel_only,100,-0.16666666666666685,-0.5000000000000006,0.0
GPT-2 XL,zsRE,AlphaEdit,SADR,canonical,1000,both_doses,0.5,locality,LOC,full,parallel_minus_orthogonal,100,-1.9034340659340663,-4.898162774725274,0.5238095238095238
GPT-2 XL,zsRE,AlphaEdit,SADR,canonical,1000,both_doses,0.5,rewrite,EFF_TF,full,orthogonal,100,0.24999999999999958,-3.5262500000000006,3.735833333333332
GPT-2 XL,zsRE,AlphaEdit,SADR,canonical,1000,both_doses,0.5,rewrite,EFF_TF,full,parallel_only,100,-1.873809523809524,-4.514285714285714,0.619047619047619
GPT-2 XL,zsRE,AlphaEdit,SADR,canonical,1000,both_doses,0.5,rewrite,EFF_TF,full,parallel_minus_orthogonal,100,-2.1238095238095234,-5.323809523809523,1.1097619047619014
GPT-2 XL,zsRE,AlphaEdit,SADR,canonical,1000,both_doses,0.5,rewrite,EFF_TF,content_only,orthogonal,100,2.1166666666666667,-2.3833333333333324,6.817083333333328
GPT-2 XL,zsRE,AlphaEdit,SADR,canonical,1000,both_doses,0.5,rewrite,EFF_TF,content_only,parallel_only,100,-2.4166666666666665,-6.5,1.5833333333333337
GPT-2 XL,zsRE,AlphaEdit,SADR,canonical,1000,both_doses,0.5,rewrite,EFF_TF,content_only,parallel_minus_orthogonal,100,-4.533333333333334,-9.5,0.3499999999999997
GPT-2 XL,zsRE,AlphaEdit,SADR,canonical,1000,both_doses,0.5,rephrase,GEN_TF,full,orthogonal,100,-2.976190476190476,-7.21922619047619,1.0643452380952367
GPT-2 XL,zsRE,AlphaEdit,SADR,canonical,1000,both_doses,0.5,rephrase,GEN_TF,full,parallel_only,100,-4.892857142857142,-8.0,-2.0428571428571427
GPT-2 XL,zsRE,AlphaEdit,SADR,canonical,1000,both_doses,0.5,rephrase,GEN_TF,full,parallel_minus_orthogonal,100,-1.916666666666667,-6.590714285714285,2.874285714285707
GPT-2 XL,zsRE,AlphaEdit,SADR,canonical,1000,both_doses,0.5,rephrase,GEN_TF,content_only,orthogonal,100,1.5833333333333337,-3.416666666666667,6.583333333333334
GPT-2 XL,zsRE,AlphaEdit,SADR,canonical,1000,both_doses,0.5,rephrase,GEN_TF,content_only,parallel_only,100,-7.45,-12.9,-2.3666666666666667
GPT-2 XL,zsRE,AlphaEdit,SADR,canonical,1000,both_doses,0.5,rephrase,GEN_TF,content_only,parallel_minus_orthogonal,100,-9.033333333333333,-15.06708333333333,-3.2825000000000126
GPT-2 XL,zsRE,AlphaEdit,SPHERE,canonical,1000,dose_specific,0.25,locality,LOC,full,orthogonal,100,2.033333333333333,0.15,4.75
GPT-2 XL,zsRE,AlphaEdit,SPHERE,canonical,1000,dose_specific,0.25,locality,LOC,full,parallel_only,100,-0.023809523809523794,-0.07142857142857138,0.0
GPT-2 XL,zsRE,AlphaEdit,SPHERE,canonical,1000,dose_specific,0.25,locality,LOC,full,parallel_minus_orthogonal,100,-2.0571428571428574,-4.773809523809524,-0.1738095238095238
GPT-2 XL,zsRE,AlphaEdit,SPHERE,canonical,1000,dose_specific,0.25,rewrite,EFF_TF,full,orthogonal,100,1.1166666666666667,-0.4333333333333334,2.9000000000000004
GPT-2 XL,zsRE,AlphaEdit,SPHERE,canonical,1000,dose_specific,0.25,rewrite,EFF_TF,full,parallel_only,100,-0.3928571428571428,-1.5357142857142858,0.6666666666666669
GPT-2 XL,zsRE,AlphaEdit,SPHERE,canonical,1000,dose_specific,0.25,rewrite,EFF_TF,full,parallel_minus_orthogonal,100,-1.5095238095238097,-3.0952380952380953,-0.2261904761904762
GPT-2 XL,zsRE,AlphaEdit,SPHERE,canonical,1000,dose_specific,0.25,rewrite,EFF_TF,content_only,orthogonal,100,1.416666666666667,-0.5,3.5
GPT-2 XL,zsRE,AlphaEdit,SPHERE,canonical,1000,dose_specific,0.25,rewrite,EFF_TF,content_only,parallel_only,100,-0.5000000000000001,-2.166666666666667,1.0
GPT-2 XL,zsRE,AlphaEdit,SPHERE,canonical,1000,dose_specific,0.25,rewrite,EFF_TF,content_only,parallel_minus_orthogonal,100,-1.916666666666667,-3.6666666666666674,-0.5000000000000003
GPT-2 XL,zsRE,AlphaEdit,SPHERE,canonical,1000,dose_specific,0.25,rephrase,GEN_TF,full,orthogonal,100,0.8999999999999997,-1.7761904761904768,3.559523809523809
GPT-2 XL,zsRE,AlphaEdit,SPHERE,canonical,1000,dose_specific,0.25,rephrase,GEN_TF,full,parallel_only,100,-0.7595238095238098,-2.6023809523809525,1.0976785714285702
GPT-2 XL,zsRE,AlphaEdit,SPHERE,canonical,1000,dose_specific,0.25,rephrase,GEN_TF,full,parallel_minus_orthogonal,100,-1.6595238095238096,-4.852619047619048,1.5262499999999988
GPT-2 XL,zsRE,AlphaEdit,SPHERE,canonical,1000,dose_specific,0.25,rephrase,GEN_TF,content_only,orthogonal,100,1.666666666666667,-2.033333333333333,5.416666666666668
GPT-2 XL,zsRE,AlphaEdit,SPHERE,canonical,1000,dose_specific,0.25,rephrase,GEN_TF,content_only,parallel_only,100,-0.95,-4.233333333333333,2.3833333333333333
GPT-2 XL,zsRE,AlphaEdit,SPHERE,canonical,1000,dose_specific,0.25,rephrase,GEN_TF,content_only,parallel_minus_orthogonal,100,-2.6166666666666676,-7.666666666666668,2.417083333333327
GPT-2 XL,zsRE,AlphaEdit,SPHERE,canonical,1000,both_doses,0.25,locality,LOC,full,orthogonal,100,2.033333333333333,0.15,4.75
GPT-2 XL,zsRE,AlphaEdit,SPHERE,canonical,1000,both_doses,0.25,locality,LOC,full,parallel_only,100,-0.023809523809523794,-0.07142857142857138,0.0
GPT-2 XL,zsRE,AlphaEdit,SPHERE,canonical,1000,both_doses,0.25,locality,LOC,full,parallel_minus_orthogonal,100,-2.0571428571428574,-4.773809523809524,-0.1738095238095238
GPT-2 XL,zsRE,AlphaEdit,SPHERE,canonical,1000,both_doses,0.25,rewrite,EFF_TF,full,orthogonal,100,1.1166666666666667,-0.4333333333333334,2.9000000000000004
GPT-2 XL,zsRE,AlphaEdit,SPHERE,canonical,1000,both_doses,0.25,rewrite,EFF_TF,full,parallel_only,100,-0.3928571428571428,-1.5357142857142858,0.6666666666666669
GPT-2 XL,zsRE,AlphaEdit,SPHERE,canonical,1000,both_doses,0.25,rewrite,EFF_TF,full,parallel_minus_orthogonal,100,-1.5095238095238097,-3.0952380952380953,-0.2261904761904762
GPT-2 XL,zsRE,AlphaEdit,SPHERE,canonical,1000,both_doses,0.25,rewrite,EFF_TF,content_only,orthogonal,100,1.416666666666667,-0.5,3.5
GPT-2 XL,zsRE,AlphaEdit,SPHERE,canonical,1000,both_doses,0.25,rewrite,EFF_TF,content_only,parallel_only,100,-0.5000000000000001,-2.166666666666667,1.0
GPT-2 XL,zsRE,AlphaEdit,SPHERE,canonical,1000,both_doses,0.25,rewrite,EFF_TF,content_only,parallel_minus_orthogonal,100,-1.916666666666667,-3.6666666666666674,-0.5000000000000003
GPT-2 XL,zsRE,AlphaEdit,SPHERE,canonical,1000,both_doses,0.25,rephrase,GEN_TF,full,orthogonal,100,0.8999999999999997,-1.7761904761904768,3.559523809523809
GPT-2 XL,zsRE,AlphaEdit,SPHERE,canonical,1000,both_doses,0.25,rephrase,GEN_TF,full,parallel_only,100,-0.7595238095238098,-2.6023809523809525,1.0976785714285702
GPT-2 XL,zsRE,AlphaEdit,SPHERE,canonical,1000,both_doses,0.25,rephrase,GEN_TF,full,parallel_minus_orthogonal,100,-1.6595238095238096,-4.852619047619048,1.5262499999999988
GPT-2 XL,zsRE,AlphaEdit,SPHERE,canonical,1000,both_doses,0.25,rephrase,GEN_TF,content_only,orthogonal,100,1.666666666666667,-2.033333333333333,5.416666666666668
GPT-2 XL,zsRE,AlphaEdit,SPHERE,canonical,1000,both_doses,0.25,rephrase,GEN_TF,content_only,parallel_only,100,-0.95,-4.233333333333333,2.3833333333333333
GPT-2 XL,zsRE,AlphaEdit,SPHERE,canonical,1000,both_doses,0.25,rephrase,GEN_TF,content_only,parallel_minus_orthogonal,100,-2.6166666666666676,-7.666666666666668,2.417083333333327
GPT-2 XL,zsRE,AlphaEdit,SPHERE,canonical,1000,dose_specific,0.5,locality,LOC,full,orthogonal,100,2.7059523809523807,-0.1523809523809524,6.1952976190476186
GPT-2 XL,zsRE,AlphaEdit,SPHERE,canonical,1000,dose_specific,0.5,locality,LOC,full,parallel_only,100,-2.25,-5.0,-0.25
GPT-2 XL,zsRE,AlphaEdit,SPHERE,canonical,1000,dose_specific,0.5,locality,LOC,full,parallel_minus_orthogonal,100,-4.955952380952381,-9.261904761904761,-1.2333333333333334
GPT-2 XL,zsRE,AlphaEdit,SPHERE,canonical,1000,dose_specific,0.5,rewrite,EFF_TF,full,orthogonal,100,0.1666666666666667,-2.0333333333333337,2.666666666666667
GPT-2 XL,zsRE,AlphaEdit,SPHERE,canonical,1000,dose_specific,0.5,rewrite,EFF_TF,full,parallel_only,100,-1.2928571428571427,-2.8500595238095237,0.08374999999999404
GPT-2 XL,zsRE,AlphaEdit,SPHERE,canonical,1000,dose_specific,0.5,rewrite,EFF_TF,full,parallel_minus_orthogonal,100,-1.4595238095238097,-4.15952380952381,0.9334523809523794
GPT-2 XL,zsRE,AlphaEdit,SPHERE,canonical,1000,dose_specific,0.5,rewrite,EFF_TF,content_only,orthogonal,100,0.08333333333333343,-3.25,3.5
GPT-2 XL,zsRE,AlphaEdit,SPHERE,canonical,1000,dose_specific,0.5,rewrite,EFF_TF,content_only,parallel_only,100,-1.666666666666667,-3.833333333333334,0.333333333333333
GPT-2 XL,zsRE,AlphaEdit,SPHERE,canonical,1000,dose_specific,0.5,rewrite,EFF_TF,content_only,parallel_minus_orthogonal,100,-1.7500000000000007,-5.333333333333334,1.7499999999999993
GPT-2 XL,zsRE,AlphaEdit,SPHERE,canonical,1000,dose_specific,0.5,rephrase,GEN_TF,full,orthogonal,100,0.3499999999999997,-3.2000000000000006,3.9452976190476177
GPT-2 XL,zsRE,AlphaEdit,SPHERE,canonical,1000,dose_specific,0.5,rephrase,GEN_TF,full,parallel_only,100,-1.0761904761904766,-3.483392857142858,1.316666666666666
GPT-2 XL,zsRE,AlphaEdit,SPHERE,canonical,1000,dose_specific,0.5,rephrase,GEN_TF,full,parallel_minus_orthogonal,100,-1.426190476190476,-5.623809523809523,2.6597023809523788
GPT-2 XL,zsRE,AlphaEdit,SPHERE,canonical,1000,dose_specific,0.5,rephrase,GEN_TF,content_only,orthogonal,100,1.8333333333333337,-3.3166666666666664,7.133333333333334
GPT-2 XL,zsRE,AlphaEdit,SPHERE,canonical,1000,dose_specific,0.5,rephrase,GEN_TF,content_only,parallel_only,100,-0.6666666666666669,-4.4,3.1
GPT-2 XL,zsRE,AlphaEdit,SPHERE,canonical,1000,dose_specific,0.5,rephrase,GEN_TF,content_only,parallel_minus_orthogonal,100,-2.5000000000000004,-8.833333333333336,3.5833333333333326
GPT-2 XL,zsRE,AlphaEdit,SPHERE,canonical,1000,both_doses,0.5,locality,LOC,full,orthogonal,100,2.7059523809523807,-0.1523809523809524,6.1952976190476186
GPT-2 XL,zsRE,AlphaEdit,SPHERE,canonical,1000,both_doses,0.5,locality,LOC,full,parallel_only,100,-2.25,-5.0,-0.25
GPT-2 XL,zsRE,AlphaEdit,SPHERE,canonical,1000,both_doses,0.5,locality,LOC,full,parallel_minus_orthogonal,100,-4.955952380952381,-9.261904761904761,-1.2333333333333334
GPT-2 XL,zsRE,AlphaEdit,SPHERE,canonical,1000,both_doses,0.5,rewrite,EFF_TF,full,orthogonal,100,0.1666666666666667,-2.0333333333333337,2.666666666666667
GPT-2 XL,zsRE,AlphaEdit,SPHERE,canonical,1000,both_doses,0.5,rewrite,EFF_TF,full,parallel_only,100,-1.2928571428571427,-2.8500595238095237,0.08374999999999404
GPT-2 XL,zsRE,AlphaEdit,SPHERE,canonical,1000,both_doses,0.5,rewrite,EFF_TF,full,parallel_minus_orthogonal,100,-1.4595238095238097,-4.15952380952381,0.9334523809523794
GPT-2 XL,zsRE,AlphaEdit,SPHERE,canonical,1000,both_doses,0.5,rewrite,EFF_TF,content_only,orthogonal,100,0.08333333333333343,-3.25,3.5
GPT-2 XL,zsRE,AlphaEdit,SPHERE,canonical,1000,both_doses,0.5,rewrite,EFF_TF,content_only,parallel_only,100,-1.666666666666667,-3.833333333333334,0.333333333333333
GPT-2 XL,zsRE,AlphaEdit,SPHERE,canonical,1000,both_doses,0.5,rewrite,EFF_TF,content_only,parallel_minus_orthogonal,100,-1.7500000000000007,-5.333333333333334,1.7499999999999993
GPT-2 XL,zsRE,AlphaEdit,SPHERE,canonical,1000,both_doses,0.5,rephrase,GEN_TF,full,orthogonal,100,0.3499999999999997,-3.2000000000000006,3.9452976190476177
GPT-2 XL,zsRE,AlphaEdit,SPHERE,canonical,1000,both_doses,0.5,rephrase,GEN_TF,full,parallel_only,100,-1.0761904761904766,-3.483392857142858,1.316666666666666
GPT-2 XL,zsRE,AlphaEdit,SPHERE,canonical,1000,both_doses,0.5,rephrase,GEN_TF,full,parallel_minus_orthogonal,100,-1.426190476190476,-5.623809523809523,2.6597023809523788
GPT-2 XL,zsRE,AlphaEdit,SPHERE,canonical,1000,both_doses,0.5,rephrase,GEN_TF,content_only,orthogonal,100,1.8333333333333337,-3.3166666666666664,7.133333333333334
GPT-2 XL,zsRE,AlphaEdit,SPHERE,canonical,1000,both_doses,0.5,rephrase,GEN_TF,content_only,parallel_only,100,-0.6666666666666669,-4.4,3.1
GPT-2 XL,zsRE,AlphaEdit,SPHERE,canonical,1000,both_doses,0.5,rephrase,GEN_TF,content_only,parallel_minus_orthogonal,100,-2.5000000000000004,-8.833333333333336,3.5833333333333326
GPT-2 XL,zsRE,MEMIT,ENCORE,canonical,1000,dose_specific,0.25,locality,LOC,full,orthogonal,100,-1.0067460317460315,-3.5638888888888887,0.9321726190476185
GPT-2 XL,zsRE,MEMIT,ENCORE,canonical,1000,dose_specific,0.25,locality,LOC,full,parallel_only,100,-0.0625,-0.1875,0.0
GPT-2 XL,zsRE,MEMIT,ENCORE,canonical,1000,dose_specific,0.25,locality,LOC,full,parallel_minus_orthogonal,100,0.9442460317460315,-0.9736458333333335,3.500034722222222
GPT-2 XL,zsRE,MEMIT,ENCORE,canonical,1000,dose_specific,0.25,rewrite,EFF_TF,full,orthogonal,100,-0.32380952380952394,-1.4666666666666672,0.6
GPT-2 XL,zsRE,MEMIT,ENCORE,canonical,1000,dose_specific,0.25,rewrite,EFF_TF,full,parallel_only,100,0.0,-0.75,0.75
GPT-2 XL,zsRE,MEMIT,ENCORE,canonical,1000,dose_specific,0.25,rewrite,EFF_TF,full,parallel_minus_orthogonal,100,0.32380952380952394,-0.8429166666666668,1.6666666666666672
GPT-2 XL,zsRE,MEMIT,ENCORE,canonical,1000,dose_specific,0.25,rewrite,EFF_TF,content_only,orthogonal,100,-0.5833333333333335,-2.3333333333333335,0.6666666666666665
GPT-2 XL,zsRE,MEMIT,ENCORE,canonical,1000,dose_specific,0.25,rewrite,EFF_TF,content_only,parallel_only,100,0.0,-1.0000000000000002,1.0000000000000002
GPT-2 XL,zsRE,MEMIT,ENCORE,canonical,1000,dose_specific,0.25,rewrite,EFF_TF,content_only,parallel_minus_orthogonal,100,0.5833333333333335,-1.0000000000000002,2.5000000000000004
GPT-2 XL,zsRE,MEMIT,ENCORE,canonical,1000,dose_specific,0.25,rephrase,GEN_TF,full,orthogonal,100,0.1666666666666667,-2.0833333333333326,2.416666666666667
GPT-2 XL,zsRE,MEMIT,ENCORE,canonical,1000,dose_specific,0.25,rephrase,GEN_TF,full,parallel_only,100,0.16666666666666657,0.0,0.4999999999999997
GPT-2 XL,zsRE,MEMIT,ENCORE,canonical,1000,dose_specific,0.25,rephrase,GEN_TF,full,parallel_minus_orthogonal,100,-1.4210854715202004e-16,-2.25,2.2499999999999996
GPT-2 XL,zsRE,MEMIT,ENCORE,canonical,1000,dose_specific,0.25,rephrase,GEN_TF,content_only,orthogonal,100,0.33333333333333315,-3.666666666666667,4.0
GPT-2 XL,zsRE,MEMIT,ENCORE,canonical,1000,dose_specific,0.25,rephrase,GEN_TF,content_only,parallel_only,100,0.2,0.0,0.6
GPT-2 XL,zsRE,MEMIT,ENCORE,canonical,1000,dose_specific,0.25,rephrase,GEN_TF,content_only,parallel_minus_orthogonal,100,-0.13333333333333328,-3.8,3.8666666666666667
GPT-2 XL,zsRE,MEMIT,ENCORE,canonical,1000,both_doses,0.25,locality,LOC,full,orthogonal,100,-1.0067460317460315,-3.5638888888888887,0.9321726190476185
GPT-2 XL,zsRE,MEMIT,ENCORE,canonical,1000,both_doses,0.25,locality,LOC,full,parallel_only,100,-0.0625,-0.1875,0.0
GPT-2 XL,zsRE,MEMIT,ENCORE,canonical,1000,both_doses,0.25,locality,LOC,full,parallel_minus_orthogonal,100,0.9442460317460315,-0.9736458333333335,3.500034722222222
GPT-2 XL,zsRE,MEMIT,ENCORE,canonical,1000,both_doses,0.25,rewrite,EFF_TF,full,orthogonal,100,-0.32380952380952394,-1.4666666666666672,0.6
GPT-2 XL,zsRE,MEMIT,ENCORE,canonical,1000,both_doses,0.25,rewrite,EFF_TF,full,parallel_only,100,0.0,-0.75,0.75
GPT-2 XL,zsRE,MEMIT,ENCORE,canonical,1000,both_doses,0.25,rewrite,EFF_TF,full,parallel_minus_orthogonal,100,0.32380952380952394,-0.8429166666666668,1.6666666666666672
GPT-2 XL,zsRE,MEMIT,ENCORE,canonical,1000,both_doses,0.25,rewrite,EFF_TF,content_only,orthogonal,100,-0.5833333333333335,-2.3333333333333335,0.6666666666666665
GPT-2 XL,zsRE,MEMIT,ENCORE,canonical,1000,both_doses,0.25,rewrite,EFF_TF,content_only,parallel_only,100,0.0,-1.0000000000000002,1.0000000000000002
GPT-2 XL,zsRE,MEMIT,ENCORE,canonical,1000,both_doses,0.25,rewrite,EFF_TF,content_only,parallel_minus_orthogonal,100,0.5833333333333335,-1.0000000000000002,2.5000000000000004
GPT-2 XL,zsRE,MEMIT,ENCORE,canonical,1000,both_doses,0.25,rephrase,GEN_TF,full,orthogonal,100,0.1666666666666667,-2.0833333333333326,2.416666666666667
GPT-2 XL,zsRE,MEMIT,ENCORE,canonical,1000,both_doses,0.25,rephrase,GEN_TF,full,parallel_only,100,0.16666666666666657,0.0,0.4999999999999997
GPT-2 XL,zsRE,MEMIT,ENCORE,canonical,1000,both_doses,0.25,rephrase,GEN_TF,full,parallel_minus_orthogonal,100,-1.4210854715202004e-16,-2.25,2.2499999999999996
GPT-2 XL,zsRE,MEMIT,ENCORE,canonical,1000,both_doses,0.25,rephrase,GEN_TF,content_only,orthogonal,100,0.33333333333333315,-3.666666666666667,4.0
GPT-2 XL,zsRE,MEMIT,ENCORE,canonical,1000,both_doses,0.25,rephrase,GEN_TF,content_only,parallel_only,100,0.2,0.0,0.6
GPT-2 XL,zsRE,MEMIT,ENCORE,canonical,1000,both_doses,0.25,rephrase,GEN_TF,content_only,parallel_minus_orthogonal,100,-0.13333333333333328,-3.8,3.8666666666666667
GPT-2 XL,zsRE,MEMIT,ENCORE,canonical,1000,dose_specific,0.5,locality,LOC,full,orthogonal,100,-1.097222222222222,-4.51748015873016,1.6158730158730157
GPT-2 XL,zsRE,MEMIT,ENCORE,canonical,1000,dose_specific,0.5,locality,LOC,full,parallel_only,100,-0.24166666666666659,-0.7333333333333332,0.1
GPT-2 XL,zsRE,MEMIT,ENCORE,canonical,1000,dose_specific,0.5,locality,LOC,full,parallel_minus_orthogonal,100,0.8555555555555556,-1.8666964285714287,4.214702380952381
GPT-2 XL,zsRE,MEMIT,ENCORE,canonical,1000,dose_specific,0.5,rewrite,EFF_TF,full,orthogonal,100,1.2928571428571427,-1.2904761904761906,3.9000000000000012
GPT-2 XL,zsRE,MEMIT,ENCORE,canonical,1000,dose_specific,0.5,rewrite,EFF_TF,full,parallel_only,100,0.0,-0.75,0.75
GPT-2 XL,zsRE,MEMIT,ENCORE,canonical,1000,dose_specific,0.5,rewrite,EFF_TF,full,parallel_minus_orthogonal,100,-1.2928571428571427,-3.9858928571428573,1.373809523809524
GPT-2 XL,zsRE,MEMIT,ENCORE,canonical,1000,dose_specific,0.5,rewrite,EFF_TF,content_only,orthogonal,100,1.4999999999999993,-2.833333333333334,5.833333333333334
GPT-2 XL,zsRE,MEMIT,ENCORE,canonical,1000,dose_specific,0.5,rewrite,EFF_TF,content_only,parallel_only,100,0.0,-1.0000000000000002,1.0000000000000002
GPT-2 XL,zsRE,MEMIT,ENCORE,canonical,1000,dose_specific,0.5,rewrite,EFF_TF,content_only,parallel_minus_orthogonal,100,-1.5,-6.0,2.8333333333333344
GPT-2 XL,zsRE,MEMIT,ENCORE,canonical,1000,dose_specific,0.5,rephrase,GEN_TF,full,orthogonal,100,0.9666666666666669,-1.7333333333333332,3.7500000000000004
GPT-2 XL,zsRE,MEMIT,ENCORE,canonical,1000,dose_specific,0.5,rephrase,GEN_TF,full,parallel_only,100,0.08333333333333315,-0.5833333333333335,0.6666666666666663
GPT-2 XL,zsRE,MEMIT,ENCORE,canonical,1000,dose_specific,0.5,rephrase,GEN_TF,full,parallel_minus_orthogonal,100,-0.8833333333333337,-3.75,1.8999999999999995
GPT-2 XL,zsRE,MEMIT,ENCORE,canonical,1000,dose_specific,0.5,rephrase,GEN_TF,content_only,orthogonal,100,2.833333333333333,-1.8333333333333337,7.666666666666666
GPT-2 XL,zsRE,MEMIT,ENCORE,canonical,1000,dose_specific,0.5,rephrase,GEN_TF,content_only,parallel_only,100,0.4,0.0,1.0
GPT-2 XL,zsRE,MEMIT,ENCORE,canonical,1000,dose_specific,0.5,rephrase,GEN_TF,content_only,parallel_minus_orthogonal,100,-2.433333333333333,-7.334166666666665,2.267499999999988
GPT-2 XL,zsRE,MEMIT,ENCORE,canonical,1000,both_doses,0.5,locality,LOC,full,orthogonal,100,-1.097222222222222,-4.51748015873016,1.6158730158730157
GPT-2 XL,zsRE,MEMIT,ENCORE,canonical,1000,both_doses,0.5,locality,LOC,full,parallel_only,100,-0.24166666666666659,-0.7333333333333332,0.1
GPT-2 XL,zsRE,MEMIT,ENCORE,canonical,1000,both_doses,0.5,locality,LOC,full,parallel_minus_orthogonal,100,0.8555555555555556,-1.8666964285714287,4.214702380952381
GPT-2 XL,zsRE,MEMIT,ENCORE,canonical,1000,both_doses,0.5,rewrite,EFF_TF,full,orthogonal,100,1.2928571428571427,-1.2904761904761906,3.9000000000000012
GPT-2 XL,zsRE,MEMIT,ENCORE,canonical,1000,both_doses,0.5,rewrite,EFF_TF,full,parallel_only,100,0.0,-0.75,0.75
GPT-2 XL,zsRE,MEMIT,ENCORE,canonical,1000,both_doses,0.5,rewrite,EFF_TF,full,parallel_minus_orthogonal,100,-1.2928571428571427,-3.9858928571428573,1.373809523809524
GPT-2 XL,zsRE,MEMIT,ENCORE,canonical,1000,both_doses,0.5,rewrite,EFF_TF,content_only,orthogonal,100,1.4999999999999993,-2.833333333333334,5.833333333333334
GPT-2 XL,zsRE,MEMIT,ENCORE,canonical,1000,both_doses,0.5,rewrite,EFF_TF,content_only,parallel_only,100,0.0,-1.0000000000000002,1.0000000000000002
GPT-2 XL,zsRE,MEMIT,ENCORE,canonical,1000,both_doses,0.5,rewrite,EFF_TF,content_only,parallel_minus_orthogonal,100,-1.5,-6.0,2.8333333333333344
GPT-2 XL,zsRE,MEMIT,ENCORE,canonical,1000,both_doses,0.5,rephrase,GEN_TF,full,orthogonal,100,0.9666666666666669,-1.7333333333333332,3.7500000000000004
GPT-2 XL,zsRE,MEMIT,ENCORE,canonical,1000,both_doses,0.5,rephrase,GEN_TF,full,parallel_only,100,0.08333333333333315,-0.5833333333333335,0.6666666666666663
GPT-2 XL,zsRE,MEMIT,ENCORE,canonical,1000,both_doses,0.5,rephrase,GEN_TF,full,parallel_minus_orthogonal,100,-0.8833333333333337,-3.75,1.8999999999999995
GPT-2 XL,zsRE,MEMIT,ENCORE,canonical,1000,both_doses,0.5,rephrase,GEN_TF,content_only,orthogonal,100,2.833333333333333,-1.8333333333333337,7.666666666666666
GPT-2 XL,zsRE,MEMIT,ENCORE,canonical,1000,both_doses,0.5,rephrase,GEN_TF,content_only,parallel_only,100,0.4,0.0,1.0
GPT-2 XL,zsRE,MEMIT,ENCORE,canonical,1000,both_doses,0.5,rephrase,GEN_TF,content_only,parallel_minus_orthogonal,100,-2.433333333333333,-7.334166666666665,2.267499999999988
GPT-2 XL,zsRE,MEMIT,NAS,canonical,1000,dose_specific,0.25,locality,LOC,full,orthogonal,100,2.0220238095238092,0.01424107142857135,4.72924107142857
GPT-2 XL,zsRE,MEMIT,NAS,canonical,1000,dose_specific,0.25,locality,LOC,full,parallel_only,100,-0.5315476190476194,-1.416666666666667,0.18035714285714255
GPT-2 XL,zsRE,MEMIT,NAS,canonical,1000,dose_specific,0.25,locality,LOC,full,parallel_minus_orthogonal,100,-2.553571428571429,-5.395357142857141,-0.316636904761905
GPT-2 XL,zsRE,MEMIT,NAS,canonical,1000,dose_specific,0.25,rewrite,EFF_TF,full,orthogonal,100,0.39047619047619053,-1.9761904761904758,2.8666666666666667
GPT-2 XL,zsRE,MEMIT,NAS,canonical,1000,dose_specific,0.25,rewrite,EFF_TF,full,parallel_only,100,-1.2833333333333334,-2.983333333333334,0.21666666666666642
GPT-2 XL,zsRE,MEMIT,NAS,canonical,1000,dose_specific,0.25,rewrite,EFF_TF,full,parallel_minus_orthogonal,100,-1.673809523809524,-4.100059523809524,0.5786904761904746
GPT-2 XL,zsRE,MEMIT,NAS,canonical,1000,dose_specific,0.25,rewrite,EFF_TF,content_only,orthogonal,100,0.35,-3.833333333333333,4.5
GPT-2 XL,zsRE,MEMIT,NAS,canonical,1000,dose_specific,0.25,rewrite,EFF_TF,content_only,parallel_only,100,-2.0833333333333335,-5.0,0.33333333333333315
GPT-2 XL,zsRE,MEMIT,NAS,canonical,1000,dose_specific,0.25,rewrite,EFF_TF,content_only,parallel_minus_orthogonal,100,-2.4333333333333336,-6.350416666666666,1.3000000000000003
GPT-2 XL,zsRE,MEMIT,NAS,canonical,1000,dose_specific,0.25,rephrase,GEN_TF,full,orthogonal,100,0.6238095238095238,-1.6192261904761907,2.8976190476190475
GPT-2 XL,zsRE,MEMIT,NAS,canonical,1000,dose_specific,0.25,rephrase,GEN_TF,full,parallel_only,100,-0.5,-1.25,0.0
GPT-2 XL,zsRE,MEMIT,NAS,canonical,1000,dose_specific,0.25,rephrase,GEN_TF,full,parallel_minus_orthogonal,100,-1.1238095238095238,-3.5,1.1952380952380954
GPT-2 XL,zsRE,MEMIT,NAS,canonical,1000,dose_specific,0.25,rephrase,GEN_TF,content_only,orthogonal,100,0.9500000000000002,-2.7337499999999992,4.733333333333333
GPT-2 XL,zsRE,MEMIT,NAS,canonical,1000,dose_specific,0.25,rephrase,GEN_TF,content_only,parallel_only,100,-0.6666666666666669,-1.6666666666666672,0.0
GPT-2 XL,zsRE,MEMIT,NAS,canonical,1000,dose_specific,0.25,rephrase,GEN_TF,content_only,parallel_minus_orthogonal,100,-1.616666666666667,-5.4,2.083333333333333
GPT-2 XL,zsRE,MEMIT,NAS,canonical,1000,both_doses,0.25,locality,LOC,full,orthogonal,100,2.0220238095238092,0.01424107142857135,4.72924107142857
GPT-2 XL,zsRE,MEMIT,NAS,canonical,1000,both_doses,0.25,locality,LOC,full,parallel_only,100,-0.5315476190476194,-1.416666666666667,0.18035714285714255
GPT-2 XL,zsRE,MEMIT,NAS,canonical,1000,both_doses,0.25,locality,LOC,full,parallel_minus_orthogonal,100,-2.553571428571429,-5.395357142857141,-0.316636904761905
GPT-2 XL,zsRE,MEMIT,NAS,canonical,1000,both_doses,0.25,rewrite,EFF_TF,full,orthogonal,100,0.39047619047619053,-1.9761904761904758,2.8666666666666667
GPT-2 XL,zsRE,MEMIT,NAS,canonical,1000,both_doses,0.25,rewrite,EFF_TF,full,parallel_only,100,-1.2833333333333334,-2.983333333333334,0.21666666666666642
GPT-2 XL,zsRE,MEMIT,NAS,canonical,1000,both_doses,0.25,rewrite,EFF_TF,full,parallel_minus_orthogonal,100,-1.673809523809524,-4.100059523809524,0.5786904761904746
GPT-2 XL,zsRE,MEMIT,NAS,canonical,1000,both_doses,0.25,rewrite,EFF_TF,content_only,orthogonal,100,0.35,-3.833333333333333,4.5
GPT-2 XL,zsRE,MEMIT,NAS,canonical,1000,both_doses,0.25,rewrite,EFF_TF,content_only,parallel_only,100,-2.0833333333333335,-5.0,0.33333333333333315
GPT-2 XL,zsRE,MEMIT,NAS,canonical,1000,both_doses,0.25,rewrite,EFF_TF,content_only,parallel_minus_orthogonal,100,-2.4333333333333336,-6.350416666666666,1.3000000000000003
GPT-2 XL,zsRE,MEMIT,NAS,canonical,1000,both_doses,0.25,rephrase,GEN_TF,full,orthogonal,100,0.6238095238095238,-1.6192261904761907,2.8976190476190475
GPT-2 XL,zsRE,MEMIT,NAS,canonical,1000,both_doses,0.25,rephrase,GEN_TF,full,parallel_only,100,-0.5,-1.25,0.0
GPT-2 XL,zsRE,MEMIT,NAS,canonical,1000,both_doses,0.25,rephrase,GEN_TF,full,parallel_minus_orthogonal,100,-1.1238095238095238,-3.5,1.1952380952380954
GPT-2 XL,zsRE,MEMIT,NAS,canonical,1000,both_doses,0.25,rephrase,GEN_TF,content_only,orthogonal,100,0.9500000000000002,-2.7337499999999992,4.733333333333333
GPT-2 XL,zsRE,MEMIT,NAS,canonical,1000,both_doses,0.25,rephrase,GEN_TF,content_only,parallel_only,100,-0.6666666666666669,-1.6666666666666672,0.0
GPT-2 XL,zsRE,MEMIT,NAS,canonical,1000,both_doses,0.25,rephrase,GEN_TF,content_only,parallel_minus_orthogonal,100,-1.616666666666667,-5.4,2.083333333333333
GPT-2 XL,zsRE,MEMIT,NAS,canonical,1000,dose_specific,0.5,locality,LOC,full,orthogonal,100,1.2303571428571425,-2.064404761904762,4.682782738095237
GPT-2 XL,zsRE,MEMIT,NAS,canonical,1000,dose_specific,0.5,locality,LOC,full,parallel_only,100,-0.6565476190476193,-1.9023809523809525,0.32023809523809504
GPT-2 XL,zsRE,MEMIT,NAS,canonical,1000,dose_specific,0.5,locality,LOC,full,parallel_minus_orthogonal,100,-1.8869047619047619,-5.523898809523809,1.6501190476190462
GPT-2 XL,zsRE,MEMIT,NAS,canonical,1000,dose_specific,0.5,rewrite,EFF_TF,full,orthogonal,100,-0.2761904761904763,-3.276190476190476,2.7595238095238095
GPT-2 XL,zsRE,MEMIT,NAS,canonical,1000,dose_specific,0.5,rewrite,EFF_TF,full,parallel_only,100,-2.566666666666667,-4.783333333333333,-0.5833333333333336
GPT-2 XL,zsRE,MEMIT,NAS,canonical,1000,dose_specific,0.5,rewrite,EFF_TF,full,parallel_minus_orthogonal,100,-2.2904761904761903,-5.714642857142858,1.0095238095238097
GPT-2 XL,zsRE,MEMIT,NAS,canonical,1000,dose_specific,0.5,rewrite,EFF_TF,content_only,orthogonal,100,-0.8833333333333334,-6.0,4.283333333333333
GPT-2 XL,zsRE,MEMIT,NAS,canonical,1000,dose_specific,0.5,rewrite,EFF_TF,content_only,parallel_only,100,-4.166666666666666,-8.0,-0.8333333333333335
GPT-2 XL,zsRE,MEMIT,NAS,canonical,1000,dose_specific,0.5,rewrite,EFF_TF,content_only,parallel_minus_orthogonal,100,-3.2833333333333337,-8.883750000000001,2.0666666666666664
GPT-2 XL,zsRE,MEMIT,NAS,canonical,1000,dose_specific,0.5,rephrase,GEN_TF,full,orthogonal,100,-0.9928571428571428,-4.004880952380952,1.923809523809524
GPT-2 XL,zsRE,MEMIT,NAS,canonical,1000,dose_specific,0.5,rephrase,GEN_TF,full,parallel_only,100,-0.7333333333333334,-2.1,0.5166666666666666
GPT-2 XL,zsRE,MEMIT,NAS,canonical,1000,dose_specific,0.5,rephrase,GEN_TF,full,parallel_minus_orthogonal,100,0.2595238095238093,-2.823988095238095,3.40952380952381
GPT-2 XL,zsRE,MEMIT,NAS,canonical,1000,dose_specific,0.5,rephrase,GEN_TF,content_only,orthogonal,100,-0.8333333333333331,-5.5,3.583333333333334
GPT-2 XL,zsRE,MEMIT,NAS,canonical,1000,dose_specific,0.5,rephrase,GEN_TF,content_only,parallel_only,100,-1.0000000000000002,-2.916666666666667,0.6666666666666669
GPT-2 XL,zsRE,MEMIT,NAS,canonical,1000,dose_specific,0.5,rephrase,GEN_TF,content_only,parallel_minus_orthogonal,100,-0.16666666666666657,-4.750000000000001,4.666666666666666
GPT-2 XL,zsRE,MEMIT,NAS,canonical,1000,both_doses,0.5,locality,LOC,full,orthogonal,100,1.2303571428571425,-2.064404761904762,4.682782738095237
GPT-2 XL,zsRE,MEMIT,NAS,canonical,1000,both_doses,0.5,locality,LOC,full,parallel_only,100,-0.6565476190476193,-1.9023809523809525,0.32023809523809504
GPT-2 XL,zsRE,MEMIT,NAS,canonical,1000,both_doses,0.5,locality,LOC,full,parallel_minus_orthogonal,100,-1.8869047619047619,-5.523898809523809,1.6501190476190462
GPT-2 XL,zsRE,MEMIT,NAS,canonical,1000,both_doses,0.5,rewrite,EFF_TF,full,orthogonal,100,-0.2761904761904763,-3.276190476190476,2.7595238095238095
GPT-2 XL,zsRE,MEMIT,NAS,canonical,1000,both_doses,0.5,rewrite,EFF_TF,full,parallel_only,100,-2.566666666666667,-4.783333333333333,-0.5833333333333336
GPT-2 XL,zsRE,MEMIT,NAS,canonical,1000,both_doses,0.5,rewrite,EFF_TF,full,parallel_minus_orthogonal,100,-2.2904761904761903,-5.714642857142858,1.0095238095238097
GPT-2 XL,zsRE,MEMIT,NAS,canonical,1000,both_doses,0.5,rewrite,EFF_TF,content_only,orthogonal,100,-0.8833333333333334,-6.0,4.283333333333333
GPT-2 XL,zsRE,MEMIT,NAS,canonical,1000,both_doses,0.5,rewrite,EFF_TF,content_only,parallel_only,100,-4.166666666666666,-8.0,-0.8333333333333335
GPT-2 XL,zsRE,MEMIT,NAS,canonical,1000,both_doses,0.5,rewrite,EFF_TF,content_only,parallel_minus_orthogonal,100,-3.2833333333333337,-8.883750000000001,2.0666666666666664
GPT-2 XL,zsRE,MEMIT,NAS,canonical,1000,both_doses,0.5,rephrase,GEN_TF,full,orthogonal,100,-0.9928571428571428,-4.004880952380952,1.923809523809524
GPT-2 XL,zsRE,MEMIT,NAS,canonical,1000,both_doses,0.5,rephrase,GEN_TF,full,parallel_only,100,-0.7333333333333334,-2.1,0.5166666666666666
GPT-2 XL,zsRE,MEMIT,NAS,canonical,1000,both_doses,0.5,rephrase,GEN_TF,full,parallel_minus_orthogonal,100,0.2595238095238093,-2.823988095238095,3.40952380952381
GPT-2 XL,zsRE,MEMIT,NAS,canonical,1000,both_doses,0.5,rephrase,GEN_TF,content_only,orthogonal,100,-0.8333333333333331,-5.5,3.583333333333334
GPT-2 XL,zsRE,MEMIT,NAS,canonical,1000,both_doses,0.5,rephrase,GEN_TF,content_only,parallel_only,100,-1.0000000000000002,-2.916666666666667,0.6666666666666669
GPT-2 XL,zsRE,MEMIT,NAS,canonical,1000,both_doses,0.5,rephrase,GEN_TF,content_only,parallel_minus_orthogonal,100,-0.16666666666666657,-4.750000000000001,4.666666666666666
GPT-2 XL,zsRE,MEMIT,Native,canonical,1000,dose_specific,0.25,locality,LOC,full,orthogonal,100,3.0654761904761902,0.34997023809523803,6.5702678571428565
GPT-2 XL,zsRE,MEMIT,Native,canonical,1000,dose_specific,0.25,locality,LOC,full,parallel_only,100,0.5297619047619048,-0.9285714285714286,2.1906249999999976
GPT-2 XL,zsRE,MEMIT,Native,canonical,1000,dose_specific,0.25,locality,LOC,full,parallel_minus_orthogonal,100,-2.535714285714286,-6.238392857142857,0.664285714285714
GPT-2 XL,zsRE,MEMIT,Native,canonical,1000,dose_specific,0.25,rewrite,EFF_TF,full,orthogonal,100,-0.033333333333333146,-1.9643452380952382,1.8263690476190448
GPT-2 XL,zsRE,MEMIT,Native,canonical,1000,dose_specific,0.25,rewrite,EFF_TF,full,parallel_only,100,-1.8928571428571428,-4.5928571428571425,0.12214285714284677
GPT-2 XL,zsRE,MEMIT,Native,canonical,1000,dose_specific,0.25,rewrite,EFF_TF,full,parallel_minus_orthogonal,100,-1.8595238095238094,-5.15,1.1335119047619024
GPT-2 XL,zsRE,MEMIT,Native,canonical,1000,dose_specific,0.25,rewrite,EFF_TF,content_only,orthogonal,100,-0.28333333333333355,-3.45,2.517499999999988
GPT-2 XL,zsRE,MEMIT,Native,canonical,1000,dose_specific,0.25,rewrite,EFF_TF,content_only,parallel_only,100,-1.5,-4.25,0.6666666666666665
GPT-2 XL,zsRE,MEMIT,Native,canonical,1000,dose_specific,0.25,rewrite,EFF_TF,content_only,parallel_minus_orthogonal,100,-1.2166666666666668,-5.166666666666668,2.899999999999999
GPT-2 XL,zsRE,MEMIT,Native,canonical,1000,dose_specific,0.25,rephrase,GEN_TF,full,orthogonal,100,2.8095238095238098,-0.25059523809523837,6.035714285714286
GPT-2 XL,zsRE,MEMIT,Native,canonical,1000,dose_specific,0.25,rephrase,GEN_TF,full,parallel_only,100,-1.9452380952380952,-5.012023809523809,1.0666666666666669
GPT-2 XL,zsRE,MEMIT,Native,canonical,1000,dose_specific,0.25,rephrase,GEN_TF,full,parallel_minus_orthogonal,100,-4.754761904761904,-9.01720238095238,-0.6333333333333334
GPT-2 XL,zsRE,MEMIT,Native,canonical,1000,dose_specific,0.25,rephrase,GEN_TF,content_only,orthogonal,100,5.2666666666666675,0.09999999999999971,10.966666666666665
GPT-2 XL,zsRE,MEMIT,Native,canonical,1000,dose_specific,0.25,rephrase,GEN_TF,content_only,parallel_only,100,-0.5333333333333337,-4.699999999999999,3.833333333333333
GPT-2 XL,zsRE,MEMIT,Native,canonical,1000,dose_specific,0.25,rephrase,GEN_TF,content_only,parallel_minus_orthogonal,100,-5.8,-12.167083333333334,0.3666666666666666
GPT-2 XL,zsRE,MEMIT,Native,canonical,1000,both_doses,0.25,locality,LOC,full,orthogonal,93,3.29621095750128,0.3929531490015365,6.963933691756267
GPT-2 XL,zsRE,MEMIT,Native,canonical,1000,both_doses,0.25,locality,LOC,full,parallel_only,93,0.8384536610343063,-0.6400409626216078,2.5345622119815667
GPT-2 XL,zsRE,MEMIT,Native,canonical,1000,both_doses,0.25,locality,LOC,full,parallel_minus_orthogonal,93,-2.4577572964669745,-6.382872503840246,0.8963133640552957
GPT-2 XL,zsRE,MEMIT,Native,canonical,1000,both_doses,0.25,rewrite,EFF_TF,full,orthogonal,93,-0.6630824372759856,-2.544802867383513,1.1189836149513541
GPT-2 XL,zsRE,MEMIT,Native,canonical,1000,both_doses,0.25,rewrite,EFF_TF,full,parallel_only,93,-0.4224270353302611,-1.758832565284178,0.8141321044546852
GPT-2 XL,zsRE,MEMIT,Native,canonical,1000,both_doses,0.25,rewrite,EFF_TF,full,parallel_minus_orthogonal,93,0.24065540194572452,-1.8919610855094726,2.4193548387096775
GPT-2 XL,zsRE,MEMIT,Native,canonical,1000,both_doses,0.25,rewrite,EFF_TF,content_only,orthogonal,93,-1.2007168458781363,-4.355286738351254,1.5232974910394264
GPT-2 XL,zsRE,MEMIT,Native,canonical,1000,both_doses,0.25,rewrite,EFF_TF,content_only,parallel_only,93,-0.17921146953405032,-1.702508960573477,1.254480286738351
GPT-2 XL,zsRE,MEMIT,Native,canonical,1000,both_doses,0.25,rewrite,EFF_TF,content_only,parallel_minus_orthogonal,93,1.021505376344086,-2.060931899641577,4.390681003584229
GPT-2 XL,zsRE,MEMIT,Native,canonical,1000,both_doses,0.25,rephrase,GEN_TF,full,orthogonal,93,2.8417818740399383,-0.17921146953405023,6.041986687147976
GPT-2 XL,zsRE,MEMIT,Native,canonical,1000,both_doses,0.25,rephrase,GEN_TF,full,parallel_only,93,-1.2852022529441884,-4.434331797235023,1.7562724014336915
GPT-2 XL,zsRE,MEMIT,Native,canonical,1000,both_doses,0.25,rephrase,GEN_TF,full,parallel_minus_orthogonal,93,-4.1269841269841265,-8.266769073220686,-0.04096262160778244
GPT-2 XL,zsRE,MEMIT,Native,canonical,1000,both_doses,0.25,rephrase,GEN_TF,content_only,orthogonal,93,5.125448028673835,0.10752688172043011,10.64516129032258
GPT-2 XL,zsRE,MEMIT,Native,canonical,1000,both_doses,0.25,rephrase,GEN_TF,content_only,parallel_only,93,-0.21505376344086005,-4.767025089605735,4.354838709677419
GPT-2 XL,zsRE,MEMIT,Native,canonical,1000,both_doses,0.25,rephrase,GEN_TF,content_only,parallel_minus_orthogonal,93,-5.340501792114695,-11.845878136200716,0.7526881720430103
GPT-2 XL,zsRE,MEMIT,Native,canonical,1000,dose_specific,0.5,locality,LOC,full,orthogonal,93,4.650537634408601,1.134120583717358,8.737903225806448
GPT-2 XL,zsRE,MEMIT,Native,canonical,1000,dose_specific,0.5,locality,LOC,full,parallel_only,93,0.5941325699390216,-1.0910851021738117,2.4323418516966897
GPT-2 XL,zsRE,MEMIT,Native,canonical,1000,dose_specific,0.5,locality,LOC,full,parallel_minus_orthogonal,93,-4.05640506446958,-8.36862722850626,-0.13058872131452923
GPT-2 XL,zsRE,MEMIT,Native,canonical,1000,dose_specific,0.5,rewrite,EFF_TF,full,orthogonal,93,-1.8100358422939067,-4.59805427547363,1.0600358422939051
GPT-2 XL,zsRE,MEMIT,Native,canonical,1000,dose_specific,0.5,rewrite,EFF_TF,full,parallel_only,93,-2.619047619047619,-5.458333333333333,0.06662826420890866
GPT-2 XL,zsRE,MEMIT,Native,canonical,1000,dose_specific,0.5,rewrite,EFF_TF,full,parallel_minus_orthogonal,93,-0.8090117767537126,-4.882488479262673,3.151561699948796
GPT-2 XL,zsRE,MEMIT,Native,canonical,1000,dose_specific,0.5,rewrite,EFF_TF,content_only,orthogonal,93,-3.2974910394265233,-7.814068100358423,1.0394265232974909
GPT-2 XL,zsRE,MEMIT,Native,canonical,1000,dose_specific,0.5,rewrite,EFF_TF,content_only,parallel_only,93,-3.0824372759856633,-7.545250896057348,1.164874551971326
GPT-2 XL,zsRE,MEMIT,Native,canonical,1000,dose_specific,0.5,rewrite,EFF_TF,content_only,parallel_minus_orthogonal,93,0.21505376344086022,-6.09363799283154,6.362007168458781
GPT-2 XL,zsRE,MEMIT,Native,canonical,1000,dose_specific,0.5,rephrase,GEN_TF,full,orthogonal,93,1.2007168458781359,-2.1684587813620073,4.641577060931899
GPT-2 XL,zsRE,MEMIT,Native,canonical,1000,dose_specific,0.5,rephrase,GEN_TF,full,parallel_only,93,-2.3783922171018945,-6.200716845878135,1.223758320532514
GPT-2 XL,zsRE,MEMIT,Native,canonical,1000,dose_specific,0.5,rephrase,GEN_TF,full,parallel_minus_orthogonal,93,-3.57910906298003,-7.1685227854582685,-0.16884280593958112
GPT-2 XL,zsRE,MEMIT,Native,canonical,1000,dose_specific,0.5,rephrase,GEN_TF,content_only,orthogonal,93,2.491039426523298,-3.226254480286738,8.584229390681003
GPT-2 XL,zsRE,MEMIT,Native,canonical,1000,dose_specific,0.5,rephrase,GEN_TF,content_only,parallel_only,93,-1.2007168458781359,-7.114695340501793,4.56989247311828
GPT-2 XL,zsRE,MEMIT,Native,canonical,1000,dose_specific,0.5,rephrase,GEN_TF,content_only,parallel_minus_orthogonal,93,-3.6917562724014337,-9.032258064516128,1.2903225806451613
GPT-2 XL,zsRE,MEMIT,Native,canonical,1000,both_doses,0.5,locality,LOC,full,orthogonal,93,4.650537634408601,1.134120583717358,8.737903225806448
GPT-2 XL,zsRE,MEMIT,Native,canonical,1000,both_doses,0.5,locality,LOC,full,parallel_only,93,0.5941325699390216,-1.0910851021738117,2.4323418516966897
GPT-2 XL,zsRE,MEMIT,Native,canonical,1000,both_doses,0.5,locality,LOC,full,parallel_minus_orthogonal,93,-4.05640506446958,-8.36862722850626,-0.13058872131452923
GPT-2 XL,zsRE,MEMIT,Native,canonical,1000,both_doses,0.5,rewrite,EFF_TF,full,orthogonal,93,-1.8100358422939067,-4.59805427547363,1.0600358422939051
GPT-2 XL,zsRE,MEMIT,Native,canonical,1000,both_doses,0.5,rewrite,EFF_TF,full,parallel_only,93,-2.619047619047619,-5.458333333333333,0.06662826420890866
GPT-2 XL,zsRE,MEMIT,Native,canonical,1000,both_doses,0.5,rewrite,EFF_TF,full,parallel_minus_orthogonal,93,-0.8090117767537126,-4.882488479262673,3.151561699948796
GPT-2 XL,zsRE,MEMIT,Native,canonical,1000,both_doses,0.5,rewrite,EFF_TF,content_only,orthogonal,93,-3.2974910394265233,-7.814068100358423,1.0394265232974909
GPT-2 XL,zsRE,MEMIT,Native,canonical,1000,both_doses,0.5,rewrite,EFF_TF,content_only,parallel_only,93,-3.0824372759856633,-7.545250896057348,1.164874551971326
GPT-2 XL,zsRE,MEMIT,Native,canonical,1000,both_doses,0.5,rewrite,EFF_TF,content_only,parallel_minus_orthogonal,93,0.21505376344086022,-6.09363799283154,6.362007168458781
GPT-2 XL,zsRE,MEMIT,Native,canonical,1000,both_doses,0.5,rephrase,GEN_TF,full,orthogonal,93,1.2007168458781359,-2.1684587813620073,4.641577060931899
GPT-2 XL,zsRE,MEMIT,Native,canonical,1000,both_doses,0.5,rephrase,GEN_TF,full,parallel_only,93,-2.3783922171018945,-6.200716845878135,1.223758320532514
GPT-2 XL,zsRE,MEMIT,Native,canonical,1000,both_doses,0.5,rephrase,GEN_TF,full,parallel_minus_orthogonal,93,-3.57910906298003,-7.1685227854582685,-0.16884280593958112
GPT-2 XL,zsRE,MEMIT,Native,canonical,1000,both_doses,0.5,rephrase,GEN_TF,content_only,orthogonal,93,2.491039426523298,-3.226254480286738,8.584229390681003
GPT-2 XL,zsRE,MEMIT,Native,canonical,1000,both_doses,0.5,rephrase,GEN_TF,content_only,parallel_only,93,-1.2007168458781359,-7.114695340501793,4.56989247311828
GPT-2 XL,zsRE,MEMIT,Native,canonical,1000,both_doses,0.5,rephrase,GEN_TF,content_only,parallel_minus_orthogonal,93,-3.6917562724014337,-9.032258064516128,1.2903225806451613
GPT-2 XL,zsRE,MEMIT,SADR,canonical,1000,dose_specific,0.25,locality,LOC,full,orthogonal,96,2.3300831113331117,-1.147725104756354,5.835111069486068
GPT-2 XL,zsRE,MEMIT,SADR,canonical,1000,dose_specific,0.25,locality,LOC,full,parallel_only,96,-1.2466931216931216,-2.532252397486772,-0.19589120370370425
GPT-2 XL,zsRE,MEMIT,SADR,canonical,1000,dose_specific,0.25,locality,LOC,full,parallel_minus_orthogonal,96,-3.576776233026233,-7.27727950579513,0.10786999458874424
GPT-2 XL,zsRE,MEMIT,SADR,canonical,1000,dose_specific,0.25,rewrite,EFF_TF,full,orthogonal,96,1.8328373015873016,0.06944444444444464,3.864087301587302
GPT-2 XL,zsRE,MEMIT,SADR,canonical,1000,dose_specific,0.25,rewrite,EFF_TF,full,parallel_only,96,-1.545138888888889,-3.1597222222222228,-0.2604166666666667
GPT-2 XL,zsRE,MEMIT,SADR,canonical,1000,dose_specific,0.25,rewrite,EFF_TF,full,parallel_minus_orthogonal,96,-3.377976190476191,-6.406312003968254,-0.9375000000000003
GPT-2 XL,zsRE,MEMIT,SADR,canonical,1000,dose_specific,0.25,rewrite,EFF_TF,content_only,orthogonal,96,2.8645833333333335,0.17361111111111124,6.1631944444444455
GPT-2 XL,zsRE,MEMIT,SADR,canonical,1000,dose_specific,0.25,rewrite,EFF_TF,content_only,parallel_only,96,-1.284722222222222,-2.8124999999999996,-0.20833333333333334
GPT-2 XL,zsRE,MEMIT,SADR,canonical,1000,dose_specific,0.25,rewrite,EFF_TF,content_only,parallel_minus_orthogonal,96,-4.149305555555555,-7.65625,-1.215277777777778
GPT-2 XL,zsRE,MEMIT,SADR,canonical,1000,dose_specific,0.25,rephrase,GEN_TF,full,orthogonal,96,0.843253968253968,-1.371527777777778,3.125
GPT-2 XL,zsRE,MEMIT,SADR,canonical,1000,dose_specific,0.25,rephrase,GEN_TF,full,parallel_only,96,-1.3988095238095237,-3.759920634920635,0.7093874007936499
GPT-2 XL,zsRE,MEMIT,SADR,canonical,1000,dose_specific,0.25,rephrase,GEN_TF,full,parallel_minus_orthogonal,96,-2.2420634920634916,-5.347222222222221,0.6426711309523768
GPT-2 XL,zsRE,MEMIT,SADR,canonical,1000,dose_specific,0.25,rephrase,GEN_TF,content_only,orthogonal,96,2.013888888888889,-0.798611111111111,5.295138888888888
GPT-2 XL,zsRE,MEMIT,SADR,canonical,1000,dose_specific,0.25,rephrase,GEN_TF,content_only,parallel_only,96,-2.170138888888889,-5.5555555555555545,0.6076388888888885
GPT-2 XL,zsRE,MEMIT,SADR,canonical,1000,dose_specific,0.25,rephrase,GEN_TF,content_only,parallel_minus_orthogonal,96,-4.184027777777778,-8.697916666666666,-0.20833333333333318
GPT-2 XL,zsRE,MEMIT,SADR,canonical,1000,both_doses,0.25,locality,LOC,full,orthogonal,83,1.791421429975647,-1.8824167800071407,5.606875554164708
GPT-2 XL,zsRE,MEMIT,SADR,canonical,1000,both_doses,0.25,locality,LOC,full,parallel_only,83,-1.592560719066743,-3.012598011091987,-0.4072838974947414
GPT-2 XL,zsRE,MEMIT,SADR,canonical,1000,both_doses,0.25,locality,LOC,full,parallel_minus_orthogonal,83,-3.3839821490423905,-7.397567542898869,0.5574730657561975
GPT-2 XL,zsRE,MEMIT,SADR,canonical,1000,both_doses,0.25,rewrite,EFF_TF,full,orthogonal,83,1.244979919678715,-0.5225903614457824,3.3534136546184743
GPT-2 XL,zsRE,MEMIT,SADR,canonical,1000,both_doses,0.25,rewrite,EFF_TF,full,parallel_only,83,-1.78714859437751,-3.6551204819277108,-0.39909638554220533
GPT-2 XL,zsRE,MEMIT,SADR,canonical,1000,both_doses,0.25,rewrite,EFF_TF,full,parallel_minus_orthogonal,83,-3.0321285140562253,-6.485943775100402,-0.40160642570281135
GPT-2 XL,zsRE,MEMIT,SADR,canonical,1000,both_doses,0.25,rewrite,EFF_TF,content_only,orthogonal,83,2.108433734939759,-0.6024096385542167,5.622489959839358
GPT-2 XL,zsRE,MEMIT,SADR,canonical,1000,both_doses,0.25,rewrite,EFF_TF,content_only,parallel_only,83,-1.4859437751004017,-3.253012048192771,-0.24096385542168675
GPT-2 XL,zsRE,MEMIT,SADR,canonical,1000,both_doses,0.25,rewrite,EFF_TF,content_only,parallel_minus_orthogonal,83,-3.594377510040161,-7.349899598393575,-0.48192771084337366
GPT-2 XL,zsRE,MEMIT,SADR,canonical,1000,both_doses,0.25,rephrase,GEN_TF,full,orthogonal,83,0.8032128514056224,-1.6064257028112452,3.253012048192771
GPT-2 XL,zsRE,MEMIT,SADR,canonical,1000,both_doses,0.25,rephrase,GEN_TF,full,parallel_only,83,-0.2008032128514055,-2.0481927710843375,1.526104417670683
GPT-2 XL,zsRE,MEMIT,SADR,canonical,1000,both_doses,0.25,rephrase,GEN_TF,full,parallel_minus_orthogonal,83,-1.004016064257028,-4.096385542168674,1.9277108433734944
GPT-2 XL,zsRE,MEMIT,SADR,canonical,1000,both_doses,0.25,rephrase,GEN_TF,content_only,orthogonal,83,1.726907630522088,-1.4056224899598393,5.421686746987951
GPT-2 XL,zsRE,MEMIT,SADR,canonical,1000,both_doses,0.25,rephrase,GEN_TF,content_only,parallel_only,83,-0.602409638554217,-3.8152610441767076,2.108433734939759
GPT-2 XL,zsRE,MEMIT,SADR,canonical,1000,both_doses,0.25,rephrase,GEN_TF,content_only,parallel_minus_orthogonal,83,-2.3293172690763053,-7.068273092369478,1.8875502008032128
GPT-2 XL,zsRE,MEMIT,SADR,canonical,1000,dose_specific,0.5,locality,LOC,full,orthogonal,83,4.1732564624130895,1.0193762061231944,8.314358332430622
GPT-2 XL,zsRE,MEMIT,SADR,canonical,1000,dose_specific,0.5,locality,LOC,full,parallel_only,83,-2.7774601569782296,-6.071591226711709,-0.23804132614373635
GPT-2 XL,zsRE,MEMIT,SADR,canonical,1000,dose_specific,0.5,locality,LOC,full,parallel_minus_orthogonal,83,-6.950716619391319,-11.882326508832532,-2.909570098576123
GPT-2 XL,zsRE,MEMIT,SADR,canonical,1000,dose_specific,0.5,rewrite,EFF_TF,full,orthogonal,83,0.602409638554217,-2.0481927710843375,3.293172690763052
GPT-2 XL,zsRE,MEMIT,SADR,canonical,1000,dose_specific,0.5,rewrite,EFF_TF,full,parallel_only,83,-2.931726907630522,-5.481927710843373,-0.7028112449799198
GPT-2 XL,zsRE,MEMIT,SADR,canonical,1000,dose_specific,0.5,rewrite,EFF_TF,full,parallel_minus_orthogonal,83,-3.5341365461847394,-7.731425702811245,0.38152610441767054
GPT-2 XL,zsRE,MEMIT,SADR,canonical,1000,dose_specific,0.5,rewrite,EFF_TF,content_only,orthogonal,83,0.20080321285140584,-4.116465863453815,4.518072289156628
GPT-2 XL,zsRE,MEMIT,SADR,canonical,1000,dose_specific,0.5,rewrite,EFF_TF,content_only,parallel_only,83,-2.188755020080321,-4.738955823293172,0.12048192771084337
GPT-2 XL,zsRE,MEMIT,SADR,canonical,1000,dose_specific,0.5,rewrite,EFF_TF,content_only,parallel_minus_orthogonal,83,-2.389558232931727,-7.530622489959839,2.8714859437751
GPT-2 XL,zsRE,MEMIT,SADR,canonical,1000,dose_specific,0.5,rephrase,GEN_TF,full,orthogonal,83,0.9236947791164659,-1.5060240963855422,3.6144578313253013
GPT-2 XL,zsRE,MEMIT,SADR,canonical,1000,dose_specific,0.5,rephrase,GEN_TF,full,parallel_only,83,-2.6506024096385543,-5.281124497991969,-0.44126506024097106
GPT-2 XL,zsRE,MEMIT,SADR,canonical,1000,dose_specific,0.5,rephrase,GEN_TF,full,parallel_minus_orthogonal,83,-3.57429718875502,-7.7510040160642575,0.02008032128514036
GPT-2 XL,zsRE,MEMIT,SADR,canonical,1000,dose_specific,0.5,rephrase,GEN_TF,content_only,orthogonal,83,1.9879518072289153,-1.4056224899598395,5.923694779116466
GPT-2 XL,zsRE,MEMIT,SADR,canonical,1000,dose_specific,0.5,rephrase,GEN_TF,content_only,parallel_only,83,-3.5542168674698793,-7.730923694779118,-0.20080321285140584
GPT-2 XL,zsRE,MEMIT,SADR,canonical,1000,dose_specific,0.5,rephrase,GEN_TF,content_only,parallel_minus_orthogonal,83,-5.542168674698795,-10.963855421686747,-0.8835341365461848
GPT-2 XL,zsRE,MEMIT,SADR,canonical,1000,both_doses,0.5,locality,LOC,full,orthogonal,83,4.1732564624130895,1.0193762061231944,8.314358332430622
GPT-2 XL,zsRE,MEMIT,SADR,canonical,1000,both_doses,0.5,locality,LOC,full,parallel_only,83,-2.7774601569782296,-6.071591226711709,-0.23804132614373635
GPT-2 XL,zsRE,MEMIT,SADR,canonical,1000,both_doses,0.5,locality,LOC,full,parallel_minus_orthogonal,83,-6.950716619391319,-11.882326508832532,-2.909570098576123
GPT-2 XL,zsRE,MEMIT,SADR,canonical,1000,both_doses,0.5,rewrite,EFF_TF,full,orthogonal,83,0.602409638554217,-2.0481927710843375,3.293172690763052
GPT-2 XL,zsRE,MEMIT,SADR,canonical,1000,both_doses,0.5,rewrite,EFF_TF,full,parallel_only,83,-2.931726907630522,-5.481927710843373,-0.7028112449799198
GPT-2 XL,zsRE,MEMIT,SADR,canonical,1000,both_doses,0.5,rewrite,EFF_TF,full,parallel_minus_orthogonal,83,-3.5341365461847394,-7.731425702811245,0.38152610441767054
GPT-2 XL,zsRE,MEMIT,SADR,canonical,1000,both_doses,0.5,rewrite,EFF_TF,content_only,orthogonal,83,0.20080321285140584,-4.116465863453815,4.518072289156628
GPT-2 XL,zsRE,MEMIT,SADR,canonical,1000,both_doses,0.5,rewrite,EFF_TF,content_only,parallel_only,83,-2.188755020080321,-4.738955823293172,0.12048192771084337
GPT-2 XL,zsRE,MEMIT,SADR,canonical,1000,both_doses,0.5,rewrite,EFF_TF,content_only,parallel_minus_orthogonal,83,-2.389558232931727,-7.530622489959839,2.8714859437751
GPT-2 XL,zsRE,MEMIT,SADR,canonical,1000,both_doses,0.5,rephrase,GEN_TF,full,orthogonal,83,0.9236947791164659,-1.5060240963855422,3.6144578313253013
GPT-2 XL,zsRE,MEMIT,SADR,canonical,1000,both_doses,0.5,rephrase,GEN_TF,full,parallel_only,83,-2.6506024096385543,-5.281124497991969,-0.44126506024097106
GPT-2 XL,zsRE,MEMIT,SADR,canonical,1000,both_doses,0.5,rephrase,GEN_TF,full,parallel_minus_orthogonal,83,-3.57429718875502,-7.7510040160642575,0.02008032128514036
GPT-2 XL,zsRE,MEMIT,SADR,canonical,1000,both_doses,0.5,rephrase,GEN_TF,content_only,orthogonal,83,1.9879518072289153,-1.4056224899598395,5.923694779116466
GPT-2 XL,zsRE,MEMIT,SADR,canonical,1000,both_doses,0.5,rephrase,GEN_TF,content_only,parallel_only,83,-3.5542168674698793,-7.730923694779118,-0.20080321285140584
GPT-2 XL,zsRE,MEMIT,SADR,canonical,1000,both_doses,0.5,rephrase,GEN_TF,content_only,parallel_minus_orthogonal,83,-5.542168674698795,-10.963855421686747,-0.8835341365461848
GPT-2 XL,zsRE,MEMIT,SPHERE,canonical,1000,dose_specific,0.25,locality,LOC,full,orthogonal,100,0.8498015873015871,-0.4191071428571434,2.379042658730157
GPT-2 XL,zsRE,MEMIT,SPHERE,canonical,1000,dose_specific,0.25,locality,LOC,full,parallel_only,100,0.976190476190476,-0.04761904761904787,2.5
GPT-2 XL,zsRE,MEMIT,SPHERE,canonical,1000,dose_specific,0.25,locality,LOC,full,parallel_minus_orthogonal,100,0.12638888888888894,-1.213566468253968,1.6388888888888886
GPT-2 XL,zsRE,MEMIT,SPHERE,canonical,1000,dose_specific,0.25,rewrite,EFF_TF,full,orthogonal,100,-0.6404761904761902,-2.4049999999999994,1.0000595238095236
GPT-2 XL,zsRE,MEMIT,SPHERE,canonical,1000,dose_specific,0.25,rewrite,EFF_TF,full,parallel_only,100,-0.16666666666666657,-1.5,1.0000000000000002
GPT-2 XL,zsRE,MEMIT,SPHERE,canonical,1000,dose_specific,0.25,rewrite,EFF_TF,full,parallel_minus_orthogonal,100,0.4738095238095237,-1.5857142857142859,2.523809523809524
GPT-2 XL,zsRE,MEMIT,SPHERE,canonical,1000,dose_specific,0.25,rewrite,EFF_TF,content_only,orthogonal,100,-1.2166666666666668,-4.050416666666667,1.233333333333333
GPT-2 XL,zsRE,MEMIT,SPHERE,canonical,1000,dose_specific,0.25,rewrite,EFF_TF,content_only,parallel_only,100,-0.5,-3.0,1.5
GPT-2 XL,zsRE,MEMIT,SPHERE,canonical,1000,dose_specific,0.25,rewrite,EFF_TF,content_only,parallel_minus_orthogonal,100,0.7166666666666669,-2.7333333333333325,4.133333333333334
GPT-2 XL,zsRE,MEMIT,SPHERE,canonical,1000,dose_specific,0.25,rephrase,GEN_TF,full,orthogonal,100,-0.3333333333333334,-1.666666666666667,1.1666666666666663
GPT-2 XL,zsRE,MEMIT,SPHERE,canonical,1000,dose_specific,0.25,rephrase,GEN_TF,full,parallel_only,100,0.0,0.0,0.0
GPT-2 XL,zsRE,MEMIT,SPHERE,canonical,1000,dose_specific,0.25,rephrase,GEN_TF,full,parallel_minus_orthogonal,100,0.3333333333333334,-1.1666666666666663,1.666666666666667
GPT-2 XL,zsRE,MEMIT,SPHERE,canonical,1000,dose_specific,0.25,rephrase,GEN_TF,content_only,orthogonal,100,-0.5333333333333333,-2.5,1.4666666666666668
GPT-2 XL,zsRE,MEMIT,SPHERE,canonical,1000,dose_specific,0.25,rephrase,GEN_TF,content_only,parallel_only,100,0.0,0.0,0.0
GPT-2 XL,zsRE,MEMIT,SPHERE,canonical,1000,dose_specific,0.25,rephrase,GEN_TF,content_only,parallel_minus_orthogonal,100,0.5333333333333333,-1.4666666666666668,2.5
GPT-2 XL,zsRE,MEMIT,SPHERE,canonical,1000,both_doses,0.25,locality,LOC,full,orthogonal,100,0.8498015873015871,-0.4191071428571434,2.379042658730157
GPT-2 XL,zsRE,MEMIT,SPHERE,canonical,1000,both_doses,0.25,locality,LOC,full,parallel_only,100,0.976190476190476,-0.04761904761904787,2.5
GPT-2 XL,zsRE,MEMIT,SPHERE,canonical,1000,both_doses,0.25,locality,LOC,full,parallel_minus_orthogonal,100,0.12638888888888894,-1.213566468253968,1.6388888888888886
GPT-2 XL,zsRE,MEMIT,SPHERE,canonical,1000,both_doses,0.25,rewrite,EFF_TF,full,orthogonal,100,-0.6404761904761902,-2.4049999999999994,1.0000595238095236
GPT-2 XL,zsRE,MEMIT,SPHERE,canonical,1000,both_doses,0.25,rewrite,EFF_TF,full,parallel_only,100,-0.16666666666666657,-1.5,1.0000000000000002
GPT-2 XL,zsRE,MEMIT,SPHERE,canonical,1000,both_doses,0.25,rewrite,EFF_TF,full,parallel_minus_orthogonal,100,0.4738095238095237,-1.5857142857142859,2.523809523809524
GPT-2 XL,zsRE,MEMIT,SPHERE,canonical,1000,both_doses,0.25,rewrite,EFF_TF,content_only,orthogonal,100,-1.2166666666666668,-4.050416666666667,1.233333333333333
GPT-2 XL,zsRE,MEMIT,SPHERE,canonical,1000,both_doses,0.25,rewrite,EFF_TF,content_only,parallel_only,100,-0.5,-3.0,1.5
GPT-2 XL,zsRE,MEMIT,SPHERE,canonical,1000,both_doses,0.25,rewrite,EFF_TF,content_only,parallel_minus_orthogonal,100,0.7166666666666669,-2.7333333333333325,4.133333333333334
GPT-2 XL,zsRE,MEMIT,SPHERE,canonical,1000,both_doses,0.25,rephrase,GEN_TF,full,orthogonal,100,-0.3333333333333334,-1.666666666666667,1.1666666666666663
GPT-2 XL,zsRE,MEMIT,SPHERE,canonical,1000,both_doses,0.25,rephrase,GEN_TF,full,parallel_only,100,0.0,0.0,0.0
GPT-2 XL,zsRE,MEMIT,SPHERE,canonical,1000,both_doses,0.25,rephrase,GEN_TF,full,parallel_minus_orthogonal,100,0.3333333333333334,-1.1666666666666663,1.666666666666667
GPT-2 XL,zsRE,MEMIT,SPHERE,canonical,1000,both_doses,0.25,rephrase,GEN_TF,content_only,orthogonal,100,-0.5333333333333333,-2.5,1.4666666666666668
GPT-2 XL,zsRE,MEMIT,SPHERE,canonical,1000,both_doses,0.25,rephrase,GEN_TF,content_only,parallel_only,100,0.0,0.0,0.0
GPT-2 XL,zsRE,MEMIT,SPHERE,canonical,1000,both_doses,0.25,rephrase,GEN_TF,content_only,parallel_minus_orthogonal,100,0.5333333333333333,-1.4666666666666668,2.5
GPT-2 XL,zsRE,MEMIT,SPHERE,canonical,1000,dose_specific,0.5,locality,LOC,full,orthogonal,100,1.2694444444444444,-0.49206349206349176,3.3390277777777757
GPT-2 XL,zsRE,MEMIT,SPHERE,canonical,1000,dose_specific,0.5,locality,LOC,full,parallel_only,100,-0.5476190476190478,-3.0476190476190474,1.4047619047619044
GPT-2 XL,zsRE,MEMIT,SPHERE,canonical,1000,dose_specific,0.5,locality,LOC,full,parallel_minus_orthogonal,100,-1.8170634920634923,-4.692450396825397,0.4277976190476184
GPT-2 XL,zsRE,MEMIT,SPHERE,canonical,1000,dose_specific,0.5,rewrite,EFF_TF,full,orthogonal,100,-1.1404761904761904,-3.7,1.333333333333333
GPT-2 XL,zsRE,MEMIT,SPHERE,canonical,1000,dose_specific,0.5,rewrite,EFF_TF,full,parallel_only,100,2.842170943040401e-16,-1.333333333333333,1.1666666666666672
GPT-2 XL,zsRE,MEMIT,SPHERE,canonical,1000,dose_specific,0.5,rewrite,EFF_TF,full,parallel_minus_orthogonal,100,1.1404761904761909,-1.6428571428571428,3.9476785714285714
GPT-2 XL,zsRE,MEMIT,SPHERE,canonical,1000,dose_specific,0.5,rewrite,EFF_TF,content_only,orthogonal,100,-1.916666666666667,-5.833333333333332,1.7500000000000007
GPT-2 XL,zsRE,MEMIT,SPHERE,canonical,1000,dose_specific,0.5,rewrite,EFF_TF,content_only,parallel_only,100,-0.3,-2.8,1.6
GPT-2 XL,zsRE,MEMIT,SPHERE,canonical,1000,dose_specific,0.5,rewrite,EFF_TF,content_only,parallel_minus_orthogonal,100,1.616666666666667,-2.8,6.033333333333335
GPT-2 XL,zsRE,MEMIT,SPHERE,canonical,1000,dose_specific,0.5,rephrase,GEN_TF,full,orthogonal,100,-0.41666666666666685,-2.883333333333334,2.166666666666666
GPT-2 XL,zsRE,MEMIT,SPHERE,canonical,1000,dose_specific,0.5,rephrase,GEN_TF,full,parallel_only,100,-0.6166666666666667,-1.8,0.4166666666666666
GPT-2 XL,zsRE,MEMIT,SPHERE,canonical,1000,dose_specific,0.5,rephrase,GEN_TF,full,parallel_minus_orthogonal,100,-0.19999999999999984,-2.983333333333333,2.5333333333333337
GPT-2 XL,zsRE,MEMIT,SPHERE,canonical,1000,dose_specific,0.5,rephrase,GEN_TF,content_only,orthogonal,100,1.1,-2.23375,5.05
GPT-2 XL,zsRE,MEMIT,SPHERE,canonical,1000,dose_specific,0.5,rephrase,GEN_TF,content_only,parallel_only,100,-0.9166666666666667,-2.666666666666667,0.49999999999999983
GPT-2 XL,zsRE,MEMIT,SPHERE,canonical,1000,dose_specific,0.5,rephrase,GEN_TF,content_only,parallel_minus_orthogonal,100,-2.016666666666667,-6.2333333333333325,1.6837499999999939
GPT-2 XL,zsRE,MEMIT,SPHERE,canonical,1000,both_doses,0.5,locality,LOC,full,orthogonal,100,1.2694444444444444,-0.49206349206349176,3.3390277777777757
GPT-2 XL,zsRE,MEMIT,SPHERE,canonical,1000,both_doses,0.5,locality,LOC,full,parallel_only,100,-0.5476190476190478,-3.0476190476190474,1.4047619047619044
GPT-2 XL,zsRE,MEMIT,SPHERE,canonical,1000,both_doses,0.5,locality,LOC,full,parallel_minus_orthogonal,100,-1.8170634920634923,-4.692450396825397,0.4277976190476184
GPT-2 XL,zsRE,MEMIT,SPHERE,canonical,1000,both_doses,0.5,rewrite,EFF_TF,full,orthogonal,100,-1.1404761904761904,-3.7,1.333333333333333
GPT-2 XL,zsRE,MEMIT,SPHERE,canonical,1000,both_doses,0.5,rewrite,EFF_TF,full,parallel_only,100,2.842170943040401e-16,-1.333333333333333,1.1666666666666672
GPT-2 XL,zsRE,MEMIT,SPHERE,canonical,1000,both_doses,0.5,rewrite,EFF_TF,full,parallel_minus_orthogonal,100,1.1404761904761909,-1.6428571428571428,3.9476785714285714
GPT-2 XL,zsRE,MEMIT,SPHERE,canonical,1000,both_doses,0.5,rewrite,EFF_TF,content_only,orthogonal,100,-1.916666666666667,-5.833333333333332,1.7500000000000007
GPT-2 XL,zsRE,MEMIT,SPHERE,canonical,1000,both_doses,0.5,rewrite,EFF_TF,content_only,parallel_only,100,-0.3,-2.8,1.6
GPT-2 XL,zsRE,MEMIT,SPHERE,canonical,1000,both_doses,0.5,rewrite,EFF_TF,content_only,parallel_minus_orthogonal,100,1.616666666666667,-2.8,6.033333333333335
GPT-2 XL,zsRE,MEMIT,SPHERE,canonical,1000,both_doses,0.5,rephrase,GEN_TF,full,orthogonal,100,-0.41666666666666685,-2.883333333333334,2.166666666666666
GPT-2 XL,zsRE,MEMIT,SPHERE,canonical,1000,both_doses,0.5,rephrase,GEN_TF,full,parallel_only,100,-0.6166666666666667,-1.8,0.4166666666666666
GPT-2 XL,zsRE,MEMIT,SPHERE,canonical,1000,both_doses,0.5,rephrase,GEN_TF,full,parallel_minus_orthogonal,100,-0.19999999999999984,-2.983333333333333,2.5333333333333337
GPT-2 XL,zsRE,MEMIT,SPHERE,canonical,1000,both_doses,0.5,rephrase,GEN_TF,content_only,orthogonal,100,1.1,-2.23375,5.05
GPT-2 XL,zsRE,MEMIT,SPHERE,canonical,1000,both_doses,0.5,rephrase,GEN_TF,content_only,parallel_only,100,-0.9166666666666667,-2.666666666666667,0.49999999999999983
GPT-2 XL,zsRE,MEMIT,SPHERE,canonical,1000,both_doses,0.5,rephrase,GEN_TF,content_only,parallel_minus_orthogonal,100,-2.016666666666667,-6.2333333333333325,1.6837499999999939
Llama,CounterFact,AlphaEdit,ENCORE,canonical,1000,dose_specific,0.25,locality,LOC,full,orthogonal,100,0.0,0.0,0.0
Llama,CounterFact,AlphaEdit,ENCORE,canonical,1000,dose_specific,0.25,locality,LOC,full,parallel_only,100,0.0,0.0,0.0
Llama,CounterFact,AlphaEdit,ENCORE,canonical,1000,dose_specific,0.25,locality,LOC,full,parallel_minus_orthogonal,100,0.0,0.0,0.0
Llama,CounterFact,AlphaEdit,ENCORE,canonical,1000,dose_specific,0.25,rewrite,EFF_TF,full,orthogonal,100,0.0,-2.5,2.5
Llama,CounterFact,AlphaEdit,ENCORE,canonical,1000,dose_specific,0.25,rewrite,EFF_TF,full,parallel_only,100,0.0,-1.5,1.5
Llama,CounterFact,AlphaEdit,ENCORE,canonical,1000,dose_specific,0.25,rewrite,EFF_TF,full,parallel_minus_orthogonal,100,0.0,-2.0,2.0
Llama,CounterFact,AlphaEdit,ENCORE,canonical,1000,dose_specific,0.25,rewrite,EFF_TF,content_only,orthogonal,100,0.0,-5.0,5.0
Llama,CounterFact,AlphaEdit,ENCORE,canonical,1000,dose_specific,0.25,rewrite,EFF_TF,content_only,parallel_only,100,0.0,-3.0,3.0
Llama,CounterFact,AlphaEdit,ENCORE,canonical,1000,dose_specific,0.25,rewrite,EFF_TF,content_only,parallel_minus_orthogonal,100,0.0,-4.0,4.0
Llama,CounterFact,AlphaEdit,ENCORE,canonical,1000,dose_specific,0.25,rephrase,GEN_TF,full,orthogonal,100,1.0,-1.0,3.0
Llama,CounterFact,AlphaEdit,ENCORE,canonical,1000,dose_specific,0.25,rephrase,GEN_TF,full,parallel_only,100,0.0,-1.5,1.5
Llama,CounterFact,AlphaEdit,ENCORE,canonical,1000,dose_specific,0.25,rephrase,GEN_TF,full,parallel_minus_orthogonal,100,-1.0,-3.0,1.0
Llama,CounterFact,AlphaEdit,ENCORE,canonical,1000,dose_specific,0.25,rephrase,GEN_TF,content_only,orthogonal,100,2.0,-2.0,6.0
Llama,CounterFact,AlphaEdit,ENCORE,canonical,1000,dose_specific,0.25,rephrase,GEN_TF,content_only,parallel_only,100,0.0,-3.0,3.0
Llama,CounterFact,AlphaEdit,ENCORE,canonical,1000,dose_specific,0.25,rephrase,GEN_TF,content_only,parallel_minus_orthogonal,100,-2.0,-6.0,2.0
Llama,CounterFact,AlphaEdit,ENCORE,canonical,1000,both_doses,0.25,locality,LOC,full,orthogonal,100,0.0,0.0,0.0
Llama,CounterFact,AlphaEdit,ENCORE,canonical,1000,both_doses,0.25,locality,LOC,full,parallel_only,100,0.0,0.0,0.0
Llama,CounterFact,AlphaEdit,ENCORE,canonical,1000,both_doses,0.25,locality,LOC,full,parallel_minus_orthogonal,100,0.0,0.0,0.0
Llama,CounterFact,AlphaEdit,ENCORE,canonical,1000,both_doses,0.25,rewrite,EFF_TF,full,orthogonal,100,0.0,-2.5,2.5
Llama,CounterFact,AlphaEdit,ENCORE,canonical,1000,both_doses,0.25,rewrite,EFF_TF,full,parallel_only,100,0.0,-1.5,1.5
Llama,CounterFact,AlphaEdit,ENCORE,canonical,1000,both_doses,0.25,rewrite,EFF_TF,full,parallel_minus_orthogonal,100,0.0,-2.0,2.0
Llama,CounterFact,AlphaEdit,ENCORE,canonical,1000,both_doses,0.25,rewrite,EFF_TF,content_only,orthogonal,100,0.0,-5.0,5.0
Llama,CounterFact,AlphaEdit,ENCORE,canonical,1000,both_doses,0.25,rewrite,EFF_TF,content_only,parallel_only,100,0.0,-3.0,3.0
Llama,CounterFact,AlphaEdit,ENCORE,canonical,1000,both_doses,0.25,rewrite,EFF_TF,content_only,parallel_minus_orthogonal,100,0.0,-4.0,4.0
Llama,CounterFact,AlphaEdit,ENCORE,canonical,1000,both_doses,0.25,rephrase,GEN_TF,full,orthogonal,100,1.0,-1.0,3.0
Llama,CounterFact,AlphaEdit,ENCORE,canonical,1000,both_doses,0.25,rephrase,GEN_TF,full,parallel_only,100,0.0,-1.5,1.5
Llama,CounterFact,AlphaEdit,ENCORE,canonical,1000,both_doses,0.25,rephrase,GEN_TF,full,parallel_minus_orthogonal,100,-1.0,-3.0,1.0
Llama,CounterFact,AlphaEdit,ENCORE,canonical,1000,both_doses,0.25,rephrase,GEN_TF,content_only,orthogonal,100,2.0,-2.0,6.0
Llama,CounterFact,AlphaEdit,ENCORE,canonical,1000,both_doses,0.25,rephrase,GEN_TF,content_only,parallel_only,100,0.0,-3.0,3.0
Llama,CounterFact,AlphaEdit,ENCORE,canonical,1000,both_doses,0.25,rephrase,GEN_TF,content_only,parallel_minus_orthogonal,100,-2.0,-6.0,2.0
Llama,CounterFact,AlphaEdit,ENCORE,canonical,1000,dose_specific,0.5,locality,LOC,full,orthogonal,100,1.0,0.0,3.0
Llama,CounterFact,AlphaEdit,ENCORE,canonical,1000,dose_specific,0.5,locality,LOC,full,parallel_only,100,0.0,0.0,0.0
Llama,CounterFact,AlphaEdit,ENCORE,canonical,1000,dose_specific,0.5,locality,LOC,full,parallel_minus_orthogonal,100,-1.0,-3.0,0.0
Llama,CounterFact,AlphaEdit,ENCORE,canonical,1000,dose_specific,0.5,rewrite,EFF_TF,full,orthogonal,100,-0.5,-3.0,2.0
Llama,CounterFact,AlphaEdit,ENCORE,canonical,1000,dose_specific,0.5,rewrite,EFF_TF,full,parallel_only,100,-1.0,-3.0,0.0
Llama,CounterFact,AlphaEdit,ENCORE,canonical,1000,dose_specific,0.5,rewrite,EFF_TF,full,parallel_minus_orthogonal,100,-0.5,-4.0,2.5
Llama,CounterFact,AlphaEdit,ENCORE,canonical,1000,dose_specific,0.5,rewrite,EFF_TF,content_only,orthogonal,100,0.0,-5.0,5.0
Llama,CounterFact,AlphaEdit,ENCORE,canonical,1000,dose_specific,0.5,rewrite,EFF_TF,content_only,parallel_only,100,-1.0,-3.0,0.0
Llama,CounterFact,AlphaEdit,ENCORE,canonical,1000,dose_specific,0.5,rewrite,EFF_TF,content_only,parallel_minus_orthogonal,100,-1.0,-6.0,4.0
Llama,CounterFact,AlphaEdit,ENCORE,canonical,1000,dose_specific,0.5,rephrase,GEN_TF,full,orthogonal,100,1.5,-0.5,4.0
Llama,CounterFact,AlphaEdit,ENCORE,canonical,1000,dose_specific,0.5,rephrase,GEN_TF,full,parallel_only,100,0.0,-1.5,1.5
Llama,CounterFact,AlphaEdit,ENCORE,canonical,1000,dose_specific,0.5,rephrase,GEN_TF,full,parallel_minus_orthogonal,100,-1.5,-4.0,0.5
Llama,CounterFact,AlphaEdit,ENCORE,canonical,1000,dose_specific,0.5,rephrase,GEN_TF,content_only,orthogonal,100,3.0,-1.0,8.0
Llama,CounterFact,AlphaEdit,ENCORE,canonical,1000,dose_specific,0.5,rephrase,GEN_TF,content_only,parallel_only,100,0.0,-3.0,3.0
Llama,CounterFact,AlphaEdit,ENCORE,canonical,1000,dose_specific,0.5,rephrase,GEN_TF,content_only,parallel_minus_orthogonal,100,-3.0,-8.0,1.0
Llama,CounterFact,AlphaEdit,ENCORE,canonical,1000,both_doses,0.5,locality,LOC,full,orthogonal,100,1.0,0.0,3.0
Llama,CounterFact,AlphaEdit,ENCORE,canonical,1000,both_doses,0.5,locality,LOC,full,parallel_only,100,0.0,0.0,0.0
Llama,CounterFact,AlphaEdit,ENCORE,canonical,1000,both_doses,0.5,locality,LOC,full,parallel_minus_orthogonal,100,-1.0,-3.0,0.0
Llama,CounterFact,AlphaEdit,ENCORE,canonical,1000,both_doses,0.5,rewrite,EFF_TF,full,orthogonal,100,-0.5,-3.0,2.0
Llama,CounterFact,AlphaEdit,ENCORE,canonical,1000,both_doses,0.5,rewrite,EFF_TF,full,parallel_only,100,-1.0,-3.0,0.0
Llama,CounterFact,AlphaEdit,ENCORE,canonical,1000,both_doses,0.5,rewrite,EFF_TF,full,parallel_minus_orthogonal,100,-0.5,-4.0,2.5
Llama,CounterFact,AlphaEdit,ENCORE,canonical,1000,both_doses,0.5,rewrite,EFF_TF,content_only,orthogonal,100,0.0,-5.0,5.0
Llama,CounterFact,AlphaEdit,ENCORE,canonical,1000,both_doses,0.5,rewrite,EFF_TF,content_only,parallel_only,100,-1.0,-3.0,0.0
Llama,CounterFact,AlphaEdit,ENCORE,canonical,1000,both_doses,0.5,rewrite,EFF_TF,content_only,parallel_minus_orthogonal,100,-1.0,-6.0,4.0
Llama,CounterFact,AlphaEdit,ENCORE,canonical,1000,both_doses,0.5,rephrase,GEN_TF,full,orthogonal,100,1.5,-0.5,4.0
Llama,CounterFact,AlphaEdit,ENCORE,canonical,1000,both_doses,0.5,rephrase,GEN_TF,full,parallel_only,100,0.0,-1.5,1.5
Llama,CounterFact,AlphaEdit,ENCORE,canonical,1000,both_doses,0.5,rephrase,GEN_TF,full,parallel_minus_orthogonal,100,-1.5,-4.0,0.5
Llama,CounterFact,AlphaEdit,ENCORE,canonical,1000,both_doses,0.5,rephrase,GEN_TF,content_only,orthogonal,100,3.0,-1.0,8.0
Llama,CounterFact,AlphaEdit,ENCORE,canonical,1000,both_doses,0.5,rephrase,GEN_TF,content_only,parallel_only,100,0.0,-3.0,3.0
Llama,CounterFact,AlphaEdit,ENCORE,canonical,1000,both_doses,0.5,rephrase,GEN_TF,content_only,parallel_minus_orthogonal,100,-3.0,-8.0,1.0
Llama,CounterFact,AlphaEdit,NAS,canonical,1000,dose_specific,0.25,locality,LOC,full,orthogonal,100,0.0,-4.0,4.0
Llama,CounterFact,AlphaEdit,NAS,canonical,1000,dose_specific,0.25,locality,LOC,full,parallel_only,100,0.0,0.0,0.0
Llama,CounterFact,AlphaEdit,NAS,canonical,1000,dose_specific,0.25,locality,LOC,full,parallel_minus_orthogonal,100,0.0,-4.0,4.0
Llama,CounterFact,AlphaEdit,NAS,canonical,1000,dose_specific,0.25,rewrite,EFF_TF,full,orthogonal,100,0.0,-1.5,1.5
Llama,CounterFact,AlphaEdit,NAS,canonical,1000,dose_specific,0.25,rewrite,EFF_TF,full,parallel_only,100,-1.0,-2.5,0.0
Llama,CounterFact,AlphaEdit,NAS,canonical,1000,dose_specific,0.25,rewrite,EFF_TF,full,parallel_minus_orthogonal,100,-1.0,-2.5,0.0
Llama,CounterFact,AlphaEdit,NAS,canonical,1000,dose_specific,0.25,rewrite,EFF_TF,content_only,orthogonal,100,0.0,-3.0,3.0
Llama,CounterFact,AlphaEdit,NAS,canonical,1000,dose_specific,0.25,rewrite,EFF_TF,content_only,parallel_only,100,-2.0,-5.0,0.0
Llama,CounterFact,AlphaEdit,NAS,canonical,1000,dose_specific,0.25,rewrite,EFF_TF,content_only,parallel_minus_orthogonal,100,-2.0,-5.0,0.0
Llama,CounterFact,AlphaEdit,NAS,canonical,1000,dose_specific,0.25,rephrase,GEN_TF,full,orthogonal,100,0.5,-1.0,2.0
Llama,CounterFact,AlphaEdit,NAS,canonical,1000,dose_specific,0.25,rephrase,GEN_TF,full,parallel_only,100,-0.5,-1.5,0.0
Llama,CounterFact,AlphaEdit,NAS,canonical,1000,dose_specific,0.25,rephrase,GEN_TF,full,parallel_minus_orthogonal,100,-1.0,-3.0,1.0
Llama,CounterFact,AlphaEdit,NAS,canonical,1000,dose_specific,0.25,rephrase,GEN_TF,content_only,orthogonal,100,1.0,-2.0,4.0
Llama,CounterFact,AlphaEdit,NAS,canonical,1000,dose_specific,0.25,rephrase,GEN_TF,content_only,parallel_only,100,0.0,0.0,0.0
Llama,CounterFact,AlphaEdit,NAS,canonical,1000,dose_specific,0.25,rephrase,GEN_TF,content_only,parallel_minus_orthogonal,100,-1.0,-4.0,2.0
Llama,CounterFact,AlphaEdit,NAS,canonical,1000,both_doses,0.25,locality,LOC,full,orthogonal,100,0.0,-4.0,4.0
Llama,CounterFact,AlphaEdit,NAS,canonical,1000,both_doses,0.25,locality,LOC,full,parallel_only,100,0.0,0.0,0.0
Llama,CounterFact,AlphaEdit,NAS,canonical,1000,both_doses,0.25,locality,LOC,full,parallel_minus_orthogonal,100,0.0,-4.0,4.0
Llama,CounterFact,AlphaEdit,NAS,canonical,1000,both_doses,0.25,rewrite,EFF_TF,full,orthogonal,100,0.0,-1.5,1.5
Llama,CounterFact,AlphaEdit,NAS,canonical,1000,both_doses,0.25,rewrite,EFF_TF,full,parallel_only,100,-1.0,-2.5,0.0
Llama,CounterFact,AlphaEdit,NAS,canonical,1000,both_doses,0.25,rewrite,EFF_TF,full,parallel_minus_orthogonal,100,-1.0,-2.5,0.0
Llama,CounterFact,AlphaEdit,NAS,canonical,1000,both_doses,0.25,rewrite,EFF_TF,content_only,orthogonal,100,0.0,-3.0,3.0
Llama,CounterFact,AlphaEdit,NAS,canonical,1000,both_doses,0.25,rewrite,EFF_TF,content_only,parallel_only,100,-2.0,-5.0,0.0
Llama,CounterFact,AlphaEdit,NAS,canonical,1000,both_doses,0.25,rewrite,EFF_TF,content_only,parallel_minus_orthogonal,100,-2.0,-5.0,0.0
Llama,CounterFact,AlphaEdit,NAS,canonical,1000,both_doses,0.25,rephrase,GEN_TF,full,orthogonal,100,0.5,-1.0,2.0
Llama,CounterFact,AlphaEdit,NAS,canonical,1000,both_doses,0.25,rephrase,GEN_TF,full,parallel_only,100,-0.5,-1.5,0.0
Llama,CounterFact,AlphaEdit,NAS,canonical,1000,both_doses,0.25,rephrase,GEN_TF,full,parallel_minus_orthogonal,100,-1.0,-3.0,1.0
Llama,CounterFact,AlphaEdit,NAS,canonical,1000,both_doses,0.25,rephrase,GEN_TF,content_only,orthogonal,100,1.0,-2.0,4.0
Llama,CounterFact,AlphaEdit,NAS,canonical,1000,both_doses,0.25,rephrase,GEN_TF,content_only,parallel_only,100,0.0,0.0,0.0
Llama,CounterFact,AlphaEdit,NAS,canonical,1000,both_doses,0.25,rephrase,GEN_TF,content_only,parallel_minus_orthogonal,100,-1.0,-4.0,2.0
Llama,CounterFact,AlphaEdit,NAS,canonical,1000,dose_specific,0.5,locality,LOC,full,orthogonal,100,-1.0,-4.0,2.0
Llama,CounterFact,AlphaEdit,NAS,canonical,1000,dose_specific,0.5,locality,LOC,full,parallel_only,100,0.0,0.0,0.0
Llama,CounterFact,AlphaEdit,NAS,canonical,1000,dose_specific,0.5,locality,LOC,full,parallel_minus_orthogonal,100,1.0,-2.0,4.0
Llama,CounterFact,AlphaEdit,NAS,canonical,1000,dose_specific,0.5,rewrite,EFF_TF,full,orthogonal,100,-0.5,-2.5,1.0
Llama,CounterFact,AlphaEdit,NAS,canonical,1000,dose_specific,0.5,rewrite,EFF_TF,full,parallel_only,100,-1.0,-2.5,0.0
Llama,CounterFact,AlphaEdit,NAS,canonical,1000,dose_specific,0.5,rewrite,EFF_TF,full,parallel_minus_orthogonal,100,-0.5,-2.5,1.0
Llama,CounterFact,AlphaEdit,NAS,canonical,1000,dose_specific,0.5,rewrite,EFF_TF,content_only,orthogonal,100,-1.0,-5.0,2.0
Llama,CounterFact,AlphaEdit,NAS,canonical,1000,dose_specific,0.5,rewrite,EFF_TF,content_only,parallel_only,100,-2.0,-5.0,0.0
Llama,CounterFact,AlphaEdit,NAS,canonical,1000,dose_specific,0.5,rewrite,EFF_TF,content_only,parallel_minus_orthogonal,100,-1.0,-5.0,2.0
Llama,CounterFact,AlphaEdit,NAS,canonical,1000,dose_specific,0.5,rephrase,GEN_TF,full,orthogonal,100,0.5,-1.0,2.0
Llama,CounterFact,AlphaEdit,NAS,canonical,1000,dose_specific,0.5,rephrase,GEN_TF,full,parallel_only,100,-0.5,-1.5,0.0
Llama,CounterFact,AlphaEdit,NAS,canonical,1000,dose_specific,0.5,rephrase,GEN_TF,full,parallel_minus_orthogonal,100,-1.0,-2.5,0.0
Llama,CounterFact,AlphaEdit,NAS,canonical,1000,dose_specific,0.5,rephrase,GEN_TF,content_only,orthogonal,100,1.0,-2.0,4.0
Llama,CounterFact,AlphaEdit,NAS,canonical,1000,dose_specific,0.5,rephrase,GEN_TF,content_only,parallel_only,100,-1.0,-3.0,0.0
Llama,CounterFact,AlphaEdit,NAS,canonical,1000,dose_specific,0.5,rephrase,GEN_TF,content_only,parallel_minus_orthogonal,100,-2.0,-5.0,0.0
Llama,CounterFact,AlphaEdit,NAS,canonical,1000,both_doses,0.5,locality,LOC,full,orthogonal,100,-1.0,-4.0,2.0
Llama,CounterFact,AlphaEdit,NAS,canonical,1000,both_doses,0.5,locality,LOC,full,parallel_only,100,0.0,0.0,0.0
Llama,CounterFact,AlphaEdit,NAS,canonical,1000,both_doses,0.5,locality,LOC,full,parallel_minus_orthogonal,100,1.0,-2.0,4.0
Llama,CounterFact,AlphaEdit,NAS,canonical,1000,both_doses,0.5,rewrite,EFF_TF,full,orthogonal,100,-0.5,-2.5,1.0
Llama,CounterFact,AlphaEdit,NAS,canonical,1000,both_doses,0.5,rewrite,EFF_TF,full,parallel_only,100,-1.0,-2.5,0.0
Llama,CounterFact,AlphaEdit,NAS,canonical,1000,both_doses,0.5,rewrite,EFF_TF,full,parallel_minus_orthogonal,100,-0.5,-2.5,1.0
Llama,CounterFact,AlphaEdit,NAS,canonical,1000,both_doses,0.5,rewrite,EFF_TF,content_only,orthogonal,100,-1.0,-5.0,2.0
Llama,CounterFact,AlphaEdit,NAS,canonical,1000,both_doses,0.5,rewrite,EFF_TF,content_only,parallel_only,100,-2.0,-5.0,0.0
Llama,CounterFact,AlphaEdit,NAS,canonical,1000,both_doses,0.5,rewrite,EFF_TF,content_only,parallel_minus_orthogonal,100,-1.0,-5.0,2.0
Llama,CounterFact,AlphaEdit,NAS,canonical,1000,both_doses,0.5,rephrase,GEN_TF,full,orthogonal,100,0.5,-1.0,2.0
Llama,CounterFact,AlphaEdit,NAS,canonical,1000,both_doses,0.5,rephrase,GEN_TF,full,parallel_only,100,-0.5,-1.5,0.0
Llama,CounterFact,AlphaEdit,NAS,canonical,1000,both_doses,0.5,rephrase,GEN_TF,full,parallel_minus_orthogonal,100,-1.0,-2.5,0.0
Llama,CounterFact,AlphaEdit,NAS,canonical,1000,both_doses,0.5,rephrase,GEN_TF,content_only,orthogonal,100,1.0,-2.0,4.0
Llama,CounterFact,AlphaEdit,NAS,canonical,1000,both_doses,0.5,rephrase,GEN_TF,content_only,parallel_only,100,-1.0,-3.0,0.0
Llama,CounterFact,AlphaEdit,NAS,canonical,1000,both_doses,0.5,rephrase,GEN_TF,content_only,parallel_minus_orthogonal,100,-2.0,-5.0,0.0
Llama,CounterFact,AlphaEdit,Native,canonical,1000,dose_specific,0.25,locality,LOC,full,orthogonal,100,1.0,0.0,3.0
Llama,CounterFact,AlphaEdit,Native,canonical,1000,dose_specific,0.25,locality,LOC,full,parallel_only,100,2.0,0.0,5.0
Llama,CounterFact,AlphaEdit,Native,canonical,1000,dose_specific,0.25,locality,LOC,full,parallel_minus_orthogonal,100,1.0,-2.0,5.0
Llama,CounterFact,AlphaEdit,Native,canonical,1000,dose_specific,0.25,rewrite,EFF_TF,full,orthogonal,100,1.0,0.0,2.5
Llama,CounterFact,AlphaEdit,Native,canonical,1000,dose_specific,0.25,rewrite,EFF_TF,full,parallel_only,100,-3.0,-6.0,-0.5
Llama,CounterFact,AlphaEdit,Native,canonical,1000,dose_specific,0.25,rewrite,EFF_TF,full,parallel_minus_orthogonal,100,-4.0,-7.0,-1.0
Llama,CounterFact,AlphaEdit,Native,canonical,1000,dose_specific,0.25,rewrite,EFF_TF,content_only,orthogonal,100,1.0,0.0,3.0
Llama,CounterFact,AlphaEdit,Native,canonical,1000,dose_specific,0.25,rewrite,EFF_TF,content_only,parallel_only,100,-7.0,-12.0,-2.0
Llama,CounterFact,AlphaEdit,Native,canonical,1000,dose_specific,0.25,rewrite,EFF_TF,content_only,parallel_minus_orthogonal,100,-8.0,-14.0,-3.0
Llama,CounterFact,AlphaEdit,Native,canonical,1000,dose_specific,0.25,rephrase,GEN_TF,full,orthogonal,100,-0.5,-1.5,0.0
Llama,CounterFact,AlphaEdit,Native,canonical,1000,dose_specific,0.25,rephrase,GEN_TF,full,parallel_only,100,-0.5,-2.5,1.0
Llama,CounterFact,AlphaEdit,Native,canonical,1000,dose_specific,0.25,rephrase,GEN_TF,full,parallel_minus_orthogonal,100,0.0,-2.0,2.0
Llama,CounterFact,AlphaEdit,Native,canonical,1000,dose_specific,0.25,rephrase,GEN_TF,content_only,orthogonal,100,0.0,0.0,0.0
Llama,CounterFact,AlphaEdit,Native,canonical,1000,dose_specific,0.25,rephrase,GEN_TF,content_only,parallel_only,100,-1.0,-5.0,2.0
Llama,CounterFact,AlphaEdit,Native,canonical,1000,dose_specific,0.25,rephrase,GEN_TF,content_only,parallel_minus_orthogonal,100,-1.0,-5.0,2.0
Llama,CounterFact,AlphaEdit,Native,canonical,1000,both_doses,0.25,locality,LOC,full,orthogonal,87,0.0,0.0,0.0
Llama,CounterFact,AlphaEdit,Native,canonical,1000,both_doses,0.25,locality,LOC,full,parallel_only,87,2.2988505747126435,0.0,5.747126436781609
Llama,CounterFact,AlphaEdit,Native,canonical,1000,both_doses,0.25,locality,LOC,full,parallel_minus_orthogonal,87,2.2988505747126435,0.0,5.747126436781609
Llama,CounterFact,AlphaEdit,Native,canonical,1000,both_doses,0.25,rewrite,EFF_TF,full,orthogonal,87,1.1494252873563218,0.0,2.8735632183908044
Llama,CounterFact,AlphaEdit,Native,canonical,1000,both_doses,0.25,rewrite,EFF_TF,full,parallel_only,87,-0.5747126436781609,-2.2988505747126435,1.1494252873563218
Llama,CounterFact,AlphaEdit,Native,canonical,1000,both_doses,0.25,rewrite,EFF_TF,full,parallel_minus_orthogonal,87,-1.7241379310344827,-4.597701149425287,0.5747126436781609
Llama,CounterFact,AlphaEdit,Native,canonical,1000,both_doses,0.25,rewrite,EFF_TF,content_only,orthogonal,87,1.1494252873563218,0.0,3.4482758620689653
Llama,CounterFact,AlphaEdit,Native,canonical,1000,both_doses,0.25,rewrite,EFF_TF,content_only,parallel_only,87,-2.2988505747126435,-5.747126436781609,0.0
Llama,CounterFact,AlphaEdit,Native,canonical,1000,both_doses,0.25,rewrite,EFF_TF,content_only,parallel_minus_orthogonal,87,-3.4482758620689653,-8.045977011494253,0.0
Llama,CounterFact,AlphaEdit,Native,canonical,1000,both_doses,0.25,rephrase,GEN_TF,full,orthogonal,87,-0.5747126436781609,-1.7241379310344827,0.0
Llama,CounterFact,AlphaEdit,Native,canonical,1000,both_doses,0.25,rephrase,GEN_TF,full,parallel_only,87,0.0,-1.7241379310344827,1.7241379310344827
Llama,CounterFact,AlphaEdit,Native,canonical,1000,both_doses,0.25,rephrase,GEN_TF,full,parallel_minus_orthogonal,87,0.5747126436781609,-1.1494252873563218,2.8735632183908044
Llama,CounterFact,AlphaEdit,Native,canonical,1000,both_doses,0.25,rephrase,GEN_TF,content_only,orthogonal,87,0.0,0.0,0.0
Llama,CounterFact,AlphaEdit,Native,canonical,1000,both_doses,0.25,rephrase,GEN_TF,content_only,parallel_only,87,0.0,-3.4482758620689653,3.4482758620689653
Llama,CounterFact,AlphaEdit,Native,canonical,1000,both_doses,0.25,rephrase,GEN_TF,content_only,parallel_minus_orthogonal,87,0.0,-3.4482758620689653,3.4482758620689653
Llama,CounterFact,AlphaEdit,Native,canonical,1000,dose_specific,0.5,locality,LOC,full,orthogonal,87,-1.1494252873563218,-3.4482758620689653,0.0
Llama,CounterFact,AlphaEdit,Native,canonical,1000,dose_specific,0.5,locality,LOC,full,parallel_only,87,0.0,-4.597701149425287,4.597701149425287
Llama,CounterFact,AlphaEdit,Native,canonical,1000,dose_specific,0.5,locality,LOC,full,parallel_minus_orthogonal,87,1.1494252873563218,-3.4482758620689653,5.747126436781609
Llama,CounterFact,AlphaEdit,Native,canonical,1000,dose_specific,0.5,rewrite,EFF_TF,full,orthogonal,87,0.5747126436781609,-1.1494252873563218,2.8735632183908044
Llama,CounterFact,AlphaEdit,Native,canonical,1000,dose_specific,0.5,rewrite,EFF_TF,full,parallel_only,87,-5.747126436781609,-9.770114942528735,-2.2988505747126435
Llama,CounterFact,AlphaEdit,Native,canonical,1000,dose_specific,0.5,rewrite,EFF_TF,full,parallel_minus_orthogonal,87,-6.32183908045977,-10.344827586206897,-2.8735632183908044
Llama,CounterFact,AlphaEdit,Native,canonical,1000,dose_specific,0.5,rewrite,EFF_TF,content_only,orthogonal,87,1.1494252873563218,0.0,3.4482758620689653
Llama,CounterFact,AlphaEdit,Native,canonical,1000,dose_specific,0.5,rewrite,EFF_TF,content_only,parallel_only,87,-10.344827586206897,-17.24137931034483,-4.597701149425287
Llama,CounterFact,AlphaEdit,Native,canonical,1000,dose_specific,0.5,rewrite,EFF_TF,content_only,parallel_minus_orthogonal,87,-11.494252873563218,-18.39080459770115,-5.747126436781609
Llama,CounterFact,AlphaEdit,Native,canonical,1000,dose_specific,0.5,rephrase,GEN_TF,full,orthogonal,87,-0.5747126436781609,-2.8735632183908044,1.1494252873563218
Llama,CounterFact,AlphaEdit,Native,canonical,1000,dose_specific,0.5,rephrase,GEN_TF,full,parallel_only,87,-1.1494252873563218,-4.022988505747127,1.7241379310344827
Llama,CounterFact,AlphaEdit,Native,canonical,1000,dose_specific,0.5,rephrase,GEN_TF,full,parallel_minus_orthogonal,87,-0.5747126436781609,-3.4482758620689653,2.2988505747126435
Llama,CounterFact,AlphaEdit,Native,canonical,1000,dose_specific,0.5,rephrase,GEN_TF,content_only,orthogonal,87,1.1494252873563218,-2.2988505747126435,4.597701149425287
Llama,CounterFact,AlphaEdit,Native,canonical,1000,dose_specific,0.5,rephrase,GEN_TF,content_only,parallel_only,87,0.0,-4.597701149425287,4.597701149425287
Llama,CounterFact,AlphaEdit,Native,canonical,1000,dose_specific,0.5,rephrase,GEN_TF,content_only,parallel_minus_orthogonal,87,-1.1494252873563218,-5.747126436781609,3.4482758620689653
Llama,CounterFact,AlphaEdit,Native,canonical,1000,both_doses,0.5,locality,LOC,full,orthogonal,87,-1.1494252873563218,-3.4482758620689653,0.0
Llama,CounterFact,AlphaEdit,Native,canonical,1000,both_doses,0.5,locality,LOC,full,parallel_only,87,0.0,-4.597701149425287,4.597701149425287
Llama,CounterFact,AlphaEdit,Native,canonical,1000,both_doses,0.5,locality,LOC,full,parallel_minus_orthogonal,87,1.1494252873563218,-3.4482758620689653,5.747126436781609
Llama,CounterFact,AlphaEdit,Native,canonical,1000,both_doses,0.5,rewrite,EFF_TF,full,orthogonal,87,0.5747126436781609,-1.1494252873563218,2.8735632183908044
Llama,CounterFact,AlphaEdit,Native,canonical,1000,both_doses,0.5,rewrite,EFF_TF,full,parallel_only,87,-5.747126436781609,-9.770114942528735,-2.2988505747126435
Llama,CounterFact,AlphaEdit,Native,canonical,1000,both_doses,0.5,rewrite,EFF_TF,full,parallel_minus_orthogonal,87,-6.32183908045977,-10.344827586206897,-2.8735632183908044
Llama,CounterFact,AlphaEdit,Native,canonical,1000,both_doses,0.5,rewrite,EFF_TF,content_only,orthogonal,87,1.1494252873563218,0.0,3.4482758620689653
Llama,CounterFact,AlphaEdit,Native,canonical,1000,both_doses,0.5,rewrite,EFF_TF,content_only,parallel_only,87,-10.344827586206897,-17.24137931034483,-4.597701149425287
Llama,CounterFact,AlphaEdit,Native,canonical,1000,both_doses,0.5,rewrite,EFF_TF,content_only,parallel_minus_orthogonal,87,-11.494252873563218,-18.39080459770115,-5.747126436781609
Llama,CounterFact,AlphaEdit,Native,canonical,1000,both_doses,0.5,rephrase,GEN_TF,full,orthogonal,87,-0.5747126436781609,-2.8735632183908044,1.1494252873563218
Llama,CounterFact,AlphaEdit,Native,canonical,1000,both_doses,0.5,rephrase,GEN_TF,full,parallel_only,87,-1.1494252873563218,-4.022988505747127,1.7241379310344827
Llama,CounterFact,AlphaEdit,Native,canonical,1000,both_doses,0.5,rephrase,GEN_TF,full,parallel_minus_orthogonal,87,-0.5747126436781609,-3.4482758620689653,2.2988505747126435
Llama,CounterFact,AlphaEdit,Native,canonical,1000,both_doses,0.5,rephrase,GEN_TF,content_only,orthogonal,87,1.1494252873563218,-2.2988505747126435,4.597701149425287
Llama,CounterFact,AlphaEdit,Native,canonical,1000,both_doses,0.5,rephrase,GEN_TF,content_only,parallel_only,87,0.0,-4.597701149425287,4.597701149425287
Llama,CounterFact,AlphaEdit,Native,canonical,1000,both_doses,0.5,rephrase,GEN_TF,content_only,parallel_minus_orthogonal,87,-1.1494252873563218,-5.747126436781609,3.4482758620689653
Llama,CounterFact,AlphaEdit,SADR,canonical,1000,dose_specific,0.25,locality,LOC,full,orthogonal,97,1.0309278350515463,-3.0927835051546393,5.154639175257732
Llama,CounterFact,AlphaEdit,SADR,canonical,1000,dose_specific,0.25,locality,LOC,full,parallel_only,97,-3.0927835051546393,-8.24742268041237,1.0309278350515463
Llama,CounterFact,AlphaEdit,SADR,canonical,1000,dose_specific,0.25,locality,LOC,full,parallel_minus_orthogonal,97,-4.123711340206185,-10.309278350515465,2.0618556701030926
Llama,CounterFact,AlphaEdit,SADR,canonical,1000,dose_specific,0.25,rewrite,EFF_TF,full,orthogonal,97,1.0309278350515463,-1.0309278350515463,3.0927835051546393
Llama,CounterFact,AlphaEdit,SADR,canonical,1000,dose_specific,0.25,rewrite,EFF_TF,full,parallel_only,97,-4.639175257731959,-8.24742268041237,-1.5463917525773196
Llama,CounterFact,AlphaEdit,SADR,canonical,1000,dose_specific,0.25,rewrite,EFF_TF,full,parallel_minus_orthogonal,97,-5.670103092783505,-9.278350515463918,-2.0618556701030926
Llama,CounterFact,AlphaEdit,SADR,canonical,1000,dose_specific,0.25,rewrite,EFF_TF,content_only,orthogonal,97,2.0618556701030926,-2.0618556701030926,6.185567010309279
Llama,CounterFact,AlphaEdit,SADR,canonical,1000,dose_specific,0.25,rewrite,EFF_TF,content_only,parallel_only,97,-8.24742268041237,-14.43298969072165,-2.0618556701030926
Llama,CounterFact,AlphaEdit,SADR,canonical,1000,dose_specific,0.25,rewrite,EFF_TF,content_only,parallel_minus_orthogonal,97,-10.309278350515465,-17.52577319587629,-3.0927835051546393
Llama,CounterFact,AlphaEdit,SADR,canonical,1000,dose_specific,0.25,rephrase,GEN_TF,full,orthogonal,97,0.0,-2.0618556701030926,2.0618556701030926
Llama,CounterFact,AlphaEdit,SADR,canonical,1000,dose_specific,0.25,rephrase,GEN_TF,full,parallel_only,97,-1.0309278350515463,-2.577319587628866,0.0
Llama,CounterFact,AlphaEdit,SADR,canonical,1000,dose_specific,0.25,rephrase,GEN_TF,full,parallel_minus_orthogonal,97,-1.0309278350515463,-3.6082474226804124,1.5463917525773196
Llama,CounterFact,AlphaEdit,SADR,canonical,1000,dose_specific,0.25,rephrase,GEN_TF,content_only,orthogonal,97,-1.0309278350515463,-5.154639175257732,2.0618556701030926
Llama,CounterFact,AlphaEdit,SADR,canonical,1000,dose_specific,0.25,rephrase,GEN_TF,content_only,parallel_only,97,-2.0618556701030926,-5.154639175257732,0.0
Llama,CounterFact,AlphaEdit,SADR,canonical,1000,dose_specific,0.25,rephrase,GEN_TF,content_only,parallel_minus_orthogonal,97,-1.0309278350515463,-5.154639175257732,3.0927835051546393
Llama,CounterFact,AlphaEdit,SADR,canonical,1000,both_doses,0.25,locality,LOC,full,orthogonal,82,1.2195121951219512,-3.658536585365854,7.317073170731708
Llama,CounterFact,AlphaEdit,SADR,canonical,1000,both_doses,0.25,locality,LOC,full,parallel_only,82,-2.4390243902439024,-7.317073170731708,2.4390243902439024
Llama,CounterFact,AlphaEdit,SADR,canonical,1000,both_doses,0.25,locality,LOC,full,parallel_minus_orthogonal,82,-3.658536585365854,-10.975609756097562,3.658536585365854
Llama,CounterFact,AlphaEdit,SADR,canonical,1000,both_doses,0.25,rewrite,EFF_TF,full,orthogonal,82,1.2195121951219512,-1.2195121951219512,3.658536585365854
Llama,CounterFact,AlphaEdit,SADR,canonical,1000,both_doses,0.25,rewrite,EFF_TF,full,parallel_only,82,-1.2195121951219512,-3.658536585365854,1.2195121951219512
Llama,CounterFact,AlphaEdit,SADR,canonical,1000,both_doses,0.25,rewrite,EFF_TF,full,parallel_minus_orthogonal,82,-2.4390243902439024,-6.097560975609756,0.6097560975609756
Llama,CounterFact,AlphaEdit,SADR,canonical,1000,both_doses,0.25,rewrite,EFF_TF,content_only,orthogonal,82,2.4390243902439024,-2.4390243902439024,7.317073170731708
Llama,CounterFact,AlphaEdit,SADR,canonical,1000,both_doses,0.25,rewrite,EFF_TF,content_only,parallel_only,82,-1.2195121951219512,-4.878048780487805,2.4390243902439024
Llama,CounterFact,AlphaEdit,SADR,canonical,1000,both_doses,0.25,rewrite,EFF_TF,content_only,parallel_minus_orthogonal,82,-3.658536585365854,-9.75609756097561,2.4390243902439024
Llama,CounterFact,AlphaEdit,SADR,canonical,1000,both_doses,0.25,rephrase,GEN_TF,full,orthogonal,82,0.0,-2.4390243902439024,2.4390243902439024
Llama,CounterFact,AlphaEdit,SADR,canonical,1000,both_doses,0.25,rephrase,GEN_TF,full,parallel_only,82,-1.2195121951219512,-3.048780487804878,0.0
Llama,CounterFact,AlphaEdit,SADR,canonical,1000,both_doses,0.25,rephrase,GEN_TF,full,parallel_minus_orthogonal,82,-1.2195121951219512,-4.2682926829268295,1.829268292682927
Llama,CounterFact,AlphaEdit,SADR,canonical,1000,both_doses,0.25,rephrase,GEN_TF,content_only,orthogonal,82,-1.2195121951219512,-4.878048780487805,2.4390243902439024
Llama,CounterFact,AlphaEdit,SADR,canonical,1000,both_doses,0.25,rephrase,GEN_TF,content_only,parallel_only,82,-2.4390243902439024,-6.097560975609756,0.0
Llama,CounterFact,AlphaEdit,SADR,canonical,1000,both_doses,0.25,rephrase,GEN_TF,content_only,parallel_minus_orthogonal,82,-1.2195121951219512,-6.097560975609756,3.658536585365854
Llama,CounterFact,AlphaEdit,SADR,canonical,1000,dose_specific,0.5,locality,LOC,full,orthogonal,82,0.0,-6.097560975609756,6.097560975609756
Llama,CounterFact,AlphaEdit,SADR,canonical,1000,dose_specific,0.5,locality,LOC,full,parallel_only,82,-4.878048780487805,-10.975609756097562,0.0
Llama,CounterFact,AlphaEdit,SADR,canonical,1000,dose_specific,0.5,locality,LOC,full,parallel_minus_orthogonal,82,-4.878048780487805,-12.195121951219512,1.2195121951219512
Llama,CounterFact,AlphaEdit,SADR,canonical,1000,dose_specific,0.5,rewrite,EFF_TF,full,orthogonal,82,1.2195121951219512,-1.829268292682927,4.2682926829268295
Llama,CounterFact,AlphaEdit,SADR,canonical,1000,dose_specific,0.5,rewrite,EFF_TF,full,parallel_only,82,-7.317073170731708,-11.585365853658537,-3.658536585365854
Llama,CounterFact,AlphaEdit,SADR,canonical,1000,dose_specific,0.5,rewrite,EFF_TF,full,parallel_minus_orthogonal,82,-8.536585365853659,-14.024390243902438,-3.658536585365854
Llama,CounterFact,AlphaEdit,SADR,canonical,1000,dose_specific,0.5,rewrite,EFF_TF,content_only,orthogonal,82,2.4390243902439024,-2.4390243902439024,7.317073170731708
Llama,CounterFact,AlphaEdit,SADR,canonical,1000,dose_specific,0.5,rewrite,EFF_TF,content_only,parallel_only,82,-13.414634146341463,-20.76219512195119,-6.097560975609756
Llama,CounterFact,AlphaEdit,SADR,canonical,1000,dose_specific,0.5,rewrite,EFF_TF,content_only,parallel_minus_orthogonal,82,-15.853658536585366,-24.390243902439025,-7.317073170731708
Llama,CounterFact,AlphaEdit,SADR,canonical,1000,dose_specific,0.5,rephrase,GEN_TF,full,orthogonal,82,1.2195121951219512,-1.829268292682927,4.2682926829268295
Llama,CounterFact,AlphaEdit,SADR,canonical,1000,dose_specific,0.5,rephrase,GEN_TF,full,parallel_only,82,-3.658536585365854,-7.317073170731708,-0.6097560975609756
Llama,CounterFact,AlphaEdit,SADR,canonical,1000,dose_specific,0.5,rephrase,GEN_TF,full,parallel_minus_orthogonal,82,-4.878048780487805,-9.146341463414634,-0.6097560975609756
Llama,CounterFact,AlphaEdit,SADR,canonical,1000,dose_specific,0.5,rephrase,GEN_TF,content_only,orthogonal,82,1.2195121951219512,-3.658536585365854,6.097560975609756
Llama,CounterFact,AlphaEdit,SADR,canonical,1000,dose_specific,0.5,rephrase,GEN_TF,content_only,parallel_only,82,-6.097560975609756,-12.195121951219512,0.0
Llama,CounterFact,AlphaEdit,SADR,canonical,1000,dose_specific,0.5,rephrase,GEN_TF,content_only,parallel_minus_orthogonal,82,-7.317073170731708,-14.634146341463415,0.0
Llama,CounterFact,AlphaEdit,SADR,canonical,1000,both_doses,0.5,locality,LOC,full,orthogonal,82,0.0,-6.097560975609756,6.097560975609756
Llama,CounterFact,AlphaEdit,SADR,canonical,1000,both_doses,0.5,locality,LOC,full,parallel_only,82,-4.878048780487805,-10.975609756097562,0.0
Llama,CounterFact,AlphaEdit,SADR,canonical,1000,both_doses,0.5,locality,LOC,full,parallel_minus_orthogonal,82,-4.878048780487805,-12.195121951219512,1.2195121951219512
Llama,CounterFact,AlphaEdit,SADR,canonical,1000,both_doses,0.5,rewrite,EFF_TF,full,orthogonal,82,1.2195121951219512,-1.829268292682927,4.2682926829268295
Llama,CounterFact,AlphaEdit,SADR,canonical,1000,both_doses,0.5,rewrite,EFF_TF,full,parallel_only,82,-7.317073170731708,-11.585365853658537,-3.658536585365854
Llama,CounterFact,AlphaEdit,SADR,canonical,1000,both_doses,0.5,rewrite,EFF_TF,full,parallel_minus_orthogonal,82,-8.536585365853659,-14.024390243902438,-3.658536585365854
Llama,CounterFact,AlphaEdit,SADR,canonical,1000,both_doses,0.5,rewrite,EFF_TF,content_only,orthogonal,82,2.4390243902439024,-2.4390243902439024,7.317073170731708
Llama,CounterFact,AlphaEdit,SADR,canonical,1000,both_doses,0.5,rewrite,EFF_TF,content_only,parallel_only,82,-13.414634146341463,-20.76219512195119,-6.097560975609756
Llama,CounterFact,AlphaEdit,SADR,canonical,1000,both_doses,0.5,rewrite,EFF_TF,content_only,parallel_minus_orthogonal,82,-15.853658536585366,-24.390243902439025,-7.317073170731708
Llama,CounterFact,AlphaEdit,SADR,canonical,1000,both_doses,0.5,rephrase,GEN_TF,full,orthogonal,82,1.2195121951219512,-1.829268292682927,4.2682926829268295
Llama,CounterFact,AlphaEdit,SADR,canonical,1000,both_doses,0.5,rephrase,GEN_TF,full,parallel_only,82,-3.658536585365854,-7.317073170731708,-0.6097560975609756
Llama,CounterFact,AlphaEdit,SADR,canonical,1000,both_doses,0.5,rephrase,GEN_TF,full,parallel_minus_orthogonal,82,-4.878048780487805,-9.146341463414634,-0.6097560975609756
Llama,CounterFact,AlphaEdit,SADR,canonical,1000,both_doses,0.5,rephrase,GEN_TF,content_only,orthogonal,82,1.2195121951219512,-3.658536585365854,6.097560975609756
Llama,CounterFact,AlphaEdit,SADR,canonical,1000,both_doses,0.5,rephrase,GEN_TF,content_only,parallel_only,82,-6.097560975609756,-12.195121951219512,0.0
Llama,CounterFact,AlphaEdit,SADR,canonical,1000,both_doses,0.5,rephrase,GEN_TF,content_only,parallel_minus_orthogonal,82,-7.317073170731708,-14.634146341463415,0.0
Llama,CounterFact,AlphaEdit,SPHERE,canonical,1000,dose_specific,0.25,locality,LOC,full,orthogonal,100,0.0,0.0,0.0
Llama,CounterFact,AlphaEdit,SPHERE,canonical,1000,dose_specific,0.25,locality,LOC,full,parallel_only,100,2.0,0.0,5.0
Llama,CounterFact,AlphaEdit,SPHERE,canonical,1000,dose_specific,0.25,locality,LOC,full,parallel_minus_orthogonal,100,2.0,0.0,5.0
Llama,CounterFact,AlphaEdit,SPHERE,canonical,1000,dose_specific,0.25,rewrite,EFF_TF,full,orthogonal,100,0.5,0.0,1.5
Llama,CounterFact,AlphaEdit,SPHERE,canonical,1000,dose_specific,0.25,rewrite,EFF_TF,full,parallel_only,100,0.0,0.0,0.0
Llama,CounterFact,AlphaEdit,SPHERE,canonical,1000,dose_specific,0.25,rewrite,EFF_TF,full,parallel_minus_orthogonal,100,-0.5,-1.5,0.0
Llama,CounterFact,AlphaEdit,SPHERE,canonical,1000,dose_specific,0.25,rewrite,EFF_TF,content_only,orthogonal,100,1.0,0.0,3.0
Llama,CounterFact,AlphaEdit,SPHERE,canonical,1000,dose_specific,0.25,rewrite,EFF_TF,content_only,parallel_only,100,0.0,0.0,0.0
Llama,CounterFact,AlphaEdit,SPHERE,canonical,1000,dose_specific,0.25,rewrite,EFF_TF,content_only,parallel_minus_orthogonal,100,-1.0,-3.0,0.0
Llama,CounterFact,AlphaEdit,SPHERE,canonical,1000,dose_specific,0.25,rephrase,GEN_TF,full,orthogonal,100,0.0,0.0,0.0
Llama,CounterFact,AlphaEdit,SPHERE,canonical,1000,dose_specific,0.25,rephrase,GEN_TF,full,parallel_only,100,0.0,0.0,0.0
Llama,CounterFact,AlphaEdit,SPHERE,canonical,1000,dose_specific,0.25,rephrase,GEN_TF,full,parallel_minus_orthogonal,100,0.0,0.0,0.0
Llama,CounterFact,AlphaEdit,SPHERE,canonical,1000,dose_specific,0.25,rephrase,GEN_TF,content_only,orthogonal,100,0.0,0.0,0.0
Llama,CounterFact,AlphaEdit,SPHERE,canonical,1000,dose_specific,0.25,rephrase,GEN_TF,content_only,parallel_only,100,0.0,0.0,0.0
Llama,CounterFact,AlphaEdit,SPHERE,canonical,1000,dose_specific,0.25,rephrase,GEN_TF,content_only,parallel_minus_orthogonal,100,0.0,0.0,0.0
Llama,CounterFact,AlphaEdit,SPHERE,canonical,1000,both_doses,0.25,locality,LOC,full,orthogonal,100,0.0,0.0,0.0
Llama,CounterFact,AlphaEdit,SPHERE,canonical,1000,both_doses,0.25,locality,LOC,full,parallel_only,100,2.0,0.0,5.0
Llama,CounterFact,AlphaEdit,SPHERE,canonical,1000,both_doses,0.25,locality,LOC,full,parallel_minus_orthogonal,100,2.0,0.0,5.0
Llama,CounterFact,AlphaEdit,SPHERE,canonical,1000,both_doses,0.25,rewrite,EFF_TF,full,orthogonal,100,0.5,0.0,1.5
Llama,CounterFact,AlphaEdit,SPHERE,canonical,1000,both_doses,0.25,rewrite,EFF_TF,full,parallel_only,100,0.0,0.0,0.0
Llama,CounterFact,AlphaEdit,SPHERE,canonical,1000,both_doses,0.25,rewrite,EFF_TF,full,parallel_minus_orthogonal,100,-0.5,-1.5,0.0
Llama,CounterFact,AlphaEdit,SPHERE,canonical,1000,both_doses,0.25,rewrite,EFF_TF,content_only,orthogonal,100,1.0,0.0,3.0
Llama,CounterFact,AlphaEdit,SPHERE,canonical,1000,both_doses,0.25,rewrite,EFF_TF,content_only,parallel_only,100,0.0,0.0,0.0
Llama,CounterFact,AlphaEdit,SPHERE,canonical,1000,both_doses,0.25,rewrite,EFF_TF,content_only,parallel_minus_orthogonal,100,-1.0,-3.0,0.0
Llama,CounterFact,AlphaEdit,SPHERE,canonical,1000,both_doses,0.25,rephrase,GEN_TF,full,orthogonal,100,0.0,0.0,0.0
Llama,CounterFact,AlphaEdit,SPHERE,canonical,1000,both_doses,0.25,rephrase,GEN_TF,full,parallel_only,100,0.0,0.0,0.0
Llama,CounterFact,AlphaEdit,SPHERE,canonical,1000,both_doses,0.25,rephrase,GEN_TF,full,parallel_minus_orthogonal,100,0.0,0.0,0.0
Llama,CounterFact,AlphaEdit,SPHERE,canonical,1000,both_doses,0.25,rephrase,GEN_TF,content_only,orthogonal,100,0.0,0.0,0.0
Llama,CounterFact,AlphaEdit,SPHERE,canonical,1000,both_doses,0.25,rephrase,GEN_TF,content_only,parallel_only,100,0.0,0.0,0.0
Llama,CounterFact,AlphaEdit,SPHERE,canonical,1000,both_doses,0.25,rephrase,GEN_TF,content_only,parallel_minus_orthogonal,100,0.0,0.0,0.0
Llama,CounterFact,AlphaEdit,SPHERE,canonical,1000,dose_specific,0.5,locality,LOC,full,orthogonal,100,0.0,0.0,0.0
Llama,CounterFact,AlphaEdit,SPHERE,canonical,1000,dose_specific,0.5,locality,LOC,full,parallel_only,100,2.0,0.0,5.0
Llama,CounterFact,AlphaEdit,SPHERE,canonical,1000,dose_specific,0.5,locality,LOC,full,parallel_minus_orthogonal,100,2.0,0.0,5.0
Llama,CounterFact,AlphaEdit,SPHERE,canonical,1000,dose_specific,0.5,rewrite,EFF_TF,full,orthogonal,100,0.5,0.0,1.5
Llama,CounterFact,AlphaEdit,SPHERE,canonical,1000,dose_specific,0.5,rewrite,EFF_TF,full,parallel_only,100,0.0,0.0,0.0
Llama,CounterFact,AlphaEdit,SPHERE,canonical,1000,dose_specific,0.5,rewrite,EFF_TF,full,parallel_minus_orthogonal,100,-0.5,-1.5,0.0
Llama,CounterFact,AlphaEdit,SPHERE,canonical,1000,dose_specific,0.5,rewrite,EFF_TF,content_only,orthogonal,100,1.0,0.0,3.0
Llama,CounterFact,AlphaEdit,SPHERE,canonical,1000,dose_specific,0.5,rewrite,EFF_TF,content_only,parallel_only,100,0.0,0.0,0.0
Llama,CounterFact,AlphaEdit,SPHERE,canonical,1000,dose_specific,0.5,rewrite,EFF_TF,content_only,parallel_minus_orthogonal,100,-1.0,-3.0,0.0
Llama,CounterFact,AlphaEdit,SPHERE,canonical,1000,dose_specific,0.5,rephrase,GEN_TF,full,orthogonal,100,1.0,0.0,2.5
Llama,CounterFact,AlphaEdit,SPHERE,canonical,1000,dose_specific,0.5,rephrase,GEN_TF,full,parallel_only,100,-1.0,-2.5,0.0
Llama,CounterFact,AlphaEdit,SPHERE,canonical,1000,dose_specific,0.5,rephrase,GEN_TF,full,parallel_minus_orthogonal,100,-2.0,-4.0,-0.5
Llama,CounterFact,AlphaEdit,SPHERE,canonical,1000,dose_specific,0.5,rephrase,GEN_TF,content_only,orthogonal,100,2.0,0.0,5.0
Llama,CounterFact,AlphaEdit,SPHERE,canonical,1000,dose_specific,0.5,rephrase,GEN_TF,content_only,parallel_only,100,-2.0,-5.0,0.0
Llama,CounterFact,AlphaEdit,SPHERE,canonical,1000,dose_specific,0.5,rephrase,GEN_TF,content_only,parallel_minus_orthogonal,100,-4.0,-8.0,-1.0
Llama,CounterFact,AlphaEdit,SPHERE,canonical,1000,both_doses,0.5,locality,LOC,full,orthogonal,100,0.0,0.0,0.0
Llama,CounterFact,AlphaEdit,SPHERE,canonical,1000,both_doses,0.5,locality,LOC,full,parallel_only,100,2.0,0.0,5.0
Llama,CounterFact,AlphaEdit,SPHERE,canonical,1000,both_doses,0.5,locality,LOC,full,parallel_minus_orthogonal,100,2.0,0.0,5.0
Llama,CounterFact,AlphaEdit,SPHERE,canonical,1000,both_doses,0.5,rewrite,EFF_TF,full,orthogonal,100,0.5,0.0,1.5
Llama,CounterFact,AlphaEdit,SPHERE,canonical,1000,both_doses,0.5,rewrite,EFF_TF,full,parallel_only,100,0.0,0.0,0.0
Llama,CounterFact,AlphaEdit,SPHERE,canonical,1000,both_doses,0.5,rewrite,EFF_TF,full,parallel_minus_orthogonal,100,-0.5,-1.5,0.0
Llama,CounterFact,AlphaEdit,SPHERE,canonical,1000,both_doses,0.5,rewrite,EFF_TF,content_only,orthogonal,100,1.0,0.0,3.0
Llama,CounterFact,AlphaEdit,SPHERE,canonical,1000,both_doses,0.5,rewrite,EFF_TF,content_only,parallel_only,100,0.0,0.0,0.0
Llama,CounterFact,AlphaEdit,SPHERE,canonical,1000,both_doses,0.5,rewrite,EFF_TF,content_only,parallel_minus_orthogonal,100,-1.0,-3.0,0.0
Llama,CounterFact,AlphaEdit,SPHERE,canonical,1000,both_doses,0.5,rephrase,GEN_TF,full,orthogonal,100,1.0,0.0,2.5
Llama,CounterFact,AlphaEdit,SPHERE,canonical,1000,both_doses,0.5,rephrase,GEN_TF,full,parallel_only,100,-1.0,-2.5,0.0
Llama,CounterFact,AlphaEdit,SPHERE,canonical,1000,both_doses,0.5,rephrase,GEN_TF,full,parallel_minus_orthogonal,100,-2.0,-4.0,-0.5
Llama,CounterFact,AlphaEdit,SPHERE,canonical,1000,both_doses,0.5,rephrase,GEN_TF,content_only,orthogonal,100,2.0,0.0,5.0
Llama,CounterFact,AlphaEdit,SPHERE,canonical,1000,both_doses,0.5,rephrase,GEN_TF,content_only,parallel_only,100,-2.0,-5.0,0.0
Llama,CounterFact,AlphaEdit,SPHERE,canonical,1000,both_doses,0.5,rephrase,GEN_TF,content_only,parallel_minus_orthogonal,100,-4.0,-8.0,-1.0
Llama,CounterFact,MEMIT,ENCORE,canonical,1000,dose_specific,0.25,locality,LOC,full,orthogonal,100,0.0,0.0,0.0
Llama,CounterFact,MEMIT,ENCORE,canonical,1000,dose_specific,0.25,locality,LOC,full,parallel_only,100,0.0,0.0,0.0
Llama,CounterFact,MEMIT,ENCORE,canonical,1000,dose_specific,0.25,locality,LOC,full,parallel_minus_orthogonal,100,0.0,0.0,0.0
Llama,CounterFact,MEMIT,ENCORE,canonical,1000,dose_specific,0.25,rewrite,EFF_TF,full,orthogonal,100,0.5,0.0,1.5
Llama,CounterFact,MEMIT,ENCORE,canonical,1000,dose_specific,0.25,rewrite,EFF_TF,full,parallel_only,100,0.5,0.0,1.5
Llama,CounterFact,MEMIT,ENCORE,canonical,1000,dose_specific,0.25,rewrite,EFF_TF,full,parallel_minus_orthogonal,100,0.0,0.0,0.0
Llama,CounterFact,MEMIT,ENCORE,canonical,1000,dose_specific,0.25,rewrite,EFF_TF,content_only,orthogonal,100,1.0,0.0,3.0
Llama,CounterFact,MEMIT,ENCORE,canonical,1000,dose_specific,0.25,rewrite,EFF_TF,content_only,parallel_only,100,1.0,0.0,3.0
Llama,CounterFact,MEMIT,ENCORE,canonical,1000,dose_specific,0.25,rewrite,EFF_TF,content_only,parallel_minus_orthogonal,100,0.0,0.0,0.0
Llama,CounterFact,MEMIT,ENCORE,canonical,1000,dose_specific,0.25,rephrase,GEN_TF,full,orthogonal,100,-0.5,-1.5,0.0
Llama,CounterFact,MEMIT,ENCORE,canonical,1000,dose_specific,0.25,rephrase,GEN_TF,full,parallel_only,100,-0.5,-1.5,0.0
Llama,CounterFact,MEMIT,ENCORE,canonical,1000,dose_specific,0.25,rephrase,GEN_TF,full,parallel_minus_orthogonal,100,0.0,-1.5,1.5
Llama,CounterFact,MEMIT,ENCORE,canonical,1000,dose_specific,0.25,rephrase,GEN_TF,content_only,orthogonal,100,-1.0,-3.0,0.0
Llama,CounterFact,MEMIT,ENCORE,canonical,1000,dose_specific,0.25,rephrase,GEN_TF,content_only,parallel_only,100,0.0,0.0,0.0
Llama,CounterFact,MEMIT,ENCORE,canonical,1000,dose_specific,0.25,rephrase,GEN_TF,content_only,parallel_minus_orthogonal,100,1.0,0.0,3.0
Llama,CounterFact,MEMIT,ENCORE,canonical,1000,both_doses,0.25,locality,LOC,full,orthogonal,100,0.0,0.0,0.0
Llama,CounterFact,MEMIT,ENCORE,canonical,1000,both_doses,0.25,locality,LOC,full,parallel_only,100,0.0,0.0,0.0
Llama,CounterFact,MEMIT,ENCORE,canonical,1000,both_doses,0.25,locality,LOC,full,parallel_minus_orthogonal,100,0.0,0.0,0.0
Llama,CounterFact,MEMIT,ENCORE,canonical,1000,both_doses,0.25,rewrite,EFF_TF,full,orthogonal,100,0.5,0.0,1.5
Llama,CounterFact,MEMIT,ENCORE,canonical,1000,both_doses,0.25,rewrite,EFF_TF,full,parallel_only,100,0.5,0.0,1.5
Llama,CounterFact,MEMIT,ENCORE,canonical,1000,both_doses,0.25,rewrite,EFF_TF,full,parallel_minus_orthogonal,100,0.0,0.0,0.0
Llama,CounterFact,MEMIT,ENCORE,canonical,1000,both_doses,0.25,rewrite,EFF_TF,content_only,orthogonal,100,1.0,0.0,3.0
Llama,CounterFact,MEMIT,ENCORE,canonical,1000,both_doses,0.25,rewrite,EFF_TF,content_only,parallel_only,100,1.0,0.0,3.0
Llama,CounterFact,MEMIT,ENCORE,canonical,1000,both_doses,0.25,rewrite,EFF_TF,content_only,parallel_minus_orthogonal,100,0.0,0.0,0.0
Llama,CounterFact,MEMIT,ENCORE,canonical,1000,both_doses,0.25,rephrase,GEN_TF,full,orthogonal,100,-0.5,-1.5,0.0
Llama,CounterFact,MEMIT,ENCORE,canonical,1000,both_doses,0.25,rephrase,GEN_TF,full,parallel_only,100,-0.5,-1.5,0.0
Llama,CounterFact,MEMIT,ENCORE,canonical,1000,both_doses,0.25,rephrase,GEN_TF,full,parallel_minus_orthogonal,100,0.0,-1.5,1.5
Llama,CounterFact,MEMIT,ENCORE,canonical,1000,both_doses,0.25,rephrase,GEN_TF,content_only,orthogonal,100,-1.0,-3.0,0.0
Llama,CounterFact,MEMIT,ENCORE,canonical,1000,both_doses,0.25,rephrase,GEN_TF,content_only,parallel_only,100,0.0,0.0,0.0
Llama,CounterFact,MEMIT,ENCORE,canonical,1000,both_doses,0.25,rephrase,GEN_TF,content_only,parallel_minus_orthogonal,100,1.0,0.0,3.0
Llama,CounterFact,MEMIT,ENCORE,canonical,1000,dose_specific,0.5,locality,LOC,full,orthogonal,100,0.0,0.0,0.0
Llama,CounterFact,MEMIT,ENCORE,canonical,1000,dose_specific,0.5,locality,LOC,full,parallel_only,100,0.0,0.0,0.0
Llama,CounterFact,MEMIT,ENCORE,canonical,1000,dose_specific,0.5,locality,LOC,full,parallel_minus_orthogonal,100,0.0,0.0,0.0
Llama,CounterFact,MEMIT,ENCORE,canonical,1000,dose_specific,0.5,rewrite,EFF_TF,full,orthogonal,100,0.0,0.0,0.0
Llama,CounterFact,MEMIT,ENCORE,canonical,1000,dose_specific,0.5,rewrite,EFF_TF,full,parallel_only,100,0.5,0.0,1.5
Llama,CounterFact,MEMIT,ENCORE,canonical,1000,dose_specific,0.5,rewrite,EFF_TF,full,parallel_minus_orthogonal,100,0.5,0.0,1.5
Llama,CounterFact,MEMIT,ENCORE,canonical,1000,dose_specific,0.5,rewrite,EFF_TF,content_only,orthogonal,100,0.0,0.0,0.0
Llama,CounterFact,MEMIT,ENCORE,canonical,1000,dose_specific,0.5,rewrite,EFF_TF,content_only,parallel_only,100,1.0,0.0,3.0
Llama,CounterFact,MEMIT,ENCORE,canonical,1000,dose_specific,0.5,rewrite,EFF_TF,content_only,parallel_minus_orthogonal,100,1.0,0.0,3.0
Llama,CounterFact,MEMIT,ENCORE,canonical,1000,dose_specific,0.5,rephrase,GEN_TF,full,orthogonal,100,-0.5,-1.5,0.0
Llama,CounterFact,MEMIT,ENCORE,canonical,1000,dose_specific,0.5,rephrase,GEN_TF,full,parallel_only,100,-0.5,-1.5,0.0
Llama,CounterFact,MEMIT,ENCORE,canonical,1000,dose_specific,0.5,rephrase,GEN_TF,full,parallel_minus_orthogonal,100,0.0,-1.5,1.5
Llama,CounterFact,MEMIT,ENCORE,canonical,1000,dose_specific,0.5,rephrase,GEN_TF,content_only,orthogonal,100,-1.0,-3.0,0.0
Llama,CounterFact,MEMIT,ENCORE,canonical,1000,dose_specific,0.5,rephrase,GEN_TF,content_only,parallel_only,100,0.0,0.0,0.0
Llama,CounterFact,MEMIT,ENCORE,canonical,1000,dose_specific,0.5,rephrase,GEN_TF,content_only,parallel_minus_orthogonal,100,1.0,0.0,3.0
Llama,CounterFact,MEMIT,ENCORE,canonical,1000,both_doses,0.5,locality,LOC,full,orthogonal,100,0.0,0.0,0.0
Llama,CounterFact,MEMIT,ENCORE,canonical,1000,both_doses,0.5,locality,LOC,full,parallel_only,100,0.0,0.0,0.0
Llama,CounterFact,MEMIT,ENCORE,canonical,1000,both_doses,0.5,locality,LOC,full,parallel_minus_orthogonal,100,0.0,0.0,0.0
Llama,CounterFact,MEMIT,ENCORE,canonical,1000,both_doses,0.5,rewrite,EFF_TF,full,orthogonal,100,0.0,0.0,0.0
Llama,CounterFact,MEMIT,ENCORE,canonical,1000,both_doses,0.5,rewrite,EFF_TF,full,parallel_only,100,0.5,0.0,1.5
Llama,CounterFact,MEMIT,ENCORE,canonical,1000,both_doses,0.5,rewrite,EFF_TF,full,parallel_minus_orthogonal,100,0.5,0.0,1.5
Llama,CounterFact,MEMIT,ENCORE,canonical,1000,both_doses,0.5,rewrite,EFF_TF,content_only,orthogonal,100,0.0,0.0,0.0
Llama,CounterFact,MEMIT,ENCORE,canonical,1000,both_doses,0.5,rewrite,EFF_TF,content_only,parallel_only,100,1.0,0.0,3.0
Llama,CounterFact,MEMIT,ENCORE,canonical,1000,both_doses,0.5,rewrite,EFF_TF,content_only,parallel_minus_orthogonal,100,1.0,0.0,3.0
Llama,CounterFact,MEMIT,ENCORE,canonical,1000,both_doses,0.5,rephrase,GEN_TF,full,orthogonal,100,-0.5,-1.5,0.0
Llama,CounterFact,MEMIT,ENCORE,canonical,1000,both_doses,0.5,rephrase,GEN_TF,full,parallel_only,100,-0.5,-1.5,0.0
Llama,CounterFact,MEMIT,ENCORE,canonical,1000,both_doses,0.5,rephrase,GEN_TF,full,parallel_minus_orthogonal,100,0.0,-1.5,1.5
Llama,CounterFact,MEMIT,ENCORE,canonical,1000,both_doses,0.5,rephrase,GEN_TF,content_only,orthogonal,100,-1.0,-3.0,0.0
Llama,CounterFact,MEMIT,ENCORE,canonical,1000,both_doses,0.5,rephrase,GEN_TF,content_only,parallel_only,100,0.0,0.0,0.0
Llama,CounterFact,MEMIT,ENCORE,canonical,1000,both_doses,0.5,rephrase,GEN_TF,content_only,parallel_minus_orthogonal,100,1.0,0.0,3.0
Llama,CounterFact,MEMIT,NAS,canonical,1000,dose_specific,0.25,locality,LOC,full,orthogonal,99,0.0,0.0,0.0
Llama,CounterFact,MEMIT,NAS,canonical,1000,dose_specific,0.25,locality,LOC,full,parallel_only,99,1.0101010101010102,0.0,3.0303030303030303
Llama,CounterFact,MEMIT,NAS,canonical,1000,dose_specific,0.25,locality,LOC,full,parallel_minus_orthogonal,99,1.0101010101010102,0.0,3.0303030303030303
Llama,CounterFact,MEMIT,NAS,canonical,1000,dose_specific,0.25,rewrite,EFF_TF,full,orthogonal,99,1.0101010101010102,0.0,2.525252525252525
Llama,CounterFact,MEMIT,NAS,canonical,1000,dose_specific,0.25,rewrite,EFF_TF,full,parallel_only,99,0.5050505050505051,0.0,1.5151515151515151
Llama,CounterFact,MEMIT,NAS,canonical,1000,dose_specific,0.25,rewrite,EFF_TF,full,parallel_minus_orthogonal,99,-0.5050505050505051,-1.5151515151515151,0.0
Llama,CounterFact,MEMIT,NAS,canonical,1000,dose_specific,0.25,rewrite,EFF_TF,content_only,orthogonal,99,2.0202020202020203,0.0,5.05050505050505
Llama,CounterFact,MEMIT,NAS,canonical,1000,dose_specific,0.25,rewrite,EFF_TF,content_only,parallel_only,99,1.0101010101010102,0.0,3.0303030303030303
Llama,CounterFact,MEMIT,NAS,canonical,1000,dose_specific,0.25,rewrite,EFF_TF,content_only,parallel_minus_orthogonal,99,-1.0101010101010102,-3.0303030303030303,0.0
Llama,CounterFact,MEMIT,NAS,canonical,1000,dose_specific,0.25,rephrase,GEN_TF,full,orthogonal,99,-0.5050505050505051,-1.5151515151515151,0.0
Llama,CounterFact,MEMIT,NAS,canonical,1000,dose_specific,0.25,rephrase,GEN_TF,full,parallel_only,99,0.0,0.0,0.0
Llama,CounterFact,MEMIT,NAS,canonical,1000,dose_specific,0.25,rephrase,GEN_TF,full,parallel_minus_orthogonal,99,0.5050505050505051,0.0,1.5151515151515151
Llama,CounterFact,MEMIT,NAS,canonical,1000,dose_specific,0.25,rephrase,GEN_TF,content_only,orthogonal,99,-1.0101010101010102,-3.0303030303030303,0.0
Llama,CounterFact,MEMIT,NAS,canonical,1000,dose_specific,0.25,rephrase,GEN_TF,content_only,parallel_only,99,0.0,0.0,0.0
Llama,CounterFact,MEMIT,NAS,canonical,1000,dose_specific,0.25,rephrase,GEN_TF,content_only,parallel_minus_orthogonal,99,1.0101010101010102,0.0,3.0303030303030303
Llama,CounterFact,MEMIT,NAS,canonical,1000,both_doses,0.25,locality,LOC,full,orthogonal,99,0.0,0.0,0.0
Llama,CounterFact,MEMIT,NAS,canonical,1000,both_doses,0.25,locality,LOC,full,parallel_only,99,1.0101010101010102,0.0,3.0303030303030303
Llama,CounterFact,MEMIT,NAS,canonical,1000,both_doses,0.25,locality,LOC,full,parallel_minus_orthogonal,99,1.0101010101010102,0.0,3.0303030303030303
Llama,CounterFact,MEMIT,NAS,canonical,1000,both_doses,0.25,rewrite,EFF_TF,full,orthogonal,99,1.0101010101010102,0.0,2.525252525252525
Llama,CounterFact,MEMIT,NAS,canonical,1000,both_doses,0.25,rewrite,EFF_TF,full,parallel_only,99,0.5050505050505051,0.0,1.5151515151515151
Llama,CounterFact,MEMIT,NAS,canonical,1000,both_doses,0.25,rewrite,EFF_TF,full,parallel_minus_orthogonal,99,-0.5050505050505051,-1.5151515151515151,0.0
Llama,CounterFact,MEMIT,NAS,canonical,1000,both_doses,0.25,rewrite,EFF_TF,content_only,orthogonal,99,2.0202020202020203,0.0,5.05050505050505
Llama,CounterFact,MEMIT,NAS,canonical,1000,both_doses,0.25,rewrite,EFF_TF,content_only,parallel_only,99,1.0101010101010102,0.0,3.0303030303030303
Llama,CounterFact,MEMIT,NAS,canonical,1000,both_doses,0.25,rewrite,EFF_TF,content_only,parallel_minus_orthogonal,99,-1.0101010101010102,-3.0303030303030303,0.0
Llama,CounterFact,MEMIT,NAS,canonical,1000,both_doses,0.25,rephrase,GEN_TF,full,orthogonal,99,-0.5050505050505051,-1.5151515151515151,0.0
Llama,CounterFact,MEMIT,NAS,canonical,1000,both_doses,0.25,rephrase,GEN_TF,full,parallel_only,99,0.0,0.0,0.0
Llama,CounterFact,MEMIT,NAS,canonical,1000,both_doses,0.25,rephrase,GEN_TF,full,parallel_minus_orthogonal,99,0.5050505050505051,0.0,1.5151515151515151
Llama,CounterFact,MEMIT,NAS,canonical,1000,both_doses,0.25,rephrase,GEN_TF,content_only,orthogonal,99,-1.0101010101010102,-3.0303030303030303,0.0
Llama,CounterFact,MEMIT,NAS,canonical,1000,both_doses,0.25,rephrase,GEN_TF,content_only,parallel_only,99,0.0,0.0,0.0
Llama,CounterFact,MEMIT,NAS,canonical,1000,both_doses,0.25,rephrase,GEN_TF,content_only,parallel_minus_orthogonal,99,1.0101010101010102,0.0,3.0303030303030303
Llama,CounterFact,MEMIT,NAS,canonical,1000,dose_specific,0.5,locality,LOC,full,orthogonal,99,1.0101010101010102,0.0,3.0303030303030303
Llama,CounterFact,MEMIT,NAS,canonical,1000,dose_specific,0.5,locality,LOC,full,parallel_only,99,1.0101010101010102,0.0,3.0303030303030303
Llama,CounterFact,MEMIT,NAS,canonical,1000,dose_specific,0.5,locality,LOC,full,parallel_minus_orthogonal,99,0.0,0.0,0.0
Llama,CounterFact,MEMIT,NAS,canonical,1000,dose_specific,0.5,rewrite,EFF_TF,full,orthogonal,99,0.5050505050505051,0.0,1.5151515151515151
Llama,CounterFact,MEMIT,NAS,canonical,1000,dose_specific,0.5,rewrite,EFF_TF,full,parallel_only,99,0.5050505050505051,0.0,1.5151515151515151
Llama,CounterFact,MEMIT,NAS,canonical,1000,dose_specific,0.5,rewrite,EFF_TF,full,parallel_minus_orthogonal,99,0.0,-1.5151515151515151,1.5151515151515151
Llama,CounterFact,MEMIT,NAS,canonical,1000,dose_specific,0.5,rewrite,EFF_TF,content_only,orthogonal,99,1.0101010101010102,0.0,3.0303030303030303
Llama,CounterFact,MEMIT,NAS,canonical,1000,dose_specific,0.5,rewrite,EFF_TF,content_only,parallel_only,99,1.0101010101010102,0.0,3.0303030303030303
Llama,CounterFact,MEMIT,NAS,canonical,1000,dose_specific,0.5,rewrite,EFF_TF,content_only,parallel_minus_orthogonal,99,0.0,-3.0303030303030303,3.0303030303030303
Llama,CounterFact,MEMIT,NAS,canonical,1000,dose_specific,0.5,rephrase,GEN_TF,full,orthogonal,99,-0.5050505050505051,-1.5151515151515151,0.0
Llama,CounterFact,MEMIT,NAS,canonical,1000,dose_specific,0.5,rephrase,GEN_TF,full,parallel_only,99,0.0,0.0,0.0
Llama,CounterFact,MEMIT,NAS,canonical,1000,dose_specific,0.5,rephrase,GEN_TF,full,parallel_minus_orthogonal,99,0.5050505050505051,0.0,1.5151515151515151
Llama,CounterFact,MEMIT,NAS,canonical,1000,dose_specific,0.5,rephrase,GEN_TF,content_only,orthogonal,99,-1.0101010101010102,-3.0303030303030303,0.0
Llama,CounterFact,MEMIT,NAS,canonical,1000,dose_specific,0.5,rephrase,GEN_TF,content_only,parallel_only,99,0.0,0.0,0.0
Llama,CounterFact,MEMIT,NAS,canonical,1000,dose_specific,0.5,rephrase,GEN_TF,content_only,parallel_minus_orthogonal,99,1.0101010101010102,0.0,3.0303030303030303
Llama,CounterFact,MEMIT,NAS,canonical,1000,both_doses,0.5,locality,LOC,full,orthogonal,99,1.0101010101010102,0.0,3.0303030303030303
Llama,CounterFact,MEMIT,NAS,canonical,1000,both_doses,0.5,locality,LOC,full,parallel_only,99,1.0101010101010102,0.0,3.0303030303030303
Llama,CounterFact,MEMIT,NAS,canonical,1000,both_doses,0.5,locality,LOC,full,parallel_minus_orthogonal,99,0.0,0.0,0.0
Llama,CounterFact,MEMIT,NAS,canonical,1000,both_doses,0.5,rewrite,EFF_TF,full,orthogonal,99,0.5050505050505051,0.0,1.5151515151515151
Llama,CounterFact,MEMIT,NAS,canonical,1000,both_doses,0.5,rewrite,EFF_TF,full,parallel_only,99,0.5050505050505051,0.0,1.5151515151515151
Llama,CounterFact,MEMIT,NAS,canonical,1000,both_doses,0.5,rewrite,EFF_TF,full,parallel_minus_orthogonal,99,0.0,-1.5151515151515151,1.5151515151515151
Llama,CounterFact,MEMIT,NAS,canonical,1000,both_doses,0.5,rewrite,EFF_TF,content_only,orthogonal,99,1.0101010101010102,0.0,3.0303030303030303
Llama,CounterFact,MEMIT,NAS,canonical,1000,both_doses,0.5,rewrite,EFF_TF,content_only,parallel_only,99,1.0101010101010102,0.0,3.0303030303030303
Llama,CounterFact,MEMIT,NAS,canonical,1000,both_doses,0.5,rewrite,EFF_TF,content_only,parallel_minus_orthogonal,99,0.0,-3.0303030303030303,3.0303030303030303
Llama,CounterFact,MEMIT,NAS,canonical,1000,both_doses,0.5,rephrase,GEN_TF,full,orthogonal,99,-0.5050505050505051,-1.5151515151515151,0.0
Llama,CounterFact,MEMIT,NAS,canonical,1000,both_doses,0.5,rephrase,GEN_TF,full,parallel_only,99,0.0,0.0,0.0
Llama,CounterFact,MEMIT,NAS,canonical,1000,both_doses,0.5,rephrase,GEN_TF,full,parallel_minus_orthogonal,99,0.5050505050505051,0.0,1.5151515151515151
Llama,CounterFact,MEMIT,NAS,canonical,1000,both_doses,0.5,rephrase,GEN_TF,content_only,orthogonal,99,-1.0101010101010102,-3.0303030303030303,0.0
Llama,CounterFact,MEMIT,NAS,canonical,1000,both_doses,0.5,rephrase,GEN_TF,content_only,parallel_only,99,0.0,0.0,0.0
Llama,CounterFact,MEMIT,NAS,canonical,1000,both_doses,0.5,rephrase,GEN_TF,content_only,parallel_minus_orthogonal,99,1.0101010101010102,0.0,3.0303030303030303
Llama,zsRE,AlphaEdit,ENCORE,canonical,1000,dose_specific,0.25,locality,LOC,full,orthogonal,100,2.161904761904762,0.41190476190476216,4.202380952380952
Llama,zsRE,AlphaEdit,ENCORE,canonical,1000,dose_specific,0.25,locality,LOC,full,parallel_only,100,-0.15476190476190482,-1.416666666666667,1.0952380952380951
Llama,zsRE,AlphaEdit,ENCORE,canonical,1000,dose_specific,0.25,locality,LOC,full,parallel_minus_orthogonal,100,-2.3166666666666664,-4.678749999999999,-0.15714285714285722
Llama,zsRE,AlphaEdit,ENCORE,canonical,1000,dose_specific,0.25,rewrite,EFF_TF,full,orthogonal,100,0.22619047619047605,-0.6071428571428572,1.1428571428571426
Llama,zsRE,AlphaEdit,ENCORE,canonical,1000,dose_specific,0.25,rewrite,EFF_TF,full,parallel_only,100,-0.25,-0.75,0.0
Llama,zsRE,AlphaEdit,ENCORE,canonical,1000,dose_specific,0.25,rewrite,EFF_TF,full,parallel_minus_orthogonal,100,-0.47619047619047605,-1.5357142857142856,0.5
Llama,zsRE,AlphaEdit,ENCORE,canonical,1000,dose_specific,0.25,rewrite,EFF_TF,content_only,orthogonal,100,0.3333333333333336,-0.833333333333333,1.666666666666667
Llama,zsRE,AlphaEdit,ENCORE,canonical,1000,dose_specific,0.25,rewrite,EFF_TF,content_only,parallel_only,100,-0.33333333333333326,-0.9999999999999999,0.0
Llama,zsRE,AlphaEdit,ENCORE,canonical,1000,dose_specific,0.25,rewrite,EFF_TF,content_only,parallel_minus_orthogonal,100,-0.6666666666666669,-2.166666666666667,0.6666666666666665
Llama,zsRE,AlphaEdit,ENCORE,canonical,1000,dose_specific,0.25,rephrase,GEN_TF,full,orthogonal,100,0.6666666666666669,0.0,1.6666666666666672
Llama,zsRE,AlphaEdit,ENCORE,canonical,1000,dose_specific,0.25,rephrase,GEN_TF,full,parallel_only,100,0.3928571428571429,0.0,1.0357142857142858
Llama,zsRE,AlphaEdit,ENCORE,canonical,1000,dose_specific,0.25,rephrase,GEN_TF,full,parallel_minus_orthogonal,100,-0.27380952380952395,-1.4166666666666672,0.7380952380952382
Llama,zsRE,AlphaEdit,ENCORE,canonical,1000,dose_specific,0.25,rephrase,GEN_TF,content_only,orthogonal,100,1.0,0.0,2.5
Llama,zsRE,AlphaEdit,ENCORE,canonical,1000,dose_specific,0.25,rephrase,GEN_TF,content_only,parallel_only,100,0.5,0.0,1.3333333333333335
Llama,zsRE,AlphaEdit,ENCORE,canonical,1000,dose_specific,0.25,rephrase,GEN_TF,content_only,parallel_minus_orthogonal,100,-0.5,-2.1666666666666665,0.8333333333333337
Llama,zsRE,AlphaEdit,ENCORE,canonical,1000,both_doses,0.25,locality,LOC,full,orthogonal,91,0.8189429618001046,-0.44224228152799583,2.433281004709576
Llama,zsRE,AlphaEdit,ENCORE,canonical,1000,both_doses,0.25,locality,LOC,full,parallel_only,91,0.19623233908948184,-0.9026687598116174,1.3736263736263734
Llama,zsRE,AlphaEdit,ENCORE,canonical,1000,both_doses,0.25,locality,LOC,full,parallel_minus_orthogonal,91,-0.6227106227106229,-2.5667844060701204,1.1748430141287276
Llama,zsRE,AlphaEdit,ENCORE,canonical,1000,both_doses,0.25,rewrite,EFF_TF,full,orthogonal,91,0.248560962846677,-0.6671899529042387,1.2558869701726842
Llama,zsRE,AlphaEdit,ENCORE,canonical,1000,both_doses,0.25,rewrite,EFF_TF,full,parallel_only,91,-0.27472527472527475,-0.8241758241758241,0.0
Llama,zsRE,AlphaEdit,ENCORE,canonical,1000,both_doses,0.25,rewrite,EFF_TF,full,parallel_minus_orthogonal,91,-0.5232862375719517,-1.6875981161695446,0.5494505494505495
Llama,zsRE,AlphaEdit,ENCORE,canonical,1000,both_doses,0.25,rewrite,EFF_TF,content_only,orthogonal,91,0.36630036630036655,-0.9157509157509154,1.8315018315018317
Llama,zsRE,AlphaEdit,ENCORE,canonical,1000,both_doses,0.25,rewrite,EFF_TF,content_only,parallel_only,91,-0.3663003663003663,-1.0989010989010988,0.0
Llama,zsRE,AlphaEdit,ENCORE,canonical,1000,both_doses,0.25,rewrite,EFF_TF,content_only,parallel_minus_orthogonal,91,-0.7326007326007328,-2.3809523809523814,0.7326007326007326
Llama,zsRE,AlphaEdit,ENCORE,canonical,1000,both_doses,0.25,rephrase,GEN_TF,full,orthogonal,91,0.7326007326007328,0.0,1.831501831501832
Llama,zsRE,AlphaEdit,ENCORE,canonical,1000,both_doses,0.25,rephrase,GEN_TF,full,parallel_only,91,0.43171114599686033,0.0,1.1381475667189955
Llama,zsRE,AlphaEdit,ENCORE,canonical,1000,both_doses,0.25,rephrase,GEN_TF,full,parallel_minus_orthogonal,91,-0.30088958660387244,-1.5567765567765572,0.7721742543171067
Llama,zsRE,AlphaEdit,ENCORE,canonical,1000,both_doses,0.25,rephrase,GEN_TF,content_only,orthogonal,91,1.098901098901099,0.0,2.7472527472527473
Llama,zsRE,AlphaEdit,ENCORE,canonical,1000,both_doses,0.25,rephrase,GEN_TF,content_only,parallel_only,91,0.5494505494505495,0.0,1.4652014652014653
Llama,zsRE,AlphaEdit,ENCORE,canonical,1000,both_doses,0.25,rephrase,GEN_TF,content_only,parallel_minus_orthogonal,91,-0.5494505494505495,-2.3809523809523814,0.9157509157509162
Llama,zsRE,AlphaEdit,ENCORE,canonical,1000,dose_specific,0.5,locality,LOC,full,orthogonal,91,1.2846677132391418,-0.03663003663003666,2.943550497121925
Llama,zsRE,AlphaEdit,ENCORE,canonical,1000,dose_specific,0.5,locality,LOC,full,parallel_only,91,0.5801651764384683,-0.7104179464427912,1.9407093941255429
Llama,zsRE,AlphaEdit,ENCORE,canonical,1000,dose_specific,0.5,locality,LOC,full,parallel_minus_orthogonal,91,-0.7045025368006735,-2.7350010238208995,1.2421876777466831
Llama,zsRE,AlphaEdit,ENCORE,canonical,1000,dose_specific,0.5,rewrite,EFF_TF,full,orthogonal,91,-0.12820512820512825,-1.2401883830455256,0.9837781266352691
Llama,zsRE,AlphaEdit,ENCORE,canonical,1000,dose_specific,0.5,rewrite,EFF_TF,full,parallel_only,91,-0.9157509157509158,-2.1062271062271063,0.0
Llama,zsRE,AlphaEdit,ENCORE,canonical,1000,dose_specific,0.5,rewrite,EFF_TF,full,parallel_minus_orthogonal,91,-0.7875457875457876,-2.3809523809523814,0.6699372056514894
Llama,zsRE,AlphaEdit,ENCORE,canonical,1000,dose_specific,0.5,rewrite,EFF_TF,content_only,orthogonal,91,-0.09157509157509153,-1.556776556776557,1.4652014652014655
Llama,zsRE,AlphaEdit,ENCORE,canonical,1000,dose_specific,0.5,rewrite,EFF_TF,content_only,parallel_only,91,-1.282051282051282,-2.93040293040293,0.0
Llama,zsRE,AlphaEdit,ENCORE,canonical,1000,dose_specific,0.5,rewrite,EFF_TF,content_only,parallel_minus_orthogonal,91,-1.1904761904761905,-3.4798534798534795,0.8241758241758241
Llama,zsRE,AlphaEdit,ENCORE,canonical,1000,dose_specific,0.5,rephrase,GEN_TF,full,orthogonal,91,0.8241758241758247,-0.7064364207221344,2.655677655677656
Llama,zsRE,AlphaEdit,ENCORE,canonical,1000,dose_specific,0.5,rephrase,GEN_TF,full,parallel_only,91,0.27472527472527475,0.0,0.8241758241758241
Llama,zsRE,AlphaEdit,ENCORE,canonical,1000,dose_specific,0.5,rephrase,GEN_TF,full,parallel_minus_orthogonal,91,-0.5494505494505499,-2.4205259026687607,1.072736787022501
Llama,zsRE,AlphaEdit,ENCORE,canonical,1000,dose_specific,0.5,rephrase,GEN_TF,content_only,orthogonal,91,1.8315018315018314,-0.5494505494505496,4.945054945054945
Llama,zsRE,AlphaEdit,ENCORE,canonical,1000,dose_specific,0.5,rephrase,GEN_TF,content_only,parallel_only,91,0.3663003663003664,0.0,1.0989010989010992
Llama,zsRE,AlphaEdit,ENCORE,canonical,1000,dose_specific,0.5,rephrase,GEN_TF,content_only,parallel_minus_orthogonal,91,-1.465201465201465,-4.5787545787545785,1.098901098901099
Llama,zsRE,AlphaEdit,ENCORE,canonical,1000,both_doses,0.5,locality,LOC,full,orthogonal,91,1.2846677132391418,-0.03663003663003666,2.943550497121925
Llama,zsRE,AlphaEdit,ENCORE,canonical,1000,both_doses,0.5,locality,LOC,full,parallel_only,91,0.5801651764384683,-0.7104179464427912,1.9407093941255429
Llama,zsRE,AlphaEdit,ENCORE,canonical,1000,both_doses,0.5,locality,LOC,full,parallel_minus_orthogonal,91,-0.7045025368006735,-2.7350010238208995,1.2421876777466831
Llama,zsRE,AlphaEdit,ENCORE,canonical,1000,both_doses,0.5,rewrite,EFF_TF,full,orthogonal,91,-0.12820512820512825,-1.2401883830455256,0.9837781266352691
Llama,zsRE,AlphaEdit,ENCORE,canonical,1000,both_doses,0.5,rewrite,EFF_TF,full,parallel_only,91,-0.9157509157509158,-2.1062271062271063,0.0
Llama,zsRE,AlphaEdit,ENCORE,canonical,1000,both_doses,0.5,rewrite,EFF_TF,full,parallel_minus_orthogonal,91,-0.7875457875457876,-2.3809523809523814,0.6699372056514894
Llama,zsRE,AlphaEdit,ENCORE,canonical,1000,both_doses,0.5,rewrite,EFF_TF,content_only,orthogonal,91,-0.09157509157509153,-1.556776556776557,1.4652014652014655
Llama,zsRE,AlphaEdit,ENCORE,canonical,1000,both_doses,0.5,rewrite,EFF_TF,content_only,parallel_only,91,-1.282051282051282,-2.93040293040293,0.0
Llama,zsRE,AlphaEdit,ENCORE,canonical,1000,both_doses,0.5,rewrite,EFF_TF,content_only,parallel_minus_orthogonal,91,-1.1904761904761905,-3.4798534798534795,0.8241758241758241
Llama,zsRE,AlphaEdit,ENCORE,canonical,1000,both_doses,0.5,rephrase,GEN_TF,full,orthogonal,91,0.8241758241758247,-0.7064364207221344,2.655677655677656
Llama,zsRE,AlphaEdit,ENCORE,canonical,1000,both_doses,0.5,rephrase,GEN_TF,full,parallel_only,91,0.27472527472527475,0.0,0.8241758241758241
Llama,zsRE,AlphaEdit,ENCORE,canonical,1000,both_doses,0.5,rephrase,GEN_TF,full,parallel_minus_orthogonal,91,-0.5494505494505499,-2.4205259026687607,1.072736787022501
Llama,zsRE,AlphaEdit,ENCORE,canonical,1000,both_doses,0.5,rephrase,GEN_TF,content_only,orthogonal,91,1.8315018315018314,-0.5494505494505496,4.945054945054945
Llama,zsRE,AlphaEdit,ENCORE,canonical,1000,both_doses,0.5,rephrase,GEN_TF,content_only,parallel_only,91,0.3663003663003664,0.0,1.0989010989010992
Llama,zsRE,AlphaEdit,ENCORE,canonical,1000,both_doses,0.5,rephrase,GEN_TF,content_only,parallel_minus_orthogonal,91,-1.465201465201465,-4.5787545787545785,1.098901098901099
Llama,zsRE,AlphaEdit,NAS,canonical,1000,dose_specific,0.25,locality,LOC,full,orthogonal,100,-0.26677814938684513,-1.737179487179487,0.9769021739130419
Llama,zsRE,AlphaEdit,NAS,canonical,1000,dose_specific,0.25,locality,LOC,full,parallel_only,100,-0.07318840579710155,-0.456521739130435,0.19347826086956516
Llama,zsRE,AlphaEdit,NAS,canonical,1000,dose_specific,0.25,locality,LOC,full,parallel_minus_orthogonal,100,0.19358974358974357,-1.1166666666666667,1.7038461538461538
Llama,zsRE,AlphaEdit,NAS,canonical,1000,dose_specific,0.25,rewrite,EFF_TF,full,orthogonal,100,0.0,-0.75,0.75
Llama,zsRE,AlphaEdit,NAS,canonical,1000,dose_specific,0.25,rewrite,EFF_TF,full,parallel_only,100,0.0,0.0,0.0
Llama,zsRE,AlphaEdit,NAS,canonical,1000,dose_specific,0.25,rewrite,EFF_TF,full,parallel_minus_orthogonal,100,0.0,-0.75,0.75
Llama,zsRE,AlphaEdit,NAS,canonical,1000,dose_specific,0.25,rewrite,EFF_TF,content_only,orthogonal,100,-1.4210854715202004e-16,-1.0000000000000002,0.9999999999999999
Llama,zsRE,AlphaEdit,NAS,canonical,1000,dose_specific,0.25,rewrite,EFF_TF,content_only,parallel_only,100,0.0,0.0,0.0
Llama,zsRE,AlphaEdit,NAS,canonical,1000,dose_specific,0.25,rewrite,EFF_TF,content_only,parallel_minus_orthogonal,100,1.4210854715202004e-16,-0.9999999999999999,1.0000000000000002
Llama,zsRE,AlphaEdit,NAS,canonical,1000,dose_specific,0.25,rephrase,GEN_TF,full,orthogonal,100,-0.75,-1.75,0.0
Llama,zsRE,AlphaEdit,NAS,canonical,1000,dose_specific,0.25,rephrase,GEN_TF,full,parallel_only,100,-0.7,-1.6,0.0
Llama,zsRE,AlphaEdit,NAS,canonical,1000,dose_specific,0.25,rephrase,GEN_TF,full,parallel_minus_orthogonal,100,0.05,-0.9,1.0
Llama,zsRE,AlphaEdit,NAS,canonical,1000,dose_specific,0.25,rephrase,GEN_TF,content_only,orthogonal,100,-0.6666666666666667,-1.666666666666667,0.0
Llama,zsRE,AlphaEdit,NAS,canonical,1000,dose_specific,0.25,rephrase,GEN_TF,content_only,parallel_only,100,-0.5833333333333335,-1.5000000000000002,0.0
Llama,zsRE,AlphaEdit,NAS,canonical,1000,dose_specific,0.25,rephrase,GEN_TF,content_only,parallel_minus_orthogonal,100,0.08333333333333329,-1.166666666666667,1.3333333333333337
Llama,zsRE,AlphaEdit,NAS,canonical,1000,both_doses,0.25,locality,LOC,full,orthogonal,100,-0.26677814938684513,-1.737179487179487,0.9769021739130419
Llama,zsRE,AlphaEdit,NAS,canonical,1000,both_doses,0.25,locality,LOC,full,parallel_only,100,-0.07318840579710155,-0.456521739130435,0.19347826086956516
Llama,zsRE,AlphaEdit,NAS,canonical,1000,both_doses,0.25,locality,LOC,full,parallel_minus_orthogonal,100,0.19358974358974357,-1.1166666666666667,1.7038461538461538
Llama,zsRE,AlphaEdit,NAS,canonical,1000,both_doses,0.25,rewrite,EFF_TF,full,orthogonal,100,0.0,-0.75,0.75
Llama,zsRE,AlphaEdit,NAS,canonical,1000,both_doses,0.25,rewrite,EFF_TF,full,parallel_only,100,0.0,0.0,0.0
Llama,zsRE,AlphaEdit,NAS,canonical,1000,both_doses,0.25,rewrite,EFF_TF,full,parallel_minus_orthogonal,100,0.0,-0.75,0.75
Llama,zsRE,AlphaEdit,NAS,canonical,1000,both_doses,0.25,rewrite,EFF_TF,content_only,orthogonal,100,-1.4210854715202004e-16,-1.0000000000000002,0.9999999999999999
Llama,zsRE,AlphaEdit,NAS,canonical,1000,both_doses,0.25,rewrite,EFF_TF,content_only,parallel_only,100,0.0,0.0,0.0
Llama,zsRE,AlphaEdit,NAS,canonical,1000,both_doses,0.25,rewrite,EFF_TF,content_only,parallel_minus_orthogonal,100,1.4210854715202004e-16,-0.9999999999999999,1.0000000000000002
Llama,zsRE,AlphaEdit,NAS,canonical,1000,both_doses,0.25,rephrase,GEN_TF,full,orthogonal,100,-0.75,-1.75,0.0
Llama,zsRE,AlphaEdit,NAS,canonical,1000,both_doses,0.25,rephrase,GEN_TF,full,parallel_only,100,-0.7,-1.6,0.0
Llama,zsRE,AlphaEdit,NAS,canonical,1000,both_doses,0.25,rephrase,GEN_TF,full,parallel_minus_orthogonal,100,0.05,-0.9,1.0
Llama,zsRE,AlphaEdit,NAS,canonical,1000,both_doses,0.25,rephrase,GEN_TF,content_only,orthogonal,100,-0.6666666666666667,-1.666666666666667,0.0
Llama,zsRE,AlphaEdit,NAS,canonical,1000,both_doses,0.25,rephrase,GEN_TF,content_only,parallel_only,100,-0.5833333333333335,-1.5000000000000002,0.0
Llama,zsRE,AlphaEdit,NAS,canonical,1000,both_doses,0.25,rephrase,GEN_TF,content_only,parallel_minus_orthogonal,100,0.08333333333333329,-1.166666666666667,1.3333333333333337
Llama,zsRE,AlphaEdit,NAS,canonical,1000,dose_specific,0.5,locality,LOC,full,orthogonal,100,1.1641131815044856,-0.8585843685300208,3.342536231884056
Llama,zsRE,AlphaEdit,NAS,canonical,1000,dose_specific,0.5,locality,LOC,full,parallel_only,100,-0.15652173913043485,-0.75,0.19347826086956516
Llama,zsRE,AlphaEdit,NAS,canonical,1000,dose_specific,0.5,locality,LOC,full,parallel_minus_orthogonal,100,-1.3206349206349204,-3.5523809523809518,0.7500000000000003
Llama,zsRE,AlphaEdit,NAS,canonical,1000,dose_specific,0.5,rewrite,EFF_TF,full,orthogonal,100,-0.5333333333333334,-1.8166666666666669,0.6666666666666665
Llama,zsRE,AlphaEdit,NAS,canonical,1000,dose_specific,0.5,rewrite,EFF_TF,full,parallel_only,100,-0.5833333333333335,-1.5000000000000002,0.0
Llama,zsRE,AlphaEdit,NAS,canonical,1000,dose_specific,0.5,rewrite,EFF_TF,full,parallel_minus_orthogonal,100,-0.05,-1.55,1.4333333333333333
Llama,zsRE,AlphaEdit,NAS,canonical,1000,dose_specific,0.5,rewrite,EFF_TF,content_only,orthogonal,100,-0.5000000000000001,-2.1666666666666674,1.0
Llama,zsRE,AlphaEdit,NAS,canonical,1000,dose_specific,0.5,rewrite,EFF_TF,content_only,parallel_only,100,-0.8333333333333333,-2.166666666666666,0.0
Llama,zsRE,AlphaEdit,NAS,canonical,1000,dose_specific,0.5,rewrite,EFF_TF,content_only,parallel_minus_orthogonal,100,-0.33333333333333315,-2.333333333333333,1.6666666666666672
Llama,zsRE,AlphaEdit,NAS,canonical,1000,dose_specific,0.5,rephrase,GEN_TF,full,orthogonal,100,-1.3071428571428572,-3.142857142857143,0.32857142857142874
Llama,zsRE,AlphaEdit,NAS,canonical,1000,dose_specific,0.5,rephrase,GEN_TF,full,parallel_only,100,-0.7,-1.6,0.0
Llama,zsRE,AlphaEdit,NAS,canonical,1000,dose_specific,0.5,rephrase,GEN_TF,full,parallel_minus_orthogonal,100,0.6071428571428571,-1.092857142857143,2.5
Llama,zsRE,AlphaEdit,NAS,canonical,1000,dose_specific,0.5,rephrase,GEN_TF,content_only,orthogonal,100,-0.5,-2.3333333333333326,1.166666666666667
Llama,zsRE,AlphaEdit,NAS,canonical,1000,dose_specific,0.5,rephrase,GEN_TF,content_only,parallel_only,100,-0.5833333333333335,-1.5000000000000002,0.0
Llama,zsRE,AlphaEdit,NAS,canonical,1000,dose_specific,0.5,rephrase,GEN_TF,content_only,parallel_minus_orthogonal,100,-0.08333333333333343,-1.9166666666666672,1.8333333333333335
Llama,zsRE,AlphaEdit,NAS,canonical,1000,both_doses,0.5,locality,LOC,full,orthogonal,100,1.1641131815044856,-0.8585843685300208,3.342536231884056
Llama,zsRE,AlphaEdit,NAS,canonical,1000,both_doses,0.5,locality,LOC,full,parallel_only,100,-0.15652173913043485,-0.75,0.19347826086956516
Llama,zsRE,AlphaEdit,NAS,canonical,1000,both_doses,0.5,locality,LOC,full,parallel_minus_orthogonal,100,-1.3206349206349204,-3.5523809523809518,0.7500000000000003
Llama,zsRE,AlphaEdit,NAS,canonical,1000,both_doses,0.5,rewrite,EFF_TF,full,orthogonal,100,-0.5333333333333334,-1.8166666666666669,0.6666666666666665
Llama,zsRE,AlphaEdit,NAS,canonical,1000,both_doses,0.5,rewrite,EFF_TF,full,parallel_only,100,-0.5833333333333335,-1.5000000000000002,0.0
Llama,zsRE,AlphaEdit,NAS,canonical,1000,both_doses,0.5,rewrite,EFF_TF,full,parallel_minus_orthogonal,100,-0.05,-1.55,1.4333333333333333
Llama,zsRE,AlphaEdit,NAS,canonical,1000,both_doses,0.5,rewrite,EFF_TF,content_only,orthogonal,100,-0.5000000000000001,-2.1666666666666674,1.0
Llama,zsRE,AlphaEdit,NAS,canonical,1000,both_doses,0.5,rewrite,EFF_TF,content_only,parallel_only,100,-0.8333333333333333,-2.166666666666666,0.0
Llama,zsRE,AlphaEdit,NAS,canonical,1000,both_doses,0.5,rewrite,EFF_TF,content_only,parallel_minus_orthogonal,100,-0.33333333333333315,-2.333333333333333,1.6666666666666672
Llama,zsRE,AlphaEdit,NAS,canonical,1000,both_doses,0.5,rephrase,GEN_TF,full,orthogonal,100,-1.3071428571428572,-3.142857142857143,0.32857142857142874
Llama,zsRE,AlphaEdit,NAS,canonical,1000,both_doses,0.5,rephrase,GEN_TF,full,parallel_only,100,-0.7,-1.6,0.0
Llama,zsRE,AlphaEdit,NAS,canonical,1000,both_doses,0.5,rephrase,GEN_TF,full,parallel_minus_orthogonal,100,0.6071428571428571,-1.092857142857143,2.5
Llama,zsRE,AlphaEdit,NAS,canonical,1000,both_doses,0.5,rephrase,GEN_TF,content_only,orthogonal,100,-0.5,-2.3333333333333326,1.166666666666667
Llama,zsRE,AlphaEdit,NAS,canonical,1000,both_doses,0.5,rephrase,GEN_TF,content_only,parallel_only,100,-0.5833333333333335,-1.5000000000000002,0.0
Llama,zsRE,AlphaEdit,NAS,canonical,1000,both_doses,0.5,rephrase,GEN_TF,content_only,parallel_minus_orthogonal,100,-0.08333333333333343,-1.9166666666666672,1.8333333333333335
Llama,zsRE,AlphaEdit,Native,canonical,1000,dose_specific,0.25,locality,LOC,full,orthogonal,99,2.200402925040606,0.5730179643223121,4.164592787781191
Llama,zsRE,AlphaEdit,Native,canonical,1000,dose_specific,0.25,locality,LOC,full,parallel_only,99,-1.1844636844636844,-3.0663780663780664,0.4629629629629629
Llama,zsRE,AlphaEdit,Native,canonical,1000,dose_specific,0.25,locality,LOC,full,parallel_minus_orthogonal,99,-3.38486660950429,-5.872044286899359,-1.2484228063938207
Llama,zsRE,AlphaEdit,Native,canonical,1000,dose_specific,0.25,rewrite,EFF_TF,full,orthogonal,99,0.08417508417508428,-0.8417508417508418,0.9259259259259267
Llama,zsRE,AlphaEdit,Native,canonical,1000,dose_specific,0.25,rewrite,EFF_TF,full,parallel_only,99,-0.45454545454545453,-1.1616161616161615,0.0
Llama,zsRE,AlphaEdit,Native,canonical,1000,dose_specific,0.25,rewrite,EFF_TF,full,parallel_minus_orthogonal,99,-0.5387205387205388,-1.9191919191919198,0.6734006734006736
Llama,zsRE,AlphaEdit,Native,canonical,1000,dose_specific,0.25,rewrite,EFF_TF,content_only,orthogonal,99,0.03367003367003377,-1.3131313131313131,1.2121212121212124
Llama,zsRE,AlphaEdit,Native,canonical,1000,dose_specific,0.25,rewrite,EFF_TF,content_only,parallel_only,99,-0.5892255892255892,-1.5151515151515151,0.0
Llama,zsRE,AlphaEdit,Native,canonical,1000,dose_specific,0.25,rewrite,EFF_TF,content_only,parallel_minus_orthogonal,99,-0.622895622895623,-2.474747474747475,1.0101010101010102
Llama,zsRE,AlphaEdit,Native,canonical,1000,dose_specific,0.25,rephrase,GEN_TF,full,orthogonal,99,0.45454545454545464,-0.8080808080808081,1.976911976911977
Llama,zsRE,AlphaEdit,Native,canonical,1000,dose_specific,0.25,rephrase,GEN_TF,full,parallel_only,99,-0.6469456469456472,-1.707551707551708,0.1443001443001442
Llama,zsRE,AlphaEdit,Native,canonical,1000,dose_specific,0.25,rephrase,GEN_TF,full,parallel_minus_orthogonal,99,-1.1014911014911017,-2.902837902837903,0.48340548340548317
Llama,zsRE,AlphaEdit,Native,canonical,1000,dose_specific,0.25,rephrase,GEN_TF,content_only,orthogonal,99,0.9259259259259258,-1.0101010101010102,3.5374579124578824
Llama,zsRE,AlphaEdit,Native,canonical,1000,dose_specific,0.25,rephrase,GEN_TF,content_only,parallel_only,99,-0.9259259259259258,-2.441077441077441,0.16835016835016856
Llama,zsRE,AlphaEdit,Native,canonical,1000,dose_specific,0.25,rephrase,GEN_TF,content_only,parallel_minus_orthogonal,99,-1.8518518518518516,-4.797979797979798,0.5050505050505056
Llama,zsRE,AlphaEdit,Native,canonical,1000,both_doses,0.25,locality,LOC,full,orthogonal,89,1.6985755383410484,0.1515962190119492,3.6739789548778305
Llama,zsRE,AlphaEdit,Native,canonical,1000,both_doses,0.25,locality,LOC,full,parallel_only,89,-0.8493846976993044,-2.4010165864098445,0.2207062600321027
Llama,zsRE,AlphaEdit,Native,canonical,1000,both_doses,0.25,locality,LOC,full,parallel_minus_orthogonal,89,-2.547960236040353,-4.9135009809167105,-0.5526307371996191
Llama,zsRE,AlphaEdit,Native,canonical,1000,both_doses,0.25,rewrite,EFF_TF,full,orthogonal,89,0.09363295880149823,-0.9363295880149813,1.0299625468164804
Llama,zsRE,AlphaEdit,Native,canonical,1000,both_doses,0.25,rewrite,EFF_TF,full,parallel_only,89,-0.2808988764044944,-0.8426966292134831,0.0
Llama,zsRE,AlphaEdit,Native,canonical,1000,both_doses,0.25,rewrite,EFF_TF,full,parallel_minus_orthogonal,89,-0.3745318352059926,-1.8726591760299627,0.9363295880149813
Llama,zsRE,AlphaEdit,Native,canonical,1000,both_doses,0.25,rewrite,EFF_TF,content_only,orthogonal,89,0.037453183520599356,-1.4606741573033708,1.3483146067415734
Llama,zsRE,AlphaEdit,Native,canonical,1000,both_doses,0.25,rewrite,EFF_TF,content_only,parallel_only,89,-0.3745318352059925,-1.1235955056179774,0.0
Llama,zsRE,AlphaEdit,Native,canonical,1000,both_doses,0.25,rewrite,EFF_TF,content_only,parallel_minus_orthogonal,89,-0.4119850187265918,-2.4719101123595504,1.4606741573033708
Llama,zsRE,AlphaEdit,Native,canonical,1000,both_doses,0.25,rephrase,GEN_TF,full,orthogonal,89,0.6260032102728732,-0.6581059390048154,2.191011235955056
Llama,zsRE,AlphaEdit,Native,canonical,1000,both_doses,0.25,rephrase,GEN_TF,full,parallel_only,89,-0.8801498127340825,-2.00374531835206,0.0
Llama,zsRE,AlphaEdit,Native,canonical,1000,both_doses,0.25,rephrase,GEN_TF,full,parallel_minus_orthogonal,89,-1.5061530230069557,-3.378812199036919,0.06688068485821275
Llama,zsRE,AlphaEdit,Native,canonical,1000,both_doses,0.25,rephrase,GEN_TF,content_only,orthogonal,89,1.2172284644194757,-0.842696629213483,4.026217228464419
Llama,zsRE,AlphaEdit,Native,canonical,1000,both_doses,0.25,rephrase,GEN_TF,content_only,parallel_only,89,-1.2172284644194757,-2.808988764044944,0.0
Llama,zsRE,AlphaEdit,Native,canonical,1000,both_doses,0.25,rephrase,GEN_TF,content_only,parallel_minus_orthogonal,89,-2.4344569288389515,-5.52434456928839,-7.983626244495507e-17
Llama,zsRE,AlphaEdit,Native,canonical,1000,dose_specific,0.5,locality,LOC,full,orthogonal,89,3.2685567431537144,0.6108215930516857,6.597084099068709
Llama,zsRE,AlphaEdit,Native,canonical,1000,dose_specific,0.5,locality,LOC,full,parallel_only,89,-0.7423756019261638,-2.474585339753879,0.6957263242375578
Llama,zsRE,AlphaEdit,Native,canonical,1000,dose_specific,0.5,locality,LOC,full,parallel_minus_orthogonal,89,-4.010932345079879,-7.591127356332533,-1.06200376321285
Llama,zsRE,AlphaEdit,Native,canonical,1000,dose_specific,0.5,rewrite,EFF_TF,full,orthogonal,89,0.46816479400749084,-0.7490636704119852,1.6853932584269673
Llama,zsRE,AlphaEdit,Native,canonical,1000,dose_specific,0.5,rewrite,EFF_TF,full,parallel_only,89,-1.5061530230069555,-2.846575708935259,-0.34510433386837874
Llama,zsRE,AlphaEdit,Native,canonical,1000,dose_specific,0.5,rewrite,EFF_TF,full,parallel_minus_orthogonal,89,-1.9743178170144464,-4.071696094168004,-0.09884965222044037
Llama,zsRE,AlphaEdit,Native,canonical,1000,dose_specific,0.5,rewrite,EFF_TF,content_only,orthogonal,89,0.5992509363295881,-1.1235955056179776,2.4344569288389515
Llama,zsRE,AlphaEdit,Native,canonical,1000,dose_specific,0.5,rewrite,EFF_TF,content_only,parallel_only,89,-1.9475655430711614,-3.6704119850187267,-0.46816479400749084
Llama,zsRE,AlphaEdit,Native,canonical,1000,dose_specific,0.5,rewrite,EFF_TF,content_only,parallel_minus_orthogonal,89,-2.546816479400749,-5.355805243445693,-4.750257615475408e-16
Llama,zsRE,AlphaEdit,Native,canonical,1000,dose_specific,0.5,rephrase,GEN_TF,full,orthogonal,89,0.4119850187265916,-1.1797752808988766,2.1268057784911716
Llama,zsRE,AlphaEdit,Native,canonical,1000,dose_specific,0.5,rephrase,GEN_TF,full,parallel_only,89,-1.8726591760299627,-3.595505617977529,-0.3745318352059926
Llama,zsRE,AlphaEdit,Native,canonical,1000,dose_specific,0.5,rephrase,GEN_TF,full,parallel_minus_orthogonal,89,-2.2846441947565546,-4.649678972712681,-0.05617977528089919
Llama,zsRE,AlphaEdit,Native,canonical,1000,dose_specific,0.5,rephrase,GEN_TF,content_only,orthogonal,89,0.8426966292134834,-1.685393258426966,3.838951310861424
Llama,zsRE,AlphaEdit,Native,canonical,1000,dose_specific,0.5,rephrase,GEN_TF,content_only,parallel_only,89,-2.659176029962547,-5.112827715355805,-0.5617977528089888
Llama,zsRE,AlphaEdit,Native,canonical,1000,dose_specific,0.5,rephrase,GEN_TF,content_only,parallel_minus_orthogonal,89,-3.5018726591760307,-7.303370786516854,-0.13108614232209784
Llama,zsRE,AlphaEdit,Native,canonical,1000,both_doses,0.5,locality,LOC,full,orthogonal,89,3.2685567431537144,0.6108215930516857,6.597084099068709
Llama,zsRE,AlphaEdit,Native,canonical,1000,both_doses,0.5,locality,LOC,full,parallel_only,89,-0.7423756019261638,-2.474585339753879,0.6957263242375578
Llama,zsRE,AlphaEdit,Native,canonical,1000,both_doses,0.5,locality,LOC,full,parallel_minus_orthogonal,89,-4.010932345079879,-7.591127356332533,-1.06200376321285
Llama,zsRE,AlphaEdit,Native,canonical,1000,both_doses,0.5,rewrite,EFF_TF,full,orthogonal,89,0.46816479400749084,-0.7490636704119852,1.6853932584269673
Llama,zsRE,AlphaEdit,Native,canonical,1000,both_doses,0.5,rewrite,EFF_TF,full,parallel_only,89,-1.5061530230069555,-2.846575708935259,-0.34510433386837874
Llama,zsRE,AlphaEdit,Native,canonical,1000,both_doses,0.5,rewrite,EFF_TF,full,parallel_minus_orthogonal,89,-1.9743178170144464,-4.071696094168004,-0.09884965222044037
Llama,zsRE,AlphaEdit,Native,canonical,1000,both_doses,0.5,rewrite,EFF_TF,content_only,orthogonal,89,0.5992509363295881,-1.1235955056179776,2.4344569288389515
Llama,zsRE,AlphaEdit,Native,canonical,1000,both_doses,0.5,rewrite,EFF_TF,content_only,parallel_only,89,-1.9475655430711614,-3.6704119850187267,-0.46816479400749084
Llama,zsRE,AlphaEdit,Native,canonical,1000,both_doses,0.5,rewrite,EFF_TF,content_only,parallel_minus_orthogonal,89,-2.546816479400749,-5.355805243445693,-4.750257615475408e-16
Llama,zsRE,AlphaEdit,Native,canonical,1000,both_doses,0.5,rephrase,GEN_TF,full,orthogonal,89,0.4119850187265916,-1.1797752808988766,2.1268057784911716
Llama,zsRE,AlphaEdit,Native,canonical,1000,both_doses,0.5,rephrase,GEN_TF,full,parallel_only,89,-1.8726591760299627,-3.595505617977529,-0.3745318352059926
Llama,zsRE,AlphaEdit,Native,canonical,1000,both_doses,0.5,rephrase,GEN_TF,full,parallel_minus_orthogonal,89,-2.2846441947565546,-4.649678972712681,-0.05617977528089919
Llama,zsRE,AlphaEdit,Native,canonical,1000,both_doses,0.5,rephrase,GEN_TF,content_only,orthogonal,89,0.8426966292134834,-1.685393258426966,3.838951310861424
Llama,zsRE,AlphaEdit,Native,canonical,1000,both_doses,0.5,rephrase,GEN_TF,content_only,parallel_only,89,-2.659176029962547,-5.112827715355805,-0.5617977528089888
Llama,zsRE,AlphaEdit,Native,canonical,1000,both_doses,0.5,rephrase,GEN_TF,content_only,parallel_minus_orthogonal,89,-3.5018726591760307,-7.303370786516854,-0.13108614232209784
Llama,zsRE,AlphaEdit,SADR,canonical,1000,dose_specific,0.25,locality,LOC,full,orthogonal,100,1.5706349206349204,-0.0055555555555553615,3.281825396825395
Llama,zsRE,AlphaEdit,SADR,canonical,1000,dose_specific,0.25,locality,LOC,full,parallel_only,100,-1.7738095238095235,-4.19077380952381,-0.19047619047619035
Llama,zsRE,AlphaEdit,SADR,canonical,1000,dose_specific,0.25,locality,LOC,full,parallel_minus_orthogonal,100,-3.344444444444444,-6.134246031746032,-0.9991666666666671
Llama,zsRE,AlphaEdit,SADR,canonical,1000,dose_specific,0.25,rewrite,EFF_TF,full,orthogonal,100,0.1761904761904762,-0.907142857142857,1.1857142857142857
Llama,zsRE,AlphaEdit,SADR,canonical,1000,dose_specific,0.25,rewrite,EFF_TF,full,parallel_only,100,-0.19999999999999984,-0.8285714285714282,0.2857142857142858
Llama,zsRE,AlphaEdit,SADR,canonical,1000,dose_specific,0.25,rewrite,EFF_TF,full,parallel_minus_orthogonal,100,-0.3761904761904761,-1.5523809523809518,0.8095833333333325
Llama,zsRE,AlphaEdit,SADR,canonical,1000,dose_specific,0.25,rewrite,EFF_TF,content_only,orthogonal,100,0.14999999999999958,-1.2500000000000002,1.3999999999999997
Llama,zsRE,AlphaEdit,SADR,canonical,1000,dose_specific,0.25,rewrite,EFF_TF,content_only,parallel_only,100,-0.2500000000000003,-1.0000000000000007,0.33333333333333315
Llama,zsRE,AlphaEdit,SADR,canonical,1000,dose_specific,0.25,rewrite,EFF_TF,content_only,parallel_minus_orthogonal,100,-0.39999999999999986,-1.85,1.1000000000000005
Llama,zsRE,AlphaEdit,SADR,canonical,1000,dose_specific,0.25,rephrase,GEN_TF,full,orthogonal,100,2.035714285714286,-0.08095238095238082,4.578630952380951
Llama,zsRE,AlphaEdit,SADR,canonical,1000,dose_specific,0.25,rephrase,GEN_TF,full,parallel_only,100,-1.0595238095238095,-2.952559523809524,0.7571428571428572
Llama,zsRE,AlphaEdit,SADR,canonical,1000,dose_specific,0.25,rephrase,GEN_TF,full,parallel_minus_orthogonal,100,-3.0952380952380953,-6.338214285714286,-0.43553571428571675
Llama,zsRE,AlphaEdit,SADR,canonical,1000,dose_specific,0.25,rephrase,GEN_TF,content_only,orthogonal,100,4.333333333333332,0.583333333333333,9.05
Llama,zsRE,AlphaEdit,SADR,canonical,1000,dose_specific,0.25,rephrase,GEN_TF,content_only,parallel_only,100,-0.5000000000000001,-3.0,2.333333333333333
Llama,zsRE,AlphaEdit,SADR,canonical,1000,dose_specific,0.25,rephrase,GEN_TF,content_only,parallel_minus_orthogonal,100,-4.833333333333332,-9.266666666666666,-1.05
Llama,zsRE,AlphaEdit,SADR,canonical,1000,both_doses,0.25,locality,LOC,full,orthogonal,88,1.8795093795093794,0.4419191919191919,3.6535218253968247
Llama,zsRE,AlphaEdit,SADR,canonical,1000,both_doses,0.25,locality,LOC,full,parallel_only,88,-1.6369047619047619,-4.288419913419914,-0.027056277056277042
Llama,zsRE,AlphaEdit,SADR,canonical,1000,both_doses,0.25,locality,LOC,full,parallel_minus_orthogonal,88,-3.516414141414141,-6.5764790764790755,-1.2400793650793651
Llama,zsRE,AlphaEdit,SADR,canonical,1000,both_doses,0.25,rewrite,EFF_TF,full,orthogonal,88,0.20021645021645007,-0.9469696969696971,1.2636634199134178
Llama,zsRE,AlphaEdit,SADR,canonical,1000,both_doses,0.25,rewrite,EFF_TF,full,parallel_only,88,0.16233766233766242,0.0,0.48701298701298723
Llama,zsRE,AlphaEdit,SADR,canonical,1000,both_doses,0.25,rewrite,EFF_TF,full,parallel_minus_orthogonal,88,-0.037878787878787665,-1.042140151515151,1.041666666666667
Llama,zsRE,AlphaEdit,SADR,canonical,1000,both_doses,0.25,rewrite,EFF_TF,content_only,orthogonal,88,0.1704545454545453,-1.287878787878788,1.515151515151515
Llama,zsRE,AlphaEdit,SADR,canonical,1000,both_doses,0.25,rewrite,EFF_TF,content_only,parallel_only,88,0.18939393939393928,0.0,0.5681818181818179
Llama,zsRE,AlphaEdit,SADR,canonical,1000,both_doses,0.25,rewrite,EFF_TF,content_only,parallel_minus_orthogonal,88,0.018939393939393992,-1.25,1.4393939393939397
Llama,zsRE,AlphaEdit,SADR,canonical,1000,both_doses,0.25,rephrase,GEN_TF,full,orthogonal,88,1.5827922077922076,-0.6116747835497837,4.112554112554113
Llama,zsRE,AlphaEdit,SADR,canonical,1000,both_doses,0.25,rephrase,GEN_TF,full,parallel_only,88,-1.3933982683982684,-3.1954816017316015,0.07575757575757565
Llama,zsRE,AlphaEdit,SADR,canonical,1000,both_doses,0.25,rephrase,GEN_TF,full,parallel_minus_orthogonal,88,-2.976190476190476,-6.4610389610389625,-0.029558982683985175
Llama,zsRE,AlphaEdit,SADR,canonical,1000,both_doses,0.25,rephrase,GEN_TF,content_only,orthogonal,88,3.2196969696969693,-0.5307765151515155,7.803030303030304
Llama,zsRE,AlphaEdit,SADR,canonical,1000,both_doses,0.25,rephrase,GEN_TF,content_only,parallel_only,88,-1.1363636363636365,-2.935606060606061,0.37878787878787823
Llama,zsRE,AlphaEdit,SADR,canonical,1000,both_doses,0.25,rephrase,GEN_TF,content_only,parallel_minus_orthogonal,88,-4.3560606060606055,-9.14772727272727,-0.2840909090909088
Llama,zsRE,AlphaEdit,SADR,canonical,1000,dose_specific,0.5,locality,LOC,full,orthogonal,88,3.040223665223665,1.1462617243867246,5.253494769119768
Llama,zsRE,AlphaEdit,SADR,canonical,1000,dose_specific,0.5,locality,LOC,full,parallel_only,88,-2.888257575757576,-6.278442911255411,-0.037878787878788144
Llama,zsRE,AlphaEdit,SADR,canonical,1000,dose_specific,0.5,locality,LOC,full,parallel_minus_orthogonal,88,-5.928481240981241,-9.567155934343434,-2.780370670995673
Llama,zsRE,AlphaEdit,SADR,canonical,1000,dose_specific,0.5,rewrite,EFF_TF,full,orthogonal,88,0.4166666666666666,-1.423430735930736,2.102272727272727
Llama,zsRE,AlphaEdit,SADR,canonical,1000,dose_specific,0.5,rewrite,EFF_TF,full,parallel_only,88,-1.325757575757576,-2.8138528138528143,-0.12175324675324668
Llama,zsRE,AlphaEdit,SADR,canonical,1000,dose_specific,0.5,rewrite,EFF_TF,full,parallel_minus_orthogonal,88,-1.7424242424242424,-3.8257575757575766,0.47348484848484806
Llama,zsRE,AlphaEdit,SADR,canonical,1000,dose_specific,0.5,rewrite,EFF_TF,content_only,orthogonal,88,0.5492424242424243,-1.8939393939393938,2.8219696969696972
Llama,zsRE,AlphaEdit,SADR,canonical,1000,dose_specific,0.5,rewrite,EFF_TF,content_only,parallel_only,88,-1.8939393939393943,-3.977272727272727,-0.18939393939393961
Llama,zsRE,AlphaEdit,SADR,canonical,1000,dose_specific,0.5,rewrite,EFF_TF,content_only,parallel_minus_orthogonal,88,-2.4431818181818183,-5.378787878787879,0.5492424242424239
Llama,zsRE,AlphaEdit,SADR,canonical,1000,dose_specific,0.5,rephrase,GEN_TF,full,orthogonal,88,1.5827922077922076,-0.7468208874458875,4.166666666666666
Llama,zsRE,AlphaEdit,SADR,canonical,1000,dose_specific,0.5,rephrase,GEN_TF,full,parallel_only,88,-1.904761904761905,-3.763663419913419,-0.4058441558441558
Llama,zsRE,AlphaEdit,SADR,canonical,1000,dose_specific,0.5,rephrase,GEN_TF,full,parallel_minus_orthogonal,88,-3.487554112554113,-7.031926406926408,-0.454477813852815
Llama,zsRE,AlphaEdit,SADR,canonical,1000,dose_specific,0.5,rephrase,GEN_TF,content_only,orthogonal,88,3.219696969696969,-0.6628787878787885,7.860321969696963
Llama,zsRE,AlphaEdit,SADR,canonical,1000,dose_specific,0.5,rephrase,GEN_TF,content_only,parallel_only,88,-1.799242424242424,-3.6931818181818175,-0.28409090909090917
Llama,zsRE,AlphaEdit,SADR,canonical,1000,dose_specific,0.5,rephrase,GEN_TF,content_only,parallel_minus_orthogonal,88,-5.018939393939394,-9.810606060606059,-0.8333333333333328
Llama,zsRE,AlphaEdit,SADR,canonical,1000,both_doses,0.5,locality,LOC,full,orthogonal,88,3.040223665223665,1.1462617243867246,5.253494769119768
Llama,zsRE,AlphaEdit,SADR,canonical,1000,both_doses,0.5,locality,LOC,full,parallel_only,88,-2.888257575757576,-6.278442911255411,-0.037878787878788144
Llama,zsRE,AlphaEdit,SADR,canonical,1000,both_doses,0.5,locality,LOC,full,parallel_minus_orthogonal,88,-5.928481240981241,-9.567155934343434,-2.780370670995673
Llama,zsRE,AlphaEdit,SADR,canonical,1000,both_doses,0.5,rewrite,EFF_TF,full,orthogonal,88,0.4166666666666666,-1.423430735930736,2.102272727272727
Llama,zsRE,AlphaEdit,SADR,canonical,1000,both_doses,0.5,rewrite,EFF_TF,full,parallel_only,88,-1.325757575757576,-2.8138528138528143,-0.12175324675324668
Llama,zsRE,AlphaEdit,SADR,canonical,1000,both_doses,0.5,rewrite,EFF_TF,full,parallel_minus_orthogonal,88,-1.7424242424242424,-3.8257575757575766,0.47348484848484806
Llama,zsRE,AlphaEdit,SADR,canonical,1000,both_doses,0.5,rewrite,EFF_TF,content_only,orthogonal,88,0.5492424242424243,-1.8939393939393938,2.8219696969696972
Llama,zsRE,AlphaEdit,SADR,canonical,1000,both_doses,0.5,rewrite,EFF_TF,content_only,parallel_only,88,-1.8939393939393943,-3.977272727272727,-0.18939393939393961
Llama,zsRE,AlphaEdit,SADR,canonical,1000,both_doses,0.5,rewrite,EFF_TF,content_only,parallel_minus_orthogonal,88,-2.4431818181818183,-5.378787878787879,0.5492424242424239
Llama,zsRE,AlphaEdit,SADR,canonical,1000,both_doses,0.5,rephrase,GEN_TF,full,orthogonal,88,1.5827922077922076,-0.7468208874458875,4.166666666666666
Llama,zsRE,AlphaEdit,SADR,canonical,1000,both_doses,0.5,rephrase,GEN_TF,full,parallel_only,88,-1.904761904761905,-3.763663419913419,-0.4058441558441558
Llama,zsRE,AlphaEdit,SADR,canonical,1000,both_doses,0.5,rephrase,GEN_TF,full,parallel_minus_orthogonal,88,-3.487554112554113,-7.031926406926408,-0.454477813852815
Llama,zsRE,AlphaEdit,SADR,canonical,1000,both_doses,0.5,rephrase,GEN_TF,content_only,orthogonal,88,3.219696969696969,-0.6628787878787885,7.860321969696963
Llama,zsRE,AlphaEdit,SADR,canonical,1000,both_doses,0.5,rephrase,GEN_TF,content_only,parallel_only,88,-1.799242424242424,-3.6931818181818175,-0.28409090909090917
Llama,zsRE,AlphaEdit,SADR,canonical,1000,both_doses,0.5,rephrase,GEN_TF,content_only,parallel_minus_orthogonal,88,-5.018939393939394,-9.810606060606059,-0.8333333333333328
Llama,zsRE,AlphaEdit,SPHERE,canonical,1000,dose_specific,0.25,locality,LOC,full,orthogonal,100,1.3760179434092479,0.062313664596273556,3.046668391994479
Llama,zsRE,AlphaEdit,SPHERE,canonical,1000,dose_specific,0.25,locality,LOC,full,parallel_only,100,-0.513664596273292,-1.615960144927536,0.5869565217391304
Llama,zsRE,AlphaEdit,SPHERE,canonical,1000,dose_specific,0.25,locality,LOC,full,parallel_minus_orthogonal,100,-1.8896825396825399,-3.6008134920634918,-0.4809523809523811
Llama,zsRE,AlphaEdit,SPHERE,canonical,1000,dose_specific,0.25,rewrite,EFF_TF,full,orthogonal,100,0.0,0.0,0.0
Llama,zsRE,AlphaEdit,SPHERE,canonical,1000,dose_specific,0.25,rewrite,EFF_TF,full,parallel_only,100,-0.25,-0.75,0.0
Llama,zsRE,AlphaEdit,SPHERE,canonical,1000,dose_specific,0.25,rewrite,EFF_TF,full,parallel_minus_orthogonal,100,-0.25,-0.75,0.0
Llama,zsRE,AlphaEdit,SPHERE,canonical,1000,dose_specific,0.25,rewrite,EFF_TF,content_only,orthogonal,100,0.0,0.0,0.0
Llama,zsRE,AlphaEdit,SPHERE,canonical,1000,dose_specific,0.25,rewrite,EFF_TF,content_only,parallel_only,100,-0.3333333333333334,-1.0000000000000002,0.0
Llama,zsRE,AlphaEdit,SPHERE,canonical,1000,dose_specific,0.25,rewrite,EFF_TF,content_only,parallel_minus_orthogonal,100,-0.3333333333333334,-1.0000000000000002,0.0
Llama,zsRE,AlphaEdit,SPHERE,canonical,1000,dose_specific,0.25,rephrase,GEN_TF,full,orthogonal,100,0.6666666666666669,-0.4166666666666666,1.9166666666666672
Llama,zsRE,AlphaEdit,SPHERE,canonical,1000,dose_specific,0.25,rephrase,GEN_TF,full,parallel_only,100,0.0,0.0,0.0
Llama,zsRE,AlphaEdit,SPHERE,canonical,1000,dose_specific,0.25,rephrase,GEN_TF,full,parallel_minus_orthogonal,100,-0.6666666666666669,-1.9166666666666672,0.4166666666666666
Llama,zsRE,AlphaEdit,SPHERE,canonical,1000,dose_specific,0.25,rephrase,GEN_TF,content_only,orthogonal,100,1.0000000000000002,-0.49999999999999983,2.833333333333334
Llama,zsRE,AlphaEdit,SPHERE,canonical,1000,dose_specific,0.25,rephrase,GEN_TF,content_only,parallel_only,100,0.0,0.0,0.0
Llama,zsRE,AlphaEdit,SPHERE,canonical,1000,dose_specific,0.25,rephrase,GEN_TF,content_only,parallel_minus_orthogonal,100,-1.0000000000000002,-2.833333333333334,0.49999999999999983
Llama,zsRE,AlphaEdit,SPHERE,canonical,1000,both_doses,0.25,locality,LOC,full,orthogonal,96,1.4333520243846332,0.06609173711755244,3.094077093397745
Llama,zsRE,AlphaEdit,SPHERE,canonical,1000,both_doses,0.25,locality,LOC,full,parallel_only,96,-0.2746506211180124,-1.2642339544513457,0.7503019323671497
Llama,zsRE,AlphaEdit,SPHERE,canonical,1000,both_doses,0.25,locality,LOC,full,parallel_minus_orthogonal,96,-1.7080026455026456,-3.3954406415343916,-0.33234126984126994
Llama,zsRE,AlphaEdit,SPHERE,canonical,1000,both_doses,0.25,rewrite,EFF_TF,full,orthogonal,96,0.0,0.0,0.0
Llama,zsRE,AlphaEdit,SPHERE,canonical,1000,both_doses,0.25,rewrite,EFF_TF,full,parallel_only,96,-0.2604166666666667,-0.78125,0.0
Llama,zsRE,AlphaEdit,SPHERE,canonical,1000,both_doses,0.25,rewrite,EFF_TF,full,parallel_minus_orthogonal,96,-0.2604166666666667,-0.78125,0.0
Llama,zsRE,AlphaEdit,SPHERE,canonical,1000,both_doses,0.25,rewrite,EFF_TF,content_only,orthogonal,96,0.0,0.0,0.0
Llama,zsRE,AlphaEdit,SPHERE,canonical,1000,both_doses,0.25,rewrite,EFF_TF,content_only,parallel_only,96,-0.3472222222222223,-1.041666666666667,0.0
Llama,zsRE,AlphaEdit,SPHERE,canonical,1000,both_doses,0.25,rewrite,EFF_TF,content_only,parallel_minus_orthogonal,96,-0.3472222222222223,-1.041666666666667,0.0
Llama,zsRE,AlphaEdit,SPHERE,canonical,1000,both_doses,0.25,rephrase,GEN_TF,full,orthogonal,96,0.3472222222222223,-0.5208333333333334,1.3888888888888893
Llama,zsRE,AlphaEdit,SPHERE,canonical,1000,both_doses,0.25,rephrase,GEN_TF,full,parallel_only,96,0.0,0.0,0.0
Llama,zsRE,AlphaEdit,SPHERE,canonical,1000,both_doses,0.25,rephrase,GEN_TF,full,parallel_minus_orthogonal,96,-0.3472222222222223,-1.3888888888888893,0.5208333333333334
Llama,zsRE,AlphaEdit,SPHERE,canonical,1000,both_doses,0.25,rephrase,GEN_TF,content_only,orthogonal,96,0.5208333333333335,-0.6944444444444443,2.0833333333333335
Llama,zsRE,AlphaEdit,SPHERE,canonical,1000,both_doses,0.25,rephrase,GEN_TF,content_only,parallel_only,96,0.0,0.0,0.0
Llama,zsRE,AlphaEdit,SPHERE,canonical,1000,both_doses,0.25,rephrase,GEN_TF,content_only,parallel_minus_orthogonal,96,-0.5208333333333335,-2.0833333333333335,0.6944444444444443
Llama,zsRE,AlphaEdit,SPHERE,canonical,1000,dose_specific,0.5,locality,LOC,full,orthogonal,96,3.069609788359788,0.6845238095238099,6.0559275793650755
Llama,zsRE,AlphaEdit,SPHERE,canonical,1000,dose_specific,0.5,locality,LOC,full,parallel_only,96,-2.0669786634460547,-4.224851549919484,-0.4302536231884057
Llama,zsRE,AlphaEdit,SPHERE,canonical,1000,dose_specific,0.5,locality,LOC,full,parallel_minus_orthogonal,96,-5.136588451805843,-8.639663489187944,-2.1582520991488385
Llama,zsRE,AlphaEdit,SPHERE,canonical,1000,dose_specific,0.5,rewrite,EFF_TF,full,orthogonal,96,-0.3472222222222223,-1.041666666666667,0.0
Llama,zsRE,AlphaEdit,SPHERE,canonical,1000,dose_specific,0.5,rewrite,EFF_TF,full,parallel_only,96,-0.4340277777777777,-1.128472222222222,0.0
Llama,zsRE,AlphaEdit,SPHERE,canonical,1000,dose_specific,0.5,rewrite,EFF_TF,full,parallel_minus_orthogonal,96,-0.08680555555555536,-0.954861111111111,0.8680555555555559
Llama,zsRE,AlphaEdit,SPHERE,canonical,1000,dose_specific,0.5,rewrite,EFF_TF,content_only,orthogonal,96,-0.5208333333333334,-1.5625,0.0
Llama,zsRE,AlphaEdit,SPHERE,canonical,1000,dose_specific,0.5,rewrite,EFF_TF,content_only,parallel_only,96,-0.5555555555555557,-1.4583333333333337,0.0
Llama,zsRE,AlphaEdit,SPHERE,canonical,1000,dose_specific,0.5,rewrite,EFF_TF,content_only,parallel_minus_orthogonal,96,-0.03472222222222232,-1.2500000000000002,1.3541666666666667
Llama,zsRE,AlphaEdit,SPHERE,canonical,1000,dose_specific,0.5,rephrase,GEN_TF,full,orthogonal,96,1.3368055555555556,0.20833333333333334,2.917100694444438
Llama,zsRE,AlphaEdit,SPHERE,canonical,1000,dose_specific,0.5,rephrase,GEN_TF,full,parallel_only,96,-0.2604166666666667,-0.78125,0.0
Llama,zsRE,AlphaEdit,SPHERE,canonical,1000,dose_specific,0.5,rephrase,GEN_TF,full,parallel_minus_orthogonal,96,-1.5972222222222223,-3.2291666666666665,-0.3472222222222223
Llama,zsRE,AlphaEdit,SPHERE,canonical,1000,dose_specific,0.5,rephrase,GEN_TF,content_only,orthogonal,96,2.170138888888889,0.2604166666666667,4.950086805555525
Llama,zsRE,AlphaEdit,SPHERE,canonical,1000,dose_specific,0.5,rephrase,GEN_TF,content_only,parallel_only,96,-0.34722222222222215,-1.0416666666666665,0.0
Llama,zsRE,AlphaEdit,SPHERE,canonical,1000,dose_specific,0.5,rephrase,GEN_TF,content_only,parallel_minus_orthogonal,96,-2.517361111111111,-5.3819444444444455,-0.5208333333333334
Llama,zsRE,AlphaEdit,SPHERE,canonical,1000,both_doses,0.5,locality,LOC,full,orthogonal,96,3.069609788359788,0.6845238095238099,6.0559275793650755
Llama,zsRE,AlphaEdit,SPHERE,canonical,1000,both_doses,0.5,locality,LOC,full,parallel_only,96,-2.0669786634460547,-4.224851549919484,-0.4302536231884057
Llama,zsRE,AlphaEdit,SPHERE,canonical,1000,both_doses,0.5,locality,LOC,full,parallel_minus_orthogonal,96,-5.136588451805843,-8.639663489187944,-2.1582520991488385
Llama,zsRE,AlphaEdit,SPHERE,canonical,1000,both_doses,0.5,rewrite,EFF_TF,full,orthogonal,96,-0.3472222222222223,-1.041666666666667,0.0
Llama,zsRE,AlphaEdit,SPHERE,canonical,1000,both_doses,0.5,rewrite,EFF_TF,full,parallel_only,96,-0.4340277777777777,-1.128472222222222,0.0
Llama,zsRE,AlphaEdit,SPHERE,canonical,1000,both_doses,0.5,rewrite,EFF_TF,full,parallel_minus_orthogonal,96,-0.08680555555555536,-0.954861111111111,0.8680555555555559
Llama,zsRE,AlphaEdit,SPHERE,canonical,1000,both_doses,0.5,rewrite,EFF_TF,content_only,orthogonal,96,-0.5208333333333334,-1.5625,0.0
Llama,zsRE,AlphaEdit,SPHERE,canonical,1000,both_doses,0.5,rewrite,EFF_TF,content_only,parallel_only,96,-0.5555555555555557,-1.4583333333333337,0.0
Llama,zsRE,AlphaEdit,SPHERE,canonical,1000,both_doses,0.5,rewrite,EFF_TF,content_only,parallel_minus_orthogonal,96,-0.03472222222222232,-1.2500000000000002,1.3541666666666667
Llama,zsRE,AlphaEdit,SPHERE,canonical,1000,both_doses,0.5,rephrase,GEN_TF,full,orthogonal,96,1.3368055555555556,0.20833333333333334,2.917100694444438
Llama,zsRE,AlphaEdit,SPHERE,canonical,1000,both_doses,0.5,rephrase,GEN_TF,full,parallel_only,96,-0.2604166666666667,-0.78125,0.0
Llama,zsRE,AlphaEdit,SPHERE,canonical,1000,both_doses,0.5,rephrase,GEN_TF,full,parallel_minus_orthogonal,96,-1.5972222222222223,-3.2291666666666665,-0.3472222222222223
Llama,zsRE,AlphaEdit,SPHERE,canonical,1000,both_doses,0.5,rephrase,GEN_TF,content_only,orthogonal,96,2.170138888888889,0.2604166666666667,4.950086805555525
Llama,zsRE,AlphaEdit,SPHERE,canonical,1000,both_doses,0.5,rephrase,GEN_TF,content_only,parallel_only,96,-0.34722222222222215,-1.0416666666666665,0.0
Llama,zsRE,AlphaEdit,SPHERE,canonical,1000,both_doses,0.5,rephrase,GEN_TF,content_only,parallel_minus_orthogonal,96,-2.517361111111111,-5.3819444444444455,-0.5208333333333334
Llama,zsRE,MEMIT,ENCORE,canonical,1000,dose_specific,0.25,locality,LOC,full,orthogonal,100,0.2166666666666667,-1.083333333333333,1.55
Llama,zsRE,MEMIT,ENCORE,canonical,1000,dose_specific,0.25,locality,LOC,full,parallel_only,100,-0.22619047619047605,-3.119642857142856,2.7026785714285673
Llama,zsRE,MEMIT,ENCORE,canonical,1000,dose_specific,0.25,locality,LOC,full,parallel_minus_orthogonal,100,-0.4428571428571428,-3.630952380952381,2.7238095238095235
Llama,zsRE,MEMIT,ENCORE,canonical,1000,dose_specific,0.25,rewrite,EFF_TF,full,orthogonal,100,-0.2,-1.0,0.4
Llama,zsRE,MEMIT,ENCORE,canonical,1000,dose_specific,0.25,rewrite,EFF_TF,full,parallel_only,100,0.3428571428571429,-0.2857142857142858,1.0
Llama,zsRE,MEMIT,ENCORE,canonical,1000,dose_specific,0.25,rewrite,EFF_TF,full,parallel_minus_orthogonal,100,0.5428571428571429,-0.1428571428571429,1.3428571428571427
Llama,zsRE,MEMIT,ENCORE,canonical,1000,dose_specific,0.25,rewrite,EFF_TF,content_only,orthogonal,100,-0.25,-1.25,0.5
Llama,zsRE,MEMIT,ENCORE,canonical,1000,dose_specific,0.25,rewrite,EFF_TF,content_only,parallel_only,100,0.4166666666666666,-0.33333333333333315,1.2499999999999993
Llama,zsRE,MEMIT,ENCORE,canonical,1000,dose_specific,0.25,rewrite,EFF_TF,content_only,parallel_minus_orthogonal,100,0.6666666666666665,-0.16666666666666657,1.666666666666666
Llama,zsRE,MEMIT,ENCORE,canonical,1000,dose_specific,0.25,rephrase,GEN_TF,full,orthogonal,100,0.5499999999999998,-0.5166666666666668,1.7999999999999998
Llama,zsRE,MEMIT,ENCORE,canonical,1000,dose_specific,0.25,rephrase,GEN_TF,full,parallel_only,100,0.25,0.0,0.75
Llama,zsRE,MEMIT,ENCORE,canonical,1000,dose_specific,0.25,rephrase,GEN_TF,full,parallel_minus_orthogonal,100,-0.2999999999999999,-1.5833333333333337,0.9
Llama,zsRE,MEMIT,ENCORE,canonical,1000,dose_specific,0.25,rephrase,GEN_TF,content_only,orthogonal,100,0.75,-0.5,2.5
Llama,zsRE,MEMIT,ENCORE,canonical,1000,dose_specific,0.25,rephrase,GEN_TF,content_only,parallel_only,100,0.33333333333333326,0.0,0.9999999999999999
Llama,zsRE,MEMIT,ENCORE,canonical,1000,dose_specific,0.25,rephrase,GEN_TF,content_only,parallel_minus_orthogonal,100,-0.41666666666666674,-2.166666666666667,1.083333333333333
Llama,zsRE,MEMIT,ENCORE,canonical,1000,both_doses,0.25,locality,LOC,full,orthogonal,100,0.2166666666666667,-1.083333333333333,1.55
Llama,zsRE,MEMIT,ENCORE,canonical,1000,both_doses,0.25,locality,LOC,full,parallel_only,100,-0.22619047619047605,-3.119642857142856,2.7026785714285673
Llama,zsRE,MEMIT,ENCORE,canonical,1000,both_doses,0.25,locality,LOC,full,parallel_minus_orthogonal,100,-0.4428571428571428,-3.630952380952381,2.7238095238095235
Llama,zsRE,MEMIT,ENCORE,canonical,1000,both_doses,0.25,rewrite,EFF_TF,full,orthogonal,100,-0.2,-1.0,0.4
Llama,zsRE,MEMIT,ENCORE,canonical,1000,both_doses,0.25,rewrite,EFF_TF,full,parallel_only,100,0.3428571428571429,-0.2857142857142858,1.0
Llama,zsRE,MEMIT,ENCORE,canonical,1000,both_doses,0.25,rewrite,EFF_TF,full,parallel_minus_orthogonal,100,0.5428571428571429,-0.1428571428571429,1.3428571428571427
Llama,zsRE,MEMIT,ENCORE,canonical,1000,both_doses,0.25,rewrite,EFF_TF,content_only,orthogonal,100,-0.25,-1.25,0.5
Llama,zsRE,MEMIT,ENCORE,canonical,1000,both_doses,0.25,rewrite,EFF_TF,content_only,parallel_only,100,0.4166666666666666,-0.33333333333333315,1.2499999999999993
Llama,zsRE,MEMIT,ENCORE,canonical,1000,both_doses,0.25,rewrite,EFF_TF,content_only,parallel_minus_orthogonal,100,0.6666666666666665,-0.16666666666666657,1.666666666666666
Llama,zsRE,MEMIT,ENCORE,canonical,1000,both_doses,0.25,rephrase,GEN_TF,full,orthogonal,100,0.5499999999999998,-0.5166666666666668,1.7999999999999998
Llama,zsRE,MEMIT,ENCORE,canonical,1000,both_doses,0.25,rephrase,GEN_TF,full,parallel_only,100,0.25,0.0,0.75
Llama,zsRE,MEMIT,ENCORE,canonical,1000,both_doses,0.25,rephrase,GEN_TF,full,parallel_minus_orthogonal,100,-0.2999999999999999,-1.5833333333333337,0.9
Llama,zsRE,MEMIT,ENCORE,canonical,1000,both_doses,0.25,rephrase,GEN_TF,content_only,orthogonal,100,0.75,-0.5,2.5
Llama,zsRE,MEMIT,ENCORE,canonical,1000,both_doses,0.25,rephrase,GEN_TF,content_only,parallel_only,100,0.33333333333333326,0.0,0.9999999999999999
Llama,zsRE,MEMIT,ENCORE,canonical,1000,both_doses,0.25,rephrase,GEN_TF,content_only,parallel_minus_orthogonal,100,-0.41666666666666674,-2.166666666666667,1.083333333333333
Llama,zsRE,MEMIT,ENCORE,canonical,1000,dose_specific,0.5,locality,LOC,full,orthogonal,100,1.633333333333333,-0.6833333333333332,4.516666666666667
Llama,zsRE,MEMIT,ENCORE,canonical,1000,dose_specific,0.5,locality,LOC,full,parallel_only,100,-1.1642857142857144,-3.5072023809523807,0.3047619047619047
Llama,zsRE,MEMIT,ENCORE,canonical,1000,dose_specific,0.5,locality,LOC,full,parallel_minus_orthogonal,100,-2.7976190476190474,-6.428571428571429,0.10714285714285708
Llama,zsRE,MEMIT,ENCORE,canonical,1000,dose_specific,0.5,rewrite,EFF_TF,full,orthogonal,100,0.46666666666666656,-0.55,1.5666666666666662
Llama,zsRE,MEMIT,ENCORE,canonical,1000,dose_specific,0.5,rewrite,EFF_TF,full,parallel_only,100,0.43571428571428583,-0.4071428571428571,1.2857142857142858
Llama,zsRE,MEMIT,ENCORE,canonical,1000,dose_specific,0.5,rewrite,EFF_TF,full,parallel_minus_orthogonal,100,-0.030952380952380735,-1.3571428571428568,1.378571428571429
Llama,zsRE,MEMIT,ENCORE,canonical,1000,dose_specific,0.5,rewrite,EFF_TF,content_only,orthogonal,100,0.6166666666666667,-0.6666666666666665,2.033333333333333
Llama,zsRE,MEMIT,ENCORE,canonical,1000,dose_specific,0.5,rewrite,EFF_TF,content_only,parallel_only,100,0.49999999999999983,-0.5833333333333333,1.5833333333333328
Llama,zsRE,MEMIT,ENCORE,canonical,1000,dose_specific,0.5,rewrite,EFF_TF,content_only,parallel_minus_orthogonal,100,-0.11666666666666686,-1.816666666666667,1.6666666666666663
Llama,zsRE,MEMIT,ENCORE,canonical,1000,dose_specific,0.5,rephrase,GEN_TF,full,orthogonal,100,0.4999999999999998,-0.8286309523809526,1.9072023809523801
Llama,zsRE,MEMIT,ENCORE,canonical,1000,dose_specific,0.5,rephrase,GEN_TF,full,parallel_only,100,0.25,0.0,0.75
Llama,zsRE,MEMIT,ENCORE,canonical,1000,dose_specific,0.5,rephrase,GEN_TF,full,parallel_minus_orthogonal,100,-0.24999999999999978,-1.7167261904761906,1.176190476190476
Llama,zsRE,MEMIT,ENCORE,canonical,1000,dose_specific,0.5,rephrase,GEN_TF,content_only,orthogonal,100,0.6666666666666667,-0.9999999999999997,2.5
Llama,zsRE,MEMIT,ENCORE,canonical,1000,dose_specific,0.5,rephrase,GEN_TF,content_only,parallel_only,100,0.33333333333333326,0.0,0.9999999999999999
Llama,zsRE,MEMIT,ENCORE,canonical,1000,dose_specific,0.5,rephrase,GEN_TF,content_only,parallel_minus_orthogonal,100,-0.3333333333333334,-2.2500000000000004,1.416666666666667
Llama,zsRE,MEMIT,ENCORE,canonical,1000,both_doses,0.5,locality,LOC,full,orthogonal,100,1.633333333333333,-0.6833333333333332,4.516666666666667
Llama,zsRE,MEMIT,ENCORE,canonical,1000,both_doses,0.5,locality,LOC,full,parallel_only,100,-1.1642857142857144,-3.5072023809523807,0.3047619047619047
Llama,zsRE,MEMIT,ENCORE,canonical,1000,both_doses,0.5,locality,LOC,full,parallel_minus_orthogonal,100,-2.7976190476190474,-6.428571428571429,0.10714285714285708
Llama,zsRE,MEMIT,ENCORE,canonical,1000,both_doses,0.5,rewrite,EFF_TF,full,orthogonal,100,0.46666666666666656,-0.55,1.5666666666666662
Llama,zsRE,MEMIT,ENCORE,canonical,1000,both_doses,0.5,rewrite,EFF_TF,full,parallel_only,100,0.43571428571428583,-0.4071428571428571,1.2857142857142858
Llama,zsRE,MEMIT,ENCORE,canonical,1000,both_doses,0.5,rewrite,EFF_TF,full,parallel_minus_orthogonal,100,-0.030952380952380735,-1.3571428571428568,1.378571428571429
Llama,zsRE,MEMIT,ENCORE,canonical,1000,both_doses,0.5,rewrite,EFF_TF,content_only,orthogonal,100,0.6166666666666667,-0.6666666666666665,2.033333333333333
Llama,zsRE,MEMIT,ENCORE,canonical,1000,both_doses,0.5,rewrite,EFF_TF,content_only,parallel_only,100,0.49999999999999983,-0.5833333333333333,1.5833333333333328
Llama,zsRE,MEMIT,ENCORE,canonical,1000,both_doses,0.5,rewrite,EFF_TF,content_only,parallel_minus_orthogonal,100,-0.11666666666666686,-1.816666666666667,1.6666666666666663
Llama,zsRE,MEMIT,ENCORE,canonical,1000,both_doses,0.5,rephrase,GEN_TF,full,orthogonal,100,0.4999999999999998,-0.8286309523809526,1.9072023809523801
Llama,zsRE,MEMIT,ENCORE,canonical,1000,both_doses,0.5,rephrase,GEN_TF,full,parallel_only,100,0.25,0.0,0.75
Llama,zsRE,MEMIT,ENCORE,canonical,1000,both_doses,0.5,rephrase,GEN_TF,full,parallel_minus_orthogonal,100,-0.24999999999999978,-1.7167261904761906,1.176190476190476
Llama,zsRE,MEMIT,ENCORE,canonical,1000,both_doses,0.5,rephrase,GEN_TF,content_only,orthogonal,100,0.6666666666666667,-0.9999999999999997,2.5
Llama,zsRE,MEMIT,ENCORE,canonical,1000,both_doses,0.5,rephrase,GEN_TF,content_only,parallel_only,100,0.33333333333333326,0.0,0.9999999999999999
Llama,zsRE,MEMIT,ENCORE,canonical,1000,both_doses,0.5,rephrase,GEN_TF,content_only,parallel_minus_orthogonal,100,-0.3333333333333334,-2.2500000000000004,1.416666666666667
Llama,zsRE,MEMIT,NAS,canonical,1000,dose_specific,0.25,locality,LOC,full,orthogonal,100,1.6345755693581783,-0.3180124223602479,3.7142857142857144
Llama,zsRE,MEMIT,NAS,canonical,1000,dose_specific,0.25,locality,LOC,full,parallel_only,100,-0.7993788819875776,-1.7357142857142855,-0.07608695652173907
Llama,zsRE,MEMIT,NAS,canonical,1000,dose_specific,0.25,locality,LOC,full,parallel_minus_orthogonal,100,-2.433954451345756,-4.639958592132506,-0.33695652173913077
Llama,zsRE,MEMIT,NAS,canonical,1000,dose_specific,0.25,rewrite,EFF_TF,full,orthogonal,100,-3.8738095238095243,-6.2,-1.7545833333333358
Llama,zsRE,MEMIT,NAS,canonical,1000,dose_specific,0.25,rewrite,EFF_TF,full,parallel_only,100,1.142857142857143,-0.39047619047619053,2.8452380952380953
Llama,zsRE,MEMIT,NAS,canonical,1000,dose_specific,0.25,rewrite,EFF_TF,full,parallel_minus_orthogonal,100,5.016666666666667,2.742857142857143,7.616666666666667
Llama,zsRE,MEMIT,NAS,canonical,1000,dose_specific,0.25,rewrite,EFF_TF,content_only,orthogonal,100,-1.25,-3.75,0.5833333333333337
Llama,zsRE,MEMIT,NAS,canonical,1000,dose_specific,0.25,rewrite,EFF_TF,content_only,parallel_only,100,0.16666666666666685,-0.5833333333333331,0.9166666666666674
Llama,zsRE,MEMIT,NAS,canonical,1000,dose_specific,0.25,rewrite,EFF_TF,content_only,parallel_minus_orthogonal,100,1.416666666666667,-0.16666666666666657,3.916666666666667
Llama,zsRE,MEMIT,NAS,canonical,1000,dose_specific,0.25,rephrase,GEN_TF,full,orthogonal,100,-2.7690476190476194,-4.754940476190476,-0.9998809523809541
Llama,zsRE,MEMIT,NAS,canonical,1000,dose_specific,0.25,rephrase,GEN_TF,full,parallel_only,100,0.21666666666666642,-0.7428571428571428,1.2999999999999994
Llama,zsRE,MEMIT,NAS,canonical,1000,dose_specific,0.25,rephrase,GEN_TF,full,parallel_minus_orthogonal,100,2.9857142857142858,0.9760714285714285,5.183571428571424
Llama,zsRE,MEMIT,NAS,canonical,1000,dose_specific,0.25,rephrase,GEN_TF,content_only,orthogonal,100,-1.833333333333333,-4.499999999999999,0.08333333333333343
Llama,zsRE,MEMIT,NAS,canonical,1000,dose_specific,0.25,rephrase,GEN_TF,content_only,parallel_only,100,-0.7,-1.6999999999999997,0.13333333333333314
Llama,zsRE,MEMIT,NAS,canonical,1000,dose_specific,0.25,rephrase,GEN_TF,content_only,parallel_minus_orthogonal,100,1.133333333333333,-1.0166666666666668,3.833333333333333
Llama,zsRE,MEMIT,NAS,canonical,1000,both_doses,0.25,locality,LOC,full,orthogonal,96,1.3554606625258803,-0.5952380952380949,3.406201475155268
Llama,zsRE,MEMIT,NAS,canonical,1000,both_doses,0.25,locality,LOC,full,parallel_only,96,-0.8326863354037265,-1.7999482401656313,-0.10351966873706002
Llama,zsRE,MEMIT,NAS,canonical,1000,both_doses,0.25,locality,LOC,full,parallel_minus_orthogonal,96,-2.188146997929607,-4.4122023809523805,-0.05882828674948497
Llama,zsRE,MEMIT,NAS,canonical,1000,both_doses,0.25,rewrite,EFF_TF,full,orthogonal,96,-3.34077380952381,-5.555555555555556,-1.2996031746031749
Llama,zsRE,MEMIT,NAS,canonical,1000,both_doses,0.25,rewrite,EFF_TF,full,parallel_only,96,0.7564484126984127,-0.20833333333333334,1.89484126984127
Llama,zsRE,MEMIT,NAS,canonical,1000,both_doses,0.25,rewrite,EFF_TF,full,parallel_minus_orthogonal,96,4.097222222222222,1.9691840277777777,6.431051587301589
Llama,zsRE,MEMIT,NAS,canonical,1000,both_doses,0.25,rewrite,EFF_TF,content_only,orthogonal,96,-1.3020833333333333,-3.9062500000000004,0.6076388888888893
Llama,zsRE,MEMIT,NAS,canonical,1000,both_doses,0.25,rewrite,EFF_TF,content_only,parallel_only,96,0.1736111111111113,-0.6076388888888887,1.0416666666666667
Llama,zsRE,MEMIT,NAS,canonical,1000,both_doses,0.25,rewrite,EFF_TF,content_only,parallel_minus_orthogonal,96,1.4756944444444446,-0.17361111111111102,3.993055555555556
Llama,zsRE,MEMIT,NAS,canonical,1000,both_doses,0.25,rephrase,GEN_TF,full,orthogonal,96,-2.8844246031746033,-4.975198412698412,-1.0763888888888888
Llama,zsRE,MEMIT,NAS,canonical,1000,both_doses,0.25,rephrase,GEN_TF,full,parallel_only,96,0.2256944444444442,-0.7837301587301587,1.3392857142857142
Llama,zsRE,MEMIT,NAS,canonical,1000,both_doses,0.25,rephrase,GEN_TF,full,parallel_minus_orthogonal,96,3.1101190476190474,1.036644345238095,5.386904761904762
Llama,zsRE,MEMIT,NAS,canonical,1000,both_doses,0.25,rephrase,GEN_TF,content_only,orthogonal,96,-1.909722222222222,-4.687499999999999,0.08680555555555565
Llama,zsRE,MEMIT,NAS,canonical,1000,both_doses,0.25,rephrase,GEN_TF,content_only,parallel_only,96,-0.7291666666666666,-1.770833333333333,0.1736111111111104
Llama,zsRE,MEMIT,NAS,canonical,1000,both_doses,0.25,rephrase,GEN_TF,content_only,parallel_minus_orthogonal,96,1.1805555555555554,-1.041666666666667,4.079861111111111
Llama,zsRE,MEMIT,NAS,canonical,1000,dose_specific,0.5,locality,LOC,full,orthogonal,96,0.9579882677708763,-1.2379999856222685,3.2994746736254887
Llama,zsRE,MEMIT,NAS,canonical,1000,dose_specific,0.5,locality,LOC,full,parallel_only,96,-1.2772817460317458,-2.728174603174603,0.0
Llama,zsRE,MEMIT,NAS,canonical,1000,dose_specific,0.5,locality,LOC,full,parallel_minus_orthogonal,96,-2.235270013802622,-5.030429570680929,0.362524621865654
Llama,zsRE,MEMIT,NAS,canonical,1000,dose_specific,0.5,rewrite,EFF_TF,full,orthogonal,96,-5.930059523809525,-8.963355654761905,-3.142299107142859
Llama,zsRE,MEMIT,NAS,canonical,1000,dose_specific,0.5,rewrite,EFF_TF,full,parallel_only,96,0.607638888888889,-0.6547619047619045,1.9791666666666667
Llama,zsRE,MEMIT,NAS,canonical,1000,dose_specific,0.5,rewrite,EFF_TF,full,parallel_minus_orthogonal,96,6.537698412698414,3.5664682539682544,9.600694444444445
Llama,zsRE,MEMIT,NAS,canonical,1000,dose_specific,0.5,rewrite,EFF_TF,content_only,orthogonal,96,-2.899305555555556,-6.423611111111112,1.4802973661668753e-16
Llama,zsRE,MEMIT,NAS,canonical,1000,dose_specific,0.5,rewrite,EFF_TF,content_only,parallel_only,96,0.0,-1.3020833333333333,1.3020833333333335
Llama,zsRE,MEMIT,NAS,canonical,1000,dose_specific,0.5,rewrite,EFF_TF,content_only,parallel_minus_orthogonal,96,2.899305555555556,-0.1736111111111104,6.580295138888883
Llama,zsRE,MEMIT,NAS,canonical,1000,dose_specific,0.5,rephrase,GEN_TF,full,orthogonal,96,-4.513888888888888,-7.475198412698412,-1.7707713293650802
Llama,zsRE,MEMIT,NAS,canonical,1000,dose_specific,0.5,rephrase,GEN_TF,full,parallel_only,96,0.6448412698412694,-1.507998511904762,2.7654389880952372
Llama,zsRE,MEMIT,NAS,canonical,1000,dose_specific,0.5,rephrase,GEN_TF,full,parallel_minus_orthogonal,96,5.158730158730158,2.403211805555555,8.075582837301583
Llama,zsRE,MEMIT,NAS,canonical,1000,dose_specific,0.5,rephrase,GEN_TF,content_only,orthogonal,96,-3.1770833333333335,-7.17013888888889,0.17361111111111108
Llama,zsRE,MEMIT,NAS,canonical,1000,dose_specific,0.5,rephrase,GEN_TF,content_only,parallel_only,96,-0.9027777777777778,-4.340711805555556,2.4305555555555554
Llama,zsRE,MEMIT,NAS,canonical,1000,dose_specific,0.5,rephrase,GEN_TF,content_only,parallel_minus_orthogonal,96,2.274305555555556,-1.4583333333333333,6.527777777777779
Llama,zsRE,MEMIT,NAS,canonical,1000,both_doses,0.5,locality,LOC,full,orthogonal,96,0.9579882677708763,-1.2379999856222685,3.2994746736254887
Llama,zsRE,MEMIT,NAS,canonical,1000,both_doses,0.5,locality,LOC,full,parallel_only,96,-1.2772817460317458,-2.728174603174603,0.0
Llama,zsRE,MEMIT,NAS,canonical,1000,both_doses,0.5,locality,LOC,full,parallel_minus_orthogonal,96,-2.235270013802622,-5.030429570680929,0.362524621865654
Llama,zsRE,MEMIT,NAS,canonical,1000,both_doses,0.5,rewrite,EFF_TF,full,orthogonal,96,-5.930059523809525,-8.963355654761905,-3.142299107142859
Llama,zsRE,MEMIT,NAS,canonical,1000,both_doses,0.5,rewrite,EFF_TF,full,parallel_only,96,0.607638888888889,-0.6547619047619045,1.9791666666666667
Llama,zsRE,MEMIT,NAS,canonical,1000,both_doses,0.5,rewrite,EFF_TF,full,parallel_minus_orthogonal,96,6.537698412698414,3.5664682539682544,9.600694444444445
Llama,zsRE,MEMIT,NAS,canonical,1000,both_doses,0.5,rewrite,EFF_TF,content_only,orthogonal,96,-2.899305555555556,-6.423611111111112,1.4802973661668753e-16
Llama,zsRE,MEMIT,NAS,canonical,1000,both_doses,0.5,rewrite,EFF_TF,content_only,parallel_only,96,0.0,-1.3020833333333333,1.3020833333333335
Llama,zsRE,MEMIT,NAS,canonical,1000,both_doses,0.5,rewrite,EFF_TF,content_only,parallel_minus_orthogonal,96,2.899305555555556,-0.1736111111111104,6.580295138888883
Llama,zsRE,MEMIT,NAS,canonical,1000,both_doses,0.5,rephrase,GEN_TF,full,orthogonal,96,-4.513888888888888,-7.475198412698412,-1.7707713293650802
Llama,zsRE,MEMIT,NAS,canonical,1000,both_doses,0.5,rephrase,GEN_TF,full,parallel_only,96,0.6448412698412694,-1.507998511904762,2.7654389880952372
Llama,zsRE,MEMIT,NAS,canonical,1000,both_doses,0.5,rephrase,GEN_TF,full,parallel_minus_orthogonal,96,5.158730158730158,2.403211805555555,8.075582837301583
Llama,zsRE,MEMIT,NAS,canonical,1000,both_doses,0.5,rephrase,GEN_TF,content_only,orthogonal,96,-3.1770833333333335,-7.17013888888889,0.17361111111111108
Llama,zsRE,MEMIT,NAS,canonical,1000,both_doses,0.5,rephrase,GEN_TF,content_only,parallel_only,96,-0.9027777777777778,-4.340711805555556,2.4305555555555554
Llama,zsRE,MEMIT,NAS,canonical,1000,both_doses,0.5,rephrase,GEN_TF,content_only,parallel_minus_orthogonal,96,2.274305555555556,-1.4583333333333333,6.527777777777779
