model,dataset,editor,method,order_id,edit_count,trajectory_id,legacy_retained,exclusion_reason,version,n_geometry_cases,n_locality_cases,eff_gen_n_cases,eff_gen_cohort,eff_gen_evaluation_mode,locality_mean_p,locality_mean_q,locality_mean_kappa,locality_mean_abs_norm_deviation,mean_d,mean_one_minus_cosine,mean_angle_degrees,mean_abs_p,locality_percent,eff_percent,gen_percent,weight_norm_ratio,cumulative_delta_relative,rewrite_trajectory_id,rewrite_version,rewrite_mean_p,rewrite_mean_q,rewrite_mean_kappa,rewrite_mean_d,rewrite_mean_base_norm,rewrite_mean_post_norm,rewrite_mean_one_minus_cosine,rewrite_mean_angle_degrees,rewrite_mean_abs_norm_deviation,rewrite_mean_abs_p,rewrite_mean_p_squared,rewrite_mean_q_squared,rewrite_mean_kappa_squared,rewrite_mean_parallel_squared_norm_term,rewrite_mean_orthogonal_squared_norm_term,rewrite_norm_growth_percent,rewrite_ratio_of_mean_norms,rewrite_cases_with_norm_increase,rewrite_n_geometry_cases,rewrite_position,rewrite_geometry_context,rewrite_token_position,rewrite_representation,rewrite_raw_rewrite_sha256,rewrite_raw_base_sha256,rewrite_squared_identity_max_relative_error,rewrite_existing_scalar_verified,rewrite_capture_manifest_sha256,rewrite_capture_source_audit_sha256,rewrite_capture_recorded_checkpoint_sha256,rewrite_checkpoint_sidecar_sha256,rewrite_capture_manifest_identity_verified,eff_f100,gen_f100,source_scope,rewrite_available,prompt_limit3_retained,row_id,rewrite_fixed100_mean_p,rewrite_fixed100_mean_q,rewrite_fixed100_mean_kappa,rewrite_fixed100_mean_abs_norm_deviation,rewrite_fixed100_n_cases,rewrite_edited_prefix_mean_p,rewrite_edited_prefix_mean_q,rewrite_edited_prefix_mean_kappa,rewrite_edited_prefix_mean_abs_norm_deviation,rewrite_edited_prefix_n_cases,n_rewrite,n_rephrase,n_locality,available,missing_reason,geometry_context,geometry_token_position,locality_mean_p_squared,locality_mean_q_squared,locality_mean_kappa_squared,locality_mean_parallel_squared_norm_term,locality_mean_orthogonal_squared_norm_term,locality_mean_squared_norm_increase,locality_mean_abs_p,locality_mean_d,locality_mean_base_norm,locality_mean_post_norm,locality_mean_one_minus_cosine,locality_mean_angle_degrees,locality_orthogonal_displacement_energy_fraction,locality_raw_rewrite_sha256,locality_raw_base_sha256,locality_n_geometry_cases,locality_token_position,rewrite_mean_squared_norm_increase,rewrite_orthogonal_displacement_energy_fraction,limit3_sensitivity_retained,primary_included
GPT-2 XL,CounterFact,AlphaEdit,ENCORE,canonical,50,T01,1,,unchanged_original,1000,1000,50,edited_prefix,greedy_target_prefix,0.0015473312603457759,0.0445306581261441,1.0027129936114585,0.0046132551802212,0.04481097280762951,0.001158971507008532,2.5433532325026524,0.00414134758777044,95.1,96.0,26.0,1.0075082756821234,0.13440446929573172,T01,unchanged_original,-0.008519320271861955,0.11847399515120267,1.0084259509151026,0.1191715021637804,142.1056271597003,143.1137203390472,0.014972591058716194,6.593915299135815,0.016491764092772244,0.010771174692040548,0.0002591626841924706,0.035638889831948656,1.0188594119724177,-0.01677947785953144,0.035638889831948656,0.8425950915102565,1.0070939708686835,428.0,1000,subject_last,rewrite,subject_last,H18,af9f58309e72de99c894563922f879324794728fb2e45298e85d62299d5fd770,a74e7b9781e564e06411a63f4ec1c3297ef4baec62e2029fbe6c49ad0e962d26,1.9984014443252818e-15,True,dd1e2153cf1931e25c5edc7427e2cc63999a14e504078fecafb12bad857e6aef,729eeb1236c697ca841fda7c71b7a0db1f953a13694dcceebd18f30fd8ef0955,ae6698ace7f5b0f4137acbc301c8fee24fe0959211a875558322ca7c3e2beaba,07faf8c29572756f3e7eb27f83f5b98e6bda8b6859a3967185485ccd80977f93,True,,,,True,True,GPT-2 XL|CounterFact|AlphaEdit|ENCORE|canonical|50,,,,,,-0.04246034367284007,0.7020504339830244,1.1888002907785455,0.18880029077854554,50,,,,,,,,2.911756132957103e-05,0.002341485752410136,1.0054652658344312,,,,,0.04481097280762951,,,,2.5433532325026524,,,,,,,,True,True
GPT-2 XL,CounterFact,AlphaEdit,ENCORE,canonical,100,T01,1,,unchanged_original,1000,1000,100,edited_prefix,greedy_target_prefix,0.0031535301079365155,0.0663933974304865,1.00570649657014,0.0076788758434813,0.06682134466755686,0.0025273388887971644,3.7806576490153314,0.0062361018694042725,91.9,97.0,25.0,1.0136310896137188,0.18091765364876655,T01,unchanged_original,-0.01673145269523226,0.19065410811402173,1.0171809247032009,0.19199223901593537,142.1056271597003,144.1293484261044,0.030061840957410074,10.560652821528773,0.02864510967502023,0.018923642156671184,0.0006418007944257756,0.07110755773854618,1.038286453142508,-0.03282110459603875,0.07110755773854618,1.7180924703200873,1.014240965026176,466.0,1000,subject_last,rewrite,subject_last,H18,7865b75b5277113602339fc46c510cd2e04181d9eb1d019a845ad0d649ab3ade,a74e7b9781e564e06411a63f4ec1c3297ef4baec62e2029fbe6c49ad0e962d26,2.220446049250313e-15,True,2f2b5d3ba370570b0e08a7b58918846d3be557856dda771ef1a552416257d8e1,729eeb1236c697ca841fda7c71b7a0db1f953a13694dcceebd18f30fd8ef0955,396e9a7fae67888dda4ec994054ced612c7eb52105634e08ce26dee33c18f732,188af84e7c40a0e032e3a4cfa2969692a01cbea55380d2be3e4f63986ac262ca,True,97.0,25.0,original_208,True,True,GPT-2 XL|CounterFact|AlphaEdit|ENCORE|canonical|100,-0.042765143437583086,0.6973373242851285,1.1861909641984052,0.18619096419840508,100.0,-0.042765143437583086,0.6973373242851285,1.1861909641984052,0.18619096419840508,100,,,,,,,,6.310254579471897e-05,0.00514410719433661,1.0115142699560042,,,,,0.06682134466755686,,,,3.7806576490153314,,,,,,,,True,True
GPT-2 XL,CounterFact,AlphaEdit,ENCORE,canonical,150,T01,1,,unchanged_original,1000,1000,150,edited_prefix,greedy_target_prefix,0.0037673083492253826,0.0891459302592484,1.008255952998507,0.0106703327098819,0.08967817574995966,0.004431728677148114,5.0661327340303615,0.0080991639734167,88.3,94.66666666666667,27.333333333333332,1.022971154018261,0.23194131428035453,T01,unchanged_original,-0.022017055232016892,0.248031213588348,1.0272209479158405,0.24974002718401445,142.1056271597003,145.2960244183269,0.043748302394901885,13.68915924930542,0.03823706761828874,0.02441764390470771,0.00099537807629752,0.10300497432402994,1.059966241936294,-0.04303873238773627,0.10300497432402994,2.722094791584051,1.0224508861640025,546.0,1000,subject_last,rewrite,subject_last,H18,5d36edca5f17c35efaba72bbd22601787f7f27da0b95f4743fa9e7ae1af5636c,a74e7b9781e564e06411a63f4ec1c3297ef4baec62e2029fbe6c49ad0e962d26,2.12396504387953e-15,True,ba44ef24c17728d6c797d6e80bd9f4bb81b396bcbdf6afa915c605415f4eb280,729eeb1236c697ca841fda7c71b7a0db1f953a13694dcceebd18f30fd8ef0955,759e34c79fc670e5bd706c962adf9d9b9a2a97d74901cbe24f006e85b4540ee5,60e6c6ebe668ca5f78e1d45a648657351d0ccfeccc7bedb803fa95793bdafa3a,True,95.0,25.0,original_208,True,True,GPT-2 XL|CounterFact|AlphaEdit|ENCORE|canonical|150,-0.04252122085886337,0.6986856892937733,1.18720398566163,0.18720398566163013,100.0,-0.043879642882676345,0.6758034305976464,1.1761226049024094,0.17612306301868225,150,,,,,,,,0.00010183292516791947,0.009057935228797267,1.016694384852416,,,,,0.08967817574995966,,,,5.0661327340303615,,,,,,,,True,True
GPT-2 XL,CounterFact,AlphaEdit,ENCORE,canonical,200,T01,1,,unchanged_original,1000,1000,200,edited_prefix,greedy_target_prefix,0.003285161801302301,0.1017645705176921,1.0091012742456364,0.0115086663256666,0.10227041362735913,0.005735917925427995,5.780304514825035,0.008322506919441188,85.9,96.0,28.5,1.0282454134351424,0.2582130434968705,T01,unchanged_original,-0.026924093053056056,0.2931696968668553,1.0366637042966729,0.29517831336746814,142.1056271597003,146.38111984308588,0.05638009161368852,16.113832656892715,0.046852982037246436,0.029108498897279803,0.0013498977906135977,0.13292082666156826,1.0804225383460702,-0.05249828831549851,0.13292082666156826,3.666370429667287,1.0300867232975983,587.0,1000,subject_last,rewrite,subject_last,H18,07790941558cb6f61fbc0152c4cb76f843b0130dd5113ab9915ea9911b4a48dc,a74e7b9781e564e06411a63f4ec1c3297ef4baec62e2029fbe6c49ad0e962d26,2.1728574512929734e-15,True,a2ba384ed346c21f69fd55ce210cf50814a823d0a723dc179655be0d677594da,729eeb1236c697ca841fda7c71b7a0db1f953a13694dcceebd18f30fd8ef0955,b594814ca0990069357ff11368e43e68d75a1f6eda4ae7b906e3bada07137ebb,876922a86b6835af1a7744c427adf9bfa7096023e7f7ddcb94fbf8d031d8c075,True,96.0,25.0,original_208,True,True,GPT-2 XL|CounterFact|AlphaEdit|ENCORE|canonical|200,-0.042366546012774745,0.7001150730876465,1.1881812060865466,0.18818120608654662,100.0,-0.046929249357932815,0.6759122102556856,1.1732331976084314,0.1732334834645733,200,,,,,,,,0.00010859757690996002,0.01173936919113203,1.0184182903706465,,,,,0.10227041362735913,,,,5.780304514825035,,,,,,,,True,True
GPT-2 XL,CounterFact,AlphaEdit,ENCORE,canonical,250,T01,1,,unchanged_original,1000,1000,250,edited_prefix,greedy_target_prefix,0.003086413061918879,0.1173917039337037,1.010856581111545,0.0132316022167635,0.11789923323080748,0.007633639956620777,6.655677922977746,0.008976822955049738,82.5,95.6,29.2,1.034481579329046,0.2853846444532778,T01,unchanged_original,-0.030893108055072803,0.3345873737705127,1.0463542576085474,0.3368114160590944,142.1056271597003,147.52360009517776,0.06836388401441064,18.32035856808054,0.05525413522742012,0.03293643690762468,0.0016468530910282208,0.16150146674290783,1.1013621037237908,-0.06013936301911738,0.16150146674290783,4.635425760854739,1.038126378552122,637.0,1000,subject_last,rewrite,subject_last,H18,6a90bac61d430afb72a932575cecd05851ccf961d9572443a2018c07d06d3cf6,a74e7b9781e564e06411a63f4ec1c3297ef4baec62e2029fbe6c49ad0e962d26,1.9984014443252818e-15,True,d624ab4f03662cdf65aa935269223352c938e1441da49c009f8a2f3a15bd1d38,729eeb1236c697ca841fda7c71b7a0db1f953a13694dcceebd18f30fd8ef0955,0d1fa211b6f72f7329a6c5439eb96de68d48e3b02a8a04863ce472c2ca1d260f,867844e5533969ec4457ac9b991382343680b490d86f9abc45268d5c7a52191b,True,95.0,25.0,original_208,True,True,GPT-2 XL|CounterFact|AlphaEdit|ENCORE|canonical|250,-0.04210816214600203,0.7025742482452241,1.1898937182759333,0.18989371827593338,100.0,-0.04715847584178412,0.6728915266966968,1.171155089722731,0.17115539661906023,250,,,,,,,,0.0001296683965877582,0.015720730998103345,1.0220232255185289,,,,,0.11789923323080748,,,,6.655677922977746,,,,,,,,True,True
GPT-2 XL,CounterFact,AlphaEdit,ENCORE,canonical,300,T01,1,,unchanged_original,1000,1000,300,edited_prefix,greedy_target_prefix,0.0025743259782734203,0.1319067619392236,1.0122543313839678,0.0150610553919526,0.13247890299272927,0.00949589389047512,7.4723552300617575,0.010192477801215627,79.5,94.33333333333333,27.0,1.0407041991863957,0.3101768477959685,T01,unchanged_original,-0.034557944594373426,0.373896118799645,1.0559886074729006,0.3762989249965258,142.1056271597003,148.68206411072,0.0801294115939164,20.41659869794169,0.06348244462744317,0.03647351237473183,0.0019268133825702733,0.18911620589214823,1.1219271300859721,-0.06718907580617658,0.18911620589214823,5.598860747290058,1.0462785118539255,701.0,1000,subject_last,rewrite,subject_last,H18,1f65483c75c2387d7d42092ac3a52af0b536923144e8c1952748ea3811f03f6c,a74e7b9781e564e06411a63f4ec1c3297ef4baec62e2029fbe6c49ad0e962d26,1.9439713248022784e-15,True,d5ddbca9907a133c60c9ab9c9062cc0cc3903a1ea3728ea57a0285c9a38dbfc2,729eeb1236c697ca841fda7c71b7a0db1f953a13694dcceebd18f30fd8ef0955,352280e3ef7c0bc8928d7671bd435eacd25b74e291de45ffec3c1fc836a2ca85,3e1ac6adc1023a54d86193336781c04c4b84fe641f1219a269ee047008cec0a1,True,94.0,25.0,original_208,True,True,GPT-2 XL|CounterFact|AlphaEdit|ENCORE|canonical|300,-0.041965405350603495,0.7032872261469906,1.1904611498431243,0.19046114984312418,100.0,-0.04787201183171307,0.6641764278697722,1.1660547461189987,0.1660549727460414,300,,,,,,,,0.0001618976258481255,0.019593710422757007,1.0249042600051521,,,,,0.13247890299272927,,,,7.4723552300617575,,,,,,,,True,True
GPT-2 XL,CounterFact,AlphaEdit,ENCORE,canonical,500,T01,1,,unchanged_original,1000,1000,500,edited_prefix,greedy_target_prefix,-0.0006244412843886049,0.1665853445379601,1.014600797731678,0.0186772559648417,0.16738414517528355,0.01489026136027196,9.430608929264432,0.013310118206137837,71.39999999999999,93.6,27.4,1.0636135967085576,0.3889004932371718,T01,unchanged_original,-0.044752140088823965,0.48939077663504105,1.091560794033776,0.49216437810082764,142.1056271597003,152.82809256931262,0.11898199592103162,26.35002891980391,0.09479667110854649,0.04572343752208464,0.0028731752511619952,0.28579342448159184,1.1991623195551064,-0.08663110492648594,0.28579342448159184,9.156079403377593,1.0754541929403136,858.0,1000,subject_last,rewrite,subject_last,H18,759f64ffb2c8c6614f73c7eb1d5aac8c921bb0aad73676cc698151e1d3abf2be,a74e7b9781e564e06411a63f4ec1c3297ef4baec62e2029fbe6c49ad0e962d26,1.9984014443252818e-15,True,3653a995f4a5b1b362db1c7ee17c13dd753dc4e4fa9c1d507b67ef7e7d0579e2,729eeb1236c697ca841fda7c71b7a0db1f953a13694dcceebd18f30fd8ef0955,c824d9cf18d82e00d0fa01405aea5ce587c1f8ed3649b4acb546b2df1bcdf210,b43c746893f0c2b05a6d86a978d9c35e63862f5263f5b4d767f1cbd98a423947,True,90.0,26.0,original_208,True,True,GPT-2 XL|CounterFact|AlphaEdit|ENCORE|canonical|500,-0.04159236523335653,0.709715679738041,1.1949181697580245,0.1949181697580245,100.0,-0.052795589088332574,0.662226190520454,1.1615984673005229,0.1615988509517854,500,,,,,,,,0.0002859820209439916,0.030808754287766513,1.0298458537399333,,,,,0.16738414517528355,,,,9.430608929264432,,,,,,,,True,True
GPT-2 XL,CounterFact,AlphaEdit,ENCORE,canonical,750,T01,1,,unchanged_original,1000,1000,750,edited_prefix,greedy_target_prefix,-0.001951221758727677,0.1969362774489527,1.019042716979268,0.0230457087613635,0.1978322360322155,0.02043635808583948,11.12045788398126,0.015365245712010703,65.8,92.93333333333334,27.333333333333332,1.0892582125935397,0.4627820573798735,T01,unchanged_original,-0.05405087671438162,0.5937461204065314,1.129376072715273,0.5968946837065912,142.1056271597003,157.2890386945263,0.15768886896880596,31.52456696052075,0.13043313131700485,0.054695748987830986,0.003910471609494678,0.386436815669746,1.282245533850478,-0.10419128181926858,0.386436815669746,12.937607271527307,1.1068459556338517,948.0,1000,subject_last,rewrite,subject_last,H18,ee58478df6dfa7db57ef87ca682561b7278212a7096307942f5644429cb2604b,a74e7b9781e564e06411a63f4ec1c3297ef4baec62e2029fbe6c49ad0e962d26,2.0241750890744064e-15,True,2853a41d9788716cfecbe28ca69354bebc2cc48d3930bfaf3e7aaf97efbeab54,729eeb1236c697ca841fda7c71b7a0db1f953a13694dcceebd18f30fd8ef0955,bad1a15e3ff5be396b4b99f31db30851b319df04d98594572ea46fc5a1ff9182,a9cc4f4a9893eb4e755c250fcb723d14510712ecb24e2fb66c9970de5b5cb202,True,86.0,25.0,original_208,True,True,GPT-2 XL|CounterFact|AlphaEdit|ENCORE|canonical|750,-0.04103615394156278,0.7132827438788283,1.1974557486721258,0.1974557486721258,100.0,-0.05714707745554068,0.666534991418708,1.1605984576582158,0.1605987799449336,750,,,,,,,,0.00036894310407163856,0.042544210853590086,1.0390107104402064,,,,,0.1978322360322155,,,,11.12045788398126,,,,,,,,True,True
GPT-2 XL,CounterFact,AlphaEdit,ENCORE,canonical,1000,T01,1,,unchanged_original,1000,1000,1000,edited_prefix,greedy_target_prefix,-0.0031812047527900182,0.2218735956912278,1.0230998166485654,0.0268772926330662,0.22286806464453116,0.025487811907833214,12.503203683932327,0.0170366964195656,61.0,91.3,29.0,1.118922151968478,0.5359940620031359,T01,unchanged_original,-0.06064891998806628,0.6779922717674658,1.1647386435898162,0.6813573353300667,142.1056271597003,161.42266424981156,0.19065426402967364,35.511958957140365,0.16473906562293164,0.06111582455634499,0.004762009368413622,0.4779316224491109,1.3613957918413926,-0.11653583060771894,0.4779316224491109,16.473864358981615,1.1359343572538652,995.0,1000,subject_last,rewrite,subject_last,H18,c432a120202919718d9482787a17a5255dd2d6a12797959372d3be9777af65c1,a74e7b9781e564e06411a63f4ec1c3297ef4baec62e2029fbe6c49ad0e962d26,1.8230386867366915e-15,True,e7fa1421800aea40569ff1ae81163c0650081c0286bd180024989e078a94ddc4,729eeb1236c697ca841fda7c71b7a0db1f953a13694dcceebd18f30fd8ef0955,86422cb4414a22a8372b78040e5298e40160bf11d34a8150e75575a6cc989402,39533a97a54b2f02d789cae863da7e577162097130bf549737a4e88cedb7413e,True,84.0,26.0,original_208,True,True,GPT-2 XL|CounterFact|AlphaEdit|ENCORE|canonical|1000,-0.04040410826570368,0.7156082482801467,1.1994075663753205,0.1994075663753205,100.0,-0.06064891998806628,0.6779922717674658,1.1647386435898162,0.16473906562293164,1000,,,,,,,,0.00045435748186805627,0.05331010065584534,1.0474020486321334,,,,,0.22286806464453116,,,,12.503203683932327,,,,,,,,True,True
GPT-2 XL,CounterFact,AlphaEdit,NAS,canonical,50,T02,1,,unchanged_original,1000,1000,50,edited_prefix,greedy_target_prefix,0.0015987328055897363,0.0458476182740632,1.002817507887304,0.0047290570789215,0.04613099316379867,0.0012121471321263173,2.6184268934226798,0.004183055140472977,95.19999999999999,100.0,26.0,1.0082274059225824,0.14061404140670053,T02,unchanged_original,-0.009672465658407918,0.12447474561661828,1.0089967358090803,0.12526376597905756,142.1056271597003,143.16444570374648,0.016303773141775346,6.91337593684376,0.017744970380792327,0.01193717855082494,0.00032203190248769685,0.039457097478441026,1.0204341980641134,-0.019022899414328144,0.039457097478441026,0.8996735809080336,1.0074509262244504,418.0,1000,subject_last,rewrite,subject_last,H18,a4616a3122777e13f97b315b95a606d28d7a250cf64562faad86f1f72bcb1532,a74e7b9781e564e06411a63f4ec1c3297ef4baec62e2029fbe6c49ad0e962d26,2.220446049250313e-15,True,0723e54194afe78ccfc5ba25db31dab0ee3ca47115db61ed9d080699c4d01ec8,d50ca2a599431cb5f4b7f9b225145c9a128e6cd94edfcb04e1e83f92cba1e5d7,3b76383a4c5c8d6d765ac87911821d8b197537adb511de5643dc18294fefe083,7d586ed3838927fb62976a8d97a44f626dca64e7eabcf2de22c6c61ab857112a,True,,,,True,True,GPT-2 XL|CounterFact|AlphaEdit|NAS|canonical|50,,,,,,-0.04932009687270412,0.7429926577066266,1.2085511812492753,0.20855118124927535,50,,,,,,,,2.932303078861172e-05,0.0024476708754467102,1.0056744595174147,,,,,0.04613099316379867,,,,2.6184268934226798,,,,,,,,True,True
GPT-2 XL,CounterFact,AlphaEdit,NAS,canonical,100,T02,1,,unchanged_original,1000,1000,100,edited_prefix,greedy_target_prefix,0.0031203476893728473,0.0705726295650461,1.0059749449587363,0.0083588059524261,0.071047967285271,0.0028256879412185978,4.018075169995246,0.006815178639822919,91.4,100.0,34.0,1.0158472353421681,0.19455129219428796,T02,unchanged_original,-0.019262467302982308,0.20748919830976256,1.0207742534405015,0.20903931990856353,142.1056271597003,144.50900333536282,0.03479466244078446,11.423616316477066,0.032827417136258766,0.0215190249352474,0.0008294336482114879,0.08472529619792438,1.0470297952401715,-0.03769550095775313,0.08472529619792438,2.0774253440501544,1.0169126038405332,467.0,1000,subject_last,rewrite,subject_last,H18,6788dc1c68923223011db05b4eda5f9e9cef6f53476780a3f820029d699fb790,a74e7b9781e564e06411a63f4ec1c3297ef4baec62e2029fbe6c49ad0e962d26,1.9984014443252818e-15,True,bfeaae1c5f3c307cc6914d7c24024ab024a2bf1fa724b00076c1522914c24613,d50ca2a599431cb5f4b7f9b225145c9a128e6cd94edfcb04e1e83f92cba1e5d7,e32c7e5e60ae6a2f1cb5826d150435d3df757de2c00f3adda4ce237e7c79dd3e,4440e2dc660374e41b13013980413ed6155e381b03a7178a9721fd93d735bdb5,True,100.0,34.0,original_208,True,True,GPT-2 XL|CounterFact|AlphaEdit|NAS|canonical|100,-0.05043821289260139,0.7605708097915942,1.2187415407348121,0.2187415407348119,100.0,-0.05043821289260139,0.7605708097915942,1.2187415407348121,0.2187415407348119,100,,,,,,,,7.349375445102724e-05,0.005751712114213116,1.0120659012474098,,,,,0.071047967285271,,,,4.018075169995246,,,,,,,,True,True
GPT-2 XL,CounterFact,AlphaEdit,NAS,canonical,150,T02,1,,unchanged_original,1000,1000,150,edited_prefix,greedy_target_prefix,0.004365049590600915,0.095656631647562,1.0094793670949112,0.0122888847397069,0.09633116775931072,0.005042308950609012,5.429507927009035,0.009393878279224903,86.9,98.66666666666667,36.666666666666664,1.0260766881804957,0.24772528053926712,T02,unchanged_original,-0.02570569908862731,0.27500100831466323,1.034519203753119,0.2769879657333149,142.1056271597003,146.11036072974744,0.05225305331613212,15.039643939563454,0.04575858879840047,0.028061312424519855,0.001300963910070495,0.127432493475017,1.0773220592078332,-0.05011043426718413,0.127432493475017,3.451920375311901,1.0281813862694302,545.0,1000,subject_last,rewrite,subject_last,H18,1d6503e85cf3ddb3f58ca951e02bb6177ada2df0e619eeef5d9f77d5d57aa0d0,a74e7b9781e564e06411a63f4ec1c3297ef4baec62e2029fbe6c49ad0e962d26,2.1323508958432042e-15,True,0fdc973293ba29e1e5a73704032f32ebe3259ca1e49ff366ce8991b0f0d12abf,d50ca2a599431cb5f4b7f9b225145c9a128e6cd94edfcb04e1e83f92cba1e5d7,efdfa1d86783920a6c9e02289048c83a914b8b9af2afe1d29ab8f2bf3c1c6e8c,e6dfad34bc4ad4effbc8205340c38d789c617d8c2cfc68c80c59b9267ccdea9d,True,100.0,34.0,original_208,True,True,GPT-2 XL|CounterFact|AlphaEdit|NAS|canonical|150,-0.05086919036117132,0.7623508215486945,1.2195191255883864,0.2195191255883863,100.0,-0.051256357115730074,0.7557594235084809,1.2180651639361675,0.21806640672229302,150,,,,,,,,0.00013732018795435208,0.01033307321918251,1.0192004925883387,,,,,0.09633116775931072,,,,5.429507927009035,,,,,,,,True,True
GPT-2 XL,CounterFact,AlphaEdit,NAS,canonical,200,T02,1,,unchanged_original,1000,1000,200,edited_prefix,greedy_target_prefix,0.0032333269478028504,0.1124232272051841,1.0102790924478038,0.0133615222446661,0.11306133693232501,0.0069393592025296155,6.379716039942721,0.009722048333608043,81.8,99.0,36.0,1.033838656009578,0.2825723189235763,T02,unchanged_original,-0.0319996656695187,0.33283507200196844,1.048788839368824,0.3352311840874113,142.1056271597003,147.74537939264061,0.06966549699656405,18.07317280176954,0.058693315490499456,0.03422963822814085,0.0018332702379036656,0.1711189035813877,1.1089528424802544,-0.06216606110113372,0.1711189035813877,4.8788839368824055,1.0396870436847816,603.0,1000,subject_last,rewrite,subject_last,H18,be95ce21b8448921c0b076c307b04aa3ec1077add175d8946833199877a5bd83,a74e7b9781e564e06411a63f4ec1c3297ef4baec62e2029fbe6c49ad0e962d26,2.4349994710402606e-15,True,e00e50732230877e4628b42ad6dd2d87ac52507643ec2343c19ff526ecf1fa8f,d50ca2a599431cb5f4b7f9b225145c9a128e6cd94edfcb04e1e83f92cba1e5d7,9fe8ee6794f0882e6f733c5155421290b92679bde2b1da763004415ddba56dcd,a2d642e79c15784d89ca1b3d9beba965ab7c046b41913ec66b031f7c74cf959b,True,100.0,31.0,original_208,True,True,GPT-2 XL|CounterFact|AlphaEdit|NAS|canonical|200,-0.050979478864791074,0.7648094564426354,1.221000661065901,0.2210006610659012,100.0,-0.05490027445253987,0.7677113929370227,1.222209906162538,0.22221079584914327,200,,,,,,,,0.00015214338355485523,0.014231737147255551,1.0208505344264163,,,,,0.11306133693232501,,,,6.379716039942721,,,,,,,,True,True
GPT-2 XL,CounterFact,AlphaEdit,NAS,canonical,250,T02,1,,unchanged_original,1000,1000,250,edited_prefix,greedy_target_prefix,0.003737200051061569,0.1299899720097302,1.0131290996887663,0.015739079269008,0.13064167704187749,0.0092092292938982,7.35710033268195,0.010655712443001916,76.1,98.4,38.0,1.0425553171058621,0.31714821423773365,T02,unchanged_original,-0.03708248339856517,0.3849300053754695,1.0633310046343798,0.38759218061167905,142.1056271597003,149.4448308166481,0.08614957130552788,20.76696773072489,0.07146541931435568,0.03907721427256506,0.0022774317230480124,0.21299122827187517,1.1411036931977934,-0.07188753507408233,0.21299122827187517,6.3331004634379795,1.0516461156650743,681.0,1000,subject_last,rewrite,subject_last,H18,3dc319c6ac8912041b8dcdabadf31cbc025a1848a7a0714feeefa2ea8579a5a4,a74e7b9781e564e06411a63f4ec1c3297ef4baec62e2029fbe6c49ad0e962d26,1.9408236294617874e-15,True,687e1d13106cab1d45b3111187550e2e303c2a6d748329c0711f8919aa9a08f9,d50ca2a599431cb5f4b7f9b225145c9a128e6cd94edfcb04e1e83f92cba1e5d7,63769e04cfbab8fc1a975a85e55ce3c003b5e0ac29b3a71e322e6fca5148326f,283704ed8b728a520460940a66160d486f7c60b4bc137a1489c6b8f5049caed6,True,98.0,32.0,original_208,True,True,GPT-2 XL|CounterFact|AlphaEdit|NAS|canonical|250,-0.050864289038262525,0.7676823949887881,1.2228731195565372,0.22287311955653727,100.0,-0.056208431623256415,0.7743540518626385,1.2249332160901072,0.2249339352119623,250,,,,,,,,0.00018281164593432058,0.01902484928202129,1.0266820610300789,,,,,0.13064167704187749,,,,7.35710033268195,,,,,,,,True,True
GPT-2 XL,CounterFact,AlphaEdit,NAS,canonical,300,T02,1,,unchanged_original,1000,1000,300,edited_prefix,greedy_target_prefix,0.0038330596938869997,0.1489376942601604,1.01603879218321,0.0187892228403822,0.14968042785543575,0.011917859458608196,8.408687414375136,0.012336276691043287,70.39999999999999,97.33333333333333,36.666666666666664,1.0527753416866144,0.3531684873536634,T02,unchanged_original,-0.04204199750794189,0.43420505157489264,1.0776934319882474,0.43718412440417614,142.1056271597003,151.15625226639537,0.1024547852928083,23.312273839844792,0.0844368474046163,0.044252509440054766,0.002780796609087706,0.25391018668259435,1.1726069882757988,-0.08130319840679608,0.25391018668259435,7.769343198824741,1.0636894209440688,744.0,1000,subject_last,rewrite,subject_last,H18,bc04dae454af1844fe0cb01338b4afd042beb2c069137f15e5501d00873beb42,a74e7b9781e564e06411a63f4ec1c3297ef4baec62e2029fbe6c49ad0e962d26,2.381895404326716e-15,True,96e069021d83ee815ccef98df83e35947e1965ee87d94f9f31d65004088748fb,d50ca2a599431cb5f4b7f9b225145c9a128e6cd94edfcb04e1e83f92cba1e5d7,93090ca9c4b5c13b7cac09f02104db684dcf8322940f3371464f20d852d71d95,d39df73e083ce0d3771eb90ac43a2dbff69ccfb50b8733f93858c9eca9e08160,True,96.0,32.0,original_208,True,True,GPT-2 XL|CounterFact|AlphaEdit|NAS|canonical|300,-0.05212741203471914,0.7683649664350065,1.2223312981687762,0.22233129816877642,100.0,-0.05845103076945004,0.7742737415364819,1.223486580648667,0.2234888033331849,300,,,,,,,,0.00024142440291636052,0.02478964792924048,1.0326971917199308,,,,,0.14968042785543575,,,,8.408687414375136,,,,,,,,True,True
GPT-2 XL,CounterFact,AlphaEdit,NAS,canonical,500,T02,1,,unchanged_original,1000,1000,500,edited_prefix,greedy_target_prefix,0.00016736223677869631,0.1939997142365811,1.0204796445271411,0.0247030657259333,0.1949435242862181,0.019702582383563438,10.92503794802932,0.01583276135382235,60.0,97.4,36.6,1.0882411731470985,0.4590005847342424,T02,unchanged_original,-0.05481968640227894,0.5879565121996861,1.1355543759787345,0.5913908456374716,142.1056271597003,157.89900771776337,0.1583232025708423,30.76985372839127,0.13828523720424107,0.05612088891626591,0.004203836695860401,0.40839233372875905,1.3029567976200622,-0.10543553610869748,0.40839233372875905,13.555437597873453,1.1111383192469517,899.0,1000,subject_last,rewrite,subject_last,H18,61819457a392ef749f27b3ff9ee88bfa24d2689b047c627b7197618cb032136c,a74e7b9781e564e06411a63f4ec1c3297ef4baec62e2029fbe6c49ad0e962d26,1.994669691378219e-15,True,a8d42ab76a51671a6618b8e7dd7984ba349de7a23f8ee6e26721acce93618dc4,d50ca2a599431cb5f4b7f9b225145c9a128e6cd94edfcb04e1e83f92cba1e5d7,3f43382a084748c33ea5019be7fa204ad55697bf3e835b767afc38c07f6b6b35,8e985027ac0da45852bb5131972111ffc5097b526775d7d09e184f8ae2bf1b02,True,95.0,31.0,original_208,True,True,GPT-2 XL|CounterFact|AlphaEdit|NAS|canonical|500,-0.05238242379639174,0.7782763900827812,1.2289750842829383,0.2289750842829384,100.0,-0.06423745145705824,0.7982338706346523,1.2350000498234313,0.23500303419361968,500,,,,,,,,0.0003938808083719119,0.04134051817175175,1.0420691234536812,,,,,0.1949435242862181,,,,10.92503794802932,,,,,,,,True,True
GPT-2 XL,CounterFact,AlphaEdit,NAS,canonical,750,T02,1,,unchanged_original,1000,1000,750,edited_prefix,greedy_target_prefix,-0.0013764340469166081,0.2371729297058221,1.0286261661295537,0.0314871412492026,0.2381140053324188,0.0288407616395488,13.290591497020063,0.016999610059220686,52.5,95.6,38.4,1.133831285100862,0.5690616682932054,T02,unchanged_original,-0.06444739620436016,0.7343883487503394,1.204100107051004,0.7380069945174678,142.1056271597003,165.91264669344568,0.2157737897070162,37.32011182112071,0.20470416971815641,0.06544233435140066,0.005532105352202438,0.5852116381108449,1.4618489510543273,-0.1233626870565179,0.5852116381108449,20.4100107051004,1.167530449072159,970.0,1000,subject_last,rewrite,subject_last,H18,fac3f89d2df0040f7f3635ae14fbb776667d273674465b2a7cd91d0f6a47a805,a74e7b9781e564e06411a63f4ec1c3297ef4baec62e2029fbe6c49ad0e962d26,1.9317629363198593e-15,True,c80d8429aba1ca4e92a09df1f596372ef62883263febb584944571e17691daa7,d50ca2a599431cb5f4b7f9b225145c9a128e6cd94edfcb04e1e83f92cba1e5d7,6f3102a00278ea9f7dc9ec525cf881a6aad833ef9fa300cd49bd45b8a93f3a8c,95245327e1533befc25cb9f98d0b3bbbcc6e5356043f620f896d86d3b0c6f3cc,True,89.0,28.999999999999996,original_208,True,True,GPT-2 XL|CounterFact|AlphaEdit|NAS|canonical|750,-0.05217527573942289,0.7842294623625707,1.2329053498749347,0.2329053498749346,100.0,-0.06855976195400841,0.825910984733808,1.2504652230979272,0.25046809129426195,750,,,,,,,,0.00045966648422624115,0.061264030547728325,1.0589708289381212,,,,,0.2381140053324188,,,,13.290591497020063,,,,,,,,True,True
GPT-2 XL,CounterFact,AlphaEdit,NAS,canonical,1000,T02,1,,unchanged_original,1000,1000,1000,edited_prefix,greedy_target_prefix,-0.003219316540061352,0.269744416934448,1.0351833335789855,0.0373280914897007,0.27067517570900784,0.036688864761367804,15.06396130191423,0.01797315119708589,47.9,95.3,41.3,1.178669250100111,0.6620515463393072,T02,unchanged_original,-0.07216146822454579,0.849399149676966,1.264022145741651,0.8531645264200901,142.1056271597003,172.86996494447916,0.2624488405940795,42.136859769259644,0.2640248928047846,0.07275514776395764,0.006673476298723732,0.7427141023365262,1.6050646421861587,-0.1376494601503678,0.7427141023365262,26.402214574165093,1.2164892298755028,994.0,1000,subject_last,rewrite,subject_last,H18,f5a2830fb390845d302f9ee73b352af4a6f68dfd56064c0c3f763803e323d217,a74e7b9781e564e06411a63f4ec1c3297ef4baec62e2029fbe6c49ad0e962d26,1.7535160308112968e-15,True,affc4fb3c37c08c7a7f6f3a3de30a067e39e57f942606c3b776c98373783b833,d50ca2a599431cb5f4b7f9b225145c9a128e6cd94edfcb04e1e83f92cba1e5d7,44ed794bdf8a759267a8b6751a8653f2fd6d92760bce15c8430d935bcd571c4e,83cc2e78949e1bc481d64700942150ade7916d7e7640ddd184ff785dfbeb9457,True,86.0,32.0,original_208,True,True,GPT-2 XL|CounterFact|AlphaEdit|NAS|canonical|1000,-0.05196100386232032,0.788208194786636,1.2357410179570594,0.23574101795705946,100.0,-0.07216146822454579,0.849399149676966,1.264022145741651,0.2640248928047846,1000,,,,,,,,0.0005078089953091216,0.07854119378703607,1.0726103697022225,,,,,0.27067517570900784,,,,15.06396130191423,,,,,,,,True,True
GPT-2 XL,CounterFact,AlphaEdit,Native,canonical,50,T03,1,,unchanged_original,1000,1000,50,edited_prefix,greedy_target_prefix,0.0015748649774338817,0.0474846708447322,1.0028974890679856,0.0049109146045896,0.04777911497334546,0.0013149785096003299,2.7117167720425015,0.004346700839814772,94.69999999999999,100.0,28.0,1.0086679769232179,0.14390549409049172,T03,unchanged_original,-0.00955349245970682,0.12596903603133294,1.0094024127102077,0.1267496937623786,142.1056271597003,143.24757995494969,0.016621352304790026,6.997369070255874,0.017931352763988283,0.011891369672308812,0.0003242298888777004,0.039959491763567924,1.0211767367330324,-0.01878275503053594,0.039959491763567924,0.9402412710207697,1.0080359435306951,432.0,1000,subject_last,rewrite,subject_last,H18,b6a040af583dcc7e107cd81e521d5fb62dae8a688c555ac8746ccb25545c7ac7,a74e7b9781e564e06411a63f4ec1c3297ef4baec62e2029fbe6c49ad0e962d26,1.9888259273562056e-15,True,d24e72fed552361259bc0a78e60ee63b7a4952a5b163d8da5f59822d3aabe955,c618099d7af6e92301e3b420373d6ae5d91f5ecabeada74f0bc29ff5e5f51dfa,aa544f1eb2d9c46394143a15fd7f55427536c7f8fd3a7f555c14dc0fb6c5928f,16adfe70bee7442afe7da25383a381e7b7e4d8b49b847fda201e90151e70f60d,True,,,,True,True,GPT-2 XL|CounterFact|AlphaEdit|Native|canonical|50,,,,,,-0.049084060241143354,0.7453177939085427,1.2085077310916053,0.20850773109160542,50,,,,,,,,3.12485569297149e-05,0.002656456566453329,1.0058374350782509,,,,,0.04777911497334546,,,,2.7117167720425015,,,,,,,,True,True
GPT-2 XL,CounterFact,AlphaEdit,Native,canonical,100,T03,1,,unchanged_original,1000,1000,100,edited_prefix,greedy_target_prefix,0.003139683366176104,0.0722946930801521,1.006172450692958,0.0087188493061679,0.0727974784195821,0.0029977313853224107,4.114736471832258,0.007089255258176589,90.8,100.0,38.0,1.0164162964106658,0.19754853394219896,T03,unchanged_original,-0.01894537046812507,0.2088926269555479,1.0212219116488204,0.21041085633369996,142.1056271597003,144.63695803335094,0.03507674695346353,11.50650870510111,0.032924547102777854,0.021273605444544624,0.0008137469354676406,0.08478119480965636,1.0477042008088742,-0.0370769940007825,0.08478119480965636,2.122191164882037,1.0178130234829188,471.0,1000,subject_last,rewrite,subject_last,H18,01b88fd351109c293cf2d2656e0cccb7ab2d7838f0394994b1a868c94c645c45,a74e7b9781e564e06411a63f4ec1c3297ef4baec62e2029fbe6c49ad0e962d26,2.220446049250313e-15,True,270d23c93f02242f6f4d54ae382b9c582b6a81c7a53c2d4c9bdb86c7e7c9fa94,c618099d7af6e92301e3b420373d6ae5d91f5ecabeada74f0bc29ff5e5f51dfa,7c1d4a68c10b343fa485973e71780eb2f01b51dddf9b59bcf11c437508a4b427,b64f8a24fb01e4399d28be39d39e429abbee51df99573628f97b5cd1c3a5c2aa,True,100.0,38.0,original_208,True,True,GPT-2 XL|CounterFact|AlphaEdit|Native|canonical|100,-0.04935858229370424,0.7611392128769645,1.2182311439219942,0.2182311439219941,100.0,-0.04935858229370424,0.7611392128769645,1.2182311439219942,0.2182311439219941,100,,,,,,,,7.93611636485201e-05,0.00611576220060107,1.0124744900966018,,,,,0.0727974784195821,,,,4.114736471832258,,,,,,,,True,True
GPT-2 XL,CounterFact,AlphaEdit,Native,canonical,150,T03,1,,unchanged_original,1000,1000,150,edited_prefix,greedy_target_prefix,0.0033050555418403745,0.1005309540482725,1.0089808880249924,0.0118304880952711,0.10110972202463847,0.005596633196706933,5.710520350655683,0.008923041879303404,86.9,97.33333333333333,36.666666666666664,1.032909340207537,0.2754235304890657,T03,unchanged_original,-0.025414945811641908,0.2770431869616373,1.0348754674600793,0.27901746629690455,142.1056271597003,146.2524809445392,0.052628146640411454,15.17679517235342,0.04546355106127315,0.028096334818914704,0.001338096449350615,0.12695645413480303,1.07746465896087,-0.0494917951739332,0.12695645413480303,3.48754674600793,1.0291814889228743,568.0,1000,subject_last,rewrite,subject_last,H18,14add7388acb258a34246d9ec49ff455d19d975d0907a0b32078f2f34ace0513,a74e7b9781e564e06411a63f4ec1c3297ef4baec62e2029fbe6c49ad0e962d26,1.9984014443252818e-15,True,95a36189a3baad759f76dd7602df347ac86b70d8d86d2f7181861dffa536fb5e,c618099d7af6e92301e3b420373d6ae5d91f5ecabeada74f0bc29ff5e5f51dfa,089c2dc3805fd235854e0660cdfa9ef1e3d67a1cde5276dd1ab98cd54c3210ab,86e7ba6548279d3ba4d736d4af4e8fae29b7fbbe7852c63dbf2b25fbb6372189,True,98.0,37.0,original_208,True,True,GPT-2 XL|CounterFact|AlphaEdit|Native|canonical|150,-0.04927055268787418,0.7622838498037342,1.2190174139436518,0.21901741394365182,100.0,-0.05322643363249198,0.7538818898945638,1.2141465686467126,0.21414668106538,150,,,,,,,,0.00012367161464101246,0.011457927457862496,1.0181917101561844,,,,,0.10110972202463847,,,,5.710520350655683,,,,,,,,True,True
GPT-2 XL,CounterFact,AlphaEdit,Native,canonical,200,T03,1,,unchanged_original,1000,1000,200,edited_prefix,greedy_target_prefix,0.0024153809746214603,0.1157744022538229,1.009879259947088,0.0133157121213778,0.11638726698725409,0.0073510789281491405,6.573359554913557,0.009705419580942933,81.89999999999999,98.0,37.5,1.0404590323807157,0.3066577201837795,T03,unchanged_original,-0.03131017585938842,0.3313863195020739,1.0483374048431167,0.33371268723360714,142.1056271597003,147.82973388231855,0.06914700406328009,18.033290306579403,0.057776689723254004,0.03377465649361251,0.0018374688142209713,0.1677969531658486,1.107014070261293,-0.06078288290455587,0.1677969531658486,4.833740484311666,1.040280647832372,630.0,1000,subject_last,rewrite,subject_last,H18,5153b525337955795709a40d21f8935385230cb24d0a934cead20f05558f3d39,a74e7b9781e564e06411a63f4ec1c3297ef4baec62e2029fbe6c49ad0e962d26,2.1094237467877974e-15,True,2d24a970cd76ce9cffee561a809376627d794beee5d008e8b725465536baa8aa,c618099d7af6e92301e3b420373d6ae5d91f5ecabeada74f0bc29ff5e5f51dfa,5db3f0597fdc4d2c0e2825529e42f80ead473ae33f92d76ead87b4ba120c0164,cf4ad1e0ebe21150efea0bfff3875392acdcab18c45064af1cb959f587fcaa83,True,98.0,37.0,original_208,True,True,GPT-2 XL|CounterFact|AlphaEdit|Native|canonical|200,-0.04942613567012743,0.7647736012627042,1.2204701391238926,0.22047013912389235,100.0,-0.05730321238986138,0.7620488155354012,1.2153754857640657,0.2153755868340794,200,,,,,,,,0.00014950916947336254,0.015069524868780375,1.0200497959874968,,,,,0.11638726698725409,,,,6.573359554913557,,,,,,,,True,True
GPT-2 XL,CounterFact,AlphaEdit,Native,canonical,250,T03,1,,unchanged_original,1000,1000,250,edited_prefix,greedy_target_prefix,0.0030187464230130123,0.133773363551827,1.0129809091948014,0.0159403513172637,0.13442498402995492,0.009764069464001329,7.572878881070696,0.010883462230406855,74.5,98.0,36.8,1.0492808105131541,0.3393472305582883,T03,unchanged_original,-0.03631269587391016,0.3818997545644875,1.0624849763210753,0.3845090829470355,142.1056271597003,149.50894295920654,0.08523891190149133,20.644809814930994,0.07033501607354987,0.03865988637643072,0.0022911009640179366,0.20859619445804975,1.1382619036742478,-0.07033429078380238,0.20859619445804975,6.24849763210753,1.0520972740311423,694.0,1000,subject_last,rewrite,subject_last,H18,64e2c0c17c828327d68282e9e96208657ecd9cbb4af94d536e334793e84ccde8,a74e7b9781e564e06411a63f4ec1c3297ef4baec62e2029fbe6c49ad0e962d26,2.3314683517128287e-15,True,f80d3446217ec3ee3047b191101d837f6de4787ddb5b9a3bf648df26e15c7fb4,c618099d7af6e92301e3b420373d6ae5d91f5ecabeada74f0bc29ff5e5f51dfa,90c2c4ec561e0df2fe4e13841b0447ad6d01cbd02b1320a70e75a3c1eddb3ca7,bfcccc738fe48c0e83fd2b5f7ab4b9d242c807ba1f37d1782b4abe1327fff61c,True,97.0,34.0,original_208,True,True,GPT-2 XL|CounterFact|AlphaEdit|Native|canonical|250,-0.049226168727470675,0.767990548595456,1.222655278476963,0.22265527847696284,100.0,-0.05865859360268983,0.7689075728850078,1.2183832684365445,0.21838336895181215,250,,,,,,,,0.0001876237431745928,0.020177223839608807,1.0264023404288094,,,,,0.13442498402995492,,,,7.572878881070696,,,,,,,,True,True
GPT-2 XL,CounterFact,AlphaEdit,Native,canonical,300,T03,1,,unchanged_original,1000,1000,300,edited_prefix,greedy_target_prefix,0.0025853635940202495,0.1549613538357203,1.0158489509543394,0.0190027464448553,0.15569232716279038,0.012948402802226136,8.75380965135878,0.01250796129277464,67.9,97.0,36.333333333333336,1.0615625493831184,0.379567125969911,T03,unchanged_original,-0.040987802492189106,0.4329082308563582,1.0777752100481377,0.43572996258629987,142.1056271597003,151.35248034743805,0.10196458747919522,23.261901133917533,0.08373885169964575,0.04314086629512776,0.002712414027346531,0.2511087773983762,1.1718455864413448,-0.07926319095703169,0.2511087773983762,7.77752100481377,1.0650702816810063,759.0,1000,subject_last,rewrite,subject_last,H18,975c7c063d6a3590641588fdfb2652840dfab5f1f0d4ede870e655c63284ab56,a74e7b9781e564e06411a63f4ec1c3297ef4baec62e2029fbe6c49ad0e962d26,2.220446049250313e-15,True,6a35136649ca531ab0737a6675de30a6523794e710bfdac5cf540924789d526e,c618099d7af6e92301e3b420373d6ae5d91f5ecabeada74f0bc29ff5e5f51dfa,bcc1648d4fa1e3d924f935bbab36f04e5ff54fc453aa4e656a0fa2774602b045,7fac31bc5b26d757f22666a17ab968862ab547b87a8826f6bd9419690a017b94,True,95.0,33.0,original_208,True,True,GPT-2 XL|CounterFact|AlphaEdit|Native|canonical|300,-0.04952118620071873,0.7689608439741792,1.2230600929951774,0.2230600929951774,100.0,-0.060105135402842055,0.7716850738254983,1.2196318846271357,0.21963192210850727,300,,,,,,,,0.00023945260710084678,0.026913033288255495,1.032323213083397,,,,,0.15569232716279038,,,,8.75380965135878,,,,,,,,True,True
GPT-2 XL,CounterFact,AlphaEdit,Native,canonical,500,T03,1,,unchanged_original,1000,1000,500,edited_prefix,greedy_target_prefix,-0.00027812256075968554,0.2073123301173257,1.0235458412783875,0.0265434379954881,0.2081259518165523,0.022933852423933993,11.645761519346124,0.015201516262195533,59.0,95.6,35.0,1.0995078529533433,0.486119936638868,T03,unchanged_original,-0.05422912531602597,0.5855222552170648,1.134665152636536,0.588878843030537,142.1056271597003,158.09955157185462,0.15763153075008393,30.685804435370283,0.13698546799041378,0.05563041516919115,0.00419349781009409,0.40406006148732176,1.2997953086653642,-0.10426475282195785,0.40406006148732176,13.466515263653589,1.1125495501608822,915.0,1000,subject_last,rewrite,subject_last,H18,97a0ef8f412711cfef51636f10399bd669f182a5b4b2186a80a877d18e3d6c7e,a74e7b9781e564e06411a63f4ec1c3297ef4baec62e2029fbe6c49ad0e962d26,1.868971481025373e-15,True,a64177d96b242ef975efdb46f86f8e00e2608b07301bf0b7488f3d53462abad6,c618099d7af6e92301e3b420373d6ae5d91f5ecabeada74f0bc29ff5e5f51dfa,bbef462edfe7b4b52b32d4c1f489be2adc47274a6e486e79a0d26dbfab5bdd2f,1fdf2c877c021556e2735d75e0b310fb0d5bc94d4ae3b8ee4d312fde36565110,True,88.0,28.000000000000004,original_208,True,True,GPT-2 XL|CounterFact|AlphaEdit|Native|canonical|500,-0.04930449840318353,0.7802719209555127,1.2310860218402588,0.23108602184025892,100.0,-0.06621134811588703,0.7960936068901713,1.2310929713362435,0.231093237191853,500,,,,,,,,0.00035220700606002677,0.04860495796382402,1.0484009198483646,,,,,0.2081259518165523,,,,11.645761519346124,,,,,,,,True,True
GPT-2 XL,CounterFact,AlphaEdit,Native,canonical,750,T03,1,,unchanged_original,1000,1000,750,edited_prefix,greedy_target_prefix,-0.0009042152615890761,0.2551194279444406,1.034440402207411,0.0369106864308776,0.25607234861071276,0.03363041870401667,14.225489683846266,0.01807696255055181,54.0,94.93333333333334,37.2,1.1475186522676109,0.5969005465904133,T03,unchanged_original,-0.06741655277583217,0.7353727890486481,1.2021497093348879,0.7392661686042166,142.1056271597003,166.1006535999419,0.21733122972520208,37.47255811585849,0.2027615803605358,0.06834647460357929,0.005983304658693244,0.5852477365730396,1.4563979356800691,-0.12884980089297107,0.5852477365730396,20.214970933488786,1.1688534572475138,971.0,1000,subject_last,rewrite,subject_last,H18,e75406f1cf0cc3bc761313fe492d2c80bddc26385197cc25273105a5283d77d1,a74e7b9781e564e06411a63f4ec1c3297ef4baec62e2029fbe6c49ad0e962d26,1.9729003189547555e-15,True,97b7765c02bfb546d11e392b217d97e6f2c997df2ed481857ac71deadc61f2cd,c618099d7af6e92301e3b420373d6ae5d91f5ecabeada74f0bc29ff5e5f51dfa,7e77a9a57ae41dca2858a61a7051e4e0a9fb19a1293e0d4c2afbc0d3726ed89c,d35eb367c6a27094b2aeca7c7a25583361c7f7818061e5a94451860a5772fa98,True,85.0,28.999999999999996,original_208,True,True,GPT-2 XL|CounterFact|AlphaEdit|Native|canonical|750,-0.04921989021742994,0.7866201063828904,1.2352188707997567,0.23521887079975662,100.0,-0.072188643970186,0.8272346096109022,1.2479564332643194,0.2479566948449795,750,,,,,,,,0.0005096858357576068,0.07250241097064827,1.0712036662832276,,,,,0.25607234861071276,,,,14.225489683846266,,,,,,,,True,True
GPT-2 XL,CounterFact,AlphaEdit,Native,canonical,1000,T03,1,,unchanged_original,1000,1000,1000,edited_prefix,greedy_target_prefix,-0.003098528663262331,0.2952083292988204,1.0436988244810363,0.045750660131557,0.29623178517256465,0.044066425127043174,16.367940867763775,0.01979314518445022,48.3,92.5,36.4,1.1971485226004273,0.6961304809096114,T03,unchanged_original,-0.07809444726753101,0.8526534247413078,1.2614724911238788,0.8569783291625983,142.1056271597003,173.05934989378335,0.2660383145198155,42.46485012081875,0.26147282838175084,0.07839692520690542,0.007718718284772315,0.7464115629524722,1.5979413867021826,-0.1484701762502897,0.7464115629524722,26.147249112387883,1.2178219353642965,996.0,1000,subject_last,rewrite,subject_last,H18,3a81b716513a5f45f73a289e2a2c5a5cf9a3fbb2e6aa8614bff08a914de6ba62,a74e7b9781e564e06411a63f4ec1c3297ef4baec62e2029fbe6c49ad0e962d26,1.6305801793119103e-15,True,8b7aab0a1052758c4c31f9327e3ca38926549f80d32fcf0d0535f50cc58447ed,c618099d7af6e92301e3b420373d6ae5d91f5ecabeada74f0bc29ff5e5f51dfa,90941868ed459834c699bbe213f3416558aca0d4a2c880299a2c6f4f20694a80,1092bbf0d6267941e5d398a34fd6d36dde096a414892d1842b87d4b979ae3639,True,79.0,28.000000000000004,original_208,True,True,GPT-2 XL|CounterFact|AlphaEdit|Native|canonical|1000,-0.04807163555702856,0.7898987178518638,1.238289770138516,0.238289770138516,100.0,-0.07809444726753101,0.8526534247413078,1.2614724911238788,0.26147282838175084,1000,,,,,,,,0.0006303608315368179,0.09636633765544995,1.0907996411604621,,,,,0.29623178517256465,,,,16.367940867763775,,,,,,,,True,True
GPT-2 XL,CounterFact,AlphaEdit,SADR,canonical,50,T04,1,,unchanged_original,1000,1000,50,edited_prefix,greedy_target_prefix,0.0005624451144501196,0.0404554024368815,1.0014531701504237,0.0030885696033858,0.04060886904247652,0.0008889313001121385,2.3148251200191807,0.0028365170506829654,95.89999999999999,100.0,20.0,1.0080185079920787,0.14014473084627074,T04,unchanged_original,-0.006292910234560156,0.12159527158561557,1.0121544287540936,0.12199256942725469,142.1056271597003,143.5883588582633,0.01599462430282819,6.708770370836519,0.016659075579354442,0.008070280347841066,0.00019163029312862506,0.03924489378555989,1.0268507036095689,-0.012394190175991688,0.03924489378555989,1.215442875409356,1.0104340111521177,536.0,1000,subject_last,rewrite,subject_last,H18,08d35df45c0ebf60222756565bc1865846ae32251118a54b31133527c408bac9,a74e7b9781e564e06411a63f4ec1c3297ef4baec62e2029fbe6c49ad0e962d26,1.9984014443252818e-15,True,921d767aad15c1f081204853fc86146f1a7af42cfac4561bc915ccb975faefc3,a672e018ef38cdfc1cc7d78066edff51bd709571390d84832dcb825d96ecf1ef,fd761faa3a3c116d78612e7ef756f8eec5beab610fe6d7e2faabb7991789bbb4,ffe86a308f500eb0d52570d7ac8b60780afbb162900261f5dd544f013292aaa1,True,,,,True,True,GPT-2 XL|CounterFact|AlphaEdit|SADR|canonical|50,,,,,,-0.041953091364746765,0.7505070277853771,1.2172288319485107,0.21722883194851073,50,,,,,,,,1.2430688737338454e-05,0.0017838673893131672,1.0029211883069507,,,,,0.04060886904247652,,,,2.3148251200191807,,,,,,,,True,True
GPT-2 XL,CounterFact,AlphaEdit,SADR,canonical,100,T04,1,,unchanged_original,1000,1000,100,edited_prefix,greedy_target_prefix,0.001196272442101414,0.0574589762087054,1.0029678494972665,0.005099431429967,0.05774358810773445,0.0017650151009048884,3.2837616007362977,0.004468494700923866,92.60000000000001,99.0,24.0,1.0153880281336185,0.19394089878789667,T04,unchanged_original,-0.012610268389005587,0.19894137651114552,1.0256047424964432,0.19973298764380712,142.1056271597003,145.18190757510325,0.03291155973624429,10.856456206649158,0.0314747143199245,0.014667588052647205,0.00046089412459376423,0.08155568042920185,1.056796037775785,-0.024759642653417402,0.08155568042920185,2.560474249644318,1.0216478437686762,584.0,1000,subject_last,rewrite,subject_last,H18,bc64150b4fff219dd4d30555be2d25edb8c25dc0bfe33d309df6f020bbd3a0c8,a74e7b9781e564e06411a63f4ec1c3297ef4baec62e2029fbe6c49ad0e962d26,2.1904089160364558e-15,True,10f991c5abd3b0b79d906d85bcee6acfd8cbe4fe6bd95b0f02459ae6600fee1e,a672e018ef38cdfc1cc7d78066edff51bd709571390d84832dcb825d96ecf1ef,89a1b4ad185610b8c7e1b25418a2f9ffe72c072c71a8035b3651fe36c0068dec,028b332b9dfba31b0ad406d225c185752c94f874e301ac34fa35d44a83ddd54f,True,99.0,24.0,original_208,True,True,GPT-2 XL|CounterFact|AlphaEdit|SADR|canonical|100,-0.04186354235482512,0.764909719337021,1.2264353003353101,0.22643530033531029,100.0,-0.04186354235482512,0.764909719337021,1.2264353003353101,0.22643530033531029,100,,,,,,,,3.489773866259248e-05,0.0035516012951108565,1.0059790439179763,,,,,0.05774358810773445,,,,3.2837616007362977,,,,,,,,True,True
GPT-2 XL,CounterFact,AlphaEdit,SADR,canonical,150,T04,1,,unchanged_original,1000,1000,150,edited_prefix,greedy_target_prefix,0.0012390453913561244,0.0797595851269209,1.0046520705213713,0.0070050902685541,0.08011199314630055,0.003394318357033642,4.55327061597238,0.006100721782891212,89.3,96.66666666666667,22.0,1.0317284897006231,0.272854913414909,T04,unchanged_original,-0.017743854537021434,0.26678081601555254,1.0403500242124697,0.2678751054013279,142.1056271597003,146.95145486126455,0.04994635580839292,14.461441120508985,0.04566385011053605,0.020201783612527953,0.0007994564903967662,0.12380985606533863,1.089121603481693,-0.034688252583646106,0.12380985606533863,4.035002421246969,1.0341001816635906,665.0,1000,subject_last,rewrite,subject_last,H18,aa0192a4d6cddb7595472509b355f3b1e86df3a69afaba9fa15c2fbb9ece0197,a74e7b9781e564e06411a63f4ec1c3297ef4baec62e2029fbe6c49ad0e962d26,2.426159630668859e-15,True,ac7d0e63e4423e4097d3649dff54bbe3e5b87dcb38a91db1987197243636c8ea,a672e018ef38cdfc1cc7d78066edff51bd709571390d84832dcb825d96ecf1ef,9cc819e52ca47596540b1cd1788f5c50c9f21570677f7dfa181f85bbd4e03b7c,f06aca056289ec5eda45f8feec8aba5b4ba5f6c9ffc9b9a4ad89f701bb74d130,True,98.0,20.0,original_208,True,True,GPT-2 XL|CounterFact|AlphaEdit|SADR|canonical|150,-0.042010129515250426,0.7656546493469725,1.2267928179168852,0.2267928179168854,100.0,-0.04576543415379221,0.7615688301815952,1.2244405609520683,0.2244409717577617,150,,,,,,,,6.058419625158928e-05,0.006847633716967868,1.0093863086959316,,,,,0.08011199314630055,,,,4.55327061597238,,,,,,,,True,True
GPT-2 XL,CounterFact,AlphaEdit,SADR,canonical,200,T04,1,,unchanged_original,1000,1000,200,edited_prefix,greedy_target_prefix,0.0015805732958108065,0.0906122487103677,1.005962506330479,0.0083043472377053,0.09103700187952257,0.004351568671740585,5.167338390992442,0.00709543687265546,86.0,97.5,24.5,1.039113936725651,0.30432094937822385,T04,unchanged_original,-0.02203638318522925,0.3204001691265251,1.0547358814494627,0.3216893352969352,142.1056271597003,148.6433606093239,0.06560314251688455,17.233237802955635,0.05917434743020014,0.02429449897312134,0.0010828797657594503,0.16392853772277954,1.120938651118081,-0.042989886604699046,0.16392853772277954,5.473588144946273,1.0460061545787798,738.0,1000,subject_last,rewrite,subject_last,H18,783b9e051c66b7c8eee3bf45c4a6198ac555054177f2b96e174fd29730b1b968,a74e7b9781e564e06411a63f4ec1c3297ef4baec62e2029fbe6c49ad0e962d26,2.133726971974489e-15,True,c49257f0c4b67c0bfa8e51dbf9af43a8e54a898fd2c1bea4465b802a6b118e90,a672e018ef38cdfc1cc7d78066edff51bd709571390d84832dcb825d96ecf1ef,5202af620501db83fd0ac932756187d7f4b5ef1d91a8960546e4a7b914937c59,cf8f144f49d2395143a5b61b8d635b3a6cdedf19a2b147c3fccd5b30c5192439,True,98.0,22.0,original_208,True,True,GPT-2 XL|CounterFact|AlphaEdit|SADR|canonical|200,-0.042079592503440566,0.7676927696200526,1.2280315497424166,0.22803154974241666,100.0,-0.0479842415491398,0.7694674227488414,1.2270295128656856,0.22702974778452367,200,,,,,,,,8.218601156201671e-05,0.008799704485114202,1.0120430370882978,,,,,0.09103700187952257,,,,5.167338390992442,,,,,,,,True,True
GPT-2 XL,CounterFact,AlphaEdit,SADR,canonical,250,T04,1,,unchanged_original,1000,1000,250,edited_prefix,greedy_target_prefix,0.0022178628900907755,0.1022900962586747,1.0077935772879072,0.0098148129046586,0.1027612979734277,0.005524282411868392,5.82379284681548,0.00784697146807882,81.6,97.2,24.4,1.0479289185744534,0.3381038065080687,T04,unchanged_original,-0.02614119251407168,0.37148995156794595,1.0699717990589133,0.3729770015992197,142.1056271597003,150.47233384327393,0.08147930827500643,19.824494430995667,0.07349574041335094,0.028440002082946052,0.0013838717387298196,0.20588938821722574,1.1549908749278126,-0.05089851328941354,0.20588938821722574,6.997179905891326,1.0588766739980746,796.0,1000,subject_last,rewrite,subject_last,H18,d9ced3fda42230f372494371513ec1864ece2b2386c347637042c6553b28cd85,a74e7b9781e564e06411a63f4ec1c3297ef4baec62e2029fbe6c49ad0e962d26,1.997785151708206e-15,True,55d9f5a5e72a41b2a8f3d59d85b744fcd21b9c2cb4322dad0a639aa5244e7573,a672e018ef38cdfc1cc7d78066edff51bd709571390d84832dcb825d96ecf1ef,b9fb2ae01a96fe7910f427c8ce54a88fee7b83988e77cb06daea3f5ad18b089f,51b9fd204bd78d44c19bbacd106b814419e5d8c8c872ed007b57856044d4383b,True,97.0,19.0,original_208,True,True,GPT-2 XL|CounterFact|AlphaEdit|SADR|canonical|250,-0.04213476574242379,0.7717385718906011,1.230567757729994,0.23056775772999416,100.0,-0.04943716576254693,0.7809887485150395,1.2330015062141928,0.23300170844175103,250,,,,,,,,0.00010267182856223004,0.01121471489897824,1.015753112507722,,,,,0.1027612979734277,,,,5.82379284681548,,,,,,,,True,True
GPT-2 XL,CounterFact,AlphaEdit,SADR,canonical,300,T04,1,,unchanged_original,1000,1000,300,edited_prefix,greedy_target_prefix,0.003315095268004879,0.1176468037313005,1.010683249969635,0.0121718815513009,0.11820232400318127,0.007273777322298991,6.681313091515962,0.009151297709178748,77.4,96.33333333333333,23.0,1.0606262252306498,0.3799435338389957,T04,unchanged_original,-0.029880592333376463,0.4237968545989623,1.0862617126981187,0.42544305572177676,142.1056271597003,152.44757588310927,0.0980195098189358,22.469862714980355,0.0888705566635696,0.031990007801732,0.001667844955421338,0.24923681246866747,1.1911434727573365,-0.05809333971133158,0.24923681246866747,8.626171269811866,1.0727764897852112,857.0,1000,subject_last,rewrite,subject_last,H18,32bf4082001f4af8cb3c4a777370262bfaa3d8c4038aa6300c5c3091f96bdd62,a74e7b9781e564e06411a63f4ec1c3297ef4baec62e2029fbe6c49ad0e962d26,2.2028986105760158e-15,True,7e88c9fcd8b30b39674b58ef57b450372158b8917ff87c05d9887e2f30989fba,a672e018ef38cdfc1cc7d78066edff51bd709571390d84832dcb825d96ecf1ef,0d1e36c91d789a333b771ee102ca184897bba48d13d449d19fe5ebdd1ce5a0e3,414a3b5d3ad1c506bf461dced38e32bfd0824df2c5d6d0cea28cbd2755c3dc74,True,95.0,19.0,original_208,True,True,GPT-2 XL|CounterFact|AlphaEdit|SADR|canonical|300,-0.0420913006097111,0.7721527216862377,1.2308964270285165,0.23089642702851665,100.0,-0.04961003367351722,0.7841518094507236,1.2354430977333153,0.23544324801955493,300,,,,,,,,0.00014293782645891578,0.014857563103334272,1.0216306914658029,,,,,0.11820232400318127,,,,6.681313091515962,,,,,,,,True,True
GPT-2 XL,CounterFact,AlphaEdit,SADR,canonical,500,T04,1,,unchanged_original,1000,1000,500,edited_prefix,greedy_target_prefix,0.0016751126984580966,0.150390141511766,1.0137150995005106,0.0155445892468739,0.15098054745119804,0.011820045196289063,8.522212469327654,0.010814863086504417,66.8,96.2,24.4,1.0968549195962882,0.48417222796742865,T04,unchanged_original,-0.03972257370815259,0.581651066787416,1.1474694892194712,0.5835999770191943,142.1056271597003,159.75597678836442,0.15332942674829647,29.990338457498176,0.14865803831342173,0.041272890876747355,0.0025031956392552,0.40757699653331336,1.3306350447562638,-0.07694195177704997,0.40757699653331336,14.746948921947123,1.12420584590101,941.0,1000,subject_last,rewrite,subject_last,H18,cd380e101f417c7edfefdbee4331cd99e88eb39fba391d179b17d49dcd68d008,a74e7b9781e564e06411a63f4ec1c3297ef4baec62e2029fbe6c49ad0e962d26,1.9024506052044324e-15,True,dd350e9c0c4cc0e83ba4876ec421b405593b7ccf6d981e1409c6e97a2d750f92,a672e018ef38cdfc1cc7d78066edff51bd709571390d84832dcb825d96ecf1ef,807788afe73db194a84b642b542938712be029a184ae5c3e237100fcaebfb571,a8a264327a3356d1b7cd383822f69cd515fda03aa57c4d5369d4cc96bb6ab8c6,True,91.0,18.0,original_208,True,True,GPT-2 XL|CounterFact|AlphaEdit|SADR|canonical|500,-0.04204424078645517,0.7821450953785241,1.2378563005941463,0.23785630059414622,100.0,-0.05228380831537989,0.8119094733946581,1.2515703900302315,0.2515706610116956,500,,,,,,,,0.00019304212055556617,0.024334389252347176,1.027877656769819,,,,,0.15098054745119804,,,,8.522212469327654,,,,,,,,True,True
GPT-2 XL,CounterFact,AlphaEdit,SADR,canonical,750,T04,1,,unchanged_original,1000,1000,750,edited_prefix,greedy_target_prefix,0.001236293225055615,0.1883008633255203,1.0199884794581509,0.0218059971136232,0.1889597808792256,0.018270252394377334,10.62280034593888,0.012685466476673582,59.5,95.06666666666666,25.333333333333332,1.146612321179962,0.600140683422428,T04,unchanged_original,-0.04851150598276211,0.7450518543064663,1.2243186456739366,0.7472666445643673,142.1056271597003,168.95061830457584,0.2152920551030251,37.18461817142074,0.22461807511714205,0.04992601249534967,0.0034786504254760036,0.6054152537137046,1.5118708921736566,-0.09354436154004822,0.6054152537137046,22.431864567393657,1.18890871305685,979.0,1000,subject_last,rewrite,subject_last,H18,30510474fa9e35f8f275138058dade2c3825bcc99a85c0c9f2dddaec94d3fbe3,a74e7b9781e564e06411a63f4ec1c3297ef4baec62e2029fbe6c49ad0e962d26,1.6649187422363594e-15,True,c250da94df258c3bfdf457796f864840e8fdbce25bbaef275586c2b25e78160d,a672e018ef38cdfc1cc7d78066edff51bd709571390d84832dcb825d96ecf1ef,be1c517afd0a9baf8174db1f567de4042c74121d0eeb29c3a5dd99244a950a36,73224547442b0bb47cf90361bfe594ecf1a48c32923973232b842ffedc2aefbe,True,84.0,19.0,original_208,True,True,GPT-2 XL|CounterFact|AlphaEdit|SADR|canonical|750,-0.04102531242672708,0.7863798179824929,1.241465896986887,0.24146589698688709,100.0,-0.05416725764610187,0.8465214639117206,1.2735986849390435,0.273599021451148,750,,,,,,,,0.0002573480249873348,0.03804158409533996,1.0407715185704385,,,,,0.1889597808792256,,,,10.62280034593888,,,,,,,,True,True
GPT-2 XL,CounterFact,AlphaEdit,SADR,canonical,1000,T04,1,,unchanged_original,1000,1000,1000,edited_prefix,greedy_target_prefix,-3.147494159815517e-05,0.2184527994145153,1.0250469755811364,0.0264966708750745,0.21917894513702907,0.02428621421511592,12.284321182373274,0.01421348593693168,53.6,95.7,24.4,1.1977309142096992,0.7028181522220344,T04,unchanged_original,-0.0561606297821245,0.8760114111615501,1.2927847115570998,0.8784125388324139,142.1056271597003,177.04866387722916,0.26669827759052395,42.563347413908176,0.292785007340049,0.05709477034808171,0.0043212035430912924,0.7872633069478346,1.6792632509266772,-0.10800005602115771,0.7872633069478346,29.278471155709983,1.2458948137096597,995.0,1000,subject_last,rewrite,subject_last,H18,2d788b70f6df899af0d04745ab1797f4fa74df1ad46c2133c5c0c1409aae0983,a74e7b9781e564e06411a63f4ec1c3297ef4baec62e2029fbe6c49ad0e962d26,1.931879807136426e-15,True,47af721a80e28ab26e84efbf80d9134185ca476de858fc70e24f41e7331b744b,a672e018ef38cdfc1cc7d78066edff51bd709571390d84832dcb825d96ecf1ef,e52a02bc163f3eec99adb4229e4ccd9f28543b1a4f4be9e61ebee87598e39022,9b06d87da7497fdaa3b8a011c009aa213ab7477d469795d8bb4a14d335e0170c,True,81.0,20.0,original_208,True,True,GPT-2 XL|CounterFact|AlphaEdit|SADR|canonical|1000,-0.04092101700280793,0.787820451875867,1.242513119405461,0.24251311940546114,100.0,-0.0561606297821245,0.8760114111615501,1.2927847115570998,0.292785007340049,1000,,,,,,,,0.00033481223853332865,0.05100504713419273,1.0512769094895298,,,,,0.21917894513702907,,,,12.284321182373274,,,,,,,,True,True
GPT-2 XL,CounterFact,AlphaEdit,SPHERE,canonical,50,SPHERE_corrected_CounterFact_AlphaEdit,1,,GPT2_SPHERE_semantic_input_axis_corrected_20260927,1000,1000,50,edited_prefix,greedy_target_prefix,0.0017140258250604337,0.047619877304526576,1.0030379800749707,0.00498769182156253,,,,,94.8,100.0,28.000000000000004,,,,GPT2_SPHERE_semantic_input_axis_corrected_20260927,-0.009314514702569183,0.1252176280939193,1.0093399883677003,0.12598248144385835,142.10562715970033,143.23912472222602,0.016402702388116565,6.960971523917038,0.01758059625612757,0.011745196951788984,0.00032004078096114184,0.039264002486072216,1.020955013861895,-0.018308988624177226,0.039264002486072216,,,,1000,subject_last,rewrite,subject_last,H18,eece16e4168bea8e9c8048785f00b8cc52b689e4137b0a5142f7763350ede34a,a74e7b9781e564e06411a63f4ec1c3297ef4baec62e2029fbe6c49ad0e962d26,,,,,,,,,,,True,,GPT-2 XL|CounterFact|AlphaEdit|SPHERE|canonical|50,,,,,,-0.0489694602366574,0.7378770245917374,1.2040261591619235,0.20402615916192346,50,50.0,50.0,1000.0,True,,locality,prompt_last,3.1946011769201216e-05,0.0026594959589385492,1.0061194936208284,0.003459997661890068,0.0026594959589385492,0.006119493620828603,0.004392615085124716,0.047919770900401525,117.55072142816306,117.9025032046987,0.001316197508818602,2.719036111950962,0.9881305218106557,d594835775e704f0171455a0624fd018d98c8a62c34db239a833c69d875e661c,a5f862b436c74c211c5e5db696718fc8620ba72a004f3836aa9600b219c3ad91,1000.0,prompt_last,0.020955013861894987,0.991914904225368,True,True
GPT-2 XL,CounterFact,AlphaEdit,SPHERE,canonical,100,SPHERE_corrected_CounterFact_AlphaEdit,1,,GPT2_SPHERE_semantic_input_axis_corrected_20260927,1000,1000,100,edited_prefix,greedy_target_prefix,0.003175890314528839,0.07200583084403184,1.0061670749764218,0.008693963571615119,,,,,91.60000000000001,100.0,37.0,,,,GPT2_SPHERE_semantic_input_axis_corrected_20260927,-0.018312109528881272,0.2068362983062097,1.0210607104364056,0.2083029989313594,142.10562715970033,144.6157487248718,0.03445647154233873,11.39998430499447,0.03227453930529438,0.020781307279044703,0.0007852644334379999,0.08301938562023978,1.0471804309959152,-0.03583895462432454,0.08301938562023978,,,,1000,subject_last,rewrite,subject_last,H18,67aa5965ed262a6d47293f26dd734419979ca720d8d2ed54ed7bf145a6972e70,a74e7b9781e564e06411a63f4ec1c3297ef4baec62e2029fbe6c49ad0e962d26,,,,,,,,,,,True,,GPT-2 XL|CounterFact|AlphaEdit|SPHERE|canonical|100,-0.04888729161389931,0.7537916423934281,1.2140166055545654,0.21401660555456548,100.0,-0.04888729161389931,0.7537916423934281,1.2140166055545654,0.21401660555456548,100,100.0,100.0,1000.0,True,,locality,prompt_last,7.781499365032211e-05,0.006031452384634051,1.0124610480073422,0.0064295956227079995,0.006031452384634051,0.012461048007342051,0.0070622136253802245,0.07250475935422308,117.55072142816306,118.26340108257912,0.0029570820895194966,4.098451419192738,0.9872627945656923,6b7a8a7dc5d1c32ce9f597cfc0c839351ef39ea66f4a22ac92627889280df4f9,a5f862b436c74c211c5e5db696718fc8620ba72a004f3836aa9600b219c3ad91,1000.0,prompt_last,0.047180430995915186,0.9906298226538142,True,True
GPT-2 XL,CounterFact,AlphaEdit,SPHERE,canonical,150,SPHERE_corrected_CounterFact_AlphaEdit,1,,GPT2_SPHERE_semantic_input_axis_corrected_20260927,1000,1000,150,edited_prefix,greedy_target_prefix,0.003665014364782725,0.09928758131965976,1.0091763757119319,0.011786526968959635,,,,,86.9,98.0,37.333333333333336,,,,GPT2_SPHERE_semantic_input_axis_corrected_20260927,-0.024222754655161778,0.2739486701724974,1.0348251137726519,0.27582563749892747,142.10562715970033,146.24547713919952,0.051607801396305206,15.007971084431723,0.04487072535799607,0.02712867294089006,0.0012633090370217789,0.12432485923092507,1.0771426589576234,-0.04718220027330179,0.12432485923092507,,,,1000,subject_last,rewrite,subject_last,H18,7cbab0247e1916e0fef1f30cd79a2ca15128a1fde3097f0cdf5364eb071ac99b,a74e7b9781e564e06411a63f4ec1c3297ef4baec62e2029fbe6c49ad0e962d26,,,,,,,,,,,True,,GPT-2 XL|CounterFact|AlphaEdit|SPHERE|canonical|150,-0.04809601905063232,0.7550709086892599,1.2154407131838973,0.21544071318389724,100.0,-0.05189076270557308,0.7471011947567534,1.2109319446678224,0.21093194466782228,150,150.0,150.0,1000.0,True,,locality,prompt_last,0.0001214433932857267,0.011129831852977785,1.018581303975829,0.007451472122851177,0.011129831852977785,0.018581303975828967,0.00885232324748276,0.09986090765485386,117.55072142816306,118.61230709610894,0.005433463463269922,5.6382624686367,0.9892062552352847,621fc31ff7ba4d4e663cdec8ac519ca5327235603020a6ed64cb7b0edc4eba1b,a5f862b436c74c211c5e5db696718fc8620ba72a004f3836aa9600b219c3ad91,1000.0,prompt_last,0.07714265895762329,0.9899408594420577,True,True
GPT-2 XL,CounterFact,AlphaEdit,SPHERE,canonical,200,SPHERE_corrected_CounterFact_AlphaEdit,1,,GPT2_SPHERE_semantic_input_axis_corrected_20260927,1000,1000,200,edited_prefix,greedy_target_prefix,0.0027231327553504086,0.1146007596804173,1.0100043144088746,0.013137876553706518,,,,,82.89999999999999,98.0,38.0,,,,GPT2_SPHERE_semantic_input_axis_corrected_20260927,-0.030098732317435883,0.3283553349691473,1.0481274020326063,0.3305788914998916,142.10562715970033,147.80772170659438,0.0679753287324101,17.86836995195316,0.057179386102679974,0.03269869080463798,0.0017417340452463722,0.16483823020626684,1.1063824996166414,-0.05845573058962539,0.16483823020626684,,,,1000,subject_last,rewrite,subject_last,H18,652a9a2174d297b14f4576c89fc630df194d220ad03d9f083bddfd31ccd6ad10,a74e7b9781e564e06411a63f4ec1c3297ef4baec62e2029fbe6c49ad0e962d26,,,,,,,,,,,True,,GPT-2 XL|CounterFact|AlphaEdit|SPHERE|canonical|200,-0.047973325993166664,0.7573795742110191,1.2169849431235624,0.21698494312356253,100.0,-0.05570322615948821,0.7566763352661021,1.213217308584265,0.21321730858426505,200,200.0,200.0,1000.0,True,,locality,prompt_last,0.0001413149726816919,0.014702596440598351,1.0202901769239807,0.00558758048338251,0.014702596440598351,0.020290176923980847,0.00946242657571604,0.11518752609685409,117.55072142816306,118.70541011009057,0.007171775956626052,6.505738226773767,0.9904799369420068,1dcc0a6ea574de71e922b26884a8ff0b8770f1c957cdc9d7188bc8c84a33f609,a5f862b436c74c211c5e5db696718fc8620ba72a004f3836aa9600b219c3ad91,1000.0,prompt_last,0.10638249961664145,0.9895441564471907,True,True
GPT-2 XL,CounterFact,AlphaEdit,SPHERE,canonical,250,SPHERE_corrected_CounterFact_AlphaEdit,1,,GPT2_SPHERE_semantic_input_axis_corrected_20260927,1000,1000,250,edited_prefix,greedy_target_prefix,0.003425187075158214,0.1326000531412829,1.0131593900551703,0.01586524070897185,,,,,75.9,98.0,38.0,,,,GPT2_SPHERE_semantic_input_axis_corrected_20260927,-0.0352013836307102,0.3795752009750495,1.0623637330813298,0.38208795539376333,142.10562715970033,149.4896269288467,0.08422493248020914,20.517189241527145,0.06990722993875816,0.03764485091511156,0.00219897588637982,0.20605381447390816,1.1378500230988675,-0.0682037913750406,0.20605381447390816,,,,1000,subject_last,rewrite,subject_last,H18,38985089eb99a30946ce720bc20d5966f18163a4a3b7b33e05d4f99e80bced7a,a74e7b9781e564e06411a63f4ec1c3297ef4baec62e2029fbe6c49ad0e962d26,,,,,,,,,,,True,,GPT-2 XL|CounterFact|AlphaEdit|SPHERE|canonical|250,-0.0474460586204297,0.7602925704127508,1.2192257099156718,0.21922570991567167,100.0,-0.05732572595432703,0.7647513615946765,1.216847995621485,0.2168479956214852,250,250.0,250.0,1000.0,True,,locality,prompt_last,0.0001769568827962179,0.0197179691531264,1.026745300186239,0.007027331033112645,0.0197179691531264,0.02674530018623904,0.010712054398577532,0.1332257207086423,117.55072142816306,119.06968007250359,0.009541910587661913,7.505427002968644,0.9911054264551323,4e5ab973311487b029e2b862ee98a0b499d74e9b18885aad6f733d88db757d47,a5f862b436c74c211c5e5db696718fc8620ba72a004f3836aa9600b219c3ad91,1000.0,prompt_last,0.1378500230988675,0.9894408335053976,True,True
GPT-2 XL,CounterFact,AlphaEdit,SPHERE,canonical,300,SPHERE_corrected_CounterFact_AlphaEdit,1,,GPT2_SPHERE_semantic_input_axis_corrected_20260927,1000,1000,300,edited_prefix,greedy_target_prefix,0.0036947338844618917,0.15280081247998734,1.0164707686999324,0.01922596782474942,,,,,71.0,97.33333333333334,37.333333333333336,,,,GPT2_SPHERE_semantic_input_axis_corrected_20260927,-0.039618293823724185,0.4301828678745918,1.0776127918259522,0.4329078030847442,142.10562715970033,151.3270485237175,0.10070871816525667,23.11108652970261,0.08341954418087993,0.04203080195954466,0.0025952064717915226,0.24798417433172334,1.1713427931560663,-0.07664138117565683,0.24798417433172334,,,,1000,subject_last,rewrite,subject_last,H18,88d0ee8a6fbc5424272a3cb63c1b87c845b6a873524e9e29576fbe3959c35cd7,a74e7b9781e564e06411a63f4ec1c3297ef4baec62e2029fbe6c49ad0e962d26,,,,,,,,,,,True,,GPT-2 XL|CounterFact|AlphaEdit|SPHERE|canonical|300,-0.047245785577574875,0.7605230855708249,1.2195435631304519,0.2195435631304518,100.0,-0.058388201967019264,0.7670859735168013,1.2180678867236716,0.21806788672367172,300,300.0,300.0,1000.0,True,,locality,prompt_last,0.00023590071089484794,0.025937136382279586,1.0335625048620982,0.007625368479818631,0.025937136382279586,0.03356250486209821,0.01253359272894581,0.15353032206683082,117.55072142816306,119.45253045481111,0.01247370993970199,8.626869659818553,0.9909868805039684,86f35327e3b39a8b959b782b3d91c6d62d29796fb5b34d732aea2bb1c399648b,a5f862b436c74c211c5e5db696718fc8620ba72a004f3836aa9600b219c3ad91,1000.0,prompt_last,0.17134279315606654,0.9896431762922006,True,True
GPT-2 XL,CounterFact,AlphaEdit,SPHERE,canonical,500,SPHERE_corrected_CounterFact_AlphaEdit,1,,GPT2_SPHERE_semantic_input_axis_corrected_20260927,1000,1000,500,edited_prefix,greedy_target_prefix,0.0010130929823425861,0.2013897862784636,1.0232070078408075,0.025877064079634846,,,,,60.699999999999996,96.6,35.4,,,,GPT2_SPHERE_semantic_input_axis_corrected_20260927,-0.05191739964795956,0.5829205429156707,1.1352671139698414,0.5860729795349138,142.10562715970033,158.15720072201862,0.15602215684019785,30.506774117790215,0.13747163036012586,0.053418546646241946,0.003914110580714292,0.40118826819184544,1.3012675794766406,-0.09992068871520482,0.40118826819184544,,,,1000,subject_last,rewrite,subject_last,H18,41a60056a0290fed61643f31e60da40b7ef2f72991ada15c25331b5939d67480,a74e7b9781e564e06411a63f4ec1c3297ef4baec62e2029fbe6c49ad0e962d26,,,,,,,,,,,True,,GPT-2 XL|CounterFact|AlphaEdit|SPHERE|canonical|500,-0.04513796099870247,0.772030914745476,1.2290514983358243,0.2290514983358242,100.0,-0.06367924237914364,0.7948780361712959,1.2323085240761753,0.2323085240761751,500,500.0,500.0,1000.0,True,,locality,prompt_last,0.00034458307733995397,0.045240940978205066,1.04761171002023,0.0023707690420251264,0.045240940978205066,0.04761171002023018,0.015208398781361128,0.20220429346781668,117.55072142816306,120.235459051401,0.021427425211873886,11.317681150729445,0.9924409539107176,f74c9d4f5de52c40c0c03267b9814aafcdec626d8271fcc425deba3d243cfdd7,a5f862b436c74c211c5e5db696718fc8620ba72a004f3836aa9600b219c3ad91,1000.0,prompt_last,0.3012675794766406,0.990337971866337,True,True
GPT-2 XL,CounterFact,AlphaEdit,SPHERE,canonical,750,SPHERE_corrected_CounterFact_AlphaEdit,1,,GPT2_SPHERE_semantic_input_axis_corrected_20260927,1000,1000,750,edited_prefix,greedy_target_prefix,0.0006806223210699854,0.24738569445232428,1.0335781679076923,0.03558290662849588,,,,,53.6,95.33333333333334,36.13333333333333,,,,GPT2_SPHERE_semantic_input_axis_corrected_20260927,-0.06413701534181934,0.7325578613809284,1.2031582286018345,0.7361688121305096,142.10562715970033,166.20571832850493,0.21522904833993128,37.262311485770915,0.20380768975974126,0.06516512418645476,0.005547004994959053,0.581546290141051,1.4588192644523712,-0.12272702568867959,0.581546290141051,,,,1000,subject_last,rewrite,subject_last,H18,77b2d81567a6703fc0cd27ffade0c5988b9f625c0118c3a2a3e9b7169e631a9b,a74e7b9781e564e06411a63f4ec1c3297ef4baec62e2029fbe6c49ad0e962d26,,,,,,,,,,,True,,GPT-2 XL|CounterFact|AlphaEdit|SPHERE|canonical|750,-0.04333970939022703,0.77864618900376,1.234669521900676,0.23466952190067608,100.0,-0.06894043804078703,0.8253037399353128,1.2491635481504282,0.249163548150428,750,750.0,750.0,1000.0,True,,locality,prompt_last,0.0004846858718385787,0.06743390771904294,1.0692798382330215,0.0018459305139785491,0.06743390771904294,0.06927983823302149,0.0178112892914537,0.24831870801444272,117.55072142816306,121.43990779364128,0.03140533286824672,13.802829584869011,0.9928637233751018,23a90d8b4433f465a31a4d028cc9e5169a8c496483c8b70edf7101e99784e397,a5f862b436c74c211c5e5db696718fc8620ba72a004f3836aa9600b219c3ad91,1000.0,prompt_last,0.45881926445237126,0.990551748689833,True,True
GPT-2 XL,CounterFact,AlphaEdit,SPHERE,canonical,1000,SPHERE_corrected_CounterFact_AlphaEdit,1,,GPT2_SPHERE_semantic_input_axis_corrected_20260927,1000,1000,1000,edited_prefix,greedy_target_prefix,-0.0015321821350615967,0.2850082216797173,1.0416193004364835,0.04377742375643015,,,,,49.4,94.1,37.8,,,,GPT2_SPHERE_semantic_input_axis_corrected_20260927,-0.07389308106273094,0.8500457316107477,1.262791874046783,0.8539882175141108,142.10562715970033,173.1956680106748,0.26355439972323724,42.250771248213624,0.2627918740467832,0.07425001135031192,0.00703202115567589,0.7416799001593938,1.6009257591896078,-0.14075414096978603,0.7416799001593938,,,,1000,subject_last,rewrite,subject_last,H18,56f952866fd2f1ad1d5d6f393495ac1ab6d48c266b8241fc843b5143adb29613,a74e7b9781e564e06411a63f4ec1c3297ef4baec62e2029fbe6c49ad0e962d26,,,,,,,,,,,True,,GPT-2 XL|CounterFact|AlphaEdit|SPHERE|canonical|1000,-0.041356784181342476,0.782839732941817,1.2389538489546397,0.2389538489546397,100.0,-0.07389308106273094,0.8500457316107477,1.262791874046783,0.2627918740467832,1000,1000.0,1000.0,1000.0,True,,locality,prompt_last,0.0005740675702021943,0.08875729471584683,1.0862669980159259,-0.0024902966999209987,0.08875729471584683,0.08626699801592581,0.01910544588101578,0.285990218295242,117.55072142816306,122.37574641624799,0.040827110741319755,15.824471530875943,0.9935737286938046,08b2527ecb09d078a9a0ab0635dae550e9665e23767394d3bc8cbe306d9254d6,a5f862b436c74c211c5e5db696718fc8620ba72a004f3836aa9600b219c3ad91,1000.0,prompt_last,0.6009257591896079,0.9906078413399314,True,True
GPT-2 XL,CounterFact,MEMIT,ENCORE,canonical,50,T06,1,,unchanged_original,1000,1000,50,edited_prefix,greedy_target_prefix,0.00010443799461486065,0.0264844569886779,1.0005282786878436,0.001793623990469,0.026573001242603207,0.00042315156902764095,1.5163712820721171,0.0017199652557902607,95.0,66.0,14.0,1.0020534563744081,0.0690104876105598,T06,unchanged_original,-0.01241296384298079,0.10086268642155898,0.996880131403046,0.10174711654393119,142.1056271597003,141.74378746993867,0.009050478661785653,5.798097432445251,0.00849380460419383,0.012501404936910593,0.00030740104291686614,0.01850440064378861,0.9939858740007443,-0.024518526643044717,0.01850440064378861,-0.3119868596954012,0.9974537272239403,137.0,1000,subject_last,rewrite,subject_last,H18,ca36778d83ade47a04861a76e533f97c698d9bd9231c9c854b8155c69a64d564,a74e7b9781e564e06411a63f4ec1c3297ef4baec62e2029fbe6c49ad0e962d26,2.220446049250313e-15,True,1ea0725d81d36ef5dc5a1ef5658aee923c7d75b1ea71b0a1353e16ec507c4a67,c644f2f1d272cf51ffe85a948741b90b293fe71328f8663db8e0dbee839725b4,bcfcc22e21f423b9523bc65bed73e307ae85e27fd0dd2e7ca20926e04fa3f56a,224b1dd5d637c70f084e157bdf032b5649884d061e0c724901febc7bd0aec0e6,True,,,,True,True,GPT-2 XL|CounterFact|MEMIT|ENCORE|canonical|50,,,,,,-0.0519193262319088,0.4402626961226689,1.0481375146460241,0.04854803313188842,50,,,,,,,,5.15763975418024e-06,0.0008486337621069196,1.0010626673910907,,,,,0.026573001242603207,,,,1.5163712820721171,,,,,,,,True,True
GPT-2 XL,CounterFact,MEMIT,ENCORE,canonical,100,T06,1,,unchanged_original,1000,1000,100,edited_prefix,greedy_target_prefix,0.00046474103475800557,0.0462633254484156,1.0017617008667856,0.0034592457092371,0.046417125243187654,0.0012910620061940552,2.6447740822797114,0.0030298889471139694,88.5,75.0,19.0,1.0039077292871292,0.09497585019189148,T06,unchanged_original,-0.024742768698632785,0.18074944067552304,0.9992482128653398,0.18263321151705617,142.1056271597003,141.99910155424644,0.02335763012825849,10.404678131403674,0.01394208919736558,0.0247793964231646,0.0009468872462116985,0.0475696937881803,0.9990310436371269,-0.04853865015105387,0.0475696937881803,-0.07517871346601757,0.9992503772891825,228.0,1000,subject_last,rewrite,subject_last,H18,8a34be163b29f018171a598eff26cbe8b05bfa4e17c4d295687350c30d97d742,a74e7b9781e564e06411a63f4ec1c3297ef4baec62e2029fbe6c49ad0e962d26,2.3094386360920893e-15,True,fe260d89d5247d2a90b60541e7246726359772a0f537d2242c77b44e12036da7,c644f2f1d272cf51ffe85a948741b90b293fe71328f8663db8e0dbee839725b4,031cd849d88cf6c645272abf8b91d6123084501aa67f35f40d3dc8e248608ff5,5aee567e258769a95df0d9e4402c1bbb3af2b31d0ecfeee0b7e98c65f9ebe42f,True,75.0,19.0,original_208,True,True,GPT-2 XL|CounterFact|MEMIT|ENCORE|canonical|100,-0.0593997107185912,0.4719589805825459,1.0547855119209268,0.0549893760258816,100.0,-0.0593997107185912,0.4719589805825459,1.0547855119209268,0.0549893760258816,100,,,,,,,,1.6240986536906464e-05,0.0026021391104306766,1.0035478621664835,,,,,0.046417125243187654,,,,2.6447740822797114,,,,,,,,True,True
GPT-2 XL,CounterFact,MEMIT,ENCORE,canonical,150,T06,1,,unchanged_original,1000,1000,150,edited_prefix,greedy_target_prefix,0.0002496099929290958,0.0639706894593347,1.0026712109897915,0.0046596447923818,0.06415424284341735,0.0024066034689930868,3.654240478298623,0.003916586112954181,82.39999999999999,76.66666666666667,21.333333333333332,1.0057604417857071,0.11458618689725207,T06,unchanged_original,-0.03352287072028581,0.23964092547493687,1.0044770047254046,0.24222378797927768,142.1056271597003,142.58450340387574,0.036868527411228556,13.778052308373608,0.017475545102707435,0.033571047378605674,0.0015676778602155758,0.0752676191000315,1.0097895555196759,-0.06547806358035606,0.0752676191000315,0.44770047254045764,1.0033698612345399,348.0,1000,subject_last,rewrite,subject_last,H18,d6e6952da543700cdcddb0087f4498277c61a61dc32a50275e42e81cd1f5ed9c,a74e7b9781e564e06411a63f4ec1c3297ef4baec62e2029fbe6c49ad0e962d26,2.2128550700327897e-15,True,2c111b5066c813e619c75c3c0184d2cff0e080128922f34f79b75fe9b7a92c48,c644f2f1d272cf51ffe85a948741b90b293fe71328f8663db8e0dbee839725b4,1bc6d45fca84245b654df0d86895c59ebdeec848132dafd65e3e709066785794,51460d133377696e0eb024e4a71b83d0d9040da79a250f95add0d2897e10cc49,True,76.0,20.0,original_208,True,True,GPT-2 XL|CounterFact|MEMIT|ENCORE|canonical|150,-0.06401813950432626,0.49932857633754607,1.06313148703163,0.06327091548622421,100.0,-0.06199921926344166,0.4769821245441785,1.056512240120292,0.05708648498950398,150,,,,,,,,2.5994066551538893e-05,0.004862233886935298,1.005387447939345,,,,,0.06415424284341735,,,,3.654240478298623,,,,,,,,True,True
GPT-2 XL,CounterFact,MEMIT,ENCORE,canonical,200,T06,1,,unchanged_original,1000,1000,200,edited_prefix,greedy_target_prefix,-0.00011847131550478682,0.0799827820258217,1.0035782345405275,0.0058660914856176,0.08019824210061617,0.003670144258844594,4.566568356873869,0.004695664613007033,75.9,77.5,24.0,1.0073877499937876,0.12968375171131946,T06,unchanged_original,-0.04156158303084452,0.2917210650330555,1.0118301021218583,0.29494739395203484,142.1056271597003,143.42224778433985,0.05144834113962111,16.726482906671503,0.022010063192817755,0.041591552023248456,0.002303283447894901,0.10574613162223374,1.0249262490084399,-0.08081988261379415,0.10574613162223374,1.183010212185831,1.0092650843668556,487.0,1000,subject_last,rewrite,subject_last,H18,17ecdb84109954b96479ef936f6daed96203c3029aabbde31280f3733a91ec36,a74e7b9781e564e06411a63f4ec1c3297ef4baec62e2029fbe6c49ad0e962d26,2.220446049250313e-15,True,6f7ff8f21ed10e2a559ee64cce6d0e21466ce8f7860b332cd7384cb87cab7214,c644f2f1d272cf51ffe85a948741b90b293fe71328f8663db8e0dbee839725b4,4bee50ab92437f38997627cda794e8b716e87a92483fcd29377cdf4025fe9b74,b7312594eb5580268ffb086431d429a5dd4b172324fec3f3e4fcae4eb44cc8d0,True,74.0,21.0,original_208,True,True,GPT-2 XL|CounterFact|MEMIT|ENCORE|canonical|200,-0.06791009238426625,0.5222465492462052,1.0709174446135825,0.07100371600053633,100.0,-0.0668683729658489,0.49783079965037125,1.0620017816039837,0.06253701518802335,200,,,,,,,,3.606046064882533e-05,0.007423683211968212,1.0072228010416076,,,,,0.08019824210061617,,,,4.566568356873869,,,,,,,,True,True
GPT-2 XL,CounterFact,MEMIT,ENCORE,canonical,250,T06,1,,unchanged_original,1000,1000,250,edited_prefix,greedy_target_prefix,-0.0004927836951930319,0.0958307613873396,1.004711626952521,0.0069799038297798,0.09606725746756968,0.005160286880864131,5.467520522725992,0.0054309099720313645,70.19999999999999,73.6,24.4,1.0089766104884952,0.14290179923626792,T06,unchanged_original,-0.04782253718980492,0.33674478622706433,1.020215346311499,0.34042031325112576,142.1056271597003,144.390798305761,0.06510794762839114,19.23567548751459,0.027458097134027512,0.047847752483597815,0.0029186125036765012,0.13495289336455396,1.0422264314886212,-0.09272646187593332,0.13495289336455396,2.0215346311498905,1.0160807927999402,619.0,1000,subject_last,rewrite,subject_last,H18,625b35a5d9a5e71b4de8ba042f79960123a91a2c8e7fcdbd99589ec4e4c54079,a74e7b9781e564e06411a63f4ec1c3297ef4baec62e2029fbe6c49ad0e962d26,2.1094237467877974e-15,True,089c3c98549623880284fc0b078baf5bae7533cc54bdde315ada98433f7aeaa4,c644f2f1d272cf51ffe85a948741b90b293fe71328f8663db8e0dbee839725b4,2f206848f700831c0338fe7bd7c3c60aa539b2eb587fb0fd29e88b4ba8713a3d,22f81299cd1acdf9bd2404c05f0c7c371ab5bce44e08f71745850b87ef539167,True,70.0,20.0,original_208,True,True,GPT-2 XL|CounterFact|MEMIT|ENCORE|canonical|250,-0.0709186462321657,0.5449829730826095,1.0794154145761683,0.07943059952705603,100.0,-0.06917828013082596,0.5119267261010496,1.066521129936393,0.06684509458361639,250,,,,,,,,4.761180727531241e-05,0.010455295817489158,1.0095173402343784,,,,,0.09606725746756968,,,,5.467520522725992,,,,,,,,True,True
GPT-2 XL,CounterFact,MEMIT,ENCORE,canonical,300,T06,1,,unchanged_original,1000,1000,300,edited_prefix,greedy_target_prefix,-0.0008403991996716545,0.1099507175865266,1.0058878338837476,0.0080524106025265,0.11020679090250278,0.0066639568726067095,6.269416793570675,0.006013298757288552,63.4,73.0,21.666666666666668,1.0103835245329003,0.15373942545425426,T06,unchanged_original,-0.05343643457644614,0.3753031626432306,1.0279792896670963,0.3793940302321679,142.1056271597003,145.30146245917405,0.07751519294073557,21.37373951084767,0.03337039385541654,0.053458968697542804,0.003498884630978938,0.16164441269187899,1.0582704281699662,-0.10337398452191335,0.16164441269187899,2.7979289667096285,1.0224891537608305,734.0,1000,subject_last,rewrite,subject_last,H18,de776a6cd1b8a8141ed79f424a66c88f0d3f5ae52419e18cec3c8ca8ce1b1e3f,a74e7b9781e564e06411a63f4ec1c3297ef4baec62e2029fbe6c49ad0e962d26,2.1094237467877974e-15,True,a8deb54c8d8376e193db785d998ea474c6eb5db6f12585e8ea58ea256ce1facc,c644f2f1d272cf51ffe85a948741b90b293fe71328f8663db8e0dbee839725b4,53d33cb12aaca9b5153611036dada8c65811a191df986e903c07f7f8c6c0dc56,5bdbdfb4d34402774ff149242c24fecd68ef687ea1c8310bc8f1b5d91b2bcb07,True,67.0,21.0,original_208,True,True,GPT-2 XL|CounterFact|MEMIT|ENCORE|canonical|300,-0.0734487547354904,0.5617612160900382,1.0858237586416344,0.08582375864163437,100.0,-0.07045117536353171,0.516701509127937,1.0679111234872682,0.06809131348797934,300,,,,,,,,5.9116173035781864e-05,0.013519022724871613,1.011897340498564,,,,,0.11020679090250278,,,,6.269416793570675,,,,,,,,True,True
GPT-2 XL,CounterFact,MEMIT,ENCORE,canonical,500,T06,1,,unchanged_original,1000,1000,500,edited_prefix,greedy_target_prefix,-0.0026016266547484205,0.14201323542391,1.008333745149151,0.0102275828747281,0.14231369158761084,0.010803727420598772,8.090040382533898,0.007474522136488817,52.800000000000004,70.8,22.6,1.015195201661463,0.1862830824750131,T06,unchanged_original,-0.06788120147825055,0.47181829400523945,1.0528586528035822,0.4770146046758441,142.1056271597003,148.18905363463372,0.11276069057328406,26.581921944384405,0.05508345129111775,0.06788686126495778,0.0053229023634798365,0.24087647053302308,1.1104369699400025,-0.13043950059302126,0.24087647053302308,5.285865280358215,1.0428091877607124,896.0,1000,subject_last,rewrite,subject_last,H18,093d6dddda3c6d2eb17d281bac2d662249f95137cee6ea9494b5342fcadbb1aa,a74e7b9781e564e06411a63f4ec1c3297ef4baec62e2029fbe6c49ad0e962d26,1.9734995773873612e-15,True,3fdaa1407800aee49b84c7cce760b82140fdeff0605c4ed220656bc1ea6f38a8,c644f2f1d272cf51ffe85a948741b90b293fe71328f8663db8e0dbee839725b4,8f84fe28e6a88aa6b14c99fcb77ef7b140b07d60b0304f8d676d66b31c397713,6e18225f16e00106614958a4728b2855f4b0297090e85f649947c9586ab7c43b,True,51.0,20.0,original_208,True,True,GPT-2 XL|CounterFact|MEMIT|ENCORE|canonical|500,-0.07953118367903814,0.6018942751478565,1.102425258673638,0.10242525867363804,100.0,-0.07688572171448754,0.5432536515454669,1.0757602483983228,0.07604642779101982,500,,,,,,,,8.864370429553851e-05,0.021973274801692252,1.0168586651964908,,,,,0.14231369158761084,,,,8.090040382533898,,,,,,,,True,True
GPT-2 XL,CounterFact,MEMIT,ENCORE,canonical,750,T06,1,,unchanged_original,1000,1000,750,edited_prefix,greedy_target_prefix,-0.0038992072836831052,0.1628196513534409,1.0103615112210849,0.0120698923056769,0.163154974090116,0.014058724454908944,9.267230077658871,0.008490202250948058,45.6,70.93333333333334,24.533333333333335,1.0200304552704966,0.2140930871172595,T06,unchanged_original,-0.07854523689981258,0.5399175577301908,1.07433754364589,0.5459728736457214,142.1056271597003,150.7046894999681,0.14044774416151717,30.12990874425333,0.07534345121620623,0.07854523689981258,0.006895554094195312,0.30650362683980303,1.1563087071343736,-0.15019491970542986,0.30650362683980303,7.433754364588996,1.0605117651717202,948.0,1000,subject_last,rewrite,subject_last,H18,061bd029221fcd38aaea197b390682ea56d5a4ff3e61b2bcb8462a0323f92577,a74e7b9781e564e06411a63f4ec1c3297ef4baec62e2029fbe6c49ad0e962d26,2.1327749782939593e-15,True,5c7f71e2c109a6f77772efc85dd31ba3099a2feb2f8d5c036863e51416f532cd,c644f2f1d272cf51ffe85a948741b90b293fe71328f8663db8e0dbee839725b4,8d3f473f6889d939c60ff2f4ed8507826c1066b9a2d85232f9c3eb395cb84f59,932c3bae729f9acbc592b0a69c456b9ff7255f91975ab730b374c850cde5e782,True,43.0,20.0,original_208,True,True,GPT-2 XL|CounterFact|MEMIT|ENCORE|canonical|750,-0.08432692766503493,0.6311775625479913,1.1148750989667038,0.1148750989667041,100.0,-0.08163595671157141,0.5669374437547373,1.083974924240739,0.084115331877754,750,,,,,,,,0.00011401980150032337,0.028658960344179238,1.0209745655783133,,,,,0.163154974090116,,,,9.267230077658871,,,,,,,,True,True
GPT-2 XL,CounterFact,MEMIT,ENCORE,canonical,1000,T06,1,,unchanged_original,1000,1000,1000,edited_prefix,greedy_target_prefix,-0.004857118661171331,0.179727470086691,1.012428866640192,0.0140442492653983,0.18011409541688786,0.01700060206811582,10.218304475352474,0.00955797728653701,39.5,71.8,24.6,1.024556096113277,0.2375147441290002,T06,unchanged_original,-0.08554143890186287,0.5902549119055311,1.0931865783607475,0.5968143970443379,142.1056271597003,152.89196085036357,0.16183301847100495,32.64666328778826,0.09325441292687388,0.08554143890186287,0.008043001439419797,0.36025128828153574,1.1972114119172301,-0.16303987636430595,0.36025128828153574,9.31865783607475,1.0759036352483173,988.0,1000,subject_last,rewrite,subject_last,H18,8647c453b0d4c6bc10dbdb5d10cb477f503d9ab0a59f96463f3ba64493abeb8f,a74e7b9781e564e06411a63f4ec1c3297ef4baec62e2029fbe6c49ad0e962d26,2.113735053614429e-15,True,add010983760a59f66b61e5473161bfd8afc6be06dcabe6bd197b56f502f9e67,c644f2f1d272cf51ffe85a948741b90b293fe71328f8663db8e0dbee839725b4,d3de37ae69a79162c106e2d6af1b6cfc8062ae608f1c767c106b94d160d7f0d4,20b345fb5885271e7d8440b4eea59808cd2e27813047c2a42497bc02be62bbd1,True,42.0,19.0,original_208,True,True,GPT-2 XL|CounterFact|MEMIT|ENCORE|canonical|1000,-0.08706758079566267,0.6537809920800861,1.1257321571227812,0.1257321571227813,100.0,-0.08554143890186287,0.5902549119055311,1.0931865783607475,0.09325441292687388,1000,,,,,,,,0.0001453702908849833,0.03475940343855813,1.0251905364071003,,,,,0.18011409541688786,,,,10.218304475352474,,,,,,,,True,True
GPT-2 XL,CounterFact,MEMIT,NAS,canonical,50,T07,1,,unchanged_original,1000,1000,50,edited_prefix,greedy_target_prefix,0.00014545510224838593,0.0279200179848996,1.0006208823373648,0.0019516444774504,0.028017349814225028,0.00047445464096543066,1.598289011611866,0.0018502294922285586,94.1,64.0,14.0,1.0024516863559614,0.07547683029924035,T07,unchanged_original,-0.013450998418247064,0.11049188362940884,0.9976929204118182,0.11143369213002305,142.1056271597003,141.82628099037223,0.01075983278486501,6.3428197824519446,0.009050895635419286,0.013550702899289795,0.0003701203315463345,0.022246366565123424,0.9957144900601761,-0.02653187650494779,0.022246366565123424,-0.23070795881817707,0.9980342356955777,154.0,1000,subject_last,rewrite,subject_last,H18,120aa9e3d2f4cae4c52692bf56c3fde4dde8e711ed8c95d1b2a8bccc90524892,a74e7b9781e564e06411a63f4ec1c3297ef4baec62e2029fbe6c49ad0e962d26,2.220446049250313e-15,True,66ccff4eeed8ae520a9bbe58e18005138785a35acfc0614d60a89b16797cf55d,548b30747d9b12c5001849cfe8de0137ad2bd87fb10f5507f1966445aa50742c,203ef6c40213c9ac074382a59ddaeecc571da4d4fd8415805a1b97a8ea2f0261,ed6e236f85913aed6ce401643f85a73b51917c5725eec0f02049a3338fe30fb1,True,,,,True,True,GPT-2 XL|CounterFact|MEMIT|NAS|canonical|50,,,,,,-0.05736309020181187,0.4728544996598218,1.059823661569632,0.06029370414794982,50,,,,,,,,5.9209417566995465e-06,0.0009522455072634946,1.001249076653517,,,,,0.028017349814225028,,,,1.598289011611866,,,,,,,,True,True
GPT-2 XL,CounterFact,MEMIT,NAS,canonical,100,T07,1,,unchanged_original,1000,1000,100,edited_prefix,greedy_target_prefix,0.0005516760750287626,0.0544526731440091,1.00239346627229,0.0043198950392058,0.05464135339657569,0.0018297779253045516,3.1101114144063113,0.0036268554018161546,84.3,72.0,22.0,1.005122287431538,0.10819609171449876,T07,unchanged_original,-0.027944796158521065,0.2153164469120733,1.0057412308390838,0.2173410586124905,142.1056271597003,142.707265082388,0.03216925440266044,12.308974632069475,0.017234829357036546,0.027996319436733252,0.0012085777221140233,0.06734992999563263,1.012668915400705,-0.0546810145949281,0.06734992999563263,0.5741230839083844,1.0042337375001453,330.0,1000,subject_last,rewrite,subject_last,H18,ede824334bfa9e2927346e4390b53a7a19c3bcbbb562aebcef5ee3e42055e592,a74e7b9781e564e06411a63f4ec1c3297ef4baec62e2029fbe6c49ad0e962d26,2.1796076016154905e-15,True,e1089145b43def4f5194dfb12155a35a31ef9d2c79bf7edfa9ecd325dd127b9a,548b30747d9b12c5001849cfe8de0137ad2bd87fb10f5507f1966445aa50742c,2516f3cb4fb90072175ffdc96814327e396353621cd706d60e58f144cb5a6f42,440ea7ab481211be9d7687f4a924a2d39b8f3723081d63fcd1293988ba318a24,True,72.0,22.0,original_208,True,True,GPT-2 XL|CounterFact|MEMIT|NAS|canonical|100,-0.0656604215804098,0.5359613020464764,1.0825428230794065,0.08275375530113903,100.0,-0.0656604215804098,0.5359613020464764,1.0825428230794065,0.08275375530113903,100,,,,,,,,2.3208237751649465e-05,0.003700112538288253,1.0048266729260975,,,,,0.05464135339657569,,,,3.1101114144063113,,,,,,,,True,True
GPT-2 XL,CounterFact,MEMIT,NAS,canonical,150,T07,1,,unchanged_original,1000,1000,150,edited_prefix,greedy_target_prefix,0.00046424822612195244,0.0803548845674922,1.0042876925709183,0.0064379969588471,0.08059228177667886,0.0037882282691107574,4.58257475352434,0.0048866244630424525,72.1,73.33333333333333,27.333333333333332,1.0078885328576768,0.1334495589021969,T07,unchanged_original,-0.04012540254199476,0.303081377075579,1.0192312923092124,0.3060271202324104,142.1056271597003,144.2179374212959,0.056009719133338846,17.219653272611104,0.027131417292739057,0.04020022643223646,0.002250562843716839,0.11890408139004771,1.0409038391497756,-0.07800024224027269,0.11890408139004771,1.9231292309212389,1.0148643674695705,582.0,1000,subject_last,rewrite,subject_last,H18,8143e222e497714c8f1e8004a82270f73b32db6205400cdb39998e1b3077455a,a74e7b9781e564e06411a63f4ec1c3297ef4baec62e2029fbe6c49ad0e962d26,2.1094237467877974e-15,True,c9c842f907897c14d77e35e6da172e70bb0ee9deb85034a556f7b7783586bfed,548b30747d9b12c5001849cfe8de0137ad2bd87fb10f5507f1966445aa50742c,8934383d127bfa66ecce027003ce76b3bd6ef7b5d5483072f58a35131f444321,1c966960ab25a356ac76f5cc8ac2781b907a52dbbbdd5dd03c7f80de66e933d5,True,69.0,25.0,original_208,True,True,GPT-2 XL|CounterFact|MEMIT|NAS|canonical|150,-0.07379401967230163,0.5930317602466042,1.1056547753867674,0.10565477538676729,100.0,-0.0713417561912114,0.5590973405019146,1.0919605932408332,0.0921270770797531,150,,,,,,,,4.133642585877195e-05,0.007691152418779765,1.0086609852968824,,,,,0.08059228177667886,,,,4.58257475352434,,,,,,,,True,True
GPT-2 XL,CounterFact,MEMIT,NAS,canonical,200,T07,1,,unchanged_original,1000,1000,200,edited_prefix,greedy_target_prefix,-9.374723780853858e-05,0.1030500153304381,1.0060097874937557,0.0083283163969717,0.10332353092406092,0.006035205065853461,5.871002266695982,0.005917672162949021,62.9,71.0,27.5,1.010563025426265,0.1542801470252587,T07,unchanged_original,-0.05109689583699675,0.38395685936245166,1.0388167588944193,0.3876795217801349,142.1056271597003,146.41914924522612,0.08303887979508799,21.570756504051065,0.04385370122310853,0.05114178838985379,0.0034637566504831367,0.18135190320597327,1.0826218681824635,-0.09873003502351035,0.18135190320597327,3.8816758894419268,1.030354336923465,734.0,1000,subject_last,rewrite,subject_last,H18,cc33bc7f1ae9f97ae60f484a2362fe4fc71cc0ba98557ddb8ef88b43eb202c78,a74e7b9781e564e06411a63f4ec1c3297ef4baec62e2029fbe6c49ad0e962d26,1.9984014443252818e-15,True,ae15d5c4b1fecef1c160ecc5165a35f958ecb1878568af65c85d43fd3ad409c7,548b30747d9b12c5001849cfe8de0137ad2bd87fb10f5507f1966445aa50742c,9faa619cc5548126836bb856d1840609900d6c129afbc1cc483c79810746cab1,e95c0569f319dc18689f50c34768894ae9a52d08a965eb1f09c80745a45334c9,True,60.0,24.0,original_208,True,True,GPT-2 XL|CounterFact|MEMIT|NAS|canonical|200,-0.08125495819898067,0.6483247556625612,1.1315746840704417,0.13157468407044176,100.0,-0.07870937870558675,0.6038912638551244,1.1102704225074607,0.11040735924260175,200,,,,,,,,5.872613193116363e-05,0.012283984999222964,1.012155216655537,,,,,0.10332353092406092,,,,5.871002266695982,,,,,,,,True,True
GPT-2 XL,CounterFact,MEMIT,NAS,canonical,250,T07,1,,unchanged_original,1000,1000,250,edited_prefix,greedy_target_prefix,-0.0007999634432282126,0.1241326455965051,1.007863566932446,0.0101905264735052,0.12444056957512052,0.00854844288521018,7.064750851442877,0.0069636398961128556,52.1,68.0,29.2,1.0132408148380816,0.17251284850203286,T07,unchanged_original,-0.06016669049659454,0.4548384189056325,1.0600918356230813,0.45915757541723673,142.1056271597003,148.8456835531743,0.10884877727784827,25.253329906511134,0.06320261987202327,0.06019127112558443,0.004584777769169322,0.24444016675529923,1.12869156353128,-0.11574860322401975,0.24444016675529923,6.009183562308129,1.0474299049811688,844.0,1000,subject_last,rewrite,subject_last,H18,6d342578fb200b8e124cfb038a8a0226fc13fefa1eb490841f68ed4174a563e7,a74e7b9781e564e06411a63f4ec1c3297ef4baec62e2029fbe6c49ad0e962d26,2.1094237467877974e-15,True,5cec5f501b99001e02aafa02095826b0f1addc8c0af0913714f0d7668851ae20,548b30747d9b12c5001849cfe8de0137ad2bd87fb10f5507f1966445aa50742c,340bb2fda7eb84cccd8af161338f1ff8c0a03e57490ff015685f7a468f896e0e,bfff0faae5d3846278e2d5acfd4b73c3f8b878c53b5fc9fa196b6963370842a1,True,52.0,22.0,original_208,True,True,GPT-2 XL|CounterFact|MEMIT|NAS|canonical|250,-0.08755051192577694,0.6994822001921958,1.1569453237406304,0.15694532374063044,100.0,-0.08353531080517931,0.6395386793211609,1.1264130971103932,0.12648242297486936,250,,,,,,,,7.89512845402851e-05,0.017444948623814217,1.015923973021898,,,,,0.12444056957512052,,,,7.064750851442877,,,,,,,,True,True
GPT-2 XL,CounterFact,MEMIT,NAS,canonical,300,T07,1,,unchanged_original,1000,1000,300,edited_prefix,greedy_target_prefix,-0.0010344494687555188,0.1459809847311301,1.0107838669728668,0.0126397579778217,0.14630424760768473,0.011619448658510414,8.291558832271988,0.007723754784717286,42.699999999999996,67.33333333333333,25.666666666666668,1.015774530151603,0.18830808567680815,T07,unchanged_original,-0.06558954510400407,0.5247271286178957,1.0875954307149414,0.5291882723395213,142.1056271597003,151.9887042320008,0.13522666427193092,28.651338831218737,0.08925975713663385,0.0656150594403286,0.005269959852704739,0.31545528568591685,1.1895461553306141,-0.1259091303553034,0.31545528568591685,8.759543071494136,1.069547401252406,909.0,1000,subject_last,rewrite,subject_last,H18,3cb130fa0715299befad05e18dfbaf4060f1e754bc9872f0b273ea18e66395cc,a74e7b9781e564e06411a63f4ec1c3297ef4baec62e2029fbe6c49ad0e962d26,2.41409489835254e-15,True,e26f1f6634644955e26c6d66cdb2b1b93224d7d96c7328ac2f1243ff7d2510e7,548b30747d9b12c5001849cfe8de0137ad2bd87fb10f5507f1966445aa50742c,450348ba53fe4a400a1c579d3cf7b33755ef001cf48ef558dc367751cbb57386,290abd03210d89ab9c9d313589354d615fcfd0277f2565bbbf6a96afac71f6d8,True,47.0,21.0,original_208,True,True,GPT-2 XL|CounterFact|MEMIT|NAS|canonical|300,-0.08964999303167603,0.7489496916325088,1.1864303772498872,0.18643037724988723,100.0,-0.0831683585061662,0.6689707313572127,1.1447024667166987,0.14473656134580892,300,,,,,,,,9.737972145105773e-05,0.02383386252594041,1.0218623433098803,,,,,0.14630424760768473,,,,8.291558832271988,,,,,,,,True,True
GPT-2 XL,CounterFact,MEMIT,NAS,canonical,500,T07,1,,unchanged_original,1000,1000,500,edited_prefix,greedy_target_prefix,-0.00331291507587351,0.2285922752111174,1.0253284099701128,0.0259327813061789,0.22898656112066595,0.0275933472826735,12.848684300092781,0.010716583290609634,21.0,58.4,24.8,1.0258915762223055,0.24009211833500566,T07,unchanged_original,-0.0817975578246276,0.8043122971988474,1.238418943170594,0.8089133875564207,142.1056271597003,169.23799500253304,0.24650932386076235,40.08314286257635,0.23862422447418744,0.08180317363785436,0.007822756319102077,0.7127357905208137,1.556963431190661,-0.1557723593301531,0.7127357905208137,23.84189431705941,1.1909309883439099,983.0,1000,subject_last,rewrite,subject_last,H18,543e494327161636186c680f18ec7c17848d3e2ab46d3782d0e3af13afc87a02,a74e7b9781e564e06411a63f4ec1c3297ef4baec62e2029fbe6c49ad0e962d26,2.1612930957406456e-15,True,2b014d137f72c965de10e17ed19f49513a10432b997cf82572eba3538e489cad,548b30747d9b12c5001849cfe8de0137ad2bd87fb10f5507f1966445aa50742c,e16a363aed22a6091bb3662e31a7cc5a26e37b32f7adb79f13ba71edfb2837ea,5688fb02f0b60494c018edb1de8834f482a4082b7095a1c3830db8b3d6e96180,True,31.0,12.0,original_208,True,True,GPT-2 XL|CounterFact|MEMIT|NAS|canonical|500,-0.0973687743880493,0.9914104754529144,1.3520930211435505,0.35209302114355034,100.0,-0.09010228283104067,0.8682292382582429,1.2716823226044784,0.2716976014346351,500,,,,,,,,0.0001834995648275285,0.0582661082912359,1.0518237777043165,,,,,0.22898656112066595,,,,12.848684300092781,,,,,,,,True,True
GPT-2 XL,CounterFact,MEMIT,NAS,canonical,750,T07,1,,unchanged_original,1000,1000,750,edited_prefix,greedy_target_prefix,-0.006678865735669984,0.2988411813638287,1.0420158017465655,0.042318104995199,0.2993432948569209,0.045814643043115874,16.59837808244129,0.013842736519033281,19.0,58.4,24.266666666666666,1.0341022726370366,0.2752376167758819,T07,unchanged_original,-0.09373335730495802,1.010130258888302,1.3737565554425104,1.0149733530409584,142.1056271597003,184.90523603127983,0.3251623786994418,46.832534345119306,0.3737718777700794,0.09373335730495802,0.010012485117809028,1.1062206052249943,1.928766375732888,-0.177454229492107,1.1062206052249943,37.37565554425104,1.3011816613249292,994.0,1000,subject_last,rewrite,subject_last,H18,72ee0d7230485e02f3224774eff4feed0ca58484a5af0cac0b10fe9c74891f51,a74e7b9781e564e06411a63f4ec1c3297ef4baec62e2029fbe6c49ad0e962d26,1.5786044614043042e-15,True,db2c2b7c08f8b264afb94ea9b67fd15a7e598a47c0c389b43dfa18a6050132bf,548b30747d9b12c5001849cfe8de0137ad2bd87fb10f5507f1966445aa50742c,dc41cae3cc1be4b6144440cd184343cebb06fb9e19651610d5d4bb68f975e6f1,c2e738c2bf1c97d9bbbeecbc5a222fcb983e714c561f64502fa6cc616307582f,True,25.0,9.0,original_208,True,True,GPT-2 XL|CounterFact|MEMIT|NAS|canonical|750,-0.10552958333437629,1.1880992022473598,1.4995393889766069,0.499539388976607,100.0,-0.09625307907617073,1.0318472246458708,1.3871655413556667,0.38718250568642537,750,,,,,,,,0.00030913812312474714,0.10009110216581339,1.087042508817598,,,,,0.2993432948569209,,,,16.59837808244129,,,,,,,,True,True
GPT-2 XL,CounterFact,MEMIT,NAS,canonical,1000,T07,1,,unchanged_original,1000,1000,1000,edited_prefix,greedy_target_prefix,-0.011261474846332433,0.3218096556492358,1.0452952593538516,0.0455755010852211,0.32246697132720137,0.052954689066288856,17.859306685624436,0.016954882007257907,18.4,62.4,26.9,1.0385775713688106,0.2930939233382723,T07,unchanged_original,-0.10803896221285879,1.063446612161898,1.4019756316452028,1.0694205342458658,142.1056271597003,188.35541020519358,0.35063369190059673,48.932462945294745,0.401990969590291,0.10803896221285879,0.013011689867551229,1.2061990060023693,2.0031327714442035,-0.20306623455816633,1.2061990060023693,40.197563164520275,1.3254606025806221,994.0,1000,subject_last,rewrite,subject_last,H18,d1e8d7b57630caca4b4c091b8c1e0b07a23dc85611bad49ad6b2dd6a1c465d35,a74e7b9781e564e06411a63f4ec1c3297ef4baec62e2029fbe6c49ad0e962d26,2.1358483008207574e-15,True,544d373a7f681e665a50640a3a35036db57e15a3450db5e8da7b7a6c0a51e8be,548b30747d9b12c5001849cfe8de0137ad2bd87fb10f5507f1966445aa50742c,0cba961a91be24895a4dcdc819a9ec8802ad90b1a80cb376dd0d043daba59ae7,357c895ea7f144a0260af2ea8d407e854a8b284377ed247469710affee4b4802,True,25.0,12.0,original_208,True,True,GPT-2 XL|CounterFact|MEMIT|NAS|canonical|1000,-0.11882490255235624,1.2288237805554756,1.523225235070292,0.5232252350702918,100.0,-0.10803896221285879,1.063446612161898,1.4019756316452028,0.401990969590291,1000,,,,,,,,0.00045555655574140377,0.11619860292331369,1.0941312097863902,,,,,0.32246697132720137,,,,17.859306685624436,,,,,,,,True,True
GPT-2 XL,CounterFact,MEMIT,Native,canonical,50,T08,1,,unchanged_original,1000,1000,50,edited_prefix,greedy_target_prefix,0.00016228654627066232,0.0292362017760301,1.0006911818516513,0.0020636435471949,0.029339322645573228,0.0005276472883753302,1.6734666628370514,0.0019494367371631525,94.0,66.0,14.0,1.0026148746545445,0.07757953517091361,T08,unchanged_original,-0.013384553770306855,0.1118887569373235,0.9978708946899467,0.1128157126900927,142.1056271597003,141.8614368609215,0.010897680617046664,6.423580908567112,0.008994914295289437,0.01348273187045492,0.00036509735808329104,0.022449249489055967,0.996045239306526,-0.026404010182530416,0.022449249489055967,-0.21291053100532809,0.9982816282250077,167.0,1000,subject_last,rewrite,subject_last,H18,dec1111f3765a7863f5f5e1281120f122db4a2175ac484f84be36017e144465a,a74e7b9781e564e06411a63f4ec1c3297ef4baec62e2029fbe6c49ad0e962d26,2.220446049250313e-15,True,769dfd285e26a5922c18590753cac54ad532269a6b0713808d27939e5e01a46d,dbb8511bd036745a30aa6cfca19afb0df71ba4a5524584a62f47ce09d54c80ba,8a69c64a59f51a972f5da2ead3804285814811dd53f3a4111124902fa15831cc,430c6ce69067f791468af6ab68c85eff391661fe1e8c126178f88f07c218c1a9,True,,,,True,True,GPT-2 XL|CounterFact|MEMIT|Native|canonical|50,,,,,,-0.05685324427212986,0.4766921050188875,1.060088228197143,0.060443968707056886,50,,,,,,,,6.545159037380508e-06,0.0010595305471002149,1.0013906487986788,,,,,0.029339322645573228,,,,1.6734666628370514,,,,,,,,True,True
GPT-2 XL,CounterFact,MEMIT,Native,canonical,100,T08,1,,unchanged_original,1000,1000,100,edited_prefix,greedy_target_prefix,0.0007218870033143702,0.0563436596601034,1.0026948044786728,0.0045063020410331,0.05653733925302759,0.0019588010152782613,3.2171505169417287,0.003744946417551799,83.89999999999999,73.0,19.0,1.0054610767102086,0.11130233905308101,T08,unchanged_original,-0.027959134253594167,0.21837155345984013,1.006236073095183,0.2203784926108031,142.1056271597003,142.80264841849944,0.0326903304753705,12.480902897110434,0.017376693001790677,0.028011505542337112,0.0011997070961560058,0.06836251089545352,1.0136439494844216,-0.05471856141103233,0.06836251089545352,0.6236073095182926,1.0049049518497661,347.0,1000,subject_last,rewrite,subject_last,H18,b24f2b1992723e326ab8e0a443c33559504d7069d8942fd57c7cde4237f0aac8,a74e7b9781e564e06411a63f4ec1c3297ef4baec62e2029fbe6c49ad0e962d26,2.4075206780556476e-15,True,b8baf4c8740024b28c6a9bc4091464d41f7d4a212f887e0364b27e23985109cf,dbb8511bd036745a30aa6cfca19afb0df71ba4a5524584a62f47ce09d54c80ba,1a52362965cb875082c31c530594dfe56e1514970a7e6b169697853d2582362c,f5e0cb7b3ec67907514df085d28addcb4f0306fad8e16cc77c8e3de08264f0ac,True,73.0,19.0,original_208,True,True,GPT-2 XL|CounterFact|MEMIT|Native|canonical|100,-0.0655123780107135,0.5428952162525813,1.0845232451283398,0.08466002482426287,100.0,-0.0655123780107135,0.5428952162525813,1.0845232451283398,0.08466002482426287,100,,,,,,,,2.4750225120728132e-05,0.003965123591478729,1.0054336478232282,,,,,0.05653733925302759,,,,3.2171505169417287,,,,,,,,True,True
GPT-2 XL,CounterFact,MEMIT,Native,canonical,150,T08,1,,unchanged_original,1000,1000,150,edited_prefix,greedy_target_prefix,0.0003436747456573072,0.0837756501016414,1.0045268271030965,0.0067161314288759,0.08402037331925873,0.004140034956596901,4.776362848397889,0.005082421918063458,70.1,70.66666666666667,24.0,1.008794073204329,0.14017432065697255,T08,unchanged_original,-0.04046644840249344,0.3100944906437424,1.0210136856093686,0.3130274674789811,142.1056271597003,144.48373963076838,0.0579027200122878,17.593460318184395,0.028317185106416554,0.04054437350278816,0.002261019932706809,0.12333949074733115,1.0446676138750515,-0.07867187687228007,0.12333949074733115,2.101368560936856,1.0167348226709947,600.0,1000,subject_last,rewrite,subject_last,H18,b62e2c3c54641892222ed6f853c140a198bd0e28eee51456436a83af2df286b7,a74e7b9781e564e06411a63f4ec1c3297ef4baec62e2029fbe6c49ad0e962d26,2.072133966040304e-15,True,6bfc0e268428371ac66c9de03d46d62fed585eb6880fe5287c1c475587d2c4e6,dbb8511bd036745a30aa6cfca19afb0df71ba4a5524584a62f47ce09d54c80ba,5457928c83a2f81d007b339538cceddb797712ade9048e30106d5ac01b3957ff,815a624524d4d5205c85ab2edcd079e8875d231c6590103fed7a523e58b57e77,True,66.0,21.0,original_208,True,True,GPT-2 XL|CounterFact|MEMIT|Native|canonical|150,-0.07413799530758154,0.6072911884736986,1.1116769418053394,0.11167694180533948,100.0,-0.07168976175455176,0.5727584439478662,1.0976308259886651,0.09765317990651061,150,,,,,,,,4.445364170494785e-05,0.008419253097509426,1.009151056230529,,,,,0.08402037331925873,,,,4.776362848397889,,,,,,,,True,True
GPT-2 XL,CounterFact,MEMIT,Native,canonical,200,T08,1,,unchanged_original,1000,1000,200,edited_prefix,greedy_target_prefix,-0.00029846150858841257,0.108268669736072,1.0064694922747388,0.0088131179140503,0.10855010689647358,0.0066819427045928005,6.165626846247711,0.0061534114362180314,61.199999999999996,69.5,27.0,1.0116199987570584,0.16113231548988588,T08,unchanged_original,-0.0524448250733029,0.3911856897698992,1.0397998301074713,0.3950321908869231,142.1056271597003,146.62169013823632,0.08526608389230954,21.98219152072694,0.044609050170301486,0.05248092868746695,0.0036010695735705605,0.18591960925166068,1.0846310286786258,-0.10128858057303526,0.18591960925166068,3.9799830107471346,1.031779621038235,750.0,1000,subject_last,rewrite,subject_last,H18,c7fa8b16653b93424527ff12453919da96146a41b5b8b8e8b0114131fc430e9a,a74e7b9781e564e06411a63f4ec1c3297ef4baec62e2029fbe6c49ad0e962d26,2.1094237467877974e-15,True,d19c339a80583fd2824edc2bc17e5ae83cfeb85995b87919f276acb3006da37b,dbb8511bd036745a30aa6cfca19afb0df71ba4a5524584a62f47ce09d54c80ba,b59c4bf57234ec810593516e96548c28d9f5fcf0a7f4edfcdbfe0edab64d6eb5,a5f74478c3fee3a10880ae4f5f803fa011f64d205823ad2498af4490cb11a840,True,55.00000000000001,23.0,original_208,True,True,GPT-2 XL|CounterFact|MEMIT|Native|canonical|200,-0.0823786959638853,0.6615836192073171,1.1365399954809217,0.13653999548092138,100.0,-0.08033106282011687,0.615768973745703,1.1141710067650925,0.11431724880776431,200,,,,,,,,6.299459815562658e-05,0.013630704336383375,1.0130967759173621,,,,,0.10855010689647358,,,,6.165626846247711,,,,,,,,True,True
GPT-2 XL,CounterFact,MEMIT,Native,canonical,250,T08,1,,unchanged_original,1000,1000,250,edited_prefix,greedy_target_prefix,-0.0008450489403232988,0.13109471155049,1.008885705788691,0.011080362447847,0.13141595889717536,0.009578640813187357,7.454021555964322,0.00728622372755173,50.0,71.2,27.6,1.0145078765565891,0.17984792910363026,T08,unchanged_original,-0.06222144802822421,0.46311919655480493,1.0610420041344355,0.46763642727659727,142.1056271597003,149.07763492793228,0.11183035949383026,25.74003227242364,0.06389726672301016,0.06224206299960232,0.004841594065025742,0.2500109662380079,1.1304096642465857,-0.11960130199142267,0.2500109662380079,6.10420041344355,1.0490621512151432,850.0,1000,subject_last,rewrite,subject_last,H18,929537da4edf129b77030d5b2b19ef9b6f6ca0cd1a09791848e34368547e4f40,a74e7b9781e564e06411a63f4ec1c3297ef4baec62e2029fbe6c49ad0e962d26,2.1094237467877974e-15,True,eebd68fdb5bf25b82242324a10ac7789d78f63e322537e36c97173c6688acf95,dbb8511bd036745a30aa6cfca19afb0df71ba4a5524584a62f47ce09d54c80ba,574a2305c00a48c5e776044e0ceb868a0c8efa63f68d74effa1e04dab9b140a0,acd5254c3b1e0d1c0bdd26056139bd4f13e782b46dacaf2d962e95f03590f63a,True,54.0,19.0,original_208,True,True,GPT-2 XL|CounterFact|MEMIT|Native|canonical|250,-0.08947855841700533,0.7134061236016278,1.161911945047465,0.16191194504746495,100.0,-0.08592404918267317,0.6512472186144571,1.1298075977089506,0.12981234635391198,250,,,,,,,,8.668052411741902e-05,0.019616525110431462,1.0180131077539023,,,,,0.13141595889717536,,,,7.454021555964322,,,,,,,,True,True
GPT-2 XL,CounterFact,MEMIT,Native,canonical,300,T08,1,,unchanged_original,1000,1000,300,edited_prefix,greedy_target_prefix,-0.0014906819831901777,0.1526106096788567,1.0115244088238418,0.013441543637283,0.1529596497592895,0.012770205333501292,8.663493242221671,0.008201823830035888,43.0,69.0,26.666666666666668,1.0171594262501504,0.1956304474635941,T08,unchanged_original,-0.06870104633470213,0.5261163247785968,1.084000247904071,0.5309461231801822,142.1056271597003,151.74187899180433,0.1360240676143686,28.88106014984969,0.08561289946845795,0.06872079289059967,0.005692206635798423,0.31230083313316814,1.1805909470995628,-0.13170988603360584,0.31230083313316814,8.400024790407091,1.0678104873445629,914.0,1000,subject_last,rewrite,subject_last,H18,9a69832e05700b7847b17f3e82d8de117dcabe16d143654d408cfe60a9fce1ab,a74e7b9781e564e06411a63f4ec1c3297ef4baec62e2029fbe6c49ad0e962d26,2.220446049250313e-15,True,9a862736784ca60504d986dd462f633ab94729e07db2fb4058f4ebe5e18214d5,dbb8511bd036745a30aa6cfca19afb0df71ba4a5524584a62f47ce09d54c80ba,2cee284dbd59285bc10c2dc09157ebfa197d452374d880fc416ce938023d3e31,385c1b3b4b968d6bbe96169169a7501b6d8909c7b72526a7ce20d476c4dd8e75,True,48.0,20.0,original_208,True,True,GPT-2 XL|CounterFact|MEMIT|Native|canonical|300,-0.0928472517027171,0.7545160192819715,1.185145757612224,0.18514575761222388,100.0,-0.08672493955577537,0.6724896563049327,1.1421634188135965,0.14216431621905376,300,,,,,,,,0.00010914425027458943,0.02626389445113291,1.0233916747350271,,,,,0.1529596497592895,,,,8.663493242221671,,,,,,,,True,True
GPT-2 XL,CounterFact,MEMIT,Native,canonical,500,T08,1,,unchanged_original,1000,1000,500,edited_prefix,greedy_target_prefix,-0.004276512329827815,0.2043366418735264,1.0187534383220398,0.0198782584546351,0.2047599623108763,0.02238752345916021,11.550476121057821,0.010560927579106774,30.0,67.6,27.6,1.0250261249011245,0.23668757700422263,T08,unchanged_original,-0.08619501236086302,0.6822787753786788,1.1533081717143459,0.6880967222459923,142.1056271597003,159.75027164802404,0.20121901278365242,36.07369403026243,0.15363535414880256,0.08619501236086302,0.008516746606442346,0.5031899904935815,1.3393167123782983,-0.16387327811528368,0.5031899904935815,15.330817171434585,1.12416569871997,971.0,1000,subject_last,rewrite,subject_last,H18,c2f73dd7d8219e0a5cb9e8a74ea23a2ef5c3a77b463dd4c20ebbb7833a0b8148,a74e7b9781e564e06411a63f4ec1c3297ef4baec62e2029fbe6c49ad0e962d26,1.956335474640281e-15,True,4a4fa75c3b465e072031494caa79558e6442bdb417737d6cdcb4d0aae872b33c,dbb8511bd036745a30aa6cfca19afb0df71ba4a5524584a62f47ce09d54c80ba,080c72870f91b22ea9aabbfcf94b1e2a72c31d39022bd28bfb99dbe4c7477215,a619ae7337bb0e2d8ede305f9cbe8f0040df5e2f867eaf940f56f5fd4c68e4f3,True,40.0,13.0,original_208,True,True,GPT-2 XL|CounterFact|MEMIT|Native|canonical|500,-0.10430004505812991,0.8633073710499855,1.2503106622811575,0.2503106622811574,100.0,-0.09539461521774971,0.7505539158597685,1.1845708542238322,0.18457267760542664,500,,,,,,,,0.00018031519297665536,0.0465915041811902,1.0382187947145112,,,,,0.2047599623108763,,,,11.550476121057821,,,,,,,,True,True
GPT-2 XL,CounterFact,MEMIT,Native,canonical,750,T08,1,,unchanged_original,1000,1000,750,edited_prefix,greedy_target_prefix,-0.008331289104358607,0.2484191525981379,1.025662833880721,0.0266001204915295,0.24899697116862402,0.03272161274207257,13.988029230978432,0.013947572113275061,27.6,66.0,29.066666666666666,1.0321298044090952,0.26865196397019864,T08,unchanged_original,-0.10218263847641967,0.8065114409432201,1.2185048200904935,0.8134064551252748,142.1056271597003,167.31302211329964,0.2553401343969102,41.204047564375095,0.21857328154049516,0.10218263847641967,0.011548273716599751,0.6917855450721349,1.4989685418358956,-0.1928170032362396,0.6917855450721349,21.850482009049355,1.1773849175252638,989.0,1000,subject_last,rewrite,subject_last,H18,c419519cad5885179f67025cf169ae127f6b4418f6938aa1fb4e7f92eda5d97a,a74e7b9781e564e06411a63f4ec1c3297ef4baec62e2029fbe6c49ad0e962d26,1.7509801501328831e-15,True,cc5019e5072653edd468bf2cf9fc2fd07acd1ed58065d335b50cff7ca086df38,dbb8511bd036745a30aa6cfca19afb0df71ba4a5524584a62f47ce09d54c80ba,18ecc8ef5d2b1ccb40e19a0c4b3b2fd12d0a5e29d8ee98743c727129b6175cc1,f53dbdbacce4a1426d451cf1a0bece57dab39a08026d73bd9826389494e1225a,True,30.0,14.000000000000002,original_208,True,True,GPT-2 XL|CounterFact|MEMIT|Native|canonical|750,-0.11636149280243625,0.9627988412041177,1.3141120189987114,0.3141120189987117,100.0,-0.10524517871460362,0.8305096085160244,1.23081718463706,0.23081882567163825,750,,,,,,,,0.0003095179809752221,0.06892174086280065,1.0525686806350587,,,,,0.24899697116862402,,,,13.988029230978432,,,,,,,,True,True
GPT-2 XL,CounterFact,MEMIT,Native,canonical,1000,T08,1,,unchanged_original,1000,1000,1000,edited_prefix,greedy_target_prefix,-0.0135650519419947,0.2856526914038595,1.0315754183400232,0.0324099835149061,0.28647861572751127,0.0430518928740121,16.038296379123697,0.018346850822246016,20.599999999999998,64.5,27.8,1.0382173848901228,0.2931835179193724,T08,unchanged_original,-0.12292590582740667,0.9193747209843871,1.2822235474544128,0.9280202463336908,142.1056271597003,174.6927768601153,0.30652911386385906,45.54319576765117,0.28222512818256107,0.12292590582740667,0.016423160196706903,0.893871848060748,1.664443196602642,-0.22942865145810643,0.893871848060748,28.22235474544128,1.2293163919806855,994.0,1000,subject_last,rewrite,subject_last,H18,f2b0f19961f85434a3e8b5de04c0b104038e11931eecae783a0797243882a554,a74e7b9781e564e06411a63f4ec1c3297ef4baec62e2029fbe6c49ad0e962d26,1.6388576240770611e-15,True,7c1af7bdf7da5bcda178ab0b28d833ec7e9b9c146d4fa4b2401ac3fc74c53a94,dbb8511bd036745a30aa6cfca19afb0df71ba4a5524584a62f47ce09d54c80ba,beaeaff8ae18a51185399fd5708bb1120c0f3502f7df0c8fef2a65160b96352c,83c0d3223c96f5b12afaf29025cc05757d9f7548f312f9c8654d6a46d71cdf0b,True,28.999999999999996,14.000000000000002,original_208,True,True,GPT-2 XL|CounterFact|MEMIT|Native|canonical|1000,-0.13525573312208305,1.065251319351788,1.3806001571645925,0.3806001571645924,100.0,-0.12292590582740667,0.9193747209843871,1.2822235474544128,0.28222512818256107,1000,,,,,,,,0.0005289346102313229,0.09163583018720485,1.0650346609134467,,,,,0.28647861572751127,,,,16.038296379123697,,,,,,,,True,True
GPT-2 XL,CounterFact,MEMIT,SADR,canonical,50,T09,1,,unchanged_original,1000,1000,50,edited_prefix,greedy_target_prefix,-0.000345322830886738,0.0264686921010092,1.0000794560109223,0.0013088225879552,0.026516827436862272,0.00042416657193461226,1.5160955049337193,0.0012451419457320061,94.6,60.0,12.0,1.0025944248794667,0.0774522329113016,T09,unchanged_original,-0.008917692120123782,0.10805687180313515,1.0018791699216922,0.10853021564305151,142.1056271597003,142.3409451637651,0.010327264874430942,6.159385201570254,0.0075997846567081055,0.009053518055884151,0.00020109234871208936,0.02177274308220817,1.0041384511906732,-0.017634291891535474,0.02177274308220817,0.18791699216922364,1.001655937268412,305.0,1000,subject_last,rewrite,subject_last,H18,0bb215a1295d8603c0896a3cc120aac662116f3e4de489119a9935d211f1b1b6,a74e7b9781e564e06411a63f4ec1c3297ef4baec62e2029fbe6c49ad0e962d26,2.3314683517128287e-15,True,a606f2e968438a22c1d9e52502dcc100809983d1aacd36f5aef87f54fa4ee1a3,5eefa5094aa31cc36d29faf05335ba7c7fd60aa9c5ba82b4004613d51e7dba6a,f9aa94f8b7711895b63aed61d2bb45d4b5d947243a7df1cb6a02f2ddf93f2e8a,646ff05b30e9911d17893f42e3d34a1339b354cbdfb9106e46563a6ce472dc07,True,,,,True,True,GPT-2 XL|CounterFact|MEMIT|SADR|canonical|50,,,,,,-0.04512977900769202,0.48412312442899025,1.0737200098529993,0.07372000985299951,50,,,,,,,,2.65469104880394e-06,0.000850317293614268,1.0001623263228896,,,,,0.026516827436862272,,,,1.5160955049337193,,,,,,,,True,True
GPT-2 XL,CounterFact,MEMIT,SADR,canonical,100,T09,1,,unchanged_original,1000,1000,100,edited_prefix,greedy_target_prefix,-0.0008599981009523291,0.0410710021247115,1.000164485839029,0.0021941107751339,0.04116424832072585,0.0010220445293590257,2.3523858174020336,0.002160056477908581,86.5,64.0,15.0,1.00543672670329,0.11168619609335144,T09,unchanged_original,-0.018303822692784112,0.20931393622729894,1.0146619180172927,0.2102940348726973,142.1056271597003,143.80677600774763,0.03078415532515434,11.79651874901035,0.019213332022280736,0.018441269070958336,0.0006191005055533194,0.0671850506027739,1.0311965057227594,-0.0359885448800149,0.0671850506027739,1.4661918017292663,1.011971016785532,549.0,1000,subject_last,rewrite,subject_last,H18,22742759a52cc26f8a8cad11bad403074a95dfe809564b843ad386a5b7ebc4d0,a74e7b9781e564e06411a63f4ec1c3297ef4baec62e2029fbe6c49ad0e962d26,2.220446049250313e-15,True,a27f2c903687b1bb0b8bfc272782914e17af319d88b2ea4080a112e220c805cc,5eefa5094aa31cc36d29faf05335ba7c7fd60aa9c5ba82b4004613d51e7dba6a,aafa4aa3814b99a3a48744504c2eaf9c4dc0770f3db5edb1f6b6ca14cabe487a,22bb0d7078488c19b0396f9321a779e187f99adca2fda95413353ba01fddc67d,True,64.0,15.0,original_208,True,True,GPT-2 XL|CounterFact|MEMIT|SADR|canonical|100,-0.05104964946805552,0.5652108744473886,1.109082458156344,0.1090824581563442,100.0,-0.05104964946805552,0.5652108744473886,1.109082458156344,0.1090824581563442,100,,,,,,,,7.8618296913943e-06,0.0020512663107143158,1.000339131938501,,,,,0.04116424832072585,,,,2.3523858174020336,,,,,,,,True,True
GPT-2 XL,CounterFact,MEMIT,SADR,canonical,150,T09,1,,unchanged_original,1000,1000,150,edited_prefix,greedy_target_prefix,-0.0015657421494023088,0.0564494394715464,1.0004172980543424,0.0031363183527079,0.056586953760719205,0.0019734076026381607,3.232104232198308,0.003120432695241823,75.2,64.0,16.666666666666668,1.0088474851944873,0.14157538029181654,T09,unchanged_original,-0.027440763952975702,0.29535500886649013,1.0316260745875026,0.29689011366598567,142.1056271597003,145.775504154566,0.05388944266142748,16.44726642303779,0.03544230738322267,0.02755480744935334,0.001199309882594888,0.1215957195473548,1.0679135015239987,-0.05368221802335652,0.1215957195473548,3.162607458750255,1.0258249941836675,716.0,1000,subject_last,rewrite,subject_last,H18,9f83da075b68ea692273a301384b63396dbd52cee5f317c94a93a9e6bcca95c9,a74e7b9781e564e06411a63f4ec1c3297ef4baec62e2029fbe6c49ad0e962d26,2.1909242055594836e-15,True,ecab46020133e79e2c10bff07da8be4b66e047e88439467efc45490e121d9951,5eefa5094aa31cc36d29faf05335ba7c7fd60aa9c5ba82b4004613d51e7dba6a,02d871e72e57f107d21d5d92374dd26207ba321e0c8dd6a24c6e4e02a962a810,ceb31457fdd62de8825263ef0a6ef2c848838ea4a8ed99748120bd79528148d2,True,60.0,15.0,original_208,True,True,GPT-2 XL|CounterFact|MEMIT|SADR|canonical|150,-0.057886785385543205,0.64265440535759,1.1468124410027407,0.1468124410027408,100.0,-0.05665648282486932,0.6041491235289972,1.1287191258519453,0.12872075615469397,150,,,,,,,,1.5960504116405663e-05,0.003974706621692467,1.0008591828270041,,,,,0.056586953760719205,,,,3.232104232198308,,,,,,,,True,True
GPT-2 XL,CounterFact,MEMIT,SADR,canonical,200,T09,1,,unchanged_original,1000,1000,200,edited_prefix,greedy_target_prefix,-0.00214869749523544,0.0694492201854699,1.0008596200158666,0.0038435533321302,0.06961269712632866,0.0029881723034458326,3.974912292429355,0.0037787359131354935,64.5,66.0,17.5,1.0116962529375528,0.16278206238294657,T09,unchanged_original,-0.035285054719698165,0.37620112319271515,1.0547485339662908,0.37816483266987416,142.1056271597003,148.4093674674119,0.07981339891632083,20.611898423528064,0.057540257876993225,0.035374488901190444,0.001849022646363681,0.18782419753282867,1.1191031107397964,-0.06872108679303264,0.18782419753282867,5.474853396629076,1.0443595403905248,799.0,1000,subject_last,rewrite,subject_last,H18,d9c1e2ae433dc77ae588a1de41050dea5ffe49f8904419c1b885ef483fc10e31,a74e7b9781e564e06411a63f4ec1c3297ef4baec62e2029fbe6c49ad0e962d26,2.2042356381239066e-15,True,a068b7f5f547d91fc31be559d97157c0ff80b42056c7d3436c545f53eda71a50,5eefa5094aa31cc36d29faf05335ba7c7fd60aa9c5ba82b4004613d51e7dba6a,099f283c7a1b00c55c11fb47e07d56d82f56eb17ac9fae2fc6d4a343eda57ee3,aa11b54cb29a49f165e4ccbc57cae1a47a3ef10c051e04ebfbd55ec72922b977,True,55.00000000000001,13.0,original_208,True,True,GPT-2 XL|CounterFact|MEMIT|SADR|canonical|200,-0.06405382644846279,0.7133209385069043,1.1853686644200818,0.1853686644200818,100.0,-0.061407865048229544,0.6543363641593776,1.1541765114890514,0.15417764276752216,200,,,,,,,,2.2958477411821528e-05,0.0060329067934520265,1.0017584702803928,,,,,0.06961269712632866,,,,3.974912292429355,,,,,,,,True,True
GPT-2 XL,CounterFact,MEMIT,SADR,canonical,250,T09,1,,unchanged_original,1000,1000,250,edited_prefix,greedy_target_prefix,-0.002843712780551752,0.0844813637440893,1.0016627774578637,0.004871458181922,0.08467166950948589,0.004461812946965992,4.830707904848994,0.0045293102740954815,51.4,63.6,18.4,1.0149744193633279,0.18431077555682673,T09,unchanged_original,-0.04127560760759592,0.4543481554105738,1.0831516560395922,0.4565606942294919,142.1056271597003,151.68049250552016,0.10674729222798085,24.41086055627468,0.08503083808801588,0.04136151157030517,0.0024086176327014538,0.2642560931504548,1.1841134955679646,-0.08014259758249039,0.2642560931504548,8.315165603959219,1.0673785094735164,870.0,1000,subject_last,rewrite,subject_last,H18,41e7884ccf062cf73e30777dc2460d25169f1e6709d2f4ee2a49527649125434,a74e7b9781e564e06411a63f4ec1c3297ef4baec62e2029fbe6c49ad0e962d26,2.377809015542421e-15,True,0f2c8c726948cfe935b2f8092f37642eaceee751452e62e6949bd880767a8d23,5eefa5094aa31cc36d29faf05335ba7c7fd60aa9c5ba82b4004613d51e7dba6a,b0a8bfed6f94e7743b989e92be86c7f57847090281a546b9cacc476aff05651b,1022c1d91bc88eeacb059f148e4c5bb4a205a3c141d5e2218f63562b747df517,True,48.0,14.000000000000002,original_208,True,True,GPT-2 XL|CounterFact|MEMIT|SADR|canonical|250,-0.06838893759505067,0.7881882632752365,1.230473817959507,0.23047381795950703,100.0,-0.06474787128784013,0.7055284547274747,1.183351719744453,0.18335256903461034,250,,,,,,,,3.2461126068057957e-05,0.009049372194019408,1.0033944077589838,,,,,0.08467166950948589,,,,4.830707904848994,,,,,,,,True,True
GPT-2 XL,CounterFact,MEMIT,SADR,canonical,300,T09,1,,unchanged_original,1000,1000,300,edited_prefix,greedy_target_prefix,-0.00307924583035849,0.100135740734081,1.0033007350060403,0.0061858237303987,0.10033361037077287,0.0062888342703925895,5.715421478556483,0.00500505324342114,41.6,65.33333333333333,18.0,1.018225852007446,0.2033344967448814,T09,unchanged_original,-0.04761592715055943,0.5263524663454138,1.111054324919012,0.5288765670770704,142.1056271597003,154.95747417965006,0.13295824249258406,27.83563603670328,0.11243462174991839,0.04768015548413575,0.003059722296051084,0.3410518807194568,1.2488797487143897,-0.09217213200506777,0.3410518807194568,11.10543249190119,1.090438691815537,913.0,1000,subject_last,rewrite,subject_last,H18,c5375b07c529dacac4aaa51596b3dd6ed559019952cafa32b76c441a10a4548c,a74e7b9781e564e06411a63f4ec1c3297ef4baec62e2029fbe6c49ad0e962d26,2.186134491678215e-15,True,9a1b6f2459318499e30bcff0e8895f341e69e18640d72ec2347163ac4ebb1396,5eefa5094aa31cc36d29faf05335ba7c7fd60aa9c5ba82b4004613d51e7dba6a,69e959743ec67a0642575fd4dfd7c92f3ff6f709863f1e3708db1aab60c9e311,b57aa9b71fb70dfbf907fb06ad39c938fef3a26a18733165054f78d2980238cb,True,46.0,14.000000000000002,original_208,True,True,GPT-2 XL|CounterFact|MEMIT|SADR|canonical|300,-0.07309226237270665,0.8521795723677765,1.270502007152827,0.2705020071528272,100.0,-0.06719476149840856,0.7344051549587947,1.200524077935436,0.20052448955209862,300,,,,,,,,3.9789021952977984e-05,0.012839978262843624,1.0067212756240798,,,,,0.10033361037077287,,,,5.715421478556483,,,,,,,,True,True
GPT-2 XL,CounterFact,MEMIT,SADR,canonical,500,T09,1,,unchanged_original,1000,1000,500,edited_prefix,greedy_target_prefix,-0.004509106444511208,0.1421144555646333,1.0081717229331366,0.0105702802697686,0.1423664387499108,0.012358957000626294,8.075454337029928,0.006830188070315433,26.700000000000003,70.2,19.4,1.0307574434284246,0.26451492219180234,T09,unchanged_original,-0.06346913794071923,0.7237444194209866,1.2076094769820618,0.7269755015594979,142.1056271597003,166.1221882056323,0.2092649272335486,36.233827347013786,0.20808929836233245,0.06351263517960647,0.005122212007963559,0.609421432994623,1.4876053691211484,-0.12181606387347492,0.609421432994623,20.760947698206177,1.1690049966771678,970.0,1000,subject_last,rewrite,subject_last,H18,bf06cb6b90c7b563b1151dbf63588dead93e374452be4b0476c7ec0a65f132ed,a74e7b9781e564e06411a63f4ec1c3297ef4baec62e2029fbe6c49ad0e962d26,1.8751120910869094e-15,True,7599bc9fb29ebb9490ca57e5df604651c4d62b91698eafea5ec681abfb2d0d09,5eefa5094aa31cc36d29faf05335ba7c7fd60aa9c5ba82b4004613d51e7dba6a,f6ba6a2d906f27c72268af8d69d523a28d7fae540e4c12e1675b24f9601bd8b2,942d5481e4fde004b3a461b374b14e4c62363d4ad9cf62fbebfb9fdc8aab6452,True,35.0,11.0,original_208,True,True,GPT-2 XL|CounterFact|MEMIT|SADR|canonical|500,-0.08504556085256096,1.0241807281371664,1.3883984870128157,0.38839848701281576,100.0,-0.07429641802683852,0.8354692559011301,1.2631073399279709,0.2631082707868625,500,,,,,,,,7.168762106407298e-05,0.02564137860511039,1.0166948533371523,,,,,0.1423664387499108,,,,8.075454337029928,,,,,,,,True,True
GPT-2 XL,CounterFact,MEMIT,SADR,canonical,750,T09,1,,unchanged_original,1000,1000,750,edited_prefix,greedy_target_prefix,-0.006917601507631126,0.1799172478282131,1.0132172305757678,0.0151603704250483,0.18026154395064678,0.019413770961669706,10.183961312810432,0.009123783373333737,20.5,73.2,21.333333333333332,1.045613278557612,0.3227476503177769,T09,unchanged_original,-0.08477942715687306,0.9239884244265623,1.325029104063308,0.9283512570311431,142.1056271597003,179.6873977760476,0.2882632455507378,43.49968692450186,0.3251891916066602,0.08477942715687306,0.008655910686911504,0.9712935230083963,1.8103905793815622,-0.1609029436268346,0.9712935230083963,32.5029104063308,1.264463634322604,983.0,1000,subject_last,rewrite,subject_last,H18,e1341db2564811338dc373574bfaf657d665da916c358b1a8a940449979027e8,a74e7b9781e564e06411a63f4ec1c3297ef4baec62e2029fbe6c49ad0e962d26,1.7885537634074302e-15,True,1db30b501209b5423277908f6e437ae5a833a5e8079d12ce9c23a712e77179af,5eefa5094aa31cc36d29faf05335ba7c7fd60aa9c5ba82b4004613d51e7dba6a,4e52ea777ba0d67a52e4714d3c7f8b5b9777a5516e0a77acc20560e4df93207e,021f37598db8d398dd06cbb78334a2408db719beeec4144d8338933d77a298e0,True,31.0,10.0,original_208,True,True,GPT-2 XL|CounterFact|MEMIT|SADR|canonical|750,-0.10661459530624548,1.2217017112809732,1.5323252657888105,0.5323252657888109,100.0,-0.08893579776083398,0.965495362264734,1.347425185399063,0.3474256805337439,750,,,,,,,,0.00013309159244564748,0.040853200161791066,1.0271510887389745,,,,,0.18026154395064678,,,,10.183961312810432,,,,,,,,True,True
GPT-2 XL,CounterFact,MEMIT,SADR,canonical,1000,T09,1,,unchanged_original,1000,1000,1000,edited_prefix,greedy_target_prefix,-0.010700138895283788,0.2076183990603926,1.0161027243140273,0.017900725440819,0.20812084684142554,0.025670231054573372,11.737548280463146,0.012305971135714617,14.099999999999998,73.2,20.1,1.0595623700925925,0.36955425355543586,T09,unchanged_original,-0.10998726654816872,1.1397855834833,1.473218786231651,1.1456150075305263,142.1056271597003,196.6237433243763,0.36648780809171444,49.78618515947161,0.4732190994630454,0.10998726654816872,0.014303891455879788,1.4844844623571285,2.278813820716671,-0.20567064164045762,1.4844844623571285,47.321878623165105,1.3836450199358241,994.0,1000,subject_last,rewrite,subject_last,H18,bb912e15cad341a762129668450854f7fa21c89ec828bea56ec752828150306f,a74e7b9781e564e06411a63f4ec1c3297ef4baec62e2029fbe6c49ad0e962d26,1.6897406007105245e-15,True,86bdc6d132b1f320736e521bfb7cd44471fdd5d2b167c8b4b23644b3ee72bc69,5eefa5094aa31cc36d29faf05335ba7c7fd60aa9c5ba82b4004613d51e7dba6a,c52678f0c711af409619293e08c89e5156718ead7f6a44bc6b1e691a3d81b907,ed4e28bbd1dbf51e5e90e7e89894c4edb2b72fb986bdcc46a87be398ac35fdb9,True,28.999999999999996,6.0,original_208,True,True,GPT-2 XL|CounterFact|MEMIT|SADR|canonical|1000,-0.13306351781558404,1.4658585885689845,1.7263323315225463,0.7263323315225465,100.0,-0.10998726654816872,1.1397855834833,1.473218786231651,0.4732190994630454,1000,,,,,,,,0.000254159192207827,0.05436758475819276,1.0332214661598331,,,,,0.20812084684142554,,,,11.737548280463146,,,,,,,,True,True
GPT-2 XL,CounterFact,MEMIT,SPHERE,canonical,50,SPHERE_corrected_CounterFact_MEMIT,1,,GPT2_SPHERE_semantic_input_axis_corrected_20260927,1000,1000,50,edited_prefix,greedy_target_prefix,2.5464057465933686e-05,0.026967871818129208,1.0004622503276253,0.0019519192890340698,,,,,95.0,62.0,16.0,,,,GPT2_SPHERE_semantic_input_axis_corrected_20260927,-0.012210377040023281,0.10035090813770565,0.9971061004639517,0.10121435032058386,142.10562715970033,141.7704654537559,0.009070176221809511,5.768280089346508,0.00827129665999631,0.012309023261655234,0.00031148871032266745,0.018542166651233885,0.99443290128151,-0.024109265369723895,0.018542166651233885,,,,1000,subject_last,rewrite,subject_last,H18,1fa3f863f7ed8e23cedfddbd927492645b9d8d86953659749853f827ef3ea7ca,a74e7b9781e564e06411a63f4ec1c3297ef4baec62e2029fbe6c49ad0e962d26,,,,,,,,,,,True,,GPT-2 XL|CounterFact|MEMIT|SPHERE|canonical|50,,,,,,-0.05341680036448105,0.44250941342099886,1.0478386436402503,0.0483215883252179,50,50.0,50.0,1000.0,True,,locality,prompt_last,5.843056046987465e-06,0.0008746172914210204,1.0009313884623998,5.677117097885477e-05,0.0008746172914210204,0.0009313884623998683,0.0018765026153828304,0.027070319597550883,117.55072142816306,117.60137389650525,0.00043603542382925244,1.5440861421295993,0.9933636352122038,e01f7deeb6a44203837a1d9a226e045dba0bf7d7267dcf2a0a7e6d46b7bba1b6,a5f862b436c74c211c5e5db696718fc8620ba72a004f3836aa9600b219c3ad91,1000.0,prompt_last,-0.0055670987184900066,0.9834786037853537,True,True
GPT-2 XL,CounterFact,MEMIT,SPHERE,canonical,100,SPHERE_corrected_CounterFact_MEMIT,1,,GPT2_SPHERE_semantic_input_axis_corrected_20260927,1000,1000,100,edited_prefix,greedy_target_prefix,0.0007309011917410407,0.047599351228187474,1.0021102160322952,0.003955800200796932,,,,,88.6,73.0,17.0,,,,GPT2_SPHERE_semantic_input_axis_corrected_20260927,-0.023867122849554556,0.18139066156770076,1.0008482010148747,0.18317502052018192,142.10562715970033,142.17644664037502,0.023924701802060293,10.416043473937844,0.014322163515019845,0.023946472498678553,0.000918174927266295,0.04916575522799053,1.0023496844561477,-0.04681607077184282,0.04916575522799053,,,,1000,subject_last,rewrite,subject_last,H18,1e90dfff07c25cfe0075e604661fa4cb98452029de15401d725f7b0b154ecfd7,a74e7b9781e564e06411a63f4ec1c3297ef4baec62e2029fbe6c49ad0e962d26,,,,,,,,,,,True,,GPT-2 XL|CounterFact|MEMIT|SPHERE|canonical|100,-0.059252482802197214,0.48385392575019315,1.060716413893438,0.060999090067316054,100.0,-0.059252482802197214,0.48385392575019315,1.060716413893438,0.060999090067316054,100,100.0,100.0,1000.0,True,,locality,prompt_last,2.0381571458884716e-05,0.0027691262874986037,1.0042513102424395,0.0014821839549409661,0.0027691262874986037,0.0042513102424395635,0.0034353435900520246,0.04779157391622272,117.55072142816306,117.79051457261222,0.001371915269438143,2.7199341845933405,0.9926934884254092,d5b3df95957b2b4854f1aca524c578e076dcb541d1781f7868333dc1cdb14bde,a5f862b436c74c211c5e5db696718fc8620ba72a004f3836aa9600b219c3ad91,1000.0,prompt_last,0.0023496844561477184,0.9816672748240801,True,True
GPT-2 XL,CounterFact,MEMIT,SPHERE,canonical,150,SPHERE_corrected_CounterFact_MEMIT,1,,GPT2_SPHERE_semantic_input_axis_corrected_20260927,1000,1000,150,edited_prefix,greedy_target_prefix,0.0011527900549275765,0.06568505040611816,1.0037142961038403,0.0055942695973275345,,,,,82.89999999999999,74.0,20.0,,,,GPT2_SPHERE_semantic_input_axis_corrected_20260927,-0.032648731949794195,0.23865666662357612,1.0058826732430057,0.24116926502873584,142.10562715970033,142.72977052534117,0.03717955554522317,13.689978985698342,0.018678391026454116,0.03275580688662792,0.001536349836152978,0.07655597417894938,1.012794860115514,-0.06376111406343543,0.07655597417894938,,,,1000,subject_last,rewrite,subject_last,H18,a3c1ab90ff0f12cf87ba46c91efb3f36e10bf681a3b80f63c4e21d27aa22ede1,a74e7b9781e564e06411a63f4ec1c3297ef4baec62e2029fbe6c49ad0e962d26,,,,,,,,,,,True,,GPT-2 XL|CounterFact|MEMIT|SPHERE|canonical|150,-0.0635897389332586,0.5078861518951854,1.0681931404297673,0.06844690844811768,100.0,-0.06166402396429914,0.4874454533084049,1.0619124315362434,0.06257999032415175,150,150.0,150.0,1000.0,True,,locality,prompt_last,3.447675437018871e-05,0.00515116206872065,1.0074912189329461,0.0023400568642253415,0.00515116206872065,0.007491218932945985,0.00447739820781941,0.06592078529632198,117.55072142816306,117.9743603815384,0.0025411437478174365,3.7474984586367865,0.9933514933171456,ae523e69bd632fb7e0d95d0598ddd1a8580373471b61930505309e8cd58c08fa,a5f862b436c74c211c5e5db696718fc8620ba72a004f3836aa9600b219c3ad91,1000.0,prompt_last,0.012794860115513963,0.9803264936019083,True,True
GPT-2 XL,CounterFact,MEMIT,SPHERE,canonical,200,SPHERE_corrected_CounterFact_MEMIT,1,,GPT2_SPHERE_semantic_input_axis_corrected_20260927,1000,1000,200,edited_prefix,greedy_target_prefix,0.0010609935635287515,0.0814597661367665,1.0049264137024807,0.0069532831530356954,,,,,77.10000000000001,76.5,22.0,,,,GPT2_SPHERE_semantic_input_axis_corrected_20260927,-0.04041965365033528,0.2919074124496932,1.0144030270472284,0.2950127458177151,142.10562715970033,143.6947860363244,0.05237446525937948,16.67213627549728,0.02464195514324042,0.040502740849068304,0.0022400759998912534,0.10911200186662508,1.0305127705658457,-0.0785992313007793,0.10911200186662508,,,,1000,subject_last,rewrite,subject_last,H18,f6acf8253b87160e5eea5e951f50104a3d40f3338d94317c72e218b05deb4de4,a74e7b9781e564e06411a63f4ec1c3297ef4baec62e2029fbe6c49ad0e962d26,,,,,,,,,,,True,,GPT-2 XL|CounterFact|MEMIT|SPHERE|canonical|200,-0.06698421310588204,0.5312808791916711,1.0772422152520624,0.07748195962264598,100.0,-0.06633934288202586,0.5142709708896056,1.0708253407849566,0.07140719502170578,200,200.0,200.0,1000.0,True,,locality,prompt_last,4.609105041843044e-05,0.007777347291221602,1.0099454254686975,0.002168078177475933,0.007777347291221602,0.009945425468697536,0.00526784774368881,0.08172690499802064,117.55072142816306,118.11385674614186,0.003829308617639288,4.643488917212788,0.9941085941493125,ce45878bdeaf033ac51ada3ec5e157024c5958f223ede01f6be02c82457ba6c1,a5f862b436c74c211c5e5db696718fc8620ba72a004f3836aa9600b219c3ad91,1000.0,prompt_last,0.030512770565845764,0.9798829438766599,True,True
GPT-2 XL,CounterFact,MEMIT,SPHERE,canonical,250,SPHERE_corrected_CounterFact_MEMIT,1,,GPT2_SPHERE_semantic_input_axis_corrected_20260927,1000,1000,250,edited_prefix,greedy_target_prefix,0.0012426317962607536,0.09856008631731011,1.0067824769879803,0.00864144410931328,,,,,67.0,76.4,25.2,,,,GPT2_SPHERE_semantic_input_axis_corrected_20260927,-0.046278838151271914,0.33965898785264476,1.0243489925131692,0.34314554206336473,142.10562715970033,144.8461220942171,0.06688324644537198,19.298798946005125,0.03170424578486652,0.04632660159658096,0.002811458863274944,0.14096904762661938,1.0512228301873505,-0.08974621743926889,0.14096904762661938,,,,1000,subject_last,rewrite,subject_last,H18,30654d16ac596ad8d26fa5746f56086b2c3cbf72a0f346d95e39c9c06d9b8ad6,a74e7b9781e564e06411a63f4ec1c3297ef4baec62e2029fbe6c49ad0e962d26,,,,,,,,,,,True,,GPT-2 XL|CounterFact|MEMIT|SPHERE|canonical|250,-0.06928789754927686,0.5551599745211879,1.087040677080001,0.08720850809348354,100.0,-0.06825849527727568,0.5340725376339224,1.078530090326648,0.07879786898827126,250,250.0,250.0,1000.0,True,,locality,prompt_last,6.171467127025242e-05,0.011158967884078271,1.01370594614787,0.00254697826379176,0.011158967884078271,0.013705946147870022,0.006089877674865708,0.09885120292025981,117.55072142816306,118.3260745769601,0.005476319451792134,5.610069449161325,0.9944999182566808,907242c96519e45cd2e08698af44d07f8c7bf79bcbffc9dd096eaf33b99c9f49,a5f862b436c74c211c5e5db696718fc8620ba72a004f3836aa9600b219c3ad91,1000.0,prompt_last,0.051222830187350514,0.9804461749933219,True,True
GPT-2 XL,CounterFact,MEMIT,SPHERE,canonical,300,SPHERE_corrected_CounterFact_MEMIT,1,,GPT2_SPHERE_semantic_input_axis_corrected_20260927,1000,1000,300,edited_prefix,greedy_target_prefix,0.0016300200396431714,0.11422800511613024,1.008921449739382,0.010444161510661293,,,,,60.0,73.66666666666667,24.0,,,,GPT2_SPHERE_semantic_input_axis_corrected_20260927,-0.05152005952128599,0.3832683486522162,1.0345873325288741,0.3870715986363007,142.10562715970033,146.04764733637202,0.08095680424526087,21.672640198782968,0.0396709375017435,0.0515658618203878,0.0033458512038772098,0.1722667551719457,1.072572487333251,-0.09969426783869477,0.1722667551719457,,,,1000,subject_last,rewrite,subject_last,H18,f52305953d02c19f5b8bc9c5378c796135fc9268c41d1f9ab6cf7618b7168fb5,a74e7b9781e564e06411a63f4ec1c3297ef4baec62e2029fbe6c49ad0e962d26,,,,,,,,,,,True,,GPT-2 XL|CounterFact|MEMIT|SPHERE|canonical|300,-0.07099499033589204,0.5741643005122765,1.095572766080324,0.09561678740747644,100.0,-0.06943729335291855,0.5435907180167002,1.0824941820755243,0.0826155223024159,300,300.0,300.0,1000.0,True,,locality,prompt_last,8.038746190631161e-05,0.01470267218191367,1.0180430997231065,0.0033404275411926545,0.01470267218191367,0.01804309972310633,0.006913238804986053,0.1145542129988554,117.55072142816306,118.57496236351115,0.007192800939022636,6.492260219247399,0.9945621905178529,951bbffa9288e55a92ab3832e8de77b2d5ae16ce23f311bbb49074230f215464,a5f862b436c74c211c5e5db696718fc8620ba72a004f3836aa9600b219c3ad91,1000.0,prompt_last,0.07257248733325095,0.9809475454357938,True,True
GPT-2 XL,CounterFact,MEMIT,SPHERE,canonical,500,SPHERE_corrected_CounterFact_MEMIT,1,,GPT2_SPHERE_semantic_input_axis_corrected_20260927,1000,1000,500,edited_prefix,greedy_target_prefix,0.0009656477112425985,0.15011988694392023,1.013191711059196,0.014404118591266155,,,,,46.2,73.8,26.6,,,,GPT2_SPHERE_semantic_input_axis_corrected_20260927,-0.06655684490965069,0.5034376496854442,1.0707316936207423,0.5082261345799672,142.10562715970033,150.24560528871532,0.12528979338793744,27.958343134823036,0.07257033087431682,0.06660502451393177,0.005240719556135098,0.27759581810023265,1.1497228478370662,-0.12787297026316627,0.27759581810023265,,,,1000,subject_last,rewrite,subject_last,H18,e92243aeb4ed1ca7328ae769d3f23504ca03a33d16fc5a15bdec883e8fb85e82,a74e7b9781e564e06411a63f4ec1c3297ef4baec62e2029fbe6c49ad0e962d26,,,,,,,,,,,True,,GPT-2 XL|CounterFact|MEMIT|SPHERE|canonical|500,-0.07534162284164247,0.6293824276663064,1.1231039366697666,0.12310393666976673,100.0,-0.07590893806058034,0.5887810574208127,1.1012322220386503,0.10132440725618094,500,500.0,500.0,1000.0,True,,locality,prompt_last,0.0001163098308175389,0.02470372284376746,1.0267513280970701,0.002047605253302736,0.02470372284376746,0.0267513280970702,0.008381370147164365,0.15048224384172346,117.55072142816306,119.06804814019621,0.012000691769427032,8.509438518612324,0.9953138727759759,40a60dc34424f8a5d9b6e613a1fec48cb28ada7c7294b223c05e21529187e6ab,a5f862b436c74c211c5e5db696718fc8620ba72a004f3836aa9600b219c3ad91,1000.0,prompt_last,0.14972284783706638,0.9814708538028339,True,True
GPT-2 XL,CounterFact,MEMIT,SPHERE,canonical,750,SPHERE_corrected_CounterFact_MEMIT,1,,GPT2_SPHERE_semantic_input_axis_corrected_20260927,1000,1000,750,edited_prefix,greedy_target_prefix,0.00010398487669045913,0.17638353732636392,1.0168584045062299,0.017970421653461566,,,,,39.4,73.86666666666667,28.133333333333333,,,,GPT2_SPHERE_semantic_input_axis_corrected_20260927,-0.07709413892182539,0.5963013383621666,1.1068642274882958,0.601729465522044,142.10562715970033,154.47683399957825,0.16308125906435533,32.50240464187156,0.10753881041716912,0.07715256864299752,0.00677810909093851,0.37666772685165617,1.229257558098944,-0.1474101687527123,0.37666772685165617,,,,1000,subject_last,rewrite,subject_last,H18,9a3368426d076ab85b2f9e811c7c3b567e1aed480f497f63c694dcc6b62d8342,a74e7b9781e564e06411a63f4ec1c3297ef4baec62e2029fbe6c49ad0e962d26,,,,,,,,,,,True,,GPT-2 XL|CounterFact|MEMIT|SPHERE|canonical|750,-0.0796209785144667,0.6771259338056415,1.1475791153287929,0.14757911532879267,100.0,-0.08023442584688123,0.6291642715196748,1.120252661484916,0.12028505734304772,750,750.0,750.0,1000.0,True,,locality,prompt_last,0.000145521208514204,0.03388769315337069,1.0342411841152659,0.0003534909618951223,0.03388769315337069,0.03424118411526582,0.009540989213566891,0.1767790546630186,117.55072142816306,119.49499799834031,0.016381463599941744,9.977198384402934,0.9957241415116764,7bea72c7972db933fdef53541fb7bf0d0137f0308f88169bcde1d340108d7a1c,a5f862b436c74c211c5e5db696718fc8620ba72a004f3836aa9600b219c3ad91,1000.0,prompt_last,0.2292575580989439,0.9823231641718669,True,True
GPT-2 XL,CounterFact,MEMIT,SPHERE,canonical,1000,SPHERE_corrected_CounterFact_MEMIT,1,,GPT2_SPHERE_semantic_input_axis_corrected_20260927,1000,1000,1000,edited_prefix,greedy_target_prefix,-0.0005154203758629959,0.19647332393290567,1.0202110652438483,0.02120860898474698,,,,,30.0,73.3,29.5,,,,GPT2_SPHERE_semantic_input_axis_corrected_20260927,-0.0840925475042916,0.6718339429665089,1.1423559592590349,0.6775888843386314,142.10562715970033,158.56615972473236,0.19500027490198635,35.92435774492236,0.14237840643075225,0.08414370699016341,0.007943964511964167,0.47032559030755133,1.3100844598109325,-0.16024113049661903,0.47032559030755133,,,,1000,subject_last,rewrite,subject_last,H18,f83737af681cd3ac063ce6baea9da59f7ca59d451d6f519391bb78f5f096748a,a74e7b9781e564e06411a63f4ec1c3297ef4baec62e2029fbe6c49ad0e962d26,,,,,,,,,,,True,,GPT-2 XL|CounterFact|MEMIT|SPHERE|canonical|1000,-0.08180153596943728,0.7222062250069101,1.1737651130135698,0.1737651130135699,100.0,-0.0840925475042916,0.6718339429665089,1.1423559592590349,0.14237840643075225,1000,1000.0,1000.0,1000.0,True,,locality,prompt_last,0.00017391700311107379,0.04199576820046198,1.041138844451847,-0.0008569237486149183,0.04199576820046198,0.04113884445184706,0.010362342842911097,0.19690003519300414,117.55072142816306,119.88337548534747,0.020176615408615234,11.088490869298996,0.9958757813279493,8c7db46463449adebbad9c9e16d9ca3b54cce22dc5501edac5a6b4fabc34161a,a5f862b436c74c211c5e5db696718fc8620ba72a004f3836aa9600b219c3ad91,1000.0,prompt_last,0.31008445981093236,0.9833901940194333,True,True
GPT-2 XL,zsRE,AlphaEdit,ENCORE,canonical,50,T11,1,,unchanged_original,1000,1000,50,edited_prefix,greedy_target_prefix,-0.007055699315045389,0.0641608792353598,0.9952380871398157,0.006235759089879,0.06481305762564792,0.0023089301431099053,3.700473692279932,0.008001171799880386,93.73957775237956,86.0,50.0,1.0075304176600717,0.1345319255244217,T11,unchanged_original,-0.015873539888544643,0.1357758363316793,1.0042536418156292,0.1370843460888857,117.27701485489216,117.78366824023442,0.017866235988078582,7.602067641136975,0.020136810307648537,0.016396085202876647,0.0005023609759238327,0.04199356195026911,1.010748843149104,-0.031244718801165455,0.04199356195026911,0.425364181562915,1.0043201422373271,220.0,1000,subject_last,rewrite,subject_last,H18,367cdd34f7b5c6c60b6f1af9a2d109555c5ab659ddeaf6baa4b836a5ff6b6b1f,81f7105eaa0a3473ebe7a8131c236927b7da514b2728d79979458efd85b5dcaf,2.3314683517128287e-15,True,ae0aab3a3b0b4eeecb635717a7150570ce2749f5557e20a58285d7961d885308,dd935c6344f77f4f693c817dd419c491475c01de8ea021fadef3e6d1929814b0,a7960643528f834ec1d67555e313fef39ff20edd44346b0a1b0b3503fca80262,41b94b12fc28e88431acddbfa4b479d923eb2547188f67b3cdaaac2d514d5a5f,True,,,,True,True,GPT-2 XL|zsRE|AlphaEdit|ENCORE|canonical|50,,,,,,-0.05718873063764297,0.7254984301211814,1.190488649723122,0.19048864972312182,50,,,,,,,,9.78296960524101e-05,0.004549948974461595,0.9905363800404232,,,,,0.06481305762564792,,,,3.700473692279932,,,,,,,,True,True
GPT-2 XL,zsRE,AlphaEdit,ENCORE,canonical,100,T11,1,,unchanged_original,1000,1000,100,edited_prefix,greedy_target_prefix,-0.011692367417760514,0.094323315180474,0.9933612635827892,0.0088416252325384,0.09543320686088128,0.005097083349821761,5.4584234435374706,0.012737890092300596,90.9150392139196,87.0,51.0,1.0142737525856167,0.18547231797025562,T11,unchanged_original,-0.028058954497019922,0.21596245745046883,1.0119584029386284,0.21837852060961793,117.27701485489216,118.70276444078063,0.03572959635425963,12.063532291209231,0.03335232326147259,0.028477981899527778,0.0012462645594911628,0.0830362181382978,1.0281645737037495,-0.054871644434548686,0.0830362181382978,1.1958402938628376,1.0121571101349447,258.0,1000,subject_last,rewrite,subject_last,H18,d5c465317bb0d97cbd41d7dbdd5cb1554a55d87379e91f04a2069e6d6bb4795d,81f7105eaa0a3473ebe7a8131c236927b7da514b2728d79979458efd85b5dcaf,2.193780513684876e-15,True,b091b72f69770a2f1ea9643482fd0fae7d29c37205b940d2b1557f185585a1f9,dd935c6344f77f4f693c817dd419c491475c01de8ea021fadef3e6d1929814b0,a46f81dc7206115e5f1bba7cab0657022c4fef7c60639849b73938904bd59588,fbb54cb0c233504857f38b8ae39ed61dc42b44fbf661200acb6ee12a10fd21a0,True,87.0,51.0,original_208,True,True,GPT-2 XL|zsRE|AlphaEdit|ENCORE|canonical|100,-0.05700681198118808,0.7132675444578708,1.1842302602266996,0.1842302602266996,100.0,-0.05700681198118808,0.7132675444578708,1.1842302602266996,0.1842302602266996,100,,,,,,,,0.00025268331280053566,0.009978813024579869,0.9868467615018595,,,,,0.09543320686088128,,,,5.4584234435374706,,,,,,,,True,True
GPT-2 XL,zsRE,AlphaEdit,ENCORE,canonical,150,T11,1,,unchanged_original,1000,1000,150,edited_prefix,greedy_target_prefix,-0.014718737712299862,0.1142202896816425,0.9926533413552094,0.010243034796735,0.11564039908458594,0.007442044193540487,6.621055969839722,0.015885908484640825,89.27777699771303,88.0,52.666666666666664,1.0205316020920672,0.22290145647833232,T11,unchanged_original,-0.035946404952770725,0.28117529143132003,1.023538112978852,0.28418843279827977,117.27701485489216,120.04856788112875,0.053004681738297026,15.626810283456125,0.043273621672372385,0.03635585388280066,0.001890359972852849,0.12343853390222037,1.0534360839695323,-0.07000244993268862,0.12343853390222037,2.353811297885211,1.0236325338743133,360.0,1000,subject_last,rewrite,subject_last,H18,807b060f48a9c496bc4e0db59f32bcda77e9460adfc4c66a42061dbb1b1d6361,81f7105eaa0a3473ebe7a8131c236927b7da514b2728d79979458efd85b5dcaf,2.3314683517128287e-15,True,69982b0e7533db9f8655a67026d343b0fe3b03b0b73f19a5bd956d08ef78f342,dd935c6344f77f4f693c817dd419c491475c01de8ea021fadef3e6d1929814b0,5a1d1435fbb0e7907ec15042cf1dfa82b482289a4031860ab531331aa1eceea5,70611485f67fa6be65849659421d13fef3af4108ea16b7775d2e5c4571d8ae79,True,87.0,52.0,original_208,True,True,GPT-2 XL|zsRE|AlphaEdit|ENCORE|canonical|150,-0.05720977329594845,0.7160597660424923,1.1857754600759032,0.1857754600759032,100.0,-0.05848197396302222,0.7119172099556292,1.1828618043831265,0.18286180438312646,150,,,,,,,,0.00038800803812327116,0.01452257220304941,0.9854731048165729,,,,,0.11564039908458594,,,,6.621055969839722,,,,,,,,True,True
GPT-2 XL,zsRE,AlphaEdit,ENCORE,canonical,200,T11,1,,unchanged_original,1000,1000,200,edited_prefix,greedy_target_prefix,-0.017475863118676365,0.1298704754363336,0.9920197171228456,0.0113968842550996,0.1315759225059666,0.00959129021035449,7.538904607415736,0.01859443612673986,88.01041703053518,87.0,50.5,1.026557213611408,0.2535671744005261,T11,unchanged_original,-0.04309244162458815,0.33749040495863164,1.0359353075343498,0.3410303143065453,117.27701485489216,121.49677448867085,0.07017220730459424,18.66040196228912,0.05369640437052125,0.04343760764913702,0.002592255794818211,0.1638448025147793,1.0802521750604217,-0.08359262745435807,0.1638448025147793,3.5935307534349814,1.035981130991438,450.0,1000,subject_last,rewrite,subject_last,H18,ffd5c28363d4636f1416608cdde4d14e36a43d3af72feb0fede0782bf041ecc3,81f7105eaa0a3473ebe7a8131c236927b7da514b2728d79979458efd85b5dcaf,2.220446049250313e-15,True,b9312dceed4182ff39b6d7a527ecb01e0a8ddbf32a277379174fc67637a3cb4a,dd935c6344f77f4f693c817dd419c491475c01de8ea021fadef3e6d1929814b0,0d7651c8db360faa5a10688fcb822c68beaf3fa811d58e3ca19cbbb2bf648192,4ecb0ed971420af126db3373a694d43046e860993dd345180090cc680447ab01,True,82.0,48.0,original_208,True,True,GPT-2 XL|zsRE|AlphaEdit|ENCORE|canonical|200,-0.05772715862782565,0.7181197339718806,1.1865926181942825,0.18659261819428238,100.0,-0.061381537052213345,0.7134019755379211,1.1817504309651334,0.1817504309651335,200,,,,,,,,0.0005275671644720326,0.018668854589090515,0.9842446955162097,,,,,0.1315759225059666,,,,7.538904607415736,,,,,,,,True,True
GPT-2 XL,zsRE,AlphaEdit,ENCORE,canonical,250,T11,1,,unchanged_original,1000,1000,250,edited_prefix,greedy_target_prefix,-0.020477210071414113,0.1486569816471442,0.9919448790500028,0.0118197329684521,0.1506025401145566,0.012537233143724198,8.636946071405024,0.021470714883391737,86.38915059387709,82.4,45.6,1.0325546358849544,0.28106045696914606,T11,unchanged_original,-0.04669504170520876,0.38352772083705505,1.0488404401957567,0.3871551748518274,117.27701485489216,122.95270326027085,0.08443851189616175,21.079380869719905,0.06260509509203548,0.047007158663189205,0.002933012524593172,0.1984853761629064,1.1080283052770823,-0.09045707088582434,0.1984853761629064,4.884044019575673,1.048395573611771,553.0,1000,subject_last,rewrite,subject_last,H18,5eb7cf7532f6c45eb965fdd542fb2962d2810811dd44d267345d984c32fe04f1,81f7105eaa0a3473ebe7a8131c236927b7da514b2728d79979458efd85b5dcaf,2.3715094037119403e-15,True,fa780d63552d6782ca13b83379aa2e48f56672396e64d9ce5a5ad76a07510ad3,dd935c6344f77f4f693c817dd419c491475c01de8ea021fadef3e6d1929814b0,95b9753f154fc5121e8b46b17f9749e01d270e8e4bca42faa833760501f09899,0f7c910746cb2cdaa99afa88341cb9a60e15ba3baa58a2c423164997684e4799,True,77.0,38.0,original_208,True,True,GPT-2 XL|zsRE|AlphaEdit|ENCORE|canonical|250,-0.05766341561452498,0.7213219887062727,1.1886914323005144,0.1886914323005145,100.0,-0.06171438032771924,0.7138230670260628,1.181995016451895,0.18199501645189503,250,,,,,,,,0.0006730718421839867,0.024394137677442942,0.9841127893767987,,,,,0.1506025401145566,,,,8.636946071405024,,,,,,,,True,True
GPT-2 XL,zsRE,AlphaEdit,ENCORE,canonical,300,T11,1,,unchanged_original,1000,1000,300,edited_prefix,greedy_target_prefix,-0.023623579823008823,0.1632436422558679,0.991379527837145,0.0126984217859997,0.16551574403850464,0.015143430274099113,9.497888370398723,0.02453175192448729,84.68675312440992,83.33333333333333,45.0,1.038531582926362,0.3056521351215718,T11,unchanged_original,-0.05005022942418431,0.42141288944358324,1.0601704056442123,0.4251744878644811,117.27701485489216,124.26170751450472,0.09704991512668966,23.05415496080427,0.07139379576033728,0.05034705389080557,0.0033077663275537664,0.2291998911373414,1.132407198616527,-0.09679269252081485,0.2291998911373414,6.017040564421228,1.0595572173136807,626.0,1000,subject_last,rewrite,subject_last,H18,405f7fd537a9436401d615e7e5eba280c41a2afbde4059743645003ee7739ec1,81f7105eaa0a3473ebe7a8131c236927b7da514b2728d79979458efd85b5dcaf,2.4022628268011288e-15,True,339db7fa36374107c45552020b21ee32f91e3191c3acd0f338bf4ca18292a6dc,dd935c6344f77f4f693c817dd419c491475c01de8ea021fadef3e6d1929814b0,6837647b385bd5d4b64449f44a8f7ad80ed8e40071c6a51db1877757fcc3c5ce,39bf0ccbef65360745d260390ee3d2a6e02af5d8b90cf3a89f7c9eab8d11be49,True,74.0,40.0,original_208,True,True,GPT-2 XL|zsRE|AlphaEdit|ENCORE|canonical|300,-0.0582060650424119,0.7244716454601682,1.190308065906878,0.19030806590687802,100.0,-0.0628309968587483,0.711138189982625,1.1799871194281168,0.17998711942811702,300,,,,,,,,0.0008563743259154307,0.029406618579080255,0.9830158332589781,,,,,0.16551574403850464,,,,9.497888370398723,,,,,,,,True,True
GPT-2 XL,zsRE,AlphaEdit,ENCORE,canonical,500,T11,1,,unchanged_original,1000,1000,500,edited_prefix,greedy_target_prefix,-0.027872638495308955,0.2017843220421874,0.9947157337321316,0.0141303282686644,0.20441922512720687,0.02268547502899436,11.72430614275017,0.029052644400818322,80.30877344706863,81.2,46.8,1.0625326832639903,0.3904816563609528,T11,unchanged_original,-0.05951037129655393,0.5403387243210594,1.1022009612927672,0.5443706381998116,117.27701485489216,129.14958122100234,0.13983018235722133,29.040057610614525,0.10717618993775334,0.0597182773941788,0.004482333514806844,0.3384918726829061,1.2239534636046054,-0.114538409078301,0.3384918726829061,10.220096129276723,1.1012352367665583,834.0,1000,subject_last,rewrite,subject_last,H18,efe1b43fbdf90cb09856462bc546be00776432cc998d28f747494aedb12dd170,81f7105eaa0a3473ebe7a8131c236927b7da514b2728d79979458efd85b5dcaf,2.286511962860835e-15,True,7e5ad4bb802091f86659254dd2aaa69458cbd3cf6ab63892744305e4156533d3,dd935c6344f77f4f693c817dd419c491475c01de8ea021fadef3e6d1929814b0,657ee0d25117e8520318104bc1b6e681b199b8e0da7aea6d94472bcf073c217b,51bb24ec4626126521ae791e28f8d8e6c0f129abd9a6307bfa6cbbed3b8e1f73,True,61.0,36.0,original_208,True,True,GPT-2 XL|zsRE|AlphaEdit|ENCORE|canonical|500,-0.05888458374924771,0.7323766553446488,1.1947950667831964,0.19479506678319644,100.0,-0.06759362249168493,0.7153739109247638,1.1793392552382984,0.17933925523829847,500,,,,,,,,0.0012016879767240618,0.04429113166059102,0.9897475426466972,,,,,0.20441922512720687,,,,11.72430614275017,,,,,,,,True,True
GPT-2 XL,zsRE,AlphaEdit,ENCORE,canonical,750,T11,1,,unchanged_original,1000,1000,750,edited_prefix,greedy_target_prefix,-0.030389976468651,0.2357351987822867,1.000035352443183,0.015803378705441,0.23853720065543818,0.030359622449696047,13.653805265871485,0.031973825965235375,76.67341433098971,81.06666666666666,45.733333333333334,1.0917359356265177,0.4756626763274996,T11,unchanged_original,-0.06710022653044828,0.6506947908979137,1.1493381781285843,0.6548216490393703,117.27701485489216,134.59875270281754,0.1828146066233617,34.26521525398133,0.15085998381157578,0.06734179443330944,0.005513375729377188,0.45785757776089553,1.3291705004293768,-0.12868707733151938,0.45785757776089553,14.933817812858429,1.147699341336047,946.0,1000,subject_last,rewrite,subject_last,H18,c9aa97100e7737fe7b5451a41b7b6c8ef5c23fed1347cb4ad49c4d99974d834c,81f7105eaa0a3473ebe7a8131c236927b7da514b2728d79979458efd85b5dcaf,1.8259170884539305e-15,True,5ba6725034434d02a9090b5c55c75deb3816785c99c58b25880f069dc8f21cfa,dd935c6344f77f4f693c817dd419c491475c01de8ea021fadef3e6d1929814b0,867b0f093dbdeb94d0097dbe83a0335c6608aeff1cdc01383f891c1233bb8bf7,68c633c90365d7a078b0f9a765b8a0031c978e1ad1aa524baeacc2a0cbd74b36,True,56.00000000000001,32.0,original_208,True,True,GPT-2 XL|zsRE|AlphaEdit|ENCORE|canonical|750,-0.059691149645089654,0.7383551736874812,1.1978379973633293,0.19783799736332924,100.0,-0.07059649611159244,0.727321531906559,1.1846708867589826,0.18467088675898272,750,,,,,,,,0.0014750707027248193,0.05978597142980996,1.0004810891952327,,,,,0.23853720065543818,,,,13.653805265871485,,,,,,,,True,True
GPT-2 XL,zsRE,AlphaEdit,ENCORE,canonical,1000,T11,1,,unchanged_original,1000,1000,1000,edited_prefix,greedy_target_prefix,-0.03409098961986564,0.2669203255666912,1.004641809107084,0.0175680421513523,0.2699274589914,0.03841750341627819,15.424143287219605,0.035533475612838795,73.61362153818581,75.6,40.2,1.123321197889961,0.5536480994579244,T11,unchanged_original,-0.07442564900580666,0.7423994928869185,1.1914656381406494,0.7467102136478496,117.27701485489216,139.49606197852017,0.22011000561490612,38.450725538490516,0.19146563814064926,0.07455045192174893,0.0065874583974279595,0.5674069108158286,1.4251430712016435,-0.14226383961418537,0.5674069108158286,19.146563814064944,1.1894578161894709,1000.0,1000,subject_last,rewrite,subject_last,H18,fb6b609e951033acb8165d38db6a8d89a8a4b3aef4966ae69241ae012997cbcf,81f7105eaa0a3473ebe7a8131c236927b7da514b2728d79979458efd85b5dcaf,1.6183474433619923e-15,True,943f625539ec53b2b0560736d5a24e5c42374534c7d4a77791e1826651de2492,dd935c6344f77f4f693c817dd419c491475c01de8ea021fadef3e6d1929814b0,e5156dbc77d78d8a952605f15086ae3d96e93006905572671848cd36f37e487f,f24f97bdf2326685d02be1062f738bfa39111f8470a9cb91b3b8da8dc7217985,True,43.0,24.0,original_208,True,True,GPT-2 XL|zsRE|AlphaEdit|ENCORE|canonical|1000,-0.06052827233286142,0.7436994468518371,1.2005019065333797,0.2005019065333798,100.0,-0.07442564900580666,0.7423994928869185,1.1914656381406494,0.19146563814064926,1000,,,,,,,,0.0017724820549866011,0.0762083061932483,1.0097988090085037,,,,,0.2699274589914,,,,15.424143287219605,,,,,,,,True,True
GPT-2 XL,zsRE,AlphaEdit,NAS,canonical,50,T12,1,,unchanged_original,1000,1000,50,edited_prefix,greedy_target_prefix,-0.007652059122494203,0.0642716654205314,0.994656301808839,0.0068313472754218,0.06500916042364129,0.002326033084268903,3.709941192296741,0.008644979497988479,94.78062325895,82.0,56.0,1.0079224214407352,0.13777694182265185,T12,unchanged_original,-0.016682778369276046,0.13874192517156925,1.004885932129493,0.14012347944426076,117.27701485489216,117.82543185018052,0.018899081011772328,7.745812462744393,0.02127526835714088,0.017191648514239075,0.0005744616605422173,0.04527999603101746,1.012488900953008,-0.032791095078009876,0.04527999603101746,0.48859321294929536,1.0046762530233817,213.0,1000,subject_last,rewrite,subject_last,H18,a565a1a882a107df67b425f70cd9f665115591e2776e201aedbf98c91b1881c9,81f7105eaa0a3473ebe7a8131c236927b7da514b2728d79979458efd85b5dcaf,2.1748728912866227e-15,True,c9035aa3e75579ed93b7e64023070cd26122d45f867bf36e037e79a2baad199f,31f52ec4a5c75d3893be52e353670cd8cc504c1e80e9d3288a7b16a5431da032,16b9bdeb1aada0341417ab210bdd8e3b802dc5b8c02322ebb1d332e0b03adad9,a78db426592361ed4d8494845703c7e44caafc195a3e6bb83e87219596b0b796,True,,,,True,True,GPT-2 XL|zsRE|AlphaEdit|NAS|canonical|50,,,,,,-0.0632444740294639,0.7506511611743963,1.2018165286452496,0.2018165286452496,50,,,,,,,,0.0001131155523663264,0.004574011687578894,0.9893830089949569,,,,,0.06500916042364129,,,,3.709941192296741,,,,,,,,True,True
GPT-2 XL,zsRE,AlphaEdit,NAS,canonical,100,T12,1,,unchanged_original,1000,1000,100,edited_prefix,greedy_target_prefix,-0.011720471224131218,0.0941230059589576,0.9933306737668685,0.0091397193436598,0.09525358484757179,0.005083756480716522,5.445787792464334,0.012920339808751536,92.3116711665007,90.0,58.0,1.0154913369627834,0.19271197415013455,T12,unchanged_original,-0.028687284558137974,0.2233333092725103,1.014716234347243,0.22577012998994941,117.27701485489216,118.97173667492933,0.03819239257061578,12.413319833028355,0.03532208099983432,0.029186505744842217,0.001344990422105819,0.09077347773042246,1.0347438990362527,-0.05602957869417013,0.09077347773042246,1.4716234347242896,1.0144505879701498,270.0,1000,subject_last,rewrite,subject_last,H18,fc2f12f49d52aef3b971fec443e43d156507c5de6b6105095c8cb7e59626e5d9,81f7105eaa0a3473ebe7a8131c236927b7da514b2728d79979458efd85b5dcaf,2.220446049250313e-15,True,e346a1de869a7f91e03c7238995bbac7d6060a4fa3241cc313822fbc244239b4,31f52ec4a5c75d3893be52e353670cd8cc504c1e80e9d3288a7b16a5431da032,06e3bbd3b5fc1363a89936dbf6489dd21fa4e6822a2bf71a0cb5bd6b02a7d34e,14658b7483ddaecb067eef433fba8a31f31b1adecd4857a564c8b773d7205cb9,True,90.0,57.99999999999999,original_208,True,True,GPT-2 XL|zsRE|AlphaEdit|NAS|canonical|100,-0.06292956594914142,0.7518058378566527,1.20267673341262,0.20267673341262,100.0,-0.06292956594914142,0.7518058378566527,1.20267673341262,0.20267673341262,100,,,,,,,,0.0002555661586766512,0.009985887276100898,0.9868005109865152,,,,,0.09525358484757179,,,,5.445787792464334,,,,,,,,True,True
GPT-2 XL,zsRE,AlphaEdit,NAS,canonical,150,T12,1,,unchanged_original,1000,1000,150,edited_prefix,greedy_target_prefix,-0.015383956014147724,0.116552162983932,0.9922874669624698,0.0108890411695279,0.11807419813231598,0.0077381764434454785,6.758702252847423,0.01664515756350003,90.17931764241928,93.33333333333333,64.0,1.0234046062740871,0.23757956164963664,T12,unchanged_original,-0.03752776393484172,0.3001350920212982,1.0304022549515786,0.30319120198618255,117.27701485489216,120.7818556117287,0.0594085209443497,16.54374231972546,0.0483291140328758,0.03806171402631175,0.0020867770125278114,0.14234386893573495,1.0693751180785798,-0.07296875085715561,0.14234386893573495,3.0402254951578556,1.0298851463875773,378.0,1000,subject_last,rewrite,subject_last,H18,d91918e665d92352d448d07f3c0e14bd114c73a8f87b5763d7e62673951b2f21,81f7105eaa0a3473ebe7a8131c236927b7da514b2728d79979458efd85b5dcaf,2.169456141743743e-15,True,db6cbeb52e9aecb99e246d612f43198a33ef089e068cf70be02f5ec9591f590e,31f52ec4a5c75d3893be52e353670cd8cc504c1e80e9d3288a7b16a5431da032,f12d1b4d08d60ea58a5314c1bdbefd8f35e32b0b290a2db0d36ff900e48a3933,a194827d82055b95e5075694872dc45a0842c26b890108b02505c318ea1cb10f,True,90.0,56.00000000000001,original_208,True,True,GPT-2 XL|zsRE|AlphaEdit|NAS|canonical|150,-0.0632326769961182,0.7550801012705297,1.2044975682043277,0.20449756820432785,100.0,-0.06477205800266396,0.770348204692112,1.2131647249714497,0.21316472497144962,150,,,,,,,,0.0004230326438256422,0.015114208885634965,0.9847693295011652,,,,,0.11807419813231598,,,,6.758702252847423,,,,,,,,True,True
GPT-2 XL,zsRE,AlphaEdit,NAS,canonical,200,T12,1,,unchanged_original,1000,1000,200,edited_prefix,greedy_target_prefix,-0.018072542689412045,0.1343964812212793,0.9920757095963344,0.011762036722881,0.1361724876028162,0.010239859350382954,7.801716990444118,0.019357171506141205,88.32126895100649,92.0,65.5,1.0309124736847404,0.2734556850979106,T12,unchanged_original,-0.045472760149817104,0.3658906758075729,1.046698476272066,0.36949606178425604,117.27701485489216,122.66333613043645,0.08012679035943472,20.018249009970475,0.06201527833286637,0.04589877782548867,0.0028636724953161542,0.193284124489099,1.1052022766847813,-0.08808184780431805,0.193284124489099,4.669847627206591,1.0459281921714056,482.0,1000,subject_last,rewrite,subject_last,H18,4f2d893dd349f8ac9607db15b673b02ed5d60a5df7af7e8b71694f46e1a0c924,81f7105eaa0a3473ebe7a8131c236927b7da514b2728d79979458efd85b5dcaf,2.220446049250313e-15,True,25d902979bd03c9566a2f8572a2ff7baafa9df3661a7804b87f67c43f3f99fa2,31f52ec4a5c75d3893be52e353670cd8cc504c1e80e9d3288a7b16a5431da032,d07d2c3d1f56b746ac96e8669a53fbb00981dd638f8c680f0af95358f2ccdc65,0040972eb5803e1dd6311df36266de169fc5e582bd62970b57950711677d6cd2,True,84.0,54.0,original_208,True,True,GPT-2 XL|zsRE|AlphaEdit|NAS|canonical|200,-0.06379321904070602,0.757427685519145,1.205543313042568,0.20554331304256793,100.0,-0.06760124025933852,0.7807855578624273,1.2178091041867365,0.2178091041867364,200,,,,,,,,0.0005661117589826144,0.019957912292984062,0.9843789386731425,,,,,0.1361724876028162,,,,7.801716990444118,,,,,,,,True,True
GPT-2 XL,zsRE,AlphaEdit,NAS,canonical,250,T12,1,,unchanged_original,1000,1000,250,edited_prefix,greedy_target_prefix,-0.02091859585355722,0.1578379732747469,0.993030734040459,0.0118840518608334,0.15980261084710293,0.014049249419512055,9.16298632480346,0.02212160730043252,86.36067853160648,77.2,46.0,1.0389658149027114,0.30791608539113663,T12,unchanged_original,-0.04903172741255202,0.4230616483872327,1.066261981024295,0.4266739454441173,117.27701485489216,124.85011942517674,0.09888782740116141,22.887524877822756,0.0764971693127155,0.049544488355114484,0.0032520422831356917,0.24355014816981024,1.1487387356278422,-0.09481141254196834,0.24355014816981024,6.626198102429504,1.0645744997828845,616.0,1000,subject_last,rewrite,subject_last,H18,0894317d8f0170681cfb77980def871f63c263716bd082e8f502ddf59810f37c,81f7105eaa0a3473ebe7a8131c236927b7da514b2728d79979458efd85b5dcaf,2.1689491627261483e-15,True,5f7b62bba81a78f71a65ba5f001f60fec64de4717049a641672fb3f1df006a91,31f52ec4a5c75d3893be52e353670cd8cc504c1e80e9d3288a7b16a5431da032,66aed8eba150bb595897dbaa7f7c8c43f6354aff41c8f312f8fecdc838818536,3767177a44ac073557c9edcc637ce3ad9ad248e0a90ae0ddaeed4562dd55d7a2,True,66.0,34.0,original_208,True,True,GPT-2 XL|zsRE|AlphaEdit|NAS|canonical|250,-0.06320644078352211,0.762953531245329,1.209860343737934,0.20986034373793383,100.0,-0.06812759543949572,0.7977827388393571,1.229212297340018,0.22921229734001786,250,,,,,,,,0.0007175298312974423,0.02741870847041208,0.9862990465945951,,,,,0.15980261084710293,,,,9.16298632480346,,,,,,,,True,True
GPT-2 XL,zsRE,AlphaEdit,NAS,canonical,300,T12,1,,unchanged_original,1000,1000,300,edited_prefix,greedy_target_prefix,-0.02408649884754233,0.1756878305493977,0.9931926747112824,0.0124775923114504,0.17793140019036383,0.017391782965103256,10.208521256965149,0.02514212194174741,84.86659949803867,80.33333333333333,48.0,1.0469465858461757,0.33822483709847806,T12,unchanged_original,-0.05190896412442733,0.47094857535677875,1.0841187443338618,0.47459713034224854,117.27701485489216,126.89642678040299,0.1155042821435215,25.237884066498665,0.09175718769701519,0.052472095027877017,0.003590386968672958,0.28889256395179697,1.1886650226716156,-0.1002275412801817,0.28889256395179697,8.41187443338618,1.0820229943387714,714.0,1000,subject_last,rewrite,subject_last,H18,4d3ce987903276f288ec16e0d4375faa4e86df6f2018717fd4fee0d3e8f3c9fc,81f7105eaa0a3473ebe7a8131c236927b7da514b2728d79979458efd85b5dcaf,2.1605475842924663e-15,True,b79082dafd930b8439919bde1c7a330175e4cfef7a1f0f836e2e9da463d011f3,31f52ec4a5c75d3893be52e353670cd8cc504c1e80e9d3288a7b16a5431da032,2c9d251cc595270e95558092b47130bec71122fe503d3763537a04df5895e53d,3fc3a53a41ce893d6c083a73a0fa464a1b05b7b23ac6ef726d5e275eb22da73c,True,64.0,35.0,original_208,True,True,GPT-2 XL|zsRE|AlphaEdit|NAS|canonical|300,-0.06294114924139263,0.7682313171500509,1.213633802209653,0.21363380220965295,100.0,-0.06790368222294904,0.8068472165558993,1.2353380365414421,0.23533803654144209,300,,,,,,,,0.0009072933765601254,0.0339111476065173,0.9866454432879928,,,,,0.17793140019036383,,,,10.208521256965149,,,,,,,,True,True
GPT-2 XL,zsRE,AlphaEdit,NAS,canonical,500,T12,1,,unchanged_original,1000,1000,500,edited_prefix,greedy_target_prefix,-0.029186582984747623,0.2210183350939443,0.9977763637765548,0.0140880524110927,0.22364616938534118,0.026968419968390975,12.817769790026873,0.03040357925687457,79.05482402258677,79.8,51.8,1.0809737883114348,0.4460693261235931,T12,unchanged_original,-0.06299839018667257,0.6243697646279318,1.1477146195967456,0.6283178905306276,117.27701485489216,134.2100560289213,0.17323332826875182,32.505865011083564,0.150010722270144,0.06356479890491386,0.00509349304580622,0.453688369348787,1.3327850820212483,-0.12090328732753892,0.453688369348787,14.771461959674559,1.1443849947492313,905.0,1000,subject_last,rewrite,subject_last,H18,9d503e4960d1abb6f4d59ee6ab4e726fb7ec697b1caa72c9beb4ba7833ca952c,81f7105eaa0a3473ebe7a8131c236927b7da514b2728d79979458efd85b5dcaf,2.2020371038728585e-15,True,3df1e2fc7f053e2fcbec637240b1e7a761f49200ee5ce59b3ce5df4678014a01,31f52ec4a5c75d3893be52e353670cd8cc504c1e80e9d3288a7b16a5431da032,cafd4786501db9fdcb79cf17e52551ceb62cd9700639d3f95d1b37550ec1fd29,668d2977b2d3d33824890a3956d838142bfa71be0b57140bad3531812dd3fcb8,True,53.0,30.0,original_208,True,True,GPT-2 XL|zsRE|AlphaEdit|NAS|canonical|500,-0.06380474469766019,0.7800624971418408,1.220705762384375,0.220705762384375,100.0,-0.07370535540818308,0.8352750529543778,1.2504693145026171,0.25046931450261717,500,,,,,,,,0.001312586837816271,0.05294228259409312,0.9958817034624142,,,,,0.22364616938534118,,,,12.817769790026873,,,,,,,,True,True
GPT-2 XL,zsRE,AlphaEdit,NAS,canonical,750,T12,1,,unchanged_original,1000,1000,750,edited_prefix,greedy_target_prefix,-0.03218437813368083,0.2615268794658136,1.00506711925507,0.0175443787870427,0.26436667842973693,0.03692496659013218,15.097897294514842,0.034021401031643396,75.12191176146825,80.13333333333334,49.6,1.1234692497540961,0.5538683810963855,T12,unchanged_original,-0.07176982391257353,0.7691359589063713,1.2193490335934896,0.7732363640190992,117.27701485489216,142.4273870580431,0.23077110781897792,38.80120317030994,0.2200874439846862,0.07282411680180832,0.006433144723304591,0.6385333378968895,1.5014268347950475,-0.13710650310184247,0.6385333378968895,21.934903359348958,1.2144526976089025,975.0,1000,subject_last,rewrite,subject_last,H18,1cb2ff46985b8327ea2db55f92cc463a20efe6a498c864776fa792948738dcf6,81f7105eaa0a3473ebe7a8131c236927b7da514b2728d79979458efd85b5dcaf,1.9218177296508862e-15,True,56b9325676629a7f04a15b3668b303663dc01ba6554c9e5437391a90fa6df2e5,31f52ec4a5c75d3893be52e353670cd8cc504c1e80e9d3288a7b16a5431da032,7ab38017909bd058476caa99eb4237179a49c1e2724612f39d438ca43ba64666,02a6f236bc55dfb0dae20d936882ba48581e8262027022485174152c70ec6ed6,True,49.0,25.0,original_208,True,True,GPT-2 XL|zsRE|AlphaEdit|NAS|canonical|750,-0.06341205597665037,0.7892043762583608,1.227172952661533,0.22717295266153292,100.0,-0.07589886004270024,0.8639070006693228,1.2686900852881342,0.26869008528813415,750,,,,,,,,0.0016438547433760852,0.07339177729806518,1.0106668757740795,,,,,0.26436667842973693,,,,15.097897294514842,,,,,,,,True,True
GPT-2 XL,zsRE,AlphaEdit,NAS,canonical,1000,T12,1,,unchanged_original,1000,1000,1000,edited_prefix,greedy_target_prefix,-0.03505490935381817,0.3005371765491915,1.013658023569858,0.0220192693931121,0.3034708780345927,0.04780294115681192,17.258667998011763,0.037088284228344606,71.57744566584532,77.4,48.4,1.1678482101145853,0.6494474771281613,T12,unchanged_original,-0.07990395547004851,0.8848815715380465,1.2805505593229562,0.8892182136277886,117.27701485489216,149.45151340829756,0.27807578163902974,43.605717437764255,0.2805505593229562,0.08113923248468853,0.007768553442075694,0.801125752097794,1.6490863945997734,-0.15203935749802136,0.801125752097794,28.055055932295623,1.2743461589060328,1000.0,1000,subject_last,rewrite,subject_last,H18,837700568eb88ae15dc8eedcf3cb05e99888ac454c302ae80de23d1b5ddec1f3,81f7105eaa0a3473ebe7a8131c236927b7da514b2728d79979458efd85b5dcaf,1.6837866462944873e-15,True,58f8a0f30f6b433de0b1b37bc6b444447417881c63ba7959e701392e9b2a9e60,31f52ec4a5c75d3893be52e353670cd8cc504c1e80e9d3288a7b16a5431da032,579510ed3af348c1dfc86d903dd3ca3c0b98abfbea9803399c8d9f627062ca2e,54d32652944d90bae90053d7ea994ac1a6994f6de1c3a755979dba0f4662aca4,True,45.0,24.0,original_208,True,True,GPT-2 XL|zsRE|AlphaEdit|NAS|canonical|1000,-0.06372361832413989,0.7993851013455046,1.23392570802869,0.23392570802868995,100.0,-0.07990395547004851,0.8848815715380465,1.2805505593229562,0.2805505593229562,1000,,,,,,,,0.001940690371937925,0.09632455691853162,1.0281554285828334,,,,,0.3034708780345927,,,,17.258667998011763,,,,,,,,True,True
GPT-2 XL,zsRE,AlphaEdit,Native,canonical,50,T13,1,,unchanged_original,1000,1000,50,edited_prefix,greedy_target_prefix,-0.00796443214661405,0.0652075847771052,0.9944029479239516,0.006972949892352,0.06597066728444508,0.0023860236826713037,3.7649130464776377,0.008871510722024236,94.33550728651882,88.0,62.0,1.0080137575575423,0.13847723707637458,T13,unchanged_original,-0.01687970376551567,0.13868709762112855,1.0042970604108739,0.1400864170903307,117.27701485489216,117.78499346056859,0.01874277327070707,7.764586886182138,0.020786226589288654,0.017373437309385318,0.0005874630818122833,0.044151856045611136,1.0109799115963924,-0.03317194444921905,0.044151856045611136,0.4297060410873854,1.0043314421526244,208.0,1000,subject_last,rewrite,subject_last,H18,854127c2837f00ddd7bd0160d138eb1b82024181ddefcce02c93e50c29179226,81f7105eaa0a3473ebe7a8131c236927b7da514b2728d79979458efd85b5dcaf,2.220446049250313e-15,True,2ac6e4b0760fe6af8bca499d05d0778935e49a0c29fa9eb79269e7a812eacca0,c37018786eabfa127dc753775a4880b8f1b79e1d21fa2757a1ea87fcd862857c,becdaf154102313bbaf2d8217f8c4ec7246b80bc8977b690b6c02e1641468931,e0ffd2b0b517a7b14b3a04faf531e631520ac316a619da53cb245ad2441062ca,True,,,,True,True,GPT-2 XL|zsRE|AlphaEdit|Native|canonical|50,,,,,,-0.06413436389200186,0.742813914242852,1.1949541959952161,0.1949541959952159,50,,,,,,,,0.00011837051544046892,0.00468983724457413,0.9888793434667865,,,,,0.06597066728444508,,,,3.7649130464776377,,,,,,,,True,True
GPT-2 XL,zsRE,AlphaEdit,Native,canonical,100,T13,1,,unchanged_original,1000,1000,100,edited_prefix,greedy_target_prefix,-0.012775419034580736,0.0960910130092114,0.9925038545863172,0.0098189624700829,0.09735268329011615,0.00531745693857471,5.565243307901066,0.01386350462073493,91.760572680427,93.0,62.0,1.0156665991671783,0.19377940726079135,T13,unchanged_original,-0.030008638270980784,0.22337292484411864,1.0130974081002233,0.2259736100362856,117.27701485489216,118.8358772862832,0.03826141676145215,12.461605109422075,0.03505004963296213,0.030457173514930068,0.001456191936909707,0.08949886105734532,1.0309377764522938,-0.058561084605051855,0.08949886105734532,1.3097408100223307,1.0132921394129946,257.0,1000,subject_last,rewrite,subject_last,H18,6efd0017c5118bdfb80d229c91c8b20b226e72c87840b90037d39e3741d9a820,81f7105eaa0a3473ebe7a8131c236927b7da514b2728d79979458efd85b5dcaf,2.220446049250313e-15,True,2980c5aca0154c84e253767f4ce4af3020931ea171c9024e42f09c3a944c59e8,c37018786eabfa127dc753775a4880b8f1b79e1d21fa2757a1ea87fcd862857c,7952e0a334785fb2919611fed8122dfcbde3fbba56d011cf272b240221d69802,9a4468c829e8fa16822f35389b52d28a23609dd7a90268128ce2f53636527d22,True,93.0,62.0,original_208,True,True,GPT-2 XL|zsRE|AlphaEdit|Native|canonical|100,-0.06602130294079327,0.7468349295863886,1.1964258126596052,0.1964258126596053,100.0,-0.06602130294079327,0.7468349295863886,1.1964258126596052,0.1964258126596053,100,,,,,,,,0.0002912945892422276,0.010427639986271591,0.9851680965063524,,,,,0.09735268329011615,,,,5.565243307901066,,,,,,,,True,True
GPT-2 XL,zsRE,AlphaEdit,Native,canonical,150,T13,1,,unchanged_original,1000,1000,150,edited_prefix,greedy_target_prefix,-0.016457805078189124,0.119179515226799,0.991593986728556,0.0113148895915576,0.12081213733956513,0.008125847903290915,6.917068829445245,0.01759146683556197,89.34524270798603,94.66666666666667,66.0,1.023525060859923,0.23795642334675207,T13,unchanged_original,-0.03878176350209286,0.2978260434291191,1.0281270942147918,0.30105626779282574,117.27701485489216,120.58878383962926,0.05887918176164248,16.475922975084025,0.04738035390412468,0.03932584393276684,0.0022295232615976075,0.1394355531356333,1.0641015493930457,-0.07533400374258813,0.1394355531356333,2.812709421479176,1.0282388581328983,362.0,1000,subject_last,rewrite,subject_last,H18,ee86af7132011b72573b2f2848dec714b2d2e69f8612f57686e86c17d50a57f8,81f7105eaa0a3473ebe7a8131c236927b7da514b2728d79979458efd85b5dcaf,2.220446049250313e-15,True,5354fd01e83e24e1e3656df554ce18ab553ad518e65f485f4c5c246258b72300,c37018786eabfa127dc753775a4880b8f1b79e1d21fa2757a1ea87fcd862857c,34f6d5353764cda28ca46b878b69e3c4b2c215cd2256ae9b9106e7b843c0866f,13b9629601c1a6837e9e4e1291f49bb7000e6fb736db2aa17f48c64748f06419,True,92.0,61.0,original_208,True,True,GPT-2 XL|zsRE|AlphaEdit|Native|canonical|150,-0.06632850868220741,0.7504701292483485,1.198498636517239,0.19849863651723865,100.0,-0.06835223455846666,0.7647620594011606,1.2063653382444757,0.20636533824447573,150,,,,,,,,0.0004624326113547111,0.015850454092319805,0.9833972765472964,,,,,0.12081213733956513,,,,6.917068829445245,,,,,,,,True,True
GPT-2 XL,zsRE,AlphaEdit,Native,canonical,200,T13,1,,unchanged_original,1000,1000,200,edited_prefix,greedy_target_prefix,-0.019369128960344654,0.1362874534792667,0.9911129273075536,0.0122333723166651,0.1382206690217625,0.010587100114580807,7.92111374748089,0.020496815992936034,87.68046096292396,95.5,66.0,1.0308224137093427,0.2727377098732007,T13,unchanged_original,-0.04737775165575506,0.3621587468752855,1.0432004403464692,0.3660660491685408,117.27701485489216,122.35241693127679,0.0792820555006921,19.902534348265792,0.06038711651912168,0.04785169705119256,0.003108771965895139,0.18881965085377556,1.0971729195081612,-0.09164673134561496,0.18881965085377556,4.320044034646919,1.0432770401145055,452.0,1000,subject_last,rewrite,subject_last,H18,d359c5be1dd3fa1f65c1b8669be674d3683e0d463e49be6b0fd0ebb4f6717c3b,81f7105eaa0a3473ebe7a8131c236927b7da514b2728d79979458efd85b5dcaf,2.181329436396056e-15,True,5bab41ffdf6be6454417cbc55a7ad1fcf2966692d02ad62c0c09fe78c9c62f8b,c37018786eabfa127dc753775a4880b8f1b79e1d21fa2757a1ea87fcd862857c,922a748248ca4e8002d52aa1344dd4334865b97d75225757f1b7a4877389a4e1,4cfdde8da15701b2a5ab716e4ea8c008b80538642d906398fb99cdc9367db140,True,91.0,57.99999999999999,original_208,True,True,GPT-2 XL|zsRE|AlphaEdit|Native|canonical|200,-0.06686357085471707,0.7529217081665319,1.199627668116834,0.19962766811683427,100.0,-0.07083862388342947,0.7725378646621968,1.2095734245219936,0.20957342452199348,200,,,,,,,,0.000625331140022437,0.020587115016130256,0.9824741882354634,,,,,0.1382206690217625,,,,7.92111374748089,,,,,,,,True,True
GPT-2 XL,zsRE,AlphaEdit,Native,canonical,250,T13,1,,unchanged_original,1000,1000,250,edited_prefix,greedy_target_prefix,-0.022735828445744535,0.1588790121290079,0.9914750581690632,0.0125391941938183,0.1610662580857798,0.014339264129891465,9.241192767614764,0.023751043356933076,86.31169809242306,83.6,48.0,1.0383241410535167,0.3048905584993686,T13,unchanged_original,-0.05132218214070304,0.416280525989472,1.0603485416446874,0.42023132341671604,117.27701485489216,124.29606037724973,0.09693024092974387,22.681265015813423,0.07217064297535937,0.051839017902153985,0.003538018819996092,0.2337226887171763,1.1346163432557668,-0.09910634546141,0.2337226887171763,6.034854164468739,1.0598501379920209,581.0,1000,subject_last,rewrite,subject_last,H18,fb741627d7294e946a2597278cc0a916b1eba223da762377894b0245ddd5742d,81f7105eaa0a3473ebe7a8131c236927b7da514b2728d79979458efd85b5dcaf,2.220446049250313e-15,True,9b9d422caef1e70decafd2a3ef78b12956fdd6ca98da2d6076f5f33b38559d3e,c37018786eabfa127dc753775a4880b8f1b79e1d21fa2757a1ea87fcd862857c,134e52b0ed6662947e90b2baaed8772938988d71a1f4210cdb3810ff90b41e02,69bfb992c63cea298c6e8b1a1d847af596184e58ad2104bf355db1e8de6775a4,True,74.0,38.0,original_208,True,True,GPT-2 XL|zsRE|AlphaEdit|Native|canonical|250,-0.06650596599979547,0.7583472139206927,1.203585967495239,0.2035859674952386,100.0,-0.07152979912544274,0.781235829466631,1.2150609988843963,0.2150609988843965,250,,,,,,,,0.0008097249030152622,0.02787226844881149,0.9832103364603376,,,,,0.1610662580857798,,,,9.241192767614764,,,,,,,,True,True
GPT-2 XL,zsRE,AlphaEdit,Native,canonical,300,T13,1,,unchanged_original,1000,1000,300,edited_prefix,greedy_target_prefix,-0.025807736753817784,0.1772146985026285,0.991864312835808,0.0130728439431716,0.1796874518014423,0.0178168613550546,10.315432308185473,0.026784715088854143,83.19877163853432,83.66666666666667,51.0,1.0460916271072112,0.33458891969717985,T13,unchanged_original,-0.05559504945517614,0.46321137600374507,1.0761472854177008,0.46733003234831516,117.27701485489216,126.13247869276928,0.1134381138881836,25.04987194155534,0.08534440051781131,0.0559893257828616,0.004042414385763028,0.2765767650579938,1.1694290805334049,-0.10714768452458925,0.2765767650579938,7.614728541770077,1.075508946478848,670.0,1000,subject_last,rewrite,subject_last,H18,9b797176ed0c865f1b51b8a1dfce33338e30f407eb6788364c3a752a2a6c1773,81f7105eaa0a3473ebe7a8131c236927b7da514b2728d79979458efd85b5dcaf,2.1733715866841906e-15,True,8af879ff17ead44b61ce5f9a6151358e12580327d0839935c524dd16e7edb3d9,c37018786eabfa127dc753775a4880b8f1b79e1d21fa2757a1ea87fcd862857c,6534cfb681b087ce65decf10530240f77ab9b804b45fe27bc9afba461436f56c,7cf2a4ca0a8a9caa13a0257e47ff09f701391c81a14b2bfcff63eb1f0c5ac767,True,69.0,39.0,original_208,True,True,GPT-2 XL|zsRE|AlphaEdit|Native|canonical|300,-0.0668145456959675,0.762904095697865,1.206444724831505,0.20644472483150506,100.0,-0.07305799649581322,0.7884529419862762,1.218801507766544,0.21880150776654408,300,,,,,,,,0.0010170792316434537,0.03461055051650087,0.9840121562405089,,,,,0.1796874518014423,,,,10.315432308185473,,,,,,,,True,True
GPT-2 XL,zsRE,AlphaEdit,Native,canonical,500,T13,1,,unchanged_original,1000,1000,500,edited_prefix,greedy_target_prefix,-0.031120334517883794,0.224612138881079,0.9968217227356656,0.0143865337560914,0.22747318847135806,0.027968624240822613,13.043461710420656,0.032213639567176884,78.36033075409226,86.2,56.4,1.077989545275403,0.43711820578023913,T13,unchanged_original,-0.06675366319876602,0.6087815597781662,1.1348456510731113,0.613197093255603,117.27701485489216,132.9577240870922,0.16835489875087578,32.04828363638697,0.13801239231865414,0.06707123686523336,0.005602265239064579,0.4288287399472049,1.300923678788738,-0.12790506115846748,0.4288287399472049,13.48456510731113,1.1337065856562083,877.0,1000,subject_last,rewrite,subject_last,H18,f5e70b8e2100ffcd3b7591319a43183fe0b2b923e1521e607780fc48f818c9d8,81f7105eaa0a3473ebe7a8131c236927b7da514b2728d79979458efd85b5dcaf,2.1094237467877974e-15,True,dd1028c1206d6497d0de0136638a62835b74a25ea3d3b439f59094ad9cfd9a61,c37018786eabfa127dc753775a4880b8f1b79e1d21fa2757a1ea87fcd862857c,0d77d94f41bc7a394245217f9f7845cae0a6a3cc803c118717d2ffe3fc8a5f1c,a103734f33e073f3ed54f66eb1239fd7518f6f1d3660e3dc66e8dbffa236752f,True,63.0,40.0,original_208,True,True,GPT-2 XL|zsRE|AlphaEdit|Native|canonical|500,-0.06720052346274194,0.7743471784672269,1.2136700261794549,0.21367002617945488,100.0,-0.07804796847006118,0.812840956491569,1.2319013678405708,0.23190136784057097,500,,,,,,,,0.0014505167672317452,0.05478253696596954,0.9939923846974337,,,,,0.22747318847135806,,,,13.043461710420656,,,,,,,,True,True
GPT-2 XL,zsRE,AlphaEdit,Native,canonical,750,T13,1,,unchanged_original,1000,1000,750,edited_prefix,greedy_target_prefix,-0.03352537217538591,0.2685170511811718,1.0058133581517077,0.0178922772840976,0.2714616356254341,0.03895193032228932,15.500091367916964,0.03527616634064949,73.37608199277854,83.73333333333333,52.266666666666666,1.1191310841326714,0.5433081485483616,T13,unchanged_original,-0.07573702837851423,0.7479325026428864,1.2023145629750984,0.7524296189543295,117.27701485489216,140.75787477919292,0.22412039919599244,38.21162272848948,0.20310782556207296,0.07592164112197983,0.006960893266648087,0.6017539168328694,1.4572407533424894,-0.14451316349038035,0.6017539168328694,20.231456297509844,1.2002170668596386,969.0,1000,subject_last,rewrite,subject_last,H18,c93aa10a3a30254feac18e3c7763d442b629e80350a1c7baa95294898a811d1b,81f7105eaa0a3473ebe7a8131c236927b7da514b2728d79979458efd85b5dcaf,2.0149994194662124e-15,True,7fde399f210ce3d8fe2fbe01ad88e74149d49b5f61a20eb107e56d9d9bed3f5f,c37018786eabfa127dc753775a4880b8f1b79e1d21fa2757a1ea87fcd862857c,af537fef4bf9a6485827f31d7811bb5be918c5945503bfa1b3fa812a149146e0,b69f101f5b0a71973054e92406c6966dc8c2dde20456ec3a13612f1ec8715d9c,True,50.0,36.0,original_208,True,True,GPT-2 XL|zsRE|AlphaEdit|Native|canonical|750,-0.06766499928818016,0.7828639694254157,1.2189250246104912,0.21892502461049138,100.0,-0.08096455703758847,0.8396087034310264,1.2483848918174572,0.24838489181745718,750,,,,,,,,0.0017504504142756758,0.07747948429849137,1.0121791903619952,,,,,0.2714616356254341,,,,15.500091367916964,,,,,,,,True,True
GPT-2 XL,zsRE,AlphaEdit,Native,canonical,1000,T13,1,,unchanged_original,1000,1000,1000,edited_prefix,greedy_target_prefix,-0.03618585884264134,0.3086853508081536,1.0152473439607084,0.0228899331913361,0.31164137034986344,0.05034207073378933,17.708114754996128,0.0378941066402459,68.81093778696157,80.9,50.6,1.163993594462719,0.6410370730121567,T13,unchanged_original,-0.08510320998820484,0.8631130716715395,1.261944770397498,0.8679147201600909,117.27701485489216,147.68892801032794,0.27186710693709537,43.0718898562656,0.26194477039749775,0.08517944874649058,0.008488280794466209,0.7611932020067914,1.5994750628248484,-0.16171813918194353,0.7611932020067914,26.1944770397498,1.2593169104198696,1000.0,1000,subject_last,rewrite,subject_last,H18,8e65ab3007af185b0b243938f7e1d7c386a8ff90161356c08c2bcb7ea79574ea,81f7105eaa0a3473ebe7a8131c236927b7da514b2728d79979458efd85b5dcaf,1.7031698596687733e-15,True,616897cde6c9d77911108c680aa6157b24680a4c6db163af560fa5e3ae9f8515,c37018786eabfa127dc753775a4880b8f1b79e1d21fa2757a1ea87fcd862857c,a0e9277b600d41d7c23c6e860567af3b942d9cb72b134a44da273d01c698adab,c8f25cacb88593dbb376d0512c853466e55dbf4971bbbc8c94ff62e71d1c6bc2,True,46.0,32.0,original_208,True,True,GPT-2 XL|zsRE|AlphaEdit|Native|canonical|1000,-0.06888546405100983,0.7885544209862236,1.22168680629935,0.2216868062993501,100.0,-0.08510320998820484,0.8631130716715395,1.261944770397498,0.26194477039749775,1000,,,,,,,,0.0019975097687635916,0.10179271413221096,1.031418506215692,,,,,0.31164137034986344,,,,17.708114754996128,,,,,,,,True,True
GPT-2 XL,zsRE,AlphaEdit,SADR,canonical,50,T14,1,,unchanged_original,1000,1000,50,edited_prefix,greedy_target_prefix,-0.006407777261481091,0.0619906136430784,0.995718276995142,0.0051418438581573,0.06248393077958619,0.0021374612697768846,3.572101435440988,0.006877663074103856,94.79583406702616,70.0,32.0,1.0073518967728254,0.13407607614083236,T14,unchanged_original,-0.01318206069428352,0.13280056831393078,1.0072555877927554,0.13370265423784122,117.27701485489216,118.1389198233492,0.017956399440710504,7.396499344208892,0.01831107748447112,0.013520653788397436,0.0004425585014149968,0.04282117684096379,1.0168996139538122,-0.025921562887152038,0.04282117684096379,0.7255587792755369,1.0073493085539693,258.0,1000,subject_last,rewrite,subject_last,H18,ddadc717772170f7c8bfe70f98225f820f76423d19d1caa246166b9285fc699b,81f7105eaa0a3473ebe7a8131c236927b7da514b2728d79979458efd85b5dcaf,2.220446049250313e-15,True,855d030f8fab30d0144761d5e7ad7917c1e2475d20cc7d59b36de08299ded696,b4210383109928e48e99c6d8092edb2acf5f5813764227b804a5581f74bddc93,530a1ec8196dac8c5e022dbfa93e1310abee17f4396150deaf4b8511e8aefd55,64857292a28ee126c53fbcc95c14f78bc603e86d4adaa1b66c2430c9c3fbc60e,True,,,,True,True,GPT-2 XL|zsRE|AlphaEdit|SADR|canonical|50,,,,,,-0.06138262817410866,0.7432792292322712,1.1974236768229372,0.1974236768229373,50,,,,,,,,6.93983872005981e-05,0.004223065927590664,0.991476909791829,,,,,0.06248393077958619,,,,3.572101435440988,,,,,,,,True,True
GPT-2 XL,zsRE,AlphaEdit,SADR,canonical,100,T14,1,,unchanged_original,1000,1000,100,edited_prefix,greedy_target_prefix,-0.010071970912051462,0.092522520830555,0.9947737379336212,0.0070838474920272,0.09332216307663305,0.004864854768424662,5.34100445793627,0.010688300395413321,92.6392577451561,84.0,44.0,1.0146053696514532,0.18925069610808756,T14,unchanged_original,-0.02330074307062599,0.21380682453048405,1.0180498053678404,0.21547748511323855,117.27701485489216,119.43077915303333,0.03627825792373779,11.827151565153775,0.032195625900539204,0.023657949018283084,0.0010153285272233945,0.08660371638784403,1.0410175587738157,-0.045586157614028594,0.08660371638784403,1.80498053678404,1.0183647605697164,305.0,1000,subject_last,rewrite,subject_last,H18,cf2b256674eb8df47d1a486853eff9929acfe5a611ba0a0e0aa4b336bf00566e,81f7105eaa0a3473ebe7a8131c236927b7da514b2728d79979458efd85b5dcaf,2.1563731306296978e-15,True,bd652b2ab567eccabbb7ee306e8231ea5b0c9d818f09bf79cf567f37e86bac47,b4210383109928e48e99c6d8092edb2acf5f5813764227b804a5581f74bddc93,e12d0cc2f0c73e5406473afa3dbbc49b0f156b42194a949ea3532d233b7229ed,f129edc598191dec68c028b7c2bbb9dfb4d30d05ba1cfe1f118dee21b615f9ab,True,84.0,44.0,original_208,True,True,GPT-2 XL|zsRE|AlphaEdit|SADR|canonical|100,-0.06065210536846419,0.7525882099861423,1.203840124382611,0.20384012438261073,100.0,-0.06065210536846419,0.7525882099861423,1.203840124382611,0.20384012438261073,100,,,,,,,,0.00016956307350531023,0.009608940957085912,0.9896345622064884,,,,,0.09332216307663305,,,,5.34100445793627,,,,,,,,True,True
GPT-2 XL,zsRE,AlphaEdit,SADR,canonical,150,T14,1,,unchanged_original,1000,1000,150,edited_prefix,greedy_target_prefix,-0.012229204983833423,0.1139442009093089,0.9950385281001064,0.0075998645604849,0.11487522351347906,0.007296929218942736,6.58111163171649,0.012846819320822999,90.83023706725429,87.33333333333333,49.333333333333336,1.0219821841502996,0.23271041378407928,T14,unchanged_original,-0.02951432543750093,0.2852970761442966,1.0344191993488279,0.2872981771845997,117.27701485489216,121.34518318413372,0.05543557015005956,15.61430200503279,0.0453595332061184,0.029915414123028106,0.0014808464479328096,0.13477787750838524,1.0772300730813167,-0.057547804427069055,0.13477787750838524,3.4419199348827867,1.0346885392186622,463.0,1000,subject_last,rewrite,subject_last,H18,2be0b58fd867c893267c1868bb520bb3ae1821e638efd817bb14a68001ce54ef,81f7105eaa0a3473ebe7a8131c236927b7da514b2728d79979458efd85b5dcaf,2.1758755190009362e-15,True,aaddd3a7efbcba09a055311675abbdc0040ece29bbf0d4785ca54bd93e7fd800,b4210383109928e48e99c6d8092edb2acf5f5813764227b804a5581f74bddc93,12a2e1dd9ac35e676df1ba0a8198050f8f3fe8d1ba7ef99a10ec68ea011555f2,571c7a18012edf8ac045af1d691a90eba66ed44d8fb729d97c1db08f7d0d927b,True,84.0,45.0,original_208,True,True,GPT-2 XL|zsRE|AlphaEdit|SADR|canonical|150,-0.061220995045983904,0.7559427422570599,1.205532865602204,0.20553286560220382,100.0,-0.060276935059059726,0.7710293425243376,1.2165133033003515,0.2165133033003515,150,,,,,,,,0.0002410278895717502,0.01439258243169163,0.9901752003535964,,,,,0.11487522351347906,,,,6.58111163171649,,,,,,,,True,True
GPT-2 XL,zsRE,AlphaEdit,SADR,canonical,200,T14,1,,unchanged_original,1000,1000,200,edited_prefix,greedy_target_prefix,-0.014409031824915881,0.1308239841285562,0.9951056367753006,0.0080858294763818,0.13192019842822048,0.009551358626860587,7.560866731874762,0.015061690466790553,89.78763659626735,87.5,48.5,1.0292907580790098,0.2687865805588528,T14,unchanged_original,-0.03656405581821862,0.348423280360335,1.0500183482695153,0.35088850202285143,117.27701485489216,123.17831556165058,0.07464788089661413,18.927993173521127,0.060034304237041675,0.036854528989791545,0.0020639129879822813,0.18272567280952207,1.1116614741610673,-0.07106419864845497,0.18272567280952207,5.0018348269515345,1.0503193291034918,549.0,1000,subject_last,rewrite,subject_last,H18,c5b2dd7b946b6c2a63b62b2a05c2aec2028e6197c2ccedeaadfef8cfb9adeb58,81f7105eaa0a3473ebe7a8131c236927b7da514b2728d79979458efd85b5dcaf,2.2118380657856558e-15,True,8c6e0565fbb85179d66e1ff1b9cbe160e4b463c26988016f650063ff5d912b1a,b4210383109928e48e99c6d8092edb2acf5f5813764227b804a5581f74bddc93,49bfa58800da9e23fb45d4fda8d1330ff5cdf578d4c17800a692d5195a65f769,7cb2163995375fc81488e1d19a16e3e6bb97c9c00b889bbb1519c51d931b7b83,True,83.0,45.0,original_208,True,True,GPT-2 XL|zsRE|AlphaEdit|SADR|canonical|200,-0.06188216613169267,0.7579128502827644,1.2062671841910408,0.20626718419104095,100.0,-0.06278906569289978,0.7801569685143079,1.2204429298956032,0.22044292989560327,200,,,,,,,,0.0003234566055465157,0.018820526201152564,0.9903259191568673,,,,,0.13192019842822048,,,,7.560866731874762,,,,,,,,True,True
GPT-2 XL,zsRE,AlphaEdit,SADR,canonical,250,T14,1,,unchanged_original,1000,1000,250,edited_prefix,greedy_target_prefix,-0.01671271589244327,0.1505798837707747,0.9958689200789496,0.0088040171733648,0.15184655480425743,0.012616355151572662,8.704115337288242,0.017374284692957032,86.83337443602709,63.2,37.6,1.0370313998226641,0.30266890778037775,T14,unchanged_original,-0.04031695620719119,0.40156823555811555,1.0669203182909224,0.4041630465659291,117.27701485489216,125.09962858850247,0.09149973664161185,21.613169343748186,0.07423328009423077,0.040683092983357115,0.0023922836709943532,0.22769659077448895,1.1494549620311014,-0.07824162874338803,0.22769659077448895,6.692031829092238,1.0667020195158385,648.0,1000,subject_last,rewrite,subject_last,H18,da4b6f24473542e7c4c980a9a8d870b0aec3482b021b9afc91f65bb71ab488b7,81f7105eaa0a3473ebe7a8131c236927b7da514b2728d79979458efd85b5dcaf,2.0624480936745955e-15,True,77002252ef34d5fa97aacb3d8c71c2f685335de643ae41106d21ec2e72747cd2,b4210383109928e48e99c6d8092edb2acf5f5813764227b804a5581f74bddc93,52bc26f1cdf73daa33dcdb9d4c4ced04f16dfcb8ced8e170eca22311881490be,263b7665ed28183697e5ec1c33e2abc5fd4dda29d4cfc4edb45cb5b302bc03e7,True,54.0,32.0,original_208,True,True,GPT-2 XL|zsRE|AlphaEdit|SADR|canonical|250,-0.06201414773127351,0.7640626592112294,1.2104407072002523,0.21044070720025232,100.0,-0.06287160461901128,0.7923661495125535,1.2286903399197153,0.22869033991971527,250,,,,,,,,0.00042735454832824226,0.024867158195073378,0.991869080958515,,,,,0.15184655480425743,,,,8.704115337288242,,,,,,,,True,True
GPT-2 XL,zsRE,AlphaEdit,SADR,canonical,300,T14,1,,unchanged_original,1000,1000,300,edited_prefix,greedy_target_prefix,-0.01904563552182161,0.1657074358648794,0.9962010819541212,0.0096773000756266,0.16717521677438305,0.015277069929677017,9.583406140069684,0.019770692723706674,85.77180232596359,67.66666666666667,39.0,1.0448251339537755,0.3330955417288579,T14,unchanged_original,-0.04334157899103445,0.44995704943908366,1.084616860642011,0.45264120161429333,117.27701485489216,127.16195097935383,0.10789854217318393,23.97687292238272,0.0902501928424584,0.04369529581699917,0.0026922968300119613,0.27351216572350406,1.1895213045714477,-0.08399086115205694,0.27351216572350406,8.461686064201102,1.0842870713983672,742.0,1000,subject_last,rewrite,subject_last,H18,f982a2902e558c14ba7aafbab8fd4a3c8fe9efc20d03c4d61a6b761caf97bea6,81f7105eaa0a3473ebe7a8131c236927b7da514b2728d79979458efd85b5dcaf,2.220446049250313e-15,True,44a6dc8c9f8928f24651b9161b43880aeb14012dacd49ede6126afd874470190,b4210383109928e48e99c6d8092edb2acf5f5813764227b804a5581f74bddc93,a86c9a648e778280cd9c9f78df51bc394b7f2b159fe0e027bfe45be81a705468,e73a5a9a28170f5084709c92a95cd9d3b83d845e76827f2b0352b56904d2fefc,True,50.0,33.0,original_208,True,True,GPT-2 XL|zsRE|AlphaEdit|SADR|canonical|300,-0.06214098643760348,0.7720225989213912,1.215879731406888,0.21587973140688801,100.0,-0.06303034721373503,0.8034273995890817,1.236156180912072,0.2361561809120719,300,,,,,,,,0.0005438928755619748,0.030104481853785257,0.992557103685704,,,,,0.16717521677438305,,,,9.583406140069684,,,,,,,,True,True
GPT-2 XL,zsRE,AlphaEdit,SADR,canonical,500,T14,1,,unchanged_original,1000,1000,500,edited_prefix,greedy_target_prefix,-0.02432877284745681,0.2096622846846003,0.9997950342779692,0.0113143733667799,0.21152368714122088,0.02405784811857699,12.114565924235311,0.02505047420012046,82.3177854533509,79.0,46.4,1.077974158360638,0.4406375433113103,T14,unchanged_original,-0.05383019137968421,0.6059355116018765,1.148210687835358,0.6089960073710704,117.27701485489216,134.59988763927205,0.1648021592649168,31.34566114722316,0.1501767804084938,0.05420528263395535,0.003947097502693199,0.4387438194844039,1.335030534227729,-0.10371328525667524,0.4387438194844039,14.821068783535797,1.1477090187349468,898.0,1000,subject_last,rewrite,subject_last,H18,f3b3eb202fed5feee25648d41a649108db645fd5d741aac786170140a6a5ba48,81f7105eaa0a3473ebe7a8131c236927b7da514b2728d79979458efd85b5dcaf,2.2023033181325104e-15,True,e7a46155ee79a9ff1604ae4a0d637aa05fc7ae6b8d63c1bc0877652b6550f1bd,b4210383109928e48e99c6d8092edb2acf5f5813764227b804a5581f74bddc93,7ce36170bac9b6939936eb83b85e9c517ffa7701f41497ba9552847b765c68d1,98ee72feb66484cf500cb0574fc538e7bd0883e6415f3642166389eb4af7eeea,True,54.0,30.0,original_208,True,True,GPT-2 XL|zsRE|AlphaEdit|SADR|canonical|500,-0.06339406498819612,0.7846525044112731,1.2232955215176917,0.22329552151769183,100.0,-0.06581603902167964,0.8358217111612068,1.2562998067803783,0.25629980678037817,500,,,,,,,,0.0008718972434591621,0.04760039731045998,0.9998147488590055,,,,,0.21152368714122088,,,,12.114565924235311,,,,,,,,True,True
GPT-2 XL,zsRE,AlphaEdit,SADR,canonical,750,T14,1,,unchanged_original,1000,1000,750,edited_prefix,greedy_target_prefix,-0.026878251411303972,0.2517279352300642,1.0074482078884135,0.015658050640222,0.25372011475389883,0.03390081442886071,14.471845591211398,0.02797346717711367,78.44896695621489,80.53333333333333,43.333333333333336,1.1224362775574377,0.5543576071715314,T14,unchanged_original,-0.061465449516789616,0.7641479514976907,1.226003056387799,0.7672830240989912,117.27701485489216,143.65734452418715,0.22568208271391543,38.21139508756732,0.22650418073540443,0.06182715805070329,0.004949903632863972,0.6368682744803814,1.5188872790796668,-0.11798099540071527,0.6368682744803814,22.600305638779904,1.2249403235743646,970.0,1000,subject_last,rewrite,subject_last,H18,b0c4951b477633d9ce31401f41de4f752bb8fd8d9b2766a19a069c93aaf80ff1,81f7105eaa0a3473ebe7a8131c236927b7da514b2728d79979458efd85b5dcaf,2.1359236015355437e-15,True,e0f25ccca72ed0a68bd2bdf56e4c674bdc3db25ebac00735b7e0f4106ad0bb3f,b4210383109928e48e99c6d8092edb2acf5f5813764227b804a5581f74bddc93,f0753eeb1bcaf7fa1bf6bf3fdbde14b63df6941e28c248b1bfb4799e228de092,ee73d3be6e4ad4d56d0c93b62f3b472447e6fa18e9b6a0e60ae89df911b6472d,True,50.0,27.0,original_208,True,True,GPT-2 XL|zsRE|AlphaEdit|SADR|canonical|750,-0.06377753774363691,0.7930516078429354,1.228698428578467,0.22869842857846703,100.0,-0.0664165766369693,0.8685663527091305,1.2787213608548234,0.27872136085482324,750,,,,,,,,0.001091658208905849,0.06800457078775164,1.0153397261740496,,,,,0.25372011475389883,,,,14.471845591211398,,,,,,,,True,True
GPT-2 XL,zsRE,AlphaEdit,SADR,canonical,1000,T14,1,,unchanged_original,1000,1000,1000,edited_prefix,greedy_target_prefix,-0.028896842118668466,0.2883272476875633,1.0156402100341757,0.0208461215568554,0.29034192215460974,0.043539806672121546,16.484037124238725,0.029953065090581252,76.4055877573447,76.9,41.6,1.1692052036808696,0.6555405440852259,T14,unchanged_original,-0.06930047590074094,0.8954348454547364,1.2955644602812042,0.898754757418118,117.27701485489216,151.7936943318676,0.2780800193277945,43.61841565429184,0.2955644602812041,0.06964131008617494,0.006055422234695302,0.8202556541634355,1.6877101245966493,-0.13254552956678656,0.8202556541634355,29.55644602812042,1.2943175141325283,1000.0,1000,subject_last,rewrite,subject_last,H18,5a53b4b6c432aba47bd478b516d1d14597bfa1b24c014ecc0db4d921550d3259,81f7105eaa0a3473ebe7a8131c236927b7da514b2728d79979458efd85b5dcaf,1.4162802520668658e-15,True,9fb14ce8f2a469833fecbe33b6b62ccff98505bb61b21ab4c1c9cdb05fbe2063,b4210383109928e48e99c6d8092edb2acf5f5813764227b804a5581f74bddc93,43b66bf553cd44fcd6ab9a9fc103c3f2d98efbfbd250d8daaaefc63f34c27ca9,b794a4b7b58631c339d43fe31bfb84becf00cbf427cb8c890cf00d8424b13460,True,41.0,23.0,original_208,True,True,GPT-2 XL|zsRE|AlphaEdit|SADR|canonical|1000,-0.06463258313589418,0.7996297910858898,1.2324020727863654,0.23240207278636554,100.0,-0.06930047590074094,0.8954348454547364,1.2955644602812042,0.2955644602812041,1000,,,,,,,,0.0012409270691333854,0.08864197111031039,1.0320892139421067,,,,,0.29034192215460974,,,,16.484037124238725,,,,,,,,True,True
GPT-2 XL,zsRE,AlphaEdit,SPHERE,canonical,50,SPHERE_corrected_zsRE_AlphaEdit,1,,GPT2_SPHERE_semantic_input_axis_corrected_20260927,1000,1000,50,edited_prefix,greedy_target_prefix,-0.007467082041671622,0.0644065602798026,0.9948390559364746,0.006628694273855544,,,,,94.2017792118983,86.0,57.99999999999999,,,,GPT2_SPHERE_semantic_input_axis_corrected_20260927,-0.01662560326147868,0.1373233467108193,1.0041614632892881,0.13870234489804806,117.27701485489219,117.76902104942258,0.018448176125889178,7.6946336661288255,0.020306467723885033,0.017181597403099522,0.0005814585168596427,0.04326089065163043,1.0105911426455327,-0.032669748006097704,0.04326089065163043,,,,1000,subject_last,rewrite,subject_last,H18,bcb3c2cc95b45e48fc1a67d03ac35e92f23f9c4f558688d854803e800e84ab15,81f7105eaa0a3473ebe7a8131c236927b7da514b2728d79979458efd85b5dcaf,,,,,,,,,,,True,,GPT-2 XL|zsRE|AlphaEdit|SPHERE|canonical|50,,,,,,-0.06473824791687162,0.7358229491058869,1.190143172338583,0.19014317233858286,50,50.0,50.0,1000.0,True,,locality,prompt_last,0.00010816708830438709,0.004571250567269401,0.9897452535722304,-0.014825996995038858,0.004571250567269401,-0.010254746427769447,0.00843849147044288,0.06511333597752886,126.41310234146,125.76196501872549,0.002323028171563785,3.7167172759544185,0.9768844979726171,fbd36c292fa0366cf3fd40df6dff9559d252d21609e589e449630a1d4b407145,109ccbd41133959e3dfe358f0d6d7ed3baf3fd0dc074e309a99a5396d172d1f8,1000.0,prompt_last,0.01059114264553272,0.9867375145746627,True,True
GPT-2 XL,zsRE,AlphaEdit,SPHERE,canonical,100,SPHERE_corrected_zsRE_AlphaEdit,1,,GPT2_SPHERE_semantic_input_axis_corrected_20260927,1000,1000,100,edited_prefix,greedy_target_prefix,-0.012138607681797413,0.09522700860156497,0.9930393976010724,0.00951088991936176,,,,,91.61290945384114,91.0,56.99999999999999,,,,GPT2_SPHERE_semantic_input_axis_corrected_20260927,-0.029638934246467696,0.22123192584460197,1.0126485318245813,0.22381026807230897,117.27701485489219,118.78035630063025,0.03765704009064087,12.357284644247652,0.034186882423504907,0.030184828201884315,0.0014494664628334891,0.08762005216855895,1.029791650138457,-0.0578284020301019,0.08762005216855895,,,,1000,subject_last,rewrite,subject_last,H18,6a28f439e994a31ce61416dd56332cdf566c543172d4bea47052a54aef8003dd,81f7105eaa0a3473ebe7a8131c236927b7da514b2728d79979458efd85b5dcaf,,,,,,,,,,,True,,GPT-2 XL|zsRE|AlphaEdit|SPHERE|canonical|100,-0.06613294456176058,0.738532180403512,1.1912165001148134,0.19121650011481328,100.0,-0.06613294456176058,0.738532180403512,1.1912165001148134,0.19121650011481328,100,100.0,100.0,1000.0,True,,locality,prompt_last,0.00027415509373510425,0.010235147734956944,0.9862320874650973,-0.024003060269859725,0.010235147734956944,-0.01376791253490278,0.013341199007393235,0.09642425206747314,126.41310234146,125.5315036772753,0.00521205841814433,5.511809036351921,0.9739131036374156,406a0e903e27085c2c7f9be5055ae3379b4d40b61eb65b114ba423ec2f1389af,109ccbd41133959e3dfe358f0d6d7ed3baf3fd0dc074e309a99a5396d172d1f8,1000.0,prompt_last,0.029791650138457044,0.9837265712770717,True,True
GPT-2 XL,zsRE,AlphaEdit,SPHERE,canonical,150,SPHERE_corrected_zsRE_AlphaEdit,1,,GPT2_SPHERE_semantic_input_axis_corrected_20260927,1000,1000,150,edited_prefix,greedy_target_prefix,-0.015528589717360295,0.1187866811829718,0.9924662909103145,0.010803181076320365,,,,,89.88540538171918,92.66666666666666,59.333333333333336,,,,GPT2_SPHERE_semantic_input_axis_corrected_20260927,-0.03840469883231892,0.29597648255363923,1.0275434582031466,0.2991760147300693,117.27701485489219,120.51943407337399,0.058228813312809054,16.395819898784495,0.04627127487519402,0.03907368764739169,0.002214150528580192,0.13715478172950632,1.0625595345934487,-0.07459524713605765,0.13715478172950632,,,,1000,subject_last,rewrite,subject_last,H18,bb05459f6e6f18bf1771f4e214004cef19a50f9fa5bd033d38fa16bdab926bfd,81f7105eaa0a3473ebe7a8131c236927b7da514b2728d79979458efd85b5dcaf,,,,,,,,,,,True,,GPT-2 XL|zsRE|AlphaEdit|SPHERE|canonical|150,-0.06635356734213263,0.7418119262791614,1.1931080973703374,0.19310809737033727,100.0,-0.06830351711015184,0.7574637559591691,1.2018381689846236,0.20183816898462373,150,150.0,150.0,1000.0,True,,locality,prompt_last,0.0004293712469648695,0.015754143737841314,0.9851263355500856,-0.03062780818775572,0.015754143737841314,-0.014873664449914408,0.0168728088370152,0.12030220921300433,126.41310234146,125.45613997754114,0.008060485248980708,6.887764871712071,0.973468603862141,147cf7c84bc5c9825be1e5aabcf4868d343d63c110193516c574c33c3c1c5a6b,109ccbd41133959e3dfe358f0d6d7ed3baf3fd0dc074e309a99a5396d172d1f8,1000.0,prompt_last,0.06255953459344867,0.9841130265353545,True,True
GPT-2 XL,zsRE,AlphaEdit,SPHERE,canonical,200,SPHERE_corrected_zsRE_AlphaEdit,1,,GPT2_SPHERE_semantic_input_axis_corrected_20260927,1000,1000,200,edited_prefix,greedy_target_prefix,-0.018273332244887506,0.13544370644152928,0.9920715005119413,0.011618738983038435,,,,,87.57764008053007,94.5,63.0,,,,GPT2_SPHERE_semantic_input_axis_corrected_20260927,-0.046600448912409276,0.35879012514712627,1.0423073158767273,0.3626072679919022,117.27701485489219,122.24662363488791,0.07806862434575987,19.743721602404893,0.05877589471225845,0.0471872588442499,0.003044634305150599,0.18499831460533397,1.094842051085666,-0.09015626351966796,0.18499831460533397,,,,1000,subject_last,rewrite,subject_last,H18,074e13859d16ebc55e982de76e55801053bc4e35f73c06f73493c69b9a45fefa,81f7105eaa0a3473ebe7a8131c236927b7da514b2728d79979458efd85b5dcaf,,,,,,,,,,,True,,GPT-2 XL|zsRE|AlphaEdit|SPHERE|canonical|200,-0.06643588107901702,0.7441876321538078,1.1945253971184502,0.19452539711845027,100.0,-0.07053352628516721,0.7644179478386249,1.2047332740031969,0.20473327400319674,200,200.0,200.0,1000.0,True,,locality,prompt_last,0.0005787071836884033,0.02033990505161241,0.9843719477455257,-0.03596795730608661,0.02033990505161241,-0.015628052254474195,0.01951312725716798,0.1372333407873032,126.41310234146,125.40469170596714,0.01043787826117849,7.863906215597811,0.972335297524574,528310226caa0bb16d6db169fe9fac8e8800c88cd36a9bf7550faf54d0122e85,109ccbd41133959e3dfe358f0d6d7ed3baf3fd0dc074e309a99a5396d172d1f8,1000.0,prompt_last,0.094842051085666,0.9838088355729842,True,True
GPT-2 XL,zsRE,AlphaEdit,SPHERE,canonical,250,SPHERE_corrected_zsRE_AlphaEdit,1,,GPT2_SPHERE_semantic_input_axis_corrected_20260927,1000,1000,250,edited_prefix,greedy_target_prefix,-0.020979819077140895,0.1570350003192345,0.9928690006568752,0.011688982931350924,,,,,86.2182943441793,88.8,56.00000000000001,,,,GPT2_SPHERE_semantic_input_axis_corrected_20260927,-0.05106974044931617,0.41252516581629756,1.058657400864914,0.4164734408496483,117.27701485489219,124.1010275047918,0.09561282090000181,22.522076992105518,0.07032850042644194,0.05169057796073879,0.003542326639728174,0.22907391806750618,1.1304767638086024,-0.09859715425890417,0.22907391806750618,,,,1000,subject_last,rewrite,subject_last,H18,e129097f65909ab83962b9c9d794f8bc95eb973f33938ad83ae3a83bc86b33e0,81f7105eaa0a3473ebe7a8131c236927b7da514b2728d79979458efd85b5dcaf,,,,,,,,,,,True,,GPT-2 XL|zsRE|AlphaEdit|SPHERE|canonical|250,-0.0661538975883856,0.7490771782537472,1.1980154396873692,0.19801543968736926,100.0,-0.07178020670158387,0.7731204310572294,1.2097013853883645,0.2097013853883646,250,250.0,250.0,1000.0,True,,locality,prompt_last,0.0007219239409394505,0.02720934629420087,0.9859716320808586,-0.041237714213342345,0.02720934629420087,-0.014028367919141471,0.02210587219040678,0.15899706352399048,126.41310234146,125.50158039648103,0.013953164346257886,9.119333883126528,0.9741535585434565,c9de0de43f7e761a8117dd8d666f166c53c7dbedd03837650dd5a1a72df0d89f,109ccbd41133959e3dfe358f0d6d7ed3baf3fd0dc074e309a99a5396d172d1f8,1000.0,prompt_last,0.13047676380860201,0.9847718002490047,True,True
GPT-2 XL,zsRE,AlphaEdit,SPHERE,canonical,300,SPHERE_corrected_zsRE_AlphaEdit,1,,GPT2_SPHERE_semantic_input_axis_corrected_20260927,1000,1000,300,edited_prefix,greedy_target_prefix,-0.02473521293895782,0.17548982601360166,0.992585532422164,0.01261287845717141,,,,,83.65789621023549,87.0,55.333333333333336,,,,GPT2_SPHERE_semantic_input_axis_corrected_20260927,-0.055206922314882334,0.45958170321884634,1.0744156204945374,0.46369815045441554,117.27701485489219,125.93284611731546,0.11207195528584886,24.9051718958971,0.08343918793861198,0.05575235044640219,0.004048629027303945,0.2714137648715744,1.1650485492691136,-0.10636521560246075,0.2714137648715744,,,,1000,subject_last,rewrite,subject_last,H18,f94955a5f6ccd8fc04d98f490678f0b8cdbc806567b72466e86d3892f0bb4cca,81f7105eaa0a3473ebe7a8131c236927b7da514b2728d79979458efd85b5dcaf,,,,,,,,,,,True,,GPT-2 XL|zsRE|AlphaEdit|SPHERE|canonical|300,-0.06637763464463486,0.7529943681953017,1.2004630221829826,0.2004630221829827,100.0,-0.07295751650463982,0.780285346226794,1.2136123319564407,0.21361233195644067,300,300.0,300.0,1000.0,True,,locality,prompt_last,0.0009564092665610551,0.03395234948616425,0.9854383328748098,-0.04851401661135459,0.03395234948616425,-0.014561667125190346,0.02573713643197909,0.1778260976459082,126.41310234146,125.46166553970194,0.01745078860444623,10.206506703815107,0.972602598868217,35eaedd3dfe42d99c072cb3ee865d3f62cf4394238a1b6be83482756129cde73,109ccbd41133959e3dfe358f0d6d7ed3baf3fd0dc074e309a99a5396d172d1f8,1000.0,prompt_last,0.16504854926911364,0.98530242560518,True,True
GPT-2 XL,zsRE,AlphaEdit,SPHERE,canonical,500,SPHERE_corrected_zsRE_AlphaEdit,1,,GPT2_SPHERE_semantic_input_axis_corrected_20260927,1000,1000,500,edited_prefix,greedy_target_prefix,-0.029330629362280185,0.22181653426412812,0.9979137741024963,0.013929071164526576,,,,,78.05923727002774,87.4,61.6,,,,GPT2_SPHERE_semantic_input_axis_corrected_20260927,-0.06532269850322103,0.6029573502965717,1.1324942278658472,0.6072694236598699,117.27701485489219,132.67720534506188,0.16585520303364062,31.800164922225612,0.13529913974200813,0.06583441203537177,0.005464980043237405,0.419955466719996,1.2947750497567914,-0.12518041696320467,0.419955466719996,,,,1000,subject_last,rewrite,subject_last,H18,42f532a180e877fed6ecd676eb28366f4ff11ed8ba165afa031f0b514c166643,81f7105eaa0a3473ebe7a8131c236927b7da514b2728d79979458efd85b5dcaf,,,,,,,,,,,True,,GPT-2 XL|zsRE|AlphaEdit|SPHERE|canonical|500,-0.06581469107672419,0.7632350264938633,1.207542418771159,0.20754241877115917,100.0,-0.07699759449317796,0.8041984531915539,1.2268432748073583,0.2268432748073581,500,500.0,500.0,1000.0,True,,locality,prompt_last,0.0013491189472134976,0.05347637439291304,0.9961642346155661,-0.05731213977734687,0.05347637439291304,-0.0038357653844338425,0.030584802892825568,0.22448058063549287,126.41310234146,126.12103905523817,0.027247180499748093,12.865629498042784,0.975392488694195,22dc0e22cc209e7bcf7baea78efa689136bb101c300ac1e55c4aa2e11736dcab,109ccbd41133959e3dfe358f0d6d7ed3baf3fd0dc074e309a99a5396d172d1f8,1000.0,prompt_last,0.2947750497567914,0.9871539318694784,True,True
GPT-2 XL,zsRE,AlphaEdit,SPHERE,canonical,750,SPHERE_corrected_zsRE_AlphaEdit,1,,GPT2_SPHERE_semantic_input_axis_corrected_20260927,1000,1000,750,edited_prefix,greedy_target_prefix,-0.03270632625162014,0.26496413501009797,1.005620625549114,0.017825140574925447,,,,,72.75875338892509,87.06666666666666,58.4,,,,GPT2_SPHERE_semantic_input_axis_corrected_20260927,-0.07443022509791815,0.7416894242998356,1.1991397239859531,0.746126022484846,117.27701485489219,140.40282832461628,0.22126202998574002,37.95910944381362,0.20004490362584118,0.07476919111612342,0.006785814878152884,0.5912852954756224,1.4492106601579389,-0.1420746353176834,0.5912852954756224,,,,1000,subject_last,rewrite,subject_last,H18,fecbe770f6378c57f15b213517b8ee207e35d3ee3e6a3448011ca022d7fc8659,81f7105eaa0a3473ebe7a8131c236927b7da514b2728d79979458efd85b5dcaf,,,,,,,,,,,True,,GPT-2 XL|zsRE|AlphaEdit|SPHERE|canonical|750,-0.06631990920691445,0.7718530352513837,1.2127684030026367,0.21276840300263655,100.0,-0.07915685950691781,0.8322321594956906,1.244617063814295,0.24461706381429493,750,750.0,750.0,1000.0,True,,locality,prompt_last,0.001698634003952098,0.07550063122277488,1.0117866127234867,-0.06371401849928818,0.07550063122277488,0.011786612723486722,0.03439404687574778,0.26784680376231024,126.41310234146,127.07664999067087,0.03796036293783577,15.294146506897414,0.9779967594385339,d59755c86fb35e9b2a631903f2f864169bb3ce29344bb65de5c3021321baf50e,109ccbd41133959e3dfe358f0d6d7ed3baf3fd0dc074e309a99a5396d172d1f8,1000.0,prompt_last,0.4492106601579389,0.988653832695348,True,True
GPT-2 XL,zsRE,AlphaEdit,SPHERE,canonical,1000,SPHERE_corrected_zsRE_AlphaEdit,1,,GPT2_SPHERE_semantic_input_axis_corrected_20260927,1000,1000,1000,edited_prefix,greedy_target_prefix,-0.03565155189355222,0.3050894324131395,1.014588573523309,0.02264912004144997,,,,,68.74706316014681,84.7,56.3,,,,GPT2_SPHERE_semantic_input_axis_corrected_20260927,-0.08264282882464814,0.8569884904389338,1.259401247318386,0.8616163201819045,117.27701485489219,147.4092879342597,0.2686407870536437,42.806011622258545,0.25940124731838604,0.0829056712775037,0.00812136551548758,0.7498724467445892,1.5927081546107804,-0.15716429213380873,0.7498724467445892,,,,1000,subject_last,rewrite,subject_last,H18,6ab0244822690cb83807dfa20df627f6899f54ef97dc830871d575920fa153b0,81f7105eaa0a3473ebe7a8131c236927b7da514b2728d79979458efd85b5dcaf,,,,,,,,,,,True,,GPT-2 XL|zsRE|AlphaEdit|SPHERE|canonical|1000,-0.06659670120255508,0.7776282243372394,1.2162841776618436,0.2162841776618434,100.0,-0.08264282882464814,0.8569884904389338,1.259401247318386,0.25940124731838604,1000,1000.0,1000.0,1000.0,True,,locality,prompt_last,0.0019754724391647122,0.09940945470202868,1.030081823354089,-0.06932763134793973,0.09940945470202868,0.030081823354088953,0.0374284375399871,0.30804428761398983,126.41310234146,128.1888223584557,0.049220400117252164,17.508483570757782,0.9805151269042826,b574a8f886ec692aecb9ade07b24eb0a89045c4d542525daac74d5e385541a8c,109ccbd41133959e3dfe358f0d6d7ed3baf3fd0dc074e309a99a5396d172d1f8,1000.0,prompt_last,0.5927081546107804,0.9892857100095943,True,True
GPT-2 XL,zsRE,MEMIT,ENCORE,canonical,50,T16,1,,unchanged_original,1000,1000,50,edited_prefix,greedy_target_prefix,-0.006028140039214664,0.0470074837875497,0.9952522832005904,0.0048717640552782,0.047472232861479495,0.0012876943111422134,2.7091182739599406,0.006107141979293301,95.27604949986146,38.0,18.0,1.0017280186456603,0.0638705796809778,T16,unchanged_original,-0.018538557782961915,0.1122936116037658,0.9915908357569599,0.11393864621714382,117.27701485489216,116.31239696311277,0.01001076936946399,6.50404706222166,0.012085024882747533,0.018542179023505932,0.0005366787658159531,0.019947945601703845,0.9834075088015964,-0.03654043680010787,0.019947945601703845,-0.8409164243040057,0.9917748768335133,66.0,1000,subject_last,rewrite,subject_last,H18,6354f55f325a1baf859f1ca8b62e0cbc390f29d819deeb65592eb2d9fb24d255,81f7105eaa0a3473ebe7a8131c236927b7da514b2728d79979458efd85b5dcaf,2.4424906541753444e-15,True,1af219885dfa3c176156c8e37e0bf4c9cee05f190c683bd5cd5c0b5fc1789f99,b92c4c766c5826dca404a821fe9b0da42853804bd840bdd0d7ebf79999d77a0f,8714a8ee0d9cf2df4a043663b96b78f225fbf083373b02a504d140a7a9dc9389,d1d81ce7570501958d280f6125061659bffad0321d55d0a2c7a9c38fe7d80fd6,True,,,,True,True,GPT-2 XL|zsRE|MEMIT|ENCORE|canonical|50,,,,,,-0.0634094338890157,0.42711019296423636,1.03074840571152,0.03248906690025217,50,,,,,,,,4.940108930133709e-05,0.002543766744791376,0.9905368877556634,,,,,0.047472232861479495,,,,2.7091182739599406,,,,,,,,True,True
GPT-2 XL,zsRE,MEMIT,ENCORE,canonical,100,T16,1,,unchanged_original,1000,1000,100,edited_prefix,greedy_target_prefix,-0.011864536730401451,0.0777075152560457,0.9917167658116754,0.008419321996384,0.07874217936856161,0.003616223505553595,4.500683693480578,0.011908896033469151,91.424439011107,50.0,24.0,1.003393537044756,0.08945426843918154,T16,unchanged_original,-0.03457606215770666,0.1918076567486037,0.9900262189955683,0.19511870966080413,117.27701485489216,116.12055437197505,0.02440471321472814,11.174623557880434,0.01781088998821417,0.03457606215770666,0.0015765947389731645,0.048101243702485745,0.980525714126046,-0.06757552957644015,0.048101243702485745,-0.9973781004431692,0.990139069583686,125.0,1000,subject_last,rewrite,subject_last,H18,ed683ccad8f61665a5c3e0f06024ce634d4ed25152dccc9d4291b848137fab68,81f7105eaa0a3473ebe7a8131c236927b7da514b2728d79979458efd85b5dcaf,2.4424906541753444e-15,True,d2ee99472321409d382a8b1a3ff4f4b30ac09bacf0f132de39eff7107fabf838,b92c4c766c5826dca404a821fe9b0da42853804bd840bdd0d7ebf79999d77a0f,1cbc4c89bc7f2adbf6c12c1c79f708cdaf2ab89688d61bebd7cc2bd0d2631605,2706af99b4bd1903f220d73d22346d031fba0feec097a436b418aa1dcc983bab,True,50.0,24.0,original_208,True,True,GPT-2 XL|zsRE|MEMIT|ENCORE|canonical|100,-0.07060975055981937,0.44879661241513297,1.0334628345676373,0.03559213127264518,100.0,-0.07060975055981937,0.44879661241513297,1.0334628345676373,0.03559213127264518,100,,,,,,,,0.00018827589323384736,0.0070712250079894455,0.9835304274404204,,,,,0.07874217936856161,,,,4.500683693480578,,,,,,,,True,True
GPT-2 XL,zsRE,MEMIT,ENCORE,canonical,150,T16,1,,unchanged_original,1000,1000,150,edited_prefix,greedy_target_prefix,-0.01577333881732278,0.1003138995594034,0.9902356229213009,0.0099996347554031,0.10170933810293982,0.006075969090202724,5.825084094356958,0.01583632263641527,88.4083289914151,54.0,28.0,1.0049033336330802,0.10735541564047554,T16,unchanged_original,-0.04679395370045129,0.2609842357035039,0.9954306435818614,0.2654116003088343,117.27701485489216,116.73524692450935,0.0416863847348068,15.203292016544154,0.01911780722492859,0.04679395370045129,0.0027426626055694074,0.08233781298928906,0.9914925681939565,-0.09084524479533317,0.08233781298928906,-0.45693564181386037,0.9953804423564743,222.0,1000,subject_last,rewrite,subject_last,H18,c23abee36e9a7ce18a368b719cae3d189f4c389aa98433ed94bccb0ce165a80e,81f7105eaa0a3473ebe7a8131c236927b7da514b2728d79979458efd85b5dcaf,2.220446049250313e-15,True,5fc374e8b740f1d14192e782db85512908c61cc5870f38e2eb2e754ad0b50741,b92c4c766c5826dca404a821fe9b0da42853804bd840bdd0d7ebf79999d77a0f,80770b541a1530a7da82aa6b76fdcde976452b5e81a32414c119187b10390a98,8678acc888f667b1c4a6efd983e9d1aafeba16ebba83138cd3700db6cb101a0c,True,51.0,22.0,original_208,True,True,GPT-2 XL|zsRE|MEMIT|ENCORE|canonical|150,-0.07720101757959283,0.4758748170966407,1.039790288995121,0.0411524006980486,100.0,-0.07764395565945309,0.47601971894484013,1.0395353826784868,0.0410892609702241,150,,,,,,,,0.000331006263617579,0.011824006153082715,0.9806083347820548,,,,,0.10170933810293982,,,,5.825084094356958,,,,,,,,True,True
GPT-2 XL,zsRE,MEMIT,ENCORE,canonical,200,T16,1,,unchanged_original,1000,1000,200,edited_prefix,greedy_target_prefix,-0.018346323429861203,0.1171043206976967,0.9898459896276292,0.0105182833145531,0.11871003849012984,0.0082820226787504,6.807545478161308,0.01840880861426847,85.66692206685343,57.0,31.0,1.0063477866530808,0.1222540668927991,T16,unchanged_original,-0.05569950008837573,0.3157799067789247,1.0035632408763904,0.3209524661590717,117.27701485489216,117.66081757203725,0.058067059467599755,18.34091638122569,0.020819240403819633,0.05569950008837573,0.003773014196441026,0.1155907449087506,1.0079647589284406,-0.10762598598031045,0.1155907449087506,0.3563240876390372,1.0032726166983357,376.0,1000,subject_last,rewrite,subject_last,H18,9c010f93a3264007d9fcacf7779f92418a4dbbc06d771dadea168cdf4429108d,81f7105eaa0a3473ebe7a8131c236927b7da514b2728d79979458efd85b5dcaf,2.3314683517128287e-15,True,51d73c58fd7beef6f93a1eb2de62c1865e092cc994e2162673deac1c176ab8bc,b92c4c766c5826dca404a821fe9b0da42853804bd840bdd0d7ebf79999d77a0f,de9bfec304418d9971b8892e1870e678b6977ec928ccb58b46b091c63533b88b,e3f4a0d696f0674a662ad088158b8a9002faa8da02e8c6d981c613ba9aaec463,True,50.0,24.0,original_208,True,True,GPT-2 XL|zsRE|MEMIT|ENCORE|canonical|200,-0.08147560356734945,0.4968426552710404,1.0459422074553801,0.0467726103973069,100.0,-0.08147879804205366,0.49565624783084283,1.0453606130169402,0.04596012872571098,200,,,,,,,,0.00044559418832110394,0.016092769920321118,0.9798457172489199,,,,,0.11871003849012984,,,,6.807545478161308,,,,,,,,True,True
GPT-2 XL,zsRE,MEMIT,ENCORE,canonical,250,T16,1,,unchanged_original,1000,1000,250,edited_prefix,greedy_target_prefix,-0.0208395364060363,0.1338553485081501,0.9898305741925244,0.0108477273991655,0.13565441874102213,0.010775327204335317,7.7860468099040006,0.02090363966678953,82.80766057923502,54.0,28.8,1.0075931524740944,0.13389004542122748,T16,unchanged_original,-0.06079598659142891,0.358940448410312,1.01359372251731,0.36437390807013065,117.27701485489216,118.78200236979237,0.07216661547567105,20.731473498277957,0.0245746098981745,0.06079598659142891,0.004415205638365385,0.14560775864100473,1.0284309910965126,-0.11717676754449242,0.14560775864100473,1.3593722517309947,1.0128327576956349,530.0,1000,subject_last,rewrite,subject_last,H18,da64f3ab1c870953080e16f27bdc814acac50344c7410ea5ec1ecece1bee408e,81f7105eaa0a3473ebe7a8131c236927b7da514b2728d79979458efd85b5dcaf,2.4055898715518177e-15,True,8d00b75058e9e47646c3a6627a32cda8cf656856319647bb338df3295e018581,b92c4c766c5826dca404a821fe9b0da42853804bd840bdd0d7ebf79999d77a0f,3bacd1510665b0a77fb2409e1ec202216fec4e0b825ec56890ec7bb331492178,648f432260a61322252a023810b09748f9f95ade83375219636916aeb5c7bf69,True,43.0,19.0,original_208,True,True,GPT-2 XL|zsRE|MEMIT|ENCORE|canonical|250,-0.0838656085200249,0.5153467782750094,1.0527963407431875,0.053101641306881484,100.0,-0.08239662138135176,0.5118240199263109,1.0525701621030232,0.05297814269261997,250,,,,,,,,0.0005635374981662962,0.02094175370093635,0.9798262183870301,,,,,0.13565441874102213,,,,7.7860468099040006,,,,,,,,True,True
GPT-2 XL,zsRE,MEMIT,ENCORE,canonical,300,T16,1,,unchanged_original,1000,1000,300,edited_prefix,greedy_target_prefix,-0.024127412734291136,0.1501366277378191,0.9892639916144064,0.0116949786597142,0.1522635195938027,0.013522245761231016,8.745957856449989,0.024180996829960583,80.41617843389521,55.333333333333336,28.333333333333332,1.0089504137639294,0.14544779144797046,T16,unchanged_original,-0.06591069464985705,0.39347943737854424,1.0217855403399903,0.3993149621570915,117.27701485489216,119.71130276782249,0.0844149433710511,22.635788446360728,0.02954745393177774,0.06591069464985705,0.005128908464044085,0.17201000985436715,1.0453175290186976,-0.12669248083567,0.17201000985436715,2.178554033999025,1.0207567349488074,654.0,1000,subject_last,rewrite,subject_last,H18,3219505556309f9597c1b7dac24e1054655e09a0289a5a193fff5e834e18c54e,81f7105eaa0a3473ebe7a8131c236927b7da514b2728d79979458efd85b5dcaf,1.952126178786785e-15,True,1918c716955f317c9961797db62b61289df3286d743cdb97071f70f4fe78e72b,b92c4c766c5826dca404a821fe9b0da42853804bd840bdd0d7ebf79999d77a0f,3532f90bce6b0033b07f440f843aa7c9319f807ef8031c0acfa57b3f02abe816,568c8036be2e4ebbed440d246651c38cb5ea5c02c8b79900b4e795321d3f724c,True,41.0,18.0,original_208,True,True,GPT-2 XL|zsRE|MEMIT|ENCORE|canonical|300,-0.08625548790808325,0.5299233707196792,1.0581529351730996,0.05838299072990498,100.0,-0.08450384581642958,0.5268436525639185,1.0582973818528918,0.058647041176962865,300,,,,,,,,0.0007440882016191241,0.02623087336526203,0.9787201360982989,,,,,0.1522635195938027,,,,8.745957856449989,,,,,,,,True,True
GPT-2 XL,zsRE,MEMIT,ENCORE,canonical,500,T16,1,,unchanged_original,1000,1000,500,edited_prefix,greedy_target_prefix,-0.03081990956765824,0.1896054220209759,0.9903811244597172,0.0125590029370486,0.19234461037549358,0.02133214469270981,11.05640664741326,0.03089206564505846,71.04961738897101,56.8,33.6,1.013748371272602,0.1800487551536227,T16,unchanged_original,-0.07994930126261546,0.48479629363489357,1.0469994073311795,0.49175327003050195,117.27701485489216,122.6105566556527,0.11953389227343184,27.558092604673337,0.0498487896960506,0.07994930126261546,0.007254075277994388,0.2505811661959406,1.0979366389487044,-0.15264452724723657,0.2505811661959406,4.699940733117947,1.0454781510883422,875.0,1000,subject_last,rewrite,subject_last,H18,e34712141993bfa00db139205af09a04872f45c0bd5fbf6538c822a4fb09840b,81f7105eaa0a3473ebe7a8131c236927b7da514b2728d79979458efd85b5dcaf,2.287551048768829e-15,True,b1f0e9b9293696fd028cd57d903f32b72dff325e60211c26bd8de087d7ea46c2,b92c4c766c5826dca404a821fe9b0da42853804bd840bdd0d7ebf79999d77a0f,26c3e3b265e5ff4676b70dffc644e07fa431cf590e587e2b707a6405da15cdaf,2430c33df8ead8cdc079cd731fbd8a0aa99aea918d7d33dcb47beabfaab3869d,True,36.0,15.0,original_208,True,True,GPT-2 XL|zsRE|MEMIT|ENCORE|canonical|500,-0.09407013904536514,0.5713703288111549,1.0733637238239593,0.07337901423169155,100.0,-0.0911100222321426,0.5615544743905153,1.0711280367495317,0.07125134524660509,500,,,,,,,,0.0012006541796365973,0.04143198530540715,0.9809928203497272,,,,,0.19234461037549358,,,,11.05640664741326,,,,,,,,True,True
GPT-2 XL,zsRE,MEMIT,ENCORE,canonical,750,T16,1,,unchanged_original,1000,1000,750,edited_prefix,greedy_target_prefix,-0.03483142652049388,0.2181283739867387,0.9929937891662112,0.0131297462739632,0.2211830567235548,0.027859508877941384,12.706089734089026,0.03493948851450131,64.52686774129262,59.46666666666667,35.2,1.019230121706293,0.21340878062241156,T16,unchanged_original,-0.09036145051515695,0.559744746005183,1.0735904057653578,0.5674524540086395,117.27701485489216,125.65163495726459,0.15100211646151793,31.397294560461244,0.07458033665787983,0.09036145051515695,0.00905884992368946,0.32627574880170856,1.1546116976950844,-0.17166405110662447,0.32627574880170856,7.35904057653578,1.0714088784808722,956.0,1000,subject_last,rewrite,subject_last,H18,549ee074c085caacbf662cdccb91ffc24d15d52e55f723e2ff9040c7fcc5126a,81f7105eaa0a3473ebe7a8131c236927b7da514b2728d79979458efd85b5dcaf,1.949389601281741e-15,True,6e0f09ecf310dae01251e3740669da20b97c346375fe85e249730b190f677cd9,b92c4c766c5826dca404a821fe9b0da42853804bd840bdd0d7ebf79999d77a0f,d6e64eee6e477c040e831da4e2be0332bdeeb613ebd36b37e27d3e6020ab5462,9b172ab5e53e39f744e3c03d77ed33d01b9f71889f946b20534dc7cf1723d122,True,28.999999999999996,15.0,original_208,True,True,GPT-2 XL|zsRE|MEMIT|ENCORE|canonical|750,-0.09857757722528275,0.6025713008258738,1.0869583694179275,0.08695836941792733,100.0,-0.09514903968290166,0.5930792131193706,1.0849237186186371,0.0850021471956979,750,,,,,,,,0.0015235870052133693,0.05439489109858224,0.9862556250628078,,,,,0.2211830567235548,,,,12.706089734089026,,,,,,,,True,True
GPT-2 XL,zsRE,MEMIT,ENCORE,canonical,1000,T16,1,,unchanged_original,1000,1000,1000,edited_prefix,greedy_target_prefix,-0.03790931396578822,0.2427686185931271,0.9962618403125012,0.0134716194841471,0.24600952889836883,0.03403881114087346,14.116663631294818,0.038026250732152135,59.4735881589224,59.6,36.2,1.0244853513556926,0.24114502358107337,T16,unchanged_original,-0.0980860160982322,0.6155557382733527,1.0952186943464512,0.6238005331705953,117.27701485489216,128.15175715819893,0.17517937564096725,34.17566234477972,0.0952563740756921,0.0980860160982322,0.010455838911479443,0.3871137211413004,1.2013975278563163,-0.18571619328498495,0.3871137211413004,9.521869434645126,1.0927269705556728,999.0,1000,subject_last,rewrite,subject_last,H18,97f72cd5c58bddce600004ec9abacd9f0ec86a28d7da0cd93eeddf6b7b6174b3,81f7105eaa0a3473ebe7a8131c236927b7da514b2728d79979458efd85b5dcaf,1.911621030071879e-15,True,992ad6059c8415be505bb1c098c660783b3cb68e7921a456a331b27a5946ae01,b92c4c766c5826dca404a821fe9b0da42853804bd840bdd0d7ebf79999d77a0f,12009055e1eadacdce20aaac3126eb8f0fec7677100d5c5dc91c0fb29a6e3134,29d381c16bc813f6e03cb43b19207f44796e7290efc180a79ec00768ab394487,True,28.000000000000004,15.0,original_208,True,True,GPT-2 XL|zsRE|MEMIT|ENCORE|canonical|1000,-0.10260042476244631,0.6264778307953484,1.0973052812382245,0.09730528123822435,100.0,-0.0980860160982322,0.6155557382733527,1.0952186943464512,0.0952563740756921,1000,,,,,,,,0.0017890133981386409,0.06686415689418262,0.9928345423607448,,,,,0.24600952889836883,,,,14.116663631294818,,,,,,,,True,True
GPT-2 XL,zsRE,MEMIT,NAS,canonical,50,T17,1,,unchanged_original,1000,1000,50,edited_prefix,greedy_target_prefix,-0.0070204856049035464,0.0524383122185171,0.994606873387092,0.0055469963556423,0.05299967077456816,0.0016379933419044233,3.0250244147214236,0.007111765226517712,94.79802019583215,52.0,24.0,1.002470927107754,0.07589988102320917,T17,unchanged_original,-0.02030404972247575,0.12394022181379373,0.9922261923518672,0.12572509516229366,117.27701485489216,116.37241945985748,0.012268637045448123,7.169663160411367,0.013262963464803644,0.02031102587282224,0.0006574930907002969,0.02472467287548977,0.984774066521239,-0.039950606354251204,0.02472467287548977,-0.7773807648132847,0.9922866778613529,71.0,1000,subject_last,rewrite,subject_last,H18,4ed94f1e9778ce402e8e5d4e681afb03e2430e1425602395499a190ed68663eb,81f7105eaa0a3473ebe7a8131c236927b7da514b2728d79979458efd85b5dcaf,2.1094237467877974e-15,True,6e9964d9bbd5c6e5614d358caaee50f5d492ce2109e8645b80444f6a858dd3b2,6fe751e864fa27dae8c0fedb1873597702d75aec536a18e202b5c34c1aab71ce,42bcc061ce4b9dcaaf26cfd0374c4ffdac357140ae1e0d85f7202b6e8326591d,94b46d80845b24e9acd39e027b1adfff399b28b8e2b92dc28f9cfe95509fdca5,True,,,,True,True,GPT-2 XL|zsRE|MEMIT|NAS|canonical|50,,,,,,-0.07017049941234998,0.4760568462090916,1.0470488399020073,0.04838545485481312,50,,,,,,,,6.76451558502135e-05,0.003229109642268408,0.9892557835883115,,,,,0.05299967077456816,,,,3.0250244147214236,,,,,,,,True,True
GPT-2 XL,zsRE,MEMIT,NAS,canonical,100,T17,1,,unchanged_original,1000,1000,100,edited_prefix,greedy_target_prefix,-0.013868943453173585,0.0907320568583168,0.9910886077580248,0.0092140207808856,0.09194375231516534,0.005006615056074954,5.261262741682383,0.013926539050518834,90.32862963472488,56.0,31.0,1.0050986388818643,0.10878382232157245,T17,unchanged_original,-0.03834271047649081,0.22261076587646647,0.9945463583324389,0.2261316125580454,117.27701485489216,116.616829231844,0.032201463263520774,12.918358435577478,0.018919912324349596,0.03834271047649081,0.001952230216486942,0.06457803294781124,0.989844842211317,-0.07473319073649469,0.06457803294781124,-0.5453641667561127,0.9943707160020655,164.0,1000,subject_last,rewrite,subject_last,H18,3108ad25081e4fe0e917e9b714cb416f449f160b67636c6e3db0adb03ae839cd,81f7105eaa0a3473ebe7a8131c236927b7da514b2728d79979458efd85b5dcaf,2.1094237467877974e-15,True,527c814c85311a6f343b7e77be3371802ef3256c1dfa10cad7f24459cee64b02,6fe751e864fa27dae8c0fedb1873597702d75aec536a18e202b5c34c1aab71ce,b52a3b65561ded817c69cb0e486ea61e7b5c4a63d4f8fb6cce0dc6d6f03790aa,1f4fb0c9c74a8d4b38c768779fb50ec38ecb93566d5b21e5361434f081687ce1,True,56.00000000000001,31.0,original_208,True,True,GPT-2 XL|zsRE|MEMIT|NAS|canonical|100,-0.07774335834079524,0.5104677651967781,1.0568089392320088,0.057788542441927146,100.0,-0.07774335834079524,0.5104677651967781,1.0568089392320088,0.057788542441927146,100,,,,,,,,0.00025791011145022023,0.009773958610841757,0.9822939818159447,,,,,0.09194375231516534,,,,5.261262741682383,,,,,,,,True,True
GPT-2 XL,zsRE,MEMIT,NAS,canonical,150,T17,1,,unchanged_original,1000,1000,150,edited_prefix,greedy_target_prefix,-0.0192500635032567,0.1263921642335411,0.9903965842317876,0.0103774275229876,0.12804476222574318,0.009737702841672875,7.346044332131212,0.01933369809930007,84.93678592951296,57.333333333333336,33.333333333333336,1.0078043079455439,0.13420213572072398,T17,unchanged_original,-0.05382403461998256,0.3210604057446955,1.0088245970250198,0.3258371717021151,117.27701485489216,118.24091134515898,0.06048852198179512,18.52656157564088,0.0231753838247912,0.05382403461998256,0.003628842358674457,0.12313278407515345,1.0191135571938632,-0.10401922688129064,0.12313278407515345,0.8824597025019809,1.0082189719056156,415.0,1000,subject_last,rewrite,subject_last,H18,1a2b67c5f921cfa0a196d561fff67653cbdad84376f48f565865546c5b9add52,81f7105eaa0a3473ebe7a8131c236927b7da514b2728d79979458efd85b5dcaf,2.1296228867349875e-15,True,66aa17d4bd30ba8c945ed8912e4453cb664d22364715b57abe80f5293a987c4b,6fe751e864fa27dae8c0fedb1873597702d75aec536a18e202b5c34c1aab71ce,6f733116e3a4cb60da3ca1035c779dd5d756fda5a2e9001739033a46aad74795,dba7a6012aac3068c358b366ec6806c544a2e4f672678bf1d8dfcd2aa183b654,True,50.0,27.0,original_208,True,True,GPT-2 XL|zsRE|MEMIT|NAS|canonical|150,-0.08833805011845884,0.5652717988694365,1.0760894419290679,0.0763174224355398,100.0,-0.08766626993754588,0.5596812713354433,1.0734751315502569,0.07365322476654282,150,,,,,,,,0.0004931067428344876,0.018953188368984988,0.980946168105306,,,,,0.12804476222574318,,,,7.346044332131212,,,,,,,,True,True
GPT-2 XL,zsRE,MEMIT,NAS,canonical,200,T17,1,,unchanged_original,1000,1000,200,edited_prefix,greedy_target_prefix,-0.023372066422018094,0.1570003539793484,0.9914775264288908,0.010624288533159,0.15894847492554162,0.014939541258408521,9.126251846674682,0.023463833322798416,78.78179999571351,58.0,33.0,1.0104887547463792,0.15544123177561492,T17,unchanged_original,-0.06483594319462335,0.4056519375301491,1.0300796274640154,0.4111415648010238,117.27701485489216,120.65035342981744,0.08973531885446522,23.13557847756608,0.03632990099839523,0.06483594319462335,0.0050830797517937626,0.18788312399198628,1.0632943173545337,-0.12458880663745293,0.18788312399198628,3.007962746401538,1.028763850948109,696.0,1000,subject_last,rewrite,subject_last,H18,a68812500087e79322d06bb5bebe110e9e8f644df22ab4a7616f880648a1b196,81f7105eaa0a3473ebe7a8131c236927b7da514b2728d79979458efd85b5dcaf,2.151707383037361e-15,True,caff0d4521876a638f58d182e35c0c0f8437fe2c3518dd99b0e4580d98b05726,6fe751e864fa27dae8c0fedb1873597702d75aec536a18e202b5c34c1aab71ce,636cb371531eeb500297fcf61a6546a577d0e10eb7445450c6d9cc8af33e5095,59038dbe210f2e5099e491310b1a525fe3396b5c55a21e307be1133f284b8db7,True,44.0,22.0,original_208,True,True,GPT-2 XL|zsRE|MEMIT|NAS|canonical|200,-0.09505164663466827,0.6136097102676364,1.0975237915385971,0.0976563745823369,100.0,-0.09242198782553096,0.6019561927264896,1.092610617124512,0.09267690864638188,200,,,,,,,,0.0007176842964716384,0.029147270628017738,0.9831208220804531,,,,,0.15894847492554162,,,,9.126251846674682,,,,,,,,True,True
GPT-2 XL,zsRE,MEMIT,NAS,canonical,250,T17,1,,unchanged_original,1000,1000,250,edited_prefix,greedy_target_prefix,-0.027525353263503458,0.1857382913475715,0.9931929043402786,0.0113132608286062,0.187999845702016,0.02075338169792621,10.791810309899141,0.027609209574389823,72.53154188303938,54.8,30.4,1.0129480788629148,0.1727816589762144,T17,unchanged_original,-0.07089133131436257,0.477096509360332,1.0562957235923576,0.48268770643693065,117.27701485489216,123.59369512378474,0.1169197226956849,26.751254833998182,0.05891231547848258,0.07089133131436257,0.005966799318054942,0.2551462382119723,1.1193303749013026,-0.1358158633106702,0.2551462382119723,5.629572359235757,1.0538611958763469,863.0,1000,subject_last,rewrite,subject_last,H18,8166368788e703f133415c3d34989cb463001a50e4efc6f79e8d622ab267e597,81f7105eaa0a3473ebe7a8131c236927b7da514b2728d79979458efd85b5dcaf,2.0592620275246865e-15,True,cac771565d7a35aa5a01f8e622fddbaab469ec8175e0e1dba650c58c1d0c4aa8,6fe751e864fa27dae8c0fedb1873597702d75aec536a18e202b5c34c1aab71ce,f7e2b1f74423d723faf0a5ef81dd435c91c91816c8f08863695631ee89ae9b05,c33f80b79ed935c394040e66386c27f2a295dfb3d385225c2dad833fa14f9809,True,34.0,15.0,original_208,True,True,GPT-2 XL|zsRE|MEMIT|NAS|canonical|250,-0.09891170947876987,0.6595176479236862,1.1214591320244236,0.12145913202442352,100.0,-0.0943847983859904,0.6461551917640741,1.116859290913456,0.11685929091345619,250,,,,,,,,0.0009726346219940945,0.04065842921825794,0.9865803573132451,,,,,0.187999845702016,,,,10.791810309899141,,,,,,,,True,True
GPT-2 XL,zsRE,MEMIT,NAS,canonical,300,T17,1,,unchanged_original,1000,1000,300,edited_prefix,greedy_target_prefix,-0.03199766242268296,0.206845877645097,0.9937164826189946,0.0125498858755948,0.20955246390227306,0.02569960544664531,12.02865001356478,0.03209344103941646,68.16602210680203,57.666666666666664,34.0,1.0152707292886494,0.1877296867255718,T17,unchanged_original,-0.07691996679758319,0.5291043785348253,1.0763499675701151,0.5350490639866837,117.27701485489216,125.85549795445375,0.13802534522628257,29.312571382424302,0.07800803262034599,0.07691996679758319,0.006931353644868329,0.310350577160749,1.1634419972104515,-0.14690857995029802,0.310350577160749,7.634996757011514,1.0731471815698568,918.0,1000,subject_last,rewrite,subject_last,H18,8f76f8d2e8f0ac5651f193930341a05afa47fc575dbcccf34ff4b220a2a0939b,81f7105eaa0a3473ebe7a8131c236927b7da514b2728d79979458efd85b5dcaf,1.9984014443252818e-15,True,83e1af408b9e73cd1f4621e78bc1b4b0f95a0aa36f5087fe0667d8ab225b2a2c,6fe751e864fa27dae8c0fedb1873597702d75aec536a18e202b5c34c1aab71ce,df2024b2fa8888b713a0426eb617f88f53bb7801174c8d8acaaa6e8ef8ab8b61,04b29549274a3b0a968a06b93d3bb510c050f7de43dd46e7d2e3e4ce0d7fa608,True,32.0,18.0,original_208,True,True,GPT-2 XL|zsRE|MEMIT|NAS|canonical|300,-0.10304284566602458,0.6941010648135592,1.1398423329369645,0.13984233293696474,100.0,-0.0976217007906268,0.6765332643590455,1.1329014105558712,0.13291209600868129,300,,,,,,,,0.0012961316215346654,0.05037691280475076,0.9876777195809195,,,,,0.20955246390227306,,,,12.02865001356478,,,,,,,,True,True
GPT-2 XL,zsRE,MEMIT,NAS,canonical,500,T17,1,,unchanged_original,1000,1000,500,edited_prefix,greedy_target_prefix,-0.04323154528261579,0.2974246611871695,1.009261169260954,0.0202299881864603,0.3008611175314069,0.05105063902581776,17.11757318508101,0.04336681241495114,52.45534388467563,50.4,34.8,1.0245041888163273,0.2373582166399484,T17,unchanged_original,-0.09611215570527339,0.7310028028906463,1.1751391075979463,0.737744172980726,117.27701485489216,137.11240949965,0.22306507912150664,38.21931371882989,0.17543618685870507,0.09611215570527339,0.01039364212693771,0.5750155382305759,1.3931848689469672,-0.18183066928360905,0.5750155382305759,17.513910759794626,1.1691328404743278,981.0,1000,subject_last,rewrite,subject_last,H18,be531e2b7708d5d1657161c2a768983cd13e58ca55bcaac9c9d42c3a7d17e704,81f7105eaa0a3473ebe7a8131c236927b7da514b2728d79979458efd85b5dcaf,1.887379141862766e-15,True,600913a3c2961a92c0c7b61595bdc68811fb722ad70159c1809b8ebe2283626b,6fe751e864fa27dae8c0fedb1873597702d75aec536a18e202b5c34c1aab71ce,13cfe20f8708c80745d7b923d363829c44e319b7a71cc090dccecee45657c045,4bf169947f979d85bb4a5413119f77a156e6883836598c9edde6f6ef9e3be57b,True,22.0,15.0,original_208,True,True,GPT-2 XL|zsRE|MEMIT|NAS|canonical|500,-0.11692839097947245,0.8382024596485622,1.2255861602381153,0.22558616023811517,100.0,-0.10795714638741563,0.8117601839600365,1.2140191403608114,0.2140422311687178,500,,,,,,,,0.002322995167426085,0.10366376971437742,1.0195236743165719,,,,,0.3008611175314069,,,,17.11757318508101,,,,,,,,True,True
GPT-2 XL,zsRE,MEMIT,NAS,canonical,750,T17,1,,unchanged_original,1000,1000,750,edited_prefix,greedy_target_prefix,-0.04910888641069151,0.3438278752201902,1.0209577501159193,0.0283271361412965,0.3476397033144047,0.0668244015783741,19.626789427266498,0.04927459090935898,47.530493452330056,51.46666666666667,35.06666666666667,1.0333073799898278,0.2776417667854644,T17,unchanged_original,-0.1131471725919131,0.8616611730577145,1.2485198347650777,0.869586336084969,117.27701485489216,145.45918021590566,0.2803419167288532,43.36174303976702,0.2485744210116443,0.11314802760503627,0.014197920030595357,0.7889769728358392,1.5768805476826087,-0.21209642515323085,0.7889769728358392,24.851983476507765,1.2403042522516756,995.0,1000,subject_last,rewrite,subject_last,H18,3e59b1e1195e00e0287a5c1dfa3457e5f6cef392fe8d9d3fd9dbb5044185cc08,81f7105eaa0a3473ebe7a8131c236927b7da514b2728d79979458efd85b5dcaf,2.1482116765444034e-15,True,ceaf6ea066d6d8e5b6d276da444a94ddb1e5d11c06ff629aa322d9e1e184751d,6fe751e864fa27dae8c0fedb1873597702d75aec536a18e202b5c34c1aab71ce,11cbebcb39a9098209c06fb9a27b32bbc52de970f684086b11337528065d6494,f75b5a1e5cec2442e06281eb3f73827d1264bdbfc53194f0091854430477b648,True,19.0,15.0,original_208,True,True,GPT-2 XL|zsRE|MEMIT|NAS|canonical|750,-0.13042714350969523,0.9372341898185357,1.2880880004735638,0.2880880004735638,100.0,-0.11868965299781507,0.8965507813575749,1.266086898715769,0.2660868987157688,750,,,,,,,,0.0030126948480093223,0.13929043164229535,1.0440853536689214,,,,,0.3476397033144047,,,,19.626789427266498,,,,,,,,True,True
GPT-2 XL,zsRE,MEMIT,NAS,canonical,1000,T17,1,,unchanged_original,1000,1000,1000,edited_prefix,greedy_target_prefix,-0.05678246581440345,0.3640348508136367,1.021576623197748,0.0303181553106981,0.36878553227408256,0.07459876363111642,20.822617665132743,0.05697165841597608,47.743355934570495,52.9,36.8,1.040698729515996,0.3075278302580341,T17,unchanged_original,-0.13015170635733314,0.9112686405188026,1.2691024457749314,0.9211527310960537,117.27701485489216,147.78653406035295,0.3060981332648532,45.64216557931764,0.2691024457749313,0.13015170635733314,0.01837054109052371,0.8709595838228679,1.6290267121987259,-0.2419328716241426,0.8709595838228679,26.91024457749314,1.2601491796428352,1000.0,1000,subject_last,rewrite,subject_last,H18,dd1b96bfc870e8bc42c48da6d9e14c062b1da8a6c2448b433b4fd6a2be7bd864,81f7105eaa0a3473ebe7a8131c236927b7da514b2728d79979458efd85b5dcaf,1.5504728880996049e-15,True,cd06e1bcc7219523a77fd347772897f65396e76f938f4078eb88ed83ba7c3ec4,6fe751e864fa27dae8c0fedb1873597702d75aec536a18e202b5c34c1aab71ce,41dc9efc4ea49f8f57bc0594e857f6af75ecff1f6724a516c636eb3fe05b90a9,bbd75145f73ec8c6e57172f21c23909bc3177c73efc99368e308960c1b83aac1,True,20.0,12.0,original_208,True,True,GPT-2 XL|zsRE|MEMIT|NAS|canonical|1000,-0.14440204923513916,0.9750021865383153,1.3070343573155483,0.30703435731554835,100.0,-0.13015170635733314,0.9112686405188026,1.2691024457749314,0.2691024457749313,1000,,,,,,,,0.0039613108043415534,0.15522553237317338,1.045621911548708,,,,,0.36878553227408256,,,,20.822617665132743,,,,,,,,True,True
GPT-2 XL,zsRE,MEMIT,Native,canonical,50,T18,1,,unchanged_original,1000,1000,50,edited_prefix,greedy_target_prefix,-0.006997121332089254,0.0540982561473866,0.994731674432462,0.0054392383731221,0.05464091752154037,0.0017396698356802248,3.1203416994703157,0.007088842162158732,94.74501741429997,44.0,24.0,1.0025178121146394,0.07654599315567284,T18,unchanged_original,-0.019744581325085817,0.12462023689119242,0.9927389194519506,0.1263091930334468,117.27701485489216,116.44270693316155,0.012242006795442295,7.205970957543213,0.012717266091758205,0.019753058007612765,0.0006227373777589894,0.0246432112565148,0.9857767859841026,-0.038866425272412644,0.0246432112565148,-0.7261080548049414,0.9928860064969857,79.0,1000,subject_last,rewrite,subject_last,H18,644084b4f62efa7d2a34b78f29c3376a869daf37e841877def3e57228e3bc1aa,81f7105eaa0a3473ebe7a8131c236927b7da514b2728d79979458efd85b5dcaf,2.3314683517128287e-15,True,e80c3964db29682c116053b983c83e3214211e733804c3e42603dd729f3a3681,0dc9ab1dbad9ef50b7299d5bbaef40921f4bee4ff5fbe284c00f000622a1f701,63535b8c98ac527e90f0a6545c6f18cb5b4dbff4d28f5cc655c11eb85fcb97d9,8217fd1dea5ed9d3810c4d06782ed1f58e4de66f2eaeb8b110bc9fd65737a193,True,,,,True,True,GPT-2 XL|zsRE|MEMIT|Native|canonical|50,,,,,,-0.06908425427914205,0.4744096112998096,1.0462496758367195,0.04732472186709945,50,,,,,,,,6.717200887810734e-05,0.0034309357308616494,0.9895038650755612,,,,,0.05464091752154037,,,,3.1203416994703157,,,,,,,,True,True
GPT-2 XL,zsRE,MEMIT,Native,canonical,100,T18,1,,unchanged_original,1000,1000,100,edited_prefix,greedy_target_prefix,-0.014447616091289995,0.0954612014023183,0.9910417472864048,0.0093339895165751,0.09670972148942403,0.005542342145585296,5.536425320020703,0.014500665768383157,89.90191888881809,55.0,33.0,1.0052419495611356,0.11037125891003907,T18,unchanged_original,-0.03871963476923197,0.22657632568576422,0.9950775677705356,0.23010148112439088,117.27701485489216,116.7005106255197,0.03312514232432915,13.14897130038053,0.01865666424027371,0.03871963476923197,0.0019915204621614186,0.06631337603005238,0.9908656269537502,-0.07544774907630254,0.06631337603005238,-0.4922432229464424,0.9950842521862807,170.0,1000,subject_last,rewrite,subject_last,H18,8cacc813de822f0ce2ad7221327aeb74bf589e68200c00846b61a5335cbad0a2,81f7105eaa0a3473ebe7a8131c236927b7da514b2728d79979458efd85b5dcaf,2.1094237467877974e-15,True,54ce1916148f6f31b5a235d34e29aa5f12d53ef95380ba0b137f5e642917481e,0dc9ab1dbad9ef50b7299d5bbaef40921f4bee4ff5fbe284c00f000622a1f701,e5e188ac234a5a6d7a7171a86d71acce2ef86adaa6cc5b73fa57444ba42a777c,38517a014469b5c98adc05fce04e891d7157b0921c6b5296fee1a596a95f0bff,True,55.00000000000001,33.0,original_208,True,True,GPT-2 XL|zsRE|MEMIT|Native|canonical|100,-0.0787224270039741,0.5138435348660285,1.0569693486556353,0.05806425340465107,100.0,-0.0787224270039741,0.5138435348660285,1.0569693486556353,0.05806425340465107,100,,,,,,,,0.0002787570343608057,0.010820195952267816,0.9822037208040487,,,,,0.09670972148942403,,,,5.536425320020703,,,,,,,,True,True
GPT-2 XL,zsRE,MEMIT,Native,canonical,150,T18,1,,unchanged_original,1000,1000,150,edited_prefix,greedy_target_prefix,-0.01965415241391155,0.1313888898400611,0.9907526850247492,0.0102506876108582,0.13304628255178108,0.010495336468148236,7.634167906332526,0.019739341074526053,84.1919677280819,58.666666666666664,34.0,1.0079333020664873,0.13545917492822418,T18,unchanged_original,-0.05341750542726372,0.3226108543168507,1.0096330980381185,0.3272850511549241,117.27701485489216,118.37247042280313,0.06085884780437729,18.60438457495097,0.02308538041318362,0.05341750542726372,0.0035687846283139197,0.12397345478003903,1.020707228553826,-0.10326622622621352,0.12397345478003903,0.9633098038118515,1.0093407524847593,437.0,1000,subject_last,rewrite,subject_last,H18,7729303a54a6adc14cdf7ec42df6262ef6ad88f1c3817d0600a528aadc9b00a2,81f7105eaa0a3473ebe7a8131c236927b7da514b2728d79979458efd85b5dcaf,2.206256426573914e-15,True,f3b2d39d6dda38f2627a67ca689a464ba90839d5c7a0665125b6f450701f8a09,0dc9ab1dbad9ef50b7299d5bbaef40921f4bee4ff5fbe284c00f000622a1f701,6c3e1c5a0af0d2a8994a5cf9fc2a3446ed52e744f28d26b8bce3153c512b2781,6ab3751829f5fd495598ca24fbf5374f9d44cdb973a6fd4c0e8d5aaffc5652b0,True,51.0,27.0,original_208,True,True,GPT-2 XL|zsRE|MEMIT|Native|canonical|150,-0.08877420586823487,0.5682274649436057,1.0765637496057425,0.0766058608663492,100.0,-0.08787542629025606,0.5634547357413419,1.074741541736287,0.07479291605928834,150,,,,,,,,0.0005104936049400967,0.02045354960892981,0.9816557383860468,,,,,0.13304628255178108,,,,7.634167906332526,,,,,,,,True,True
GPT-2 XL,zsRE,MEMIT,Native,canonical,200,T18,1,,unchanged_original,1000,1000,200,edited_prefix,greedy_target_prefix,-0.023693594267960236,0.1609049447475054,0.9918599355713824,0.0105261434517864,0.1628528890051615,0.0156371839196466,9.350729322922023,0.023784863887790927,77.53316487051879,60.5,32.0,1.0105028149271995,0.15578938127038616,T18,unchanged_original,-0.06424821752262717,0.40188835318508415,1.028920893429994,0.4073030160860571,117.27701485489216,120.57805568467337,0.0882807088956186,22.943300453360497,0.03497280174834572,0.06424821752262717,0.004992730159213394,0.18421176624693464,1.0607080613608941,-0.12350370488604094,0.18421176624693464,2.8920893429994043,1.0281473810862736,700.0,1000,subject_last,rewrite,subject_last,H18,483d6519a7773914854b4a25164a2533259726a717b80a44d07a333f3ecd76a9,81f7105eaa0a3473ebe7a8131c236927b7da514b2728d79979458efd85b5dcaf,2.1094237467877974e-15,True,2bf39e248ae7ac99f162f33ff6a8b0f6f878857791a92ef01d6670bbabf518d1,0dc9ab1dbad9ef50b7299d5bbaef40921f4bee4ff5fbe284c00f000622a1f701,67bd5c62adc58f5466a3e57507c4562899efd266aa6c7c8051011367e4fc65cc,618e6d5413e53768eddddc02f1686dab5bfe9a0b366e3e202bff83c142f4083d,True,47.0,21.0,original_208,True,True,GPT-2 XL|zsRE|MEMIT|Native|canonical|200,-0.09546405901524997,0.613677972980901,1.096299846453242,0.09629984645324198,100.0,-0.09252185384384885,0.5999699119194487,1.090877352807563,0.09087735280756305,200,,,,,,,,0.0007334858819999326,0.03053575478578612,0.9838820521318655,,,,,0.1628528890051615,,,,9.350729322922023,,,,,,,,True,True
GPT-2 XL,zsRE,MEMIT,Native,canonical,250,T18,1,,unchanged_original,1000,1000,250,edited_prefix,greedy_target_prefix,-0.02774442248417035,0.1918516729147621,0.9942604113905184,0.0110581384198227,0.19407701860988236,0.022010438293295156,11.138029478744407,0.027833099247521743,71.46568857045533,56.4,27.6,1.0129678212705244,0.17316428367256645,T18,unchanged_original,-0.06929198685679222,0.4708376028124586,1.0542073093590425,0.4762377431666654,117.27701485489216,123.42761433602807,0.11403767595016885,26.444337968081534,0.0565583878769123,0.06929198685679222,0.005707597312286619,0.24730184405819772,1.1144254676569003,-0.13287637640129782,0.24730184405819772,5.42073093590425,1.0524450548877469,867.0,1000,subject_last,rewrite,subject_last,H18,ee9d8c78607b29ce095fb225bdcdce1b5822631181c2fe0c3d30151cd6187d6a,81f7105eaa0a3473ebe7a8131c236927b7da514b2728d79979458efd85b5dcaf,2.247325260283853e-15,True,12ec1a853b48748c143ab2d4cb59045ed6fe445ea60bd37666a92207d64fb3c3,0dc9ab1dbad9ef50b7299d5bbaef40921f4bee4ff5fbe284c00f000622a1f701,87d268cbdbbcdbcc63f78bb3bfc1c07773ed73dd11e7fb40cdf61cf6d91e5e2a,6ff08754144c68ca9181bdba4a8a01d4cdf83ef3488977ada29e537c4c003b59,True,37.0,15.0,original_208,True,True,GPT-2 XL|zsRE|MEMIT|Native|canonical|250,-0.09837322530313236,0.6564657061915063,1.1189151319101056,0.1189151319101055,100.0,-0.0930966076417722,0.6388450907331985,1.1128515120532032,0.11285151205320304,250,,,,,,,,0.0009879942135179525,0.04321277590780488,0.9887119251529821,,,,,0.19407701860988236,,,,11.138029478744407,,,,,,,,True,True
GPT-2 XL,zsRE,MEMIT,Native,canonical,300,T18,1,,unchanged_original,1000,1000,300,edited_prefix,greedy_target_prefix,-0.032628023692205764,0.219038467873069,0.9960380846713764,0.012498238064957,0.2217085288339327,0.02855348613026317,12.71513557715478,0.03271719164039386,66.30853757404078,57.666666666666664,33.333333333333336,1.0155706111136251,0.18964420152946754,T18,unchanged_original,-0.07574094729965512,0.5306563234125483,1.077412355056159,0.5363910044439081,117.27701485489216,126.06354684942806,0.1381530326725967,29.39220482258763,0.07881761609222829,0.07574094729965512,0.006718987809705563,0.3099690019372108,1.1652060951476066,-0.14476290678960468,0.3099690019372108,7.7412355056158955,1.0749211770559437,927.0,1000,subject_last,rewrite,subject_last,H18,dbdf955505baf47d91c2942061d14838ac9a2d4a871d506fab8b98e0c28d05b7,81f7105eaa0a3473ebe7a8131c236927b7da514b2728d79979458efd85b5dcaf,2.185957067425097e-15,True,f16949805a4a5a30cc26325068ebeba694674f05be2ba2feb34a8559bb072668,0dc9ab1dbad9ef50b7299d5bbaef40921f4bee4ff5fbe284c00f000622a1f701,9ce6c54cc2eaa579a99fdc83740023a09e9b2d04dbd55d401a6eb35920f65be7,6d34d9138ab5ae18d0e21e99e00ac5043965f4e925d45c0e391fbb869e1c018d,True,37.0,21.0,original_208,True,True,GPT-2 XL|zsRE|MEMIT|Native|canonical|300,-0.10243930329389021,0.69728326992484,1.1411496437107511,0.14114964371075112,100.0,-0.09648208457338749,0.6767616299323916,1.133100263840268,0.13310026384026832,300,,,,,,,,0.0013504767033690516,0.05624477975723805,0.9923392090761955,,,,,0.2217085288339327,,,,12.71513557715478,,,,,,,,True,True
GPT-2 XL,zsRE,MEMIT,Native,canonical,500,T18,1,,unchanged_original,1000,1000,500,edited_prefix,greedy_target_prefix,-0.04463878295987213,0.3126648733941509,1.0128984619347905,0.0225332445669239,0.31615477972948336,0.05569924965734257,17.949831656516476,0.04475330099911217,52.17373528083945,51.0,36.2,1.0254994727416955,0.242298732166587,T18,unchanged_original,-0.09678512721511112,0.7301108430475656,1.1732104197062112,0.7369167246496006,117.27701485489216,137.01406863056994,0.22312490599358584,38.27532339266724,0.1734213591360302,0.09678512721511112,0.01054545748801781,0.5701072241862121,1.3870824272440079,-0.18302479694220444,0.5701072241862121,17.32104197062112,1.168294305581521,985.0,1000,subject_last,rewrite,subject_last,H18,67507b7e639acfede396c28da83957455822b947243698ed848d72e052826eda,81f7105eaa0a3473ebe7a8131c236927b7da514b2728d79979458efd85b5dcaf,2.003884844820984e-15,True,54af57067dced00400458f9b48a74b1074f3e6115dd1d54437ca6e57d059357f,0dc9ab1dbad9ef50b7299d5bbaef40921f4bee4ff5fbe284c00f000622a1f701,0255fda2a5a0031e50e76c317163d193b1fef9d2d46f532e0a9d5b97d8f464c0,4e6a053efd5d40809e2fe9ab082e75d12813dbd5a6540a613fb4766efa5e9bc7,True,20.0,15.0,original_208,True,True,GPT-2 XL|zsRE|MEMIT|Native|canonical|500,-0.1181661938758738,0.8420775623529748,1.2260925742888726,0.22609257428887275,100.0,-0.10906405793042802,0.8128225347973514,1.212946815646696,0.21294897306102792,500,,,,,,,,0.00246099373770785,0.1138424485027455,1.027025876320709,,,,,0.31615477972948336,,,,17.949831656516476,,,,,,,,True,True
GPT-2 XL,zsRE,MEMIT,Native,canonical,750,T18,1,,unchanged_original,1000,1000,750,edited_prefix,greedy_target_prefix,-0.05496198808818222,0.4041322515005497,1.039821431552174,0.0443544624029126,0.40818299901125754,0.08813854391139699,22.760363176425674,0.05507815369703088,45.310220428114874,46.266666666666666,32.266666666666666,1.0375338895782862,0.2942452913591449,T18,unchanged_original,-0.11735230313962898,0.9412040775517696,1.302533382989705,0.9489797448824024,117.27701485489216,151.73232493296504,0.3117738289556621,45.960704453706306,0.30254877258882623,0.11735230313962898,0.015219132673714568,0.9393809706819959,1.719895497076453,-0.2194854736055434,0.9393809706819959,30.2533382989705,1.2937942283123827,998.0,1000,subject_last,rewrite,subject_last,H18,9191f82695fdf65f03070fdcc8095d23af2c0c59ef62ff031bc8beb58d42b7db,81f7105eaa0a3473ebe7a8131c236927b7da514b2728d79979458efd85b5dcaf,2.01518532872783e-15,True,80b18ad80154945830d11f5431daf87217e3774eabff366f5a30c1c804e4aedc,0dc9ab1dbad9ef50b7299d5bbaef40921f4bee4ff5fbe284c00f000622a1f701,4889613e7f7330f67c25c7cb207793b74b05ddb04474ef7adcffdb84e02891d2,b9ba34bb2680fa8e24d4c26dd414711d01f40b6e47af4cb56403013f60c0909d,True,14.000000000000002,14.000000000000002,original_208,True,True,GPT-2 XL|zsRE|MEMIT|Native|canonical|750,-0.1340740395184768,1.0069796905937642,1.3373677478245982,0.33736774782459816,100.0,-0.12318125313890171,0.9773355872752703,1.322102761658675,0.32210276165867496,750,,,,,,,,0.003685078598140941,0.1906087118681632,1.0843698142899398,,,,,0.40818299901125754,,,,22.760363176425674,,,,,,,,True,True
GPT-2 XL,zsRE,MEMIT,Native,canonical,1000,T18,1,,unchanged_original,1000,1000,1000,edited_prefix,greedy_target_prefix,-0.07624361146709012,0.518054489471453,1.076888977819978,0.0801768352401103,0.5239962700537976,0.13540603077574048,28.52845659908182,0.07635915614402314,36.57507449808773,38.1,25.7,1.0499348894248692,0.3392106446881745,T18,unchanged_original,-0.15987294758918033,1.1718240070335715,1.4537059885052763,1.183265021440542,117.27701485489216,169.03625189161605,0.4085394217393089,53.3771842073985,0.4537059885052766,0.15987294758918033,0.02778679631168709,1.4477027915113398,2.1557436926446667,-0.29195909886667365,1.4477027915113398,45.370598850527635,1.44134169940091,1000.0,1000,subject_last,rewrite,subject_last,H18,cacdf84be8fcc49f7cf8d8294f2645f8c9a921ba2bf26cf9c5f0bca2364feb93,81f7105eaa0a3473ebe7a8131c236927b7da514b2728d79979458efd85b5dcaf,1.414807796264212e-15,True,7a8950b1299f6e2897983dc535eadb52a274bd5af69eed0f2e8742a047a6ce48,0dc9ab1dbad9ef50b7299d5bbaef40921f4bee4ff5fbe284c00f000622a1f701,c8e8f51f1eaa526fb0b327a5794be09a260a41af44d4b73c45fa8a0aa8294d2e,8f3a4e7a639d3394aaf557ccb4722ff2febbcc8dd7f188504ef5ee0c7c04f147,True,9.0,8.0,original_208,True,True,GPT-2 XL|zsRE|MEMIT|Native|canonical|1000,-0.1711362923123726,1.2000004422679773,1.4701987704441628,0.47019877044416303,100.0,-0.15987294758918033,1.1718240070335715,1.4537059885052763,0.4537059885052766,1000,,,,,,,,0.006933207456134545,0.31331082886833345,1.1677568133902878,,,,,0.5239962700537976,,,,28.52845659908182,,,,,,,,True,True
GPT-2 XL,zsRE,MEMIT,SADR,canonical,50,T19,1,,unchanged_original,1000,1000,50,edited_prefix,greedy_target_prefix,-0.005702339741240027,0.0545535834744418,0.9960241048198978,0.004076631126088,0.05490883151045944,0.0017337175632171193,3.1411306629272024,0.005733359479348212,95.01209868760182,22.0,12.0,1.0024269633301175,0.07546244399930285,T19,unchanged_original,-0.015830617072972744,0.12020359900880893,0.9960924363211848,0.12135989438328802,117.27701485489216,116.8398365135555,0.01159432425801448,6.914366540142152,0.010648803405407224,0.015840901650438083,0.0004342953459764478,0.023716374867950904,0.9924894360679823,-0.03122693879996904,0.023716374867950904,-0.39075636788151735,0.9962722589598858,93.0,1000,subject_last,rewrite,subject_last,H18,0bc0066045c291d3fcc72f87acb4c8d17c6637ecaffdf85bac506be2e8d66ec3,81f7105eaa0a3473ebe7a8131c236927b7da514b2728d79979458efd85b5dcaf,2.220446049250313e-15,True,f8eef1f42245f90f359205899212f70d69efb99c4551b3ff4443020c926b4d31,d279ecc2e8cbf6324f23284f5df093bc3544674374ffb06446a99e9a5e906c33,e107673fb67f82880f3d9e59043899dc92d689d84706fd2fa94773e962956a9d,556e5a8e839e68b2b26fd0ac6f39dd8195dfbf53dc9dea5a694d403d057a65b6,True,,,,True,True,GPT-2 XL|zsRE|MEMIT|SADR|canonical|50,,,,,,-0.059850725974531074,0.47481405164093465,1.0547344939873007,0.0555695166289468,50,,,,,,,,4.226864656832995e-05,0.0034335839556801336,0.9920711731197684,,,,,0.05490883151045944,,,,3.1411306629272024,,,,,,,,True,True
GPT-2 XL,zsRE,MEMIT,SADR,canonical,100,T19,1,,unchanged_original,1000,1000,100,edited_prefix,greedy_target_prefix,-0.01077259497321379,0.093576587651073,0.9944024155606156,0.0063467841251949,0.09430761080484341,0.005197428764649593,5.402235863250177,0.01079854380618469,91.59343106214162,33.0,16.0,1.0051350176515241,0.1097319286756696,T19,unchanged_original,-0.029321702284860578,0.21527374078310565,1.0018205485370546,0.21745994463980567,117.27701485489216,117.50614087949951,0.030168565978413008,12.373412537314598,0.015822874738718802,0.029332424938020372,0.0012285192318877637,0.06182910662667139,1.0044142212888385,-0.0574148853378334,0.06182910662667139,0.18205485370546004,1.0019537163773384,263.0,1000,subject_last,rewrite,subject_last,H18,34b8cf31761838101bbb7c082c0b10d2e0f183a8e930821ba155e3f34cf67484,81f7105eaa0a3473ebe7a8131c236927b7da514b2728d79979458efd85b5dcaf,2.220446049250313e-15,True,28a16ec95d0c83a6592993be397c5e969d2c6f9bc2c8e9de7cbc002e80616087,d279ecc2e8cbf6324f23284f5df093bc3544674374ffb06446a99e9a5e906c33,bc716341d336157a6a8100d4a7c2e092fca94b371dfb835e6244e041b5995e75,06b5b0aee49989e912ae9cb8eb1c155a85a825cab5373a68960c5a09164eb241,True,33.0,16.0,original_208,True,True,GPT-2 XL|zsRE|MEMIT|SADR|canonical|100,-0.0655409443167328,0.5161311978373972,1.0692574546413196,0.06958085117011599,100.0,-0.0655409443167328,0.5161311978373972,1.0692574546413196,0.06958085117011599,100,,,,,,,,0.00014964945863581633,0.010259010218047676,0.988863469730256,,,,,0.09430761080484341,,,,5.402235863250177,,,,,,,,True,True
GPT-2 XL,zsRE,MEMIT,SADR,canonical,150,T19,1,,unchanged_original,1000,1000,150,edited_prefix,greedy_target_prefix,-0.014234448925628683,0.1273837024172985,0.9953511963206914,0.0072403386950269,0.12832134533234335,0.00959952056656524,7.354188925232004,0.014248281951303779,87.62941970301121,42.666666666666664,21.333333333333332,1.0078466194817304,0.1354124760146201,T19,unchanged_original,-0.03955182247001929,0.3046484529367486,1.0177063489723062,0.3074566928466029,117.27701485489216,119.3463431325748,0.054477241020672966,17.352000716732583,0.02467443286181269,0.039554366690128184,0.0021166320634180575,0.11430820552669771,1.0373211926500776,-0.07698701287662052,0.11430820552669771,1.7706348972306163,1.01764478981873,582.0,1000,subject_last,rewrite,subject_last,H18,ac052ba23928e327e01614d0e93c8a1ca84ab14ecb0f6588e0a904b4e8b66c95,81f7105eaa0a3473ebe7a8131c236927b7da514b2728d79979458efd85b5dcaf,2.3856460249017816e-15,True,eab76e8c43316bccfaebf64040ae935eeaac66bf0994b67c7f738248d0d094af,d279ecc2e8cbf6324f23284f5df093bc3544674374ffb06446a99e9a5e906c33,70dd846d0069abd66aa89d3f9959116eec61312115071a9951ee7f591eccf6d6,616ee7921311c5f737a7ebb5e079b27c432e70f8090d280f1072aa7c84ea9314,True,40.0,18.0,original_208,True,True,GPT-2 XL|zsRE|MEMIT|SADR|canonical|150,-0.07236360376013908,0.5680335829137143,1.0902807267485206,0.09028072674852071,100.0,-0.07084247229671099,0.5653575596586045,1.09044070985475,0.09044070985474996,150,,,,,,,,0.0002602711572533891,0.018990372340702947,0.990781745646699,,,,,0.12832134533234335,,,,7.354188925232004,,,,,,,,True,True
GPT-2 XL,zsRE,MEMIT,SADR,canonical,200,T19,1,,unchanged_original,1000,1000,200,edited_prefix,greedy_target_prefix,-0.01740843607978684,0.15650755023023,0.997018401945637,0.0082714471117425,0.1576343645800054,0.01439045471977223,9.029519134025563,0.01741853536035775,83.81908933520428,41.5,23.5,1.010485133447474,0.1566463322100722,T19,unchanged_original,-0.047938435616140224,0.3860682679101169,1.0391768307299332,0.38931628251187017,117.27701485489216,121.82649074298725,0.08110381235083364,21.70891990787547,0.04224189857300072,0.047941753627921545,0.002985279604191073,0.17538912018048836,1.0824975285523997,-0.0928915916280894,0.17538912018048836,3.9176830729933165,1.0387925621548622,780.0,1000,subject_last,rewrite,subject_last,H18,d9ad787433baf6f53861c46938019d6faef1688129e798bca4c141d97e33fb48,81f7105eaa0a3473ebe7a8131c236927b7da514b2728d79979458efd85b5dcaf,2.1140470711129473e-15,True,031ef863f683de5727c5cbd5a34b48634b1c8297c4994ceb904afc303168e99a,d279ecc2e8cbf6324f23284f5df093bc3544674374ffb06446a99e9a5e906c33,eb7a7b704e0ba4c31a4a786e5d9c0bb203e56b468f6444d85faf6ed40849f750,97d6a82ae6a2e8efb507a662fb29e07c62dca483c32a6546dd3307f81642d644,True,35.0,18.0,original_208,True,True,GPT-2 XL|zsRE|MEMIT|SADR|canonical|200,-0.07780901522480353,0.6163230356077388,1.1125260625324889,0.11252606253248874,100.0,-0.07471696237731532,0.609569393843835,1.1112369720680362,0.111236972068036,200,,,,,,,,0.000384028981273893,0.028583759914294685,0.9941509167359949,,,,,0.1576343645800054,,,,9.029519134025563,,,,,,,,True,True
GPT-2 XL,zsRE,MEMIT,SADR,canonical,250,T19,1,,unchanged_original,1000,1000,250,edited_prefix,greedy_target_prefix,-0.019456606614829987,0.1815992679110062,0.9999623505757328,0.0094814236846248,0.18281452898117068,0.01926267610563285,10.455570893519806,0.019470168965048898,78.75302346220546,41.6,22.4,1.0129827159295628,0.17447143478076943,T19,unchanged_original,-0.05148265756211077,0.4539490493299087,1.0644746560542715,0.457171020056614,117.27701485489216,124.69784500051739,0.10526787093547756,25.1064106910598,0.06574356724208319,0.051490221205330707,0.00341798596287114,0.23648189649584095,1.136934567334491,-0.09954732916135041,0.23648189649584095,6.4474656054271495,1.063276083167764,910.0,1000,subject_last,rewrite,subject_last,H18,dd1d344f4e4fef691d1002899439ce5be989f15355667b74332feced16dcf63a,81f7105eaa0a3473ebe7a8131c236927b7da514b2728d79979458efd85b5dcaf,2.1838467912504143e-15,True,cdcccebaaacc26a66fadc20a0aa94e2a59f2b0e26325753f4d0a95777c9f43c3,d279ecc2e8cbf6324f23284f5df093bc3544674374ffb06446a99e9a5e906c33,fd15b5c90c2fe9cf5b0bd07f28e44df6d36e75d957f59d8400f3032e05d01a72,229f8b13909967af8a682e6d9f8da6730075056c18d07f18a13f3968a2a03316,True,27.0,14.000000000000002,original_208,True,True,GPT-2 XL|zsRE|MEMIT|SADR|canonical|250,-0.07991590226917193,0.6589625515330255,1.1354985816554948,0.13549858165549478,100.0,-0.0749527467580157,0.6495067259687994,1.133995165124717,0.13399516512471704,250,,,,,,,,0.00047918367590975584,0.03853879151722127,1.000104761963471,,,,,0.18281452898117068,,,,10.455570893519806,,,,,,,,True,True
GPT-2 XL,zsRE,MEMIT,SADR,canonical,300,T19,1,,unchanged_original,1000,1000,300,edited_prefix,greedy_target_prefix,-0.020339890244520292,0.20393091332316,1.00413562741441,0.0112549657691264,0.20512214902877618,0.024110276041310753,11.701921509720338,0.02036300392113107,75.8162051240458,44.666666666666664,24.666666666666668,1.0157352659104442,0.1918658096449562,T19,unchanged_original,-0.053709904539372355,0.5133428490932117,1.090467342980246,0.5164810588670236,117.27701485489216,127.68990155907731,0.12738960222584583,27.898407450204413,0.09108114384612774,0.05371819711790802,0.003697923871130538,0.29850745952869556,1.1947855743210818,-0.10372188520761418,0.29850745952869556,9.046734298024607,1.08878881097945,942.0,1000,subject_last,rewrite,subject_last,H18,adb1ecd1ad1157f60a7dec89d19472398997d8466c483e7a93638104a1226097,81f7105eaa0a3473ebe7a8131c236927b7da514b2728d79979458efd85b5dcaf,1.9098744644829806e-15,True,8c06d239f6d84cce345f0f2e66cc544be3875e0069b5f783480e089fb5b6a935,d279ecc2e8cbf6324f23284f5df093bc3544674374ffb06446a99e9a5e906c33,c721b6aa6d71509cdefe735630c2c30c5bcf5d4cab769fbb3fe20b8457d1a947,5d3889acdb11b4f9048615a184fd46f75923a805c4480b4a42326fa40500e65a,True,28.000000000000004,13.0,original_208,True,True,GPT-2 XL|zsRE|MEMIT|SADR|canonical|300,-0.08080883220753274,0.699226748544395,1.159830263023296,0.15983026302329587,100.0,-0.07385506172084594,0.6870778550267319,1.1579243185015784,0.15792431850157815,300,,,,,,,,0.0005304785581893086,0.04871902529097623,1.008569723360125,,,,,0.20512214902877618,,,,11.701921509720338,,,,,,,,True,True
GPT-2 XL,zsRE,MEMIT,SADR,canonical,500,T19,1,,unchanged_original,1000,1000,500,edited_prefix,greedy_target_prefix,-0.028874176523932038,0.2930184274464781,1.0213633391933734,0.0254580810101356,0.29465563325495986,0.04805458169496339,16.607146433486324,0.02887898837867437,61.5828058152347,48.4,28.4,1.0277398892835665,0.25418899405689654,T19,unchanged_original,-0.07449223332420549,0.7429623824696889,1.2027844300901134,0.7471539753474961,117.27701485489216,140.62412387255264,0.22105066333516918,37.831203494587115,0.20285738817529853,0.07451297135102616,0.0068611167420545216,0.6042713679194326,1.4621480180130766,-0.14212334990635644,0.6042713679194326,20.278443009011337,1.1990765969490957,994.0,1000,subject_last,rewrite,subject_last,H18,7b3b33b92932b11b32a8c9790b3810f9ef86b30f1e93585770dee71d595f870c,81f7105eaa0a3473ebe7a8131c236927b7da514b2728d79979458efd85b5dcaf,1.887379141862766e-15,True,a7464f93733d7118ce7c344c6e38f93f2ea82360d6aaca769a13c24ac0403e58,d279ecc2e8cbf6324f23284f5df093bc3544674374ffb06446a99e9a5e906c33,4796a01a98468d8a4a4fec1ae6d53de51b218091c9664a2d8dfc62d19031e8a1,afb392cb2eb836f14d47e70d83ff13c83c1405ef74f32ca58304abb59116661d,True,21.0,13.0,original_208,True,True,GPT-2 XL|zsRE|MEMIT|SADR|canonical|500,-0.0981180058292095,0.8674893540537484,1.259814620857571,0.2598146208575709,100.0,-0.0875275014918272,0.8485785064333379,1.254878885514753,0.254878885514753,500,,,,,,,,0.0010635049480536775,0.10102606645036616,1.0443412183505556,,,,,0.29465563325495986,,,,16.607146433486324,,,,,,,,True,True
GPT-2 XL,zsRE,MEMIT,SADR,canonical,750,T19,1,,unchanged_original,1000,1000,750,edited_prefix,greedy_target_prefix,-0.04113787751476753,0.4212214748328232,1.0610042868332226,0.0630326921046093,0.42347193767143526,0.09201275175309281,23.182760625797165,0.04113812406711698,47.70617559855364,42.53333333333333,25.466666666666665,1.044882080018035,0.32340131668506045,T19,unchanged_original,-0.10162415724024798,1.064690703882787,1.411097943178596,1.0701258424197286,117.27701485489216,164.53725491374465,0.34628618659180005,48.473281583289534,0.41113006086458403,0.10165326454021177,0.012390685189856416,1.2287436489017125,2.037886019611073,-0.1908576292906395,1.2287436489017125,41.109794317859595,1.4029795618291272,998.0,1000,subject_last,rewrite,subject_last,H18,468f3199177f527719a2e7dec3a09cf95ab6c763697968b16877d620421fa26b,81f7105eaa0a3473ebe7a8131c236927b7da514b2728d79979458efd85b5dcaf,1.7828588983917782e-15,True,a0733404fa8b8a2219c580bf8f1dc6c0f6b069b6f597902f96e7acb472eaa76f,d279ecc2e8cbf6324f23284f5df093bc3544674374ffb06446a99e9a5e906c33,d9e885d9c893a028b8f258181af8c2f379ba0ca00c642ad180f591b6e0227aec,be2af4c6571ae6a63d35aef140b75b8a39db0ba664fb9b1130f64466a56b3edb,True,13.0,9.0,original_208,True,True,GPT-2 XL|zsRE|MEMIT|SADR|canonical|750,-0.12008676341412979,1.1187506372887353,1.4366825176596256,0.43668251765962557,100.0,-0.10773845896636292,1.1128255014441342,1.440015568102405,0.4400155681024051,750,,,,,,,,0.0021405189617389117,0.21091305724622594,1.1307778211784298,,,,,0.42347193767143526,,,,23.182760625797165,,,,,,,,True,True
GPT-2 XL,zsRE,MEMIT,SADR,canonical,1000,T19,1,,unchanged_original,1000,1000,1000,edited_prefix,greedy_target_prefix,-0.07191946062469047,0.6703764685679379,1.1741347110420484,0.1752138715708524,0.6745196812637296,0.19208506758029142,34.161760817526314,0.07191946062469047,27.611048634664947,31.0,18.8,1.0673129712395237,0.39629382154984516,T19,unchanged_original,-0.16986992744105225,1.7013578928847302,1.914494060068215,1.710569653423769,117.27701485489216,222.43873773130943,0.5367912311196069,62.00183103979025,0.914494060068215,0.16986992744105225,0.034108511239445034,3.170628097089608,3.864996753446949,-0.3056313436426595,3.170628097089608,91.4494060068215,1.8966950856187357,1000.0,1000,subject_last,rewrite,subject_last,H18,31760c470b558d8a418d61f55cd6209df6e0f6fac287f8420e54fb088f32f31d,81f7105eaa0a3473ebe7a8131c236927b7da514b2728d79979458efd85b5dcaf,1.6985252218822782e-15,True,7debe6cdab051d728c9a995240062358584edf84b238245a69497f649ccd12a7,d279ecc2e8cbf6324f23284f5df093bc3544674374ffb06446a99e9a5e906c33,6a18f3dd5192633def2d1bc0fa3ae1b14955231f0bbb289efa41d46e398bb561,29bbfde32b5f4ecb90cbc10a07e39bf97993153380c2a7553330a9ea8ca0d4c7,True,9.0,5.0,original_208,True,True,GPT-2 XL|zsRE|MEMIT|SADR|canonical|1000,-0.1804352992541007,1.7021608267465043,1.909969016150271,0.909969016150271,100.0,-0.16986992744105225,1.7013578928847302,1.914494060068215,0.914494060068215,1000,,,,,,,,0.006491022619817514,0.546439211903898,1.4090913132743346,,,,,0.6745196812637296,,,,34.161760817526314,,,,,,,,True,True
GPT-2 XL,zsRE,MEMIT,SPHERE,canonical,50,SPHERE_corrected_zsRE_MEMIT,1,,GPT2_SPHERE_semantic_input_axis_corrected_20260927,1000,1000,50,edited_prefix,greedy_target_prefix,-0.006077221223697192,0.04747316592994389,0.9952418605918629,0.0049560064262026944,,,,,95.55733315873132,38.0,20.0,,,,GPT2_SPHERE_semantic_input_axis_corrected_20260927,-0.018243159055430107,0.11142086913065039,0.9921203619950467,0.1130357577577284,117.27701485489219,116.37159129819894,0.010213519554140998,6.449814244958941,0.011930344868109203,0.018255248387207816,0.0005498284878762979,0.02041160432264087,0.984475114699657,-0.035936489622983916,0.02041160432264087,,,,1000,subject_last,rewrite,subject_last,H18,9bbb77ad44375664c1ab4290addf7d049776c8a034b17be61d98b8d63ec20ba7,81f7105eaa0a3473ebe7a8131c236927b7da514b2728d79979458efd85b5dcaf,,,,,,,,,,,True,,GPT-2 XL|zsRE|MEMIT|SPHERE|canonical|50,,,,,,-0.06614396411537815,0.44310851809239155,1.0349193978812246,0.03633147719799207,50,50.0,50.0,1000.0,True,,locality,prompt_last,5.2916108824247756e-05,0.002619629381451572,0.9905181030428815,-0.012101526338570139,0.002619629381451572,-0.009481896957118562,0.00620978366481089,0.047953162622128585,126.41310234146,125.81410946208794,0.0013269638621077103,2.736501450782745,0.9802001092154332,b220d1f2a5bfa1fb536dcbb4c261a915a1abb28406fbc98d1f15f8b24f982d5d,109ccbd41133959e3dfe358f0d6d7ed3baf3fd0dc074e309a99a5396d172d1f8,1000.0,prompt_last,-0.015524885300343032,0.9737695179119422,True,True
GPT-2 XL,zsRE,MEMIT,SPHERE,canonical,100,SPHERE_corrected_zsRE_MEMIT,1,,GPT2_SPHERE_semantic_input_axis_corrected_20260927,1000,1000,100,edited_prefix,greedy_target_prefix,-0.012044944542173804,0.07529509514206043,0.991360197910936,0.008872019397362062,,,,,92.41321913663893,46.0,24.0,,,,GPT2_SPHERE_semantic_input_axis_corrected_20260927,-0.03443551990433213,0.18661814598360985,0.9898488255304042,0.1900123663697535,117.27701485489219,116.09929462315898,0.024017082257070648,10.869945657735581,0.018731103491409065,0.03443551990433213,0.0016189618348634188,0.04748958072747841,0.9802375027536775,-0.06725207797380083,0.04748958072747841,,,,1000,subject_last,rewrite,subject_last,H18,108f38b2d0fdd748bc82e23566c875dc553bd77f77fe218ee357da0919615db6,81f7105eaa0a3473ebe7a8131c236927b7da514b2728d79979458efd85b5dcaf,,,,,,,,,,,True,,GPT-2 XL|zsRE|MEMIT|SPHERE|canonical|100,-0.07311862738353918,0.46427276763512454,1.0380046300203667,0.03993232664006027,100.0,-0.07311862738353918,0.46427276763512454,1.0380046300203667,0.03993232664006027,100,100.0,100.0,1000.0,True,,locality,prompt_last,0.0002038514918803608,0.006716225423533885,0.9828301878310667,-0.023886037592467248,0.006716225423533885,-0.01716981216893336,0.012174044479488475,0.07640994626855803,126.41310234146,125.32316152161579,0.0034418327986727995,4.364219508083662,0.9705420193486162,9128c6f428f5a2b22e9dfd33d198807153ebc7cbdf53f28d21ba947fb1cd3c10,109ccbd41133959e3dfe358f0d6d7ed3baf3fd0dc074e309a99a5396d172d1f8,1000.0,prompt_last,-0.019762497246322428,0.967032989569825,True,True
GPT-2 XL,zsRE,MEMIT,SPHERE,canonical,150,SPHERE_corrected_zsRE_MEMIT,1,,GPT2_SPHERE_semantic_input_axis_corrected_20260927,1000,1000,150,edited_prefix,greedy_target_prefix,-0.01564389639272158,0.0953030696134739,0.9898373936808497,0.010526238511784232,,,,,89.87983938773783,57.333333333333336,34.0,,,,GPT2_SPHERE_semantic_input_axis_corrected_20260927,-0.04660626727599387,0.2550986228714804,0.9951714359043919,0.25962541405652145,117.27701485489219,116.7031540937486,0.041082709320348396,14.851983928552828,0.020897759480942447,0.04660626727599387,0.0028022155102904243,0.08154017730243393,0.9911298582607365,-0.09041031904169733,0.08154017730243393,,,,1000,subject_last,rewrite,subject_last,H18,426fda9757e84877999e80b104c250b1fbdb904ed121ef719491b92e7246a5d9,81f7105eaa0a3473ebe7a8131c236927b7da514b2728d79979458efd85b5dcaf,,,,,,,,,,,True,,GPT-2 XL|zsRE|MEMIT|SPHERE|canonical|150,-0.07930865124261902,0.48910177109190917,1.044135925390043,0.045489119466035524,100.0,-0.07949529150026853,0.49235156551982034,1.0456909349381147,0.04719157771616077,150,150.0,150.0,1000.0,True,,locality,prompt_last,0.0003441347462607006,0.010772951115571642,0.9798292930763891,-0.030943658039182458,0.010772951115571642,-0.020170706923610816,0.015831053337723954,0.09677672553214406,126.41310234146,125.12864109566505,0.005550446723181951,5.538657390670528,0.9690445184522503,efeddd275627186e6241b2bad045dd1580f7426feb474f886cdebfda45a63f21,109ccbd41133959e3dfe358f0d6d7ed3baf3fd0dc074e309a99a5396d172d1f8,1000.0,prompt_last,-0.008870141739263388,0.9667757172065,True,True
GPT-2 XL,zsRE,MEMIT,SPHERE,canonical,200,SPHERE_corrected_zsRE_MEMIT,1,,GPT2_SPHERE_semantic_input_axis_corrected_20260927,1000,1000,200,edited_prefix,greedy_target_prefix,-0.018114684410648903,0.11046667604767521,0.9892482165471824,0.011201089917376755,,,,,87.31046837058568,59.0,33.5,,,,GPT2_SPHERE_semantic_input_axis_corrected_20260927,-0.055640527469667946,0.3111827902321439,1.0035817793330573,0.3164649620055427,117.27701485489219,117.66012460328601,0.0577660799323809,18.055344540312237,0.023257649881799645,0.055640527469667946,0.003854535864244745,0.11567714657686777,1.0082506275017766,-0.10742651907509115,0.11567714657686777,,,,1000,subject_last,rewrite,subject_last,H18,74d31c184d4883d16de6d06c945d1b9b401720049e6f51e23601b0d15643ece5,81f7105eaa0a3473ebe7a8131c236927b7da514b2728d79979458efd85b5dcaf,,,,,,,,,,,True,,GPT-2 XL|zsRE|MEMIT|SPHERE|canonical|200,-0.08305019430335238,0.5092067555387308,1.0506826246750007,0.05151260572706342,100.0,-0.08304080798623767,0.5127281009412096,1.052431337573944,0.05297382784721932,200,200.0,200.0,1000.0,True,,locality,prompt_last,0.0004582551102278641,0.014443644695539637,0.9786725309844696,-0.035771113711069946,0.014443644695539637,-0.021327469015530304,0.018313348128251156,0.11216227537948344,126.41310234146,125.05237970353515,0.007457776272671422,6.428248724273242,0.969248544400325,4e649647cee9453c5c5d4b1b0542419e53576e129acaa7fea019aba05031553a,109ccbd41133959e3dfe358f0d6d7ed3baf3fd0dc074e309a99a5396d172d1f8,1000.0,prompt_last,0.008250627501776634,0.9677530192370236,True,True
GPT-2 XL,zsRE,MEMIT,SPHERE,canonical,250,SPHERE_corrected_zsRE_MEMIT,1,,GPT2_SPHERE_semantic_input_axis_corrected_20260927,1000,1000,250,edited_prefix,greedy_target_prefix,-0.020793321969928124,0.1279063208067699,0.9890599460401415,0.01159824371113285,,,,,84.97293198478079,54.400000000000006,30.4,,,,GPT2_SPHERE_semantic_input_axis_corrected_20260927,-0.061184683943195865,0.3562330753193499,1.013867977007525,0.36181610925621155,117.27701485489219,118.80996495196771,0.0724636410736158,20.551307940552505,0.027128487852022497,0.061185983764963724,0.004565751137368677,0.14710891491824826,1.0293052981692252,-0.11780361674902305,0.14710891491824826,,,,1000,subject_last,rewrite,subject_last,H18,764a6805a2d0d998f80fdec8d1e7f830cb7588675d5a106b09610074d00780d1,81f7105eaa0a3473ebe7a8131c236927b7da514b2728d79979458efd85b5dcaf,,,,,,,,,,,True,,GPT-2 XL|zsRE|MEMIT|SPHERE|canonical|250,-0.08528875438462385,0.5276367964673832,1.057925742155481,0.05837090813529782,100.0,-0.08431976969141546,0.5295080750448575,1.0599686423409824,0.060347299594260946,250,250.0,250.0,1000.0,True,,locality,prompt_last,0.0005890978066524212,0.019306087106851458,0.9783085409736476,-0.040997546133203826,0.019306087106851458,-0.021691459026352364,0.020996246972595185,0.1298123920431658,126.41310234146,125.02566585188845,0.00997217266156327,7.449577029542118,0.9703899305679451,f0a9bc16414e38cf7141bb860d62e74fb63d54addf5963372da9e6b529dadacd,109ccbd41133959e3dfe358f0d6d7ed3baf3fd0dc074e309a99a5396d172d1f8,1000.0,prompt_last,0.02930529816922523,0.9698977340375717,True,True
GPT-2 XL,zsRE,MEMIT,SPHERE,canonical,300,SPHERE_corrected_zsRE_MEMIT,1,,GPT2_SPHERE_semantic_input_axis_corrected_20260927,1000,1000,300,edited_prefix,greedy_target_prefix,-0.02394936952833342,0.14351304602083303,0.9884437508845348,0.012415088719724523,,,,,82.86509942848348,55.00000000000001,32.0,,,,GPT2_SPHERE_semantic_input_axis_corrected_20260927,-0.06584311458107175,0.39132485327871797,1.0227480304637608,0.3972266451611997,117.27701485489219,119.81750938187034,0.08479664077031757,22.468489747373052,0.03232124419106535,0.06584560002267943,0.005226213282436104,0.1741443692947185,1.047684353415011,-0.1264600158797074,0.1741443692947185,,,,1000,subject_last,rewrite,subject_last,H18,43c52de098b228c0f708d2a52564b6b24f97ed6f0a52b3b83e54163cfdabd8a5,81f7105eaa0a3473ebe7a8131c236927b7da514b2728d79979458efd85b5dcaf,,,,,,,,,,,True,,GPT-2 XL|zsRE|MEMIT|SPHERE|canonical|300,-0.08708441326287086,0.5416271333765476,1.063772531280466,0.06407726129132078,100.0,-0.08571188422455661,0.5441567410342258,1.0664113957151142,0.06668629580540625,300,300.0,300.0,1000.0,True,,locality,prompt_last,0.0007733595863998073,0.024230356239705632,0.9771049767694386,-0.047125379470267036,0.024230356239705632,-0.0228950232305614,0.024164170284463566,0.14574778103455782,126.41310234146,124.94503781147071,0.012544317136885065,8.371680025878243,0.9690702137322976,d2377eae95d08644b21574fff2c6e666c83f0482cad5e44bc6dd7dbf1bb8a1b4,109ccbd41133959e3dfe358f0d6d7ed3baf3fd0dc074e309a99a5396d172d1f8,1000.0,prompt_last,0.047684353415011066,0.9708635986606773,True,True
GPT-2 XL,zsRE,MEMIT,SPHERE,canonical,500,SPHERE_corrected_zsRE_MEMIT,1,,GPT2_SPHERE_semantic_input_axis_corrected_20260927,1000,1000,500,edited_prefix,greedy_target_prefix,-0.029697703846519125,0.1855430802547923,0.9908484117883906,0.012398818932979772,,,,,72.33066004288591,58.4,35.8,,,,GPT2_SPHERE_semantic_input_axis_corrected_20260927,-0.07848327289721439,0.502072657753922,1.0586081983692426,0.5086277710507922,117.27701485489219,123.93293594907975,0.12688684782458926,28.251575090525904,0.06130207324707636,0.07848327289721439,0.007134081072081795,0.27323858772991627,1.1234061230075694,-0.14983246472234696,0.27323858772991627,,,,1000,subject_last,rewrite,subject_last,H18,2e352349afd2c7db0da0405a5f4c46ab4b30fff17a1adb04ac6155356d8f289c,81f7105eaa0a3473ebe7a8131c236927b7da514b2728d79979458efd85b5dcaf,,,,,,,,,,,True,,GPT-2 XL|zsRE|MEMIT|SPHERE|canonical|500,-0.09265430146110333,0.5928745923009621,1.0871933227555828,0.08720439201450395,100.0,-0.09017973892681376,0.5932246030448328,1.089829195038626,0.08986968219118421,500,500.0,500.0,1000.0,True,,locality,prompt_last,0.0011803799742328668,0.0401446394986618,0.9819296117798564,-0.05821502771880538,0.0401446394986618,-0.01807038822014359,0.02997465632721788,0.18822370621596507,126.41310234146,125.23530538711235,0.020678076059734242,10.818248546190786,0.9714366747000062,81cd81a4122cb372fadd8cb89bdb7329f4336c93434a759a7cb837b7e194cbd2,109ccbd41133959e3dfe358f0d6d7ed3baf3fd0dc074e309a99a5396d172d1f8,1000.0,prompt_last,0.12340612300756934,0.9745550052986086,True,True
GPT-2 XL,zsRE,MEMIT,SPHERE,canonical,750,SPHERE_corrected_zsRE_MEMIT,1,,GPT2_SPHERE_semantic_input_axis_corrected_20260927,1000,1000,750,edited_prefix,greedy_target_prefix,-0.03257317698621411,0.21907103693745258,0.9957731903888413,0.01257944788163433,,,,,65.9071061366913,60.93333333333333,38.4,,,,GPT2_SPHERE_semantic_input_axis_corrected_20260927,-0.08790731068037479,0.6043844900181002,1.102034419504112,0.6112629217379466,117.27701485489219,128.8834781276225,0.1692646208935842,33.17952053054856,0.10271556070527742,0.08790731068037479,0.008768375927649839,0.385442056652014,1.2183958112189144,-0.16704624543309973,0.385442056652014,,,,1000,subject_last,rewrite,subject_last,H18,5190f7ed40bfec1e6e80e66bd476a3362dc91b4dc0a78629ef450d5274d64f9e,81f7105eaa0a3473ebe7a8131c236927b7da514b2728d79979458efd85b5dcaf,,,,,,,,,,,True,,GPT-2 XL|zsRE|MEMIT|SPHERE|canonical|750,-0.09510635790933045,0.6388952304290766,1.1119688450900151,0.11196884509001506,100.0,-0.09309797137261076,0.6456072471979939,1.1177041422965304,0.11774359635255939,750,750.0,750.0,1000.0,True,,locality,prompt_last,0.0014360453404213835,0.05553268280820945,0.9918223741762027,-0.06371030863200686,0.05553268280820945,-0.008177625823797401,0.03298935863323345,0.22186089834987707,126.41310234146,125.84349725680508,0.02829269615211685,12.730431023000762,0.9747923924740823,5ecf660676b97841f39722a9ab18d4c6230e780f75e2597c1e033b2f40c08ea7,109ccbd41133959e3dfe358f0d6d7ed3baf3fd0dc074e309a99a5396d172d1f8,1000.0,prompt_last,0.21839581121891427,0.9777571185260859,True,True
GPT-2 XL,zsRE,MEMIT,SPHERE,canonical,1000,SPHERE_corrected_zsRE_MEMIT,1,,GPT2_SPHERE_semantic_input_axis_corrected_20260927,1000,1000,1000,edited_prefix,greedy_target_prefix,-0.03671183385355937,0.2515430544553109,1.0003674914891416,0.014082574330924498,,,,,59.12080452119408,60.5,38.6,,,,GPT2_SPHERE_semantic_input_axis_corrected_20260927,-0.09818962876638128,0.6906559444196794,1.1411466843764502,0.6981740400838728,117.27701485489219,133.37988630970776,0.2068353127922506,37.16996253410984,0.1411608399276287,0.09818962876638128,0.010714253260705468,0.49236059415230204,1.3066955898802448,-0.1856650042720571,0.49236059415230204,,,,1000,subject_last,rewrite,subject_last,H18,40c91213d40d54850f3886f097f5990a4afa83be0723e2622a365d3d031f3197,81f7105eaa0a3473ebe7a8131c236927b7da514b2728d79979458efd85b5dcaf,,,,,,,,,,,True,,GPT-2 XL|zsRE|MEMIT|SPHERE|canonical|1000,-0.10049430113071033,0.6815469199355713,1.133442296973184,0.1334422969731838,100.0,-0.09818962876638128,0.6906559444196794,1.1411466843764502,0.1411608399276287,1000,1000.0,1000.0,1000.0,True,,locality,prompt_last,0.0018000926451576073,0.07276113022706178,1.0011375551651007,-0.07162357506196111,0.07276113022706178,0.0011375551651006623,0.03717662778891328,0.25461348677887546,126.41310234146,126.40599554836453,0.036717826893933644,14.578792756356572,0.9758575225054644,124a9c0d86fdc627bc38bb7e6ff007f12da2490195a3cb740c0fce39c543ad74,109ccbd41133959e3dfe358f0d6d7ed3baf3fd0dc074e309a99a5396d172d1f8,1000.0,prompt_last,0.3066955898802449,0.978702466808265,True,True
Llama,CounterFact,AlphaEdit,ENCORE,canonical,50,ENCORE_corrected_CounterFact_AlphaEdit,1,,corrected_encore_dataset_editor_parameters_20260924,1000,1000,50,edited_prefix,greedy_target_prefix,-0.015768565389121247,0.12752166088241587,0.9933280612624722,0.008215134687269202,,,,,69.89999999999999,94.0,26.0,,,,corrected_encore_dataset_editor_parameters_20260924,-0.01627394259880089,0.44916108721366,1.089431644397819,0.4501980659118213,6.0210290437772525,6.567114303059169,0.09451167485783381,24.20007030496064,0.09026952607105657,0.023104658272673946,0.00104948742539954,0.2220064326758779,1.1905080349036756,-0.031498397772202244,0.2220064326758779,,,,1000,subject_last,rewrite,subject_last,H9,b221240c751a85c0f096e2698c3de0461a9bd763935b0c225d30862eb6ced6a2,496ad3dc7e4a4f6e0028c5232e7959196dc8c1f7ffe82e6113d1c01e23171100,,,,,,,,,,,True,,Llama|CounterFact|AlphaEdit|ENCORE|canonical|50,,,,,,-0.08881204793097983,0.7678674501387424,1.1933627810154344,0.19336278101543442,50,50.0,50.0,1000.0,True,,locality,prompt_last,0.0003099843698220996,0.017982332327636307,0.986755185919216,-0.031227146408420395,0.017982332327636307,-0.013244814080784085,0.01577483050047164,0.12866282035368087,4.997606944086907,4.964404458293846,0.00914225078554115,7.378043657248374,0.9830538485119729,bc7a760c5fbfd59fc72c37b019e03a870fd6e2e79ab9eb08466051f88d83555e,1a09df8e249acf92b7564a6519839b1174bca6e8e9a56d39c7d1f3cbc0e6999b,1000.0,prompt_last,0.19050803490367568,0.9952949582108244,True,True
Llama,CounterFact,AlphaEdit,ENCORE,canonical,100,ENCORE_corrected_CounterFact_AlphaEdit,1,,corrected_encore_dataset_editor_parameters_20260924,1000,1000,100,edited_prefix,greedy_target_prefix,-0.02079248362002546,0.18325293562413913,0.997571269769811,0.0087191921718753,,,,,51.15,78.0,26.0,,,,corrected_encore_dataset_editor_parameters_20260924,-0.021971280961700587,0.6468190341768297,1.1815253451041554,0.6484012166578982,6.0210290437772525,7.126629804158227,0.1676753971644466,32.97807891270272,0.18167362933841333,0.03513066749994788,0.002186656695589122,0.4465156398231668,1.4047597345953546,-0.04175590522781206,0.4465156398231668,,,,1000,subject_last,rewrite,subject_last,H9,844925d6f9e25be0b703ff6913e31420342ad9ab1b9fe18dca0914582bb64289,496ad3dc7e4a4f6e0028c5232e7959196dc8c1f7ffe82e6113d1c01e23171100,,,,,,,,,,,True,,Llama|CounterFact|AlphaEdit|ENCORE|canonical|100,-0.08863055277566564,0.8788295510647086,1.2685892456483066,0.26858924564830666,100.0,-0.08863055277566564,0.8788295510647086,1.2685892456483066,0.26858924564830666,100,100.0,100.0,1000.0,True,,locality,prompt_last,0.0005494944492828894,0.03631013003732628,0.9952746572465583,-0.041035472790768024,0.03631013003732628,-0.004725342753441747,0.02081100325262455,0.1846610886926203,4.997606944086907,4.985758934787851,0.0183477244225753,10.584932251347428,0.9850922396270609,699988f2c379e9c84dc5bb06fcd6b8002f2a56a200ec26292df0af0578f2da40,1a09df8e249acf92b7564a6519839b1174bca6e8e9a56d39c7d1f3cbc0e6999b,1000.0,prompt_last,0.4047597345953547,0.9951267093737781,True,True
Llama,CounterFact,AlphaEdit,ENCORE,canonical,150,ENCORE_corrected_CounterFact_AlphaEdit,1,,corrected_encore_dataset_editor_parameters_20260924,1000,1000,150,edited_prefix,greedy_target_prefix,-0.021968852199863022,0.22578729920516047,1.005838270524889,0.012243723242413029,,,,,39.85,71.33333333333334,24.0,,,,corrected_encore_dataset_editor_parameters_20260924,-0.013545185097843146,0.7610193933698026,1.255153451292687,0.7625867149956502,6.0210290437772525,7.569306149956327,0.2082978839108172,37.06715719919282,0.25516332730338676,0.03842166009150118,0.002523882479678691,0.6135852673347899,1.5890187796187825,-0.02456648771600761,0.6135852673347899,,,,1000,subject_last,rewrite,subject_last,H9,fae3c88d3f25457fca269ec1fdc52b24819dc9d1e4639a87f30046b3203e789e,496ad3dc7e4a4f6e0028c5232e7959196dc8c1f7ffe82e6113d1c01e23171100,,,,,,,,,,,True,,Llama|CounterFact|AlphaEdit|ENCORE|canonical|150,-0.08143020224087114,0.9293219377187226,1.3094216048464105,0.30942160484641046,100.0,-0.0768785010247072,0.9450632026053521,1.3241704794629672,0.3241704794629671,150,150.0,150.0,1000.0,True,,locality,prompt_last,0.0006327454325414521,0.0553021131801142,1.0119971542129296,-0.04330495896718459,0.0553021131801142,0.011997154212929611,0.022034879921409244,0.22712420911721565,4.997606944086907,5.027513227648441,0.027450551494254162,12.958670913439422,0.9886878156442093,c0dbf1482aa8e95a3e4259217e2c5e428aaadd529297b6b33931eced3f7aab70,1a09df8e249acf92b7564a6519839b1174bca6e8e9a56d39c7d1f3cbc0e6999b,1000.0,prompt_last,0.5890187796187825,0.9959035140438366,True,True
Llama,CounterFact,AlphaEdit,ENCORE,canonical,200,ENCORE_corrected_CounterFact_AlphaEdit,1,,corrected_encore_dataset_editor_parameters_20260924,1000,1000,200,edited_prefix,greedy_target_prefix,-0.023242576315319688,0.259742243829369,1.013242616830918,0.01724591888597047,,,,,33.0,74.5,24.5,,,,corrected_encore_dataset_editor_parameters_20260924,-0.006759540569203834,0.8531375576936161,1.3186578118589105,0.8548758438188943,6.0210290437772525,7.950025896770222,0.23999681642115472,40.01955798755287,0.3186578118589106,0.04380651230874422,0.003096713722853301,0.7686618193451284,1.758239451929574,-0.010422367415554365,0.7686618193451284,,,,1000,subject_last,rewrite,subject_last,H9,bba330d7cc6cb6a5e813e2693286a481567c5cc3782071c8b9641b1101eb5c09,496ad3dc7e4a4f6e0028c5232e7959196dc8c1f7ffe82e6113d1c01e23171100,,,,,,,,,,,True,,Llama|CounterFact|AlphaEdit|ENCORE|canonical|200,-0.07391818872719884,0.9734024759521778,1.346587955512442,0.3465879555124418,100.0,-0.06492734755358916,1.0014986278022677,1.3737041045607634,0.3737041045607634,200,200.0,200.0,1000.0,True,,locality,prompt_last,0.0007364683554248724,0.07284818325556901,1.0270994989803544,-0.045748684275214495,0.07284818325556901,0.027099498980354506,0.02346481677207325,0.2610876330105741,4.997606944086907,5.064949887102314,0.03569778214658331,14.832785700623411,0.9899915493339804,ea45451cd33f02cc91b9e4176f343d30ca5858f047d19fe03e2b889c6e4d307e,1a09df8e249acf92b7564a6519839b1174bca6e8e9a56d39c7d1f3cbc0e6999b,1000.0,prompt_last,0.7582394519295742,0.9959874577472531,True,True
Llama,CounterFact,AlphaEdit,ENCORE,canonical,250,ENCORE_corrected_CounterFact_AlphaEdit,1,,corrected_encore_dataset_editor_parameters_20260924,1000,1000,250,edited_prefix,greedy_target_prefix,-0.02011890206718403,0.2808934732755203,1.022328258481317,0.02454384076024962,,,,,32.1,68.8,26.0,,,,corrected_encore_dataset_editor_parameters_20260924,0.004142637277326774,0.934438945724045,1.3811418724593623,0.9363733296218745,6.0210290437772525,8.326235912540044,0.26522386279232363,42.24237444726556,0.38114187245936226,0.048891967376929475,0.0037824165345023237,0.9217416797613778,1.9338093708505337,0.012067691089155872,0.9217416797613778,,,,1000,subject_last,rewrite,subject_last,H9,0d43d70f3fd59313ad0f11d5c6af0d8e3e2467337a07b5d540b7844b0c2386d3,496ad3dc7e4a4f6e0028c5232e7959196dc8c1f7ffe82e6113d1c01e23171100,,,,,,,,,,,True,,Llama|CounterFact|AlphaEdit|ENCORE|canonical|250,-0.06351565472181603,1.0143465343812084,1.3836426502384456,0.3836426502384454,100.0,-0.048796161602986485,1.0582469048558059,1.427077206764892,0.4270772067648919,250,250.0,250.0,1000.0,True,,locality,prompt_last,0.0006232745290720678,0.08542286863684322,1.0458083390315471,-0.039614529605295996,0.08542286863684322,0.04580833903154722,0.020695191579511062,0.281947297429842,4.997606944086907,5.110894755532452,0.041055835997806864,15.913031501257118,0.9927565082391867,4c9daba01ae28efa929fe4baa96eed2a5a000ff4b55460bb0cf0008a69f67d28,1a09df8e249acf92b7564a6519839b1174bca6e8e9a56d39c7d1f3cbc0e6999b,1000.0,prompt_last,0.9338093708505337,0.9959132165768129,True,True
Llama,CounterFact,AlphaEdit,ENCORE,canonical,300,ENCORE_corrected_CounterFact_AlphaEdit,1,,corrected_encore_dataset_editor_parameters_20260924,1000,1000,300,edited_prefix,greedy_target_prefix,-0.022359969757156775,0.3059410916837951,1.0278620312842126,0.029829232917159665,,,,,29.299999999999997,71.66666666666667,25.666666666666664,,,,corrected_encore_dataset_editor_parameters_20260924,0.008118738334556525,1.0006683774927676,1.4288797721256723,1.0028207757670582,6.0210290437772525,8.613247112377206,0.287116479818346,44.15057381576505,0.4288797721256724,0.053585733014850645,0.004474714121263907,1.049524933347761,2.070237124138138,0.020712190790376946,1.049524933347761,,,,1000,subject_last,rewrite,subject_last,H9,1140d87163a3fc3b698544d562f5bca0e8f7fb5b5cb22a23e71bf2e075f7ee03,496ad3dc7e4a4f6e0028c5232e7959196dc8c1f7ffe82e6113d1c01e23171100,,,,,,,,,,,True,,Llama|CounterFact|AlphaEdit|ENCORE|canonical|300,-0.057001227403081486,1.052079984043293,1.4160310035926313,0.41603100359263095,100.0,-0.04347221469119295,1.098094636142249,1.4605537479646054,0.4605537479646054,300,300.0,300.0,1000.0,True,,locality,prompt_last,0.0007605013729754513,0.10133759912221525,1.057378160980877,-0.0439594381413381,0.10133759912221525,0.057378160980877155,0.023055611451062535,0.30712685447097726,4.997606944086907,5.138463145663973,0.04822029912775388,17.2719330946848,0.9925512681500742,1666a81e8019c1f7f80e6c5a2e4f8d199544a3ec69b7675b9c5eec7aaee55392,1a09df8e249acf92b7564a6519839b1174bca6e8e9a56d39c7d1f3cbc0e6999b,1000.0,prompt_last,1.0702371241381379,0.9957545392619351,True,True
Llama,CounterFact,AlphaEdit,ENCORE,canonical,500,ENCORE_corrected_CounterFact_AlphaEdit,1,,corrected_encore_dataset_editor_parameters_20260924,1000,1000,500,edited_prefix,greedy_target_prefix,-0.020175654338922773,0.38829525964617445,1.0586593459099498,0.05912780901748988,,,,,16.6,65.8,26.6,,,,corrected_encore_dataset_editor_parameters_20260924,0.039799101322012365,1.2454463049401325,1.6301521909821273,1.2486930709433641,6.0210290437772525,9.825850138691825,0.35363604385183167,49.47155280310265,0.6301521909821272,0.07338514988042572,0.008651363668696191,1.6217110832079387,2.70996064952066,0.08824956631272093,1.6217110832079387,,,,1000,subject_last,rewrite,subject_last,H9,f63fcad5ce8a658f33bb173f29e248d1748b768846bb1ea42ca5d3442f62e883,496ad3dc7e4a4f6e0028c5232e7959196dc8c1f7ffe82e6113d1c01e23171100,,,,,,,,,,,True,,Llama|CounterFact|AlphaEdit|ENCORE|canonical|500,-0.01346060787962531,1.223288754115048,1.575254967892731,0.5752549678927308,100.0,0.0039610887135203806,1.2987344656240032,1.6468025680082634,0.6468025680082635,500,500.0,500.0,1000.0,True,,locality,prompt_last,0.0007769161887569088,0.16263216268368735,1.1230577701945985,-0.039574392489088624,0.16263216268368735,0.12305777019459871,0.02255179176881584,0.38929317387603146,4.997606944086907,5.293173886674689,0.07297397619996565,21.414329428697812,0.9952455751288863,e8978b94cd569b2f4fe44aad94b5b210e5de6c6d5b51078a8818817923dc45fc,1a09df8e249acf92b7564a6519839b1174bca6e8e9a56d39c7d1f3cbc0e6999b,1000.0,prompt_last,1.7099606495206594,0.9946935948596767,True,True
Llama,CounterFact,AlphaEdit,ENCORE,canonical,750,ENCORE_corrected_CounterFact_AlphaEdit,1,,corrected_encore_dataset_editor_parameters_20260924,1000,1000,750,edited_prefix,greedy_target_prefix,-0.013796135366143988,0.4929032938991889,1.1078842892640073,0.1079210814564764,,,,,15.049999999999999,64.93333333333334,27.73333333333333,,,,corrected_encore_dataset_editor_parameters_20260924,0.07665930491564904,1.500323174553323,1.853559773175931,1.5049745498228142,6.0210290437772525,11.163666467956741,0.4103153344671638,53.69372495910583,0.853559773175931,0.09794621186336432,0.015221220323704716,2.3484986450345495,3.5170384751895525,0.16853983015500282,2.3484986450345495,,,,1000,subject_last,rewrite,subject_last,H9,20889714108b393af4729379f69961afb4e1f91367541cbbcbbde66f7bb69b24,496ad3dc7e4a4f6e0028c5232e7959196dc8c1f7ffe82e6113d1c01e23171100,,,,,,,,,,,True,,Llama|CounterFact|AlphaEdit|ENCORE|canonical|750,0.0413757809511033,1.4211084214479033,1.7664193998339328,0.7664193998339326,100.0,0.05610010718678391,1.5113406198935995,1.8497320309029328,0.8497320309029328,750,750.0,750.0,1000.0,True,,locality,prompt_last,0.0008073605996792161,0.2588413143819375,1.2320564042493287,-0.02678491013260876,0.2588413143819375,0.23205640424932877,0.02249241059695192,0.4937255275558576,4.997606944086907,5.540431794855567,0.1073324304996441,26.256358099964817,0.9968905653004531,fc79c24de076dfd922443537a978c4c731e78b0403418d31b8a359bb1258ea9c,1a09df8e249acf92b7564a6519839b1174bca6e8e9a56d39c7d1f3cbc0e6999b,1000.0,prompt_last,2.5170384751895525,0.9935604804330747,True,True
Llama,CounterFact,AlphaEdit,ENCORE,canonical,1000,ENCORE_corrected_CounterFact_AlphaEdit,1,,corrected_encore_dataset_editor_parameters_20260924,1000,1000,1000,edited_prefix,greedy_target_prefix,-0.008692037229323681,0.5805128838972295,1.1552499792898308,0.15525641856480973,,,,,13.15,67.10000000000001,28.9,,,,corrected_encore_dataset_editor_parameters_20260924,0.1136539547114619,1.745839063227831,2.077196316251317,1.7521566054160371,6.0210290437772525,12.499608305728847,0.4542923787964573,56.80421138812529,1.077196316251317,0.12875125514441807,0.02444500664212565,3.1899098391770275,4.441662755242077,0.25175291606504946,3.1899098391770275,,,,1000,subject_last,rewrite,subject_last,H9,1eef069c68ea29369988938cb6d154f0c48d896096bdab85225e31908f5d9b65,496ad3dc7e4a4f6e0028c5232e7959196dc8c1f7ffe82e6113d1c01e23171100,,,,,,,,,,,True,,Llama|CounterFact|AlphaEdit|ENCORE|canonical|1000,0.10414543872336948,1.65166447731608,1.9922247419100199,0.9922247419100196,100.0,0.1136539547114619,1.745839063227831,2.077196316251317,1.077196316251317,1000,1000.0,1000.0,1000.0,True,,locality,prompt_last,0.0009662018166858144,0.3591672525094487,1.342749379867487,-0.016417872641961546,0.3591672525094487,0.34274937986748716,0.024168183521891578,0.5813407180167491,4.997606944086907,5.777826090146571,0.1380646671295793,29.938068151897262,0.9973171006328925,93c55b0d1dde5952b2c194087bec954b1c9fa661db4ff3ff19c2f99cc3760c07,1a09df8e249acf92b7564a6519839b1174bca6e8e9a56d39c7d1f3cbc0e6999b,1000.0,prompt_last,3.441662755242077,0.9923950503865743,True,True
Llama,CounterFact,AlphaEdit,NAS,canonical,50,T21,1,,unchanged_original,1000,1000,50,edited_prefix,greedy_target_prefix,-0.013836410077320322,0.1229467152866924,0.9945738638247557,0.0072836701889189,0.12389037897671815,0.008440753755896278,7.101763630010533,0.013861689925106037,75.0,92.0,26.0,1.0001170504864187,0.02581376678848271,T21,unchanged_original,-0.02201939427332222,0.42608449550068656,1.0738074328233183,0.42718033950209927,6.0210290437772525,6.468517208342211,0.0873885648579167,23.283320571348828,0.0746116005973912,0.023748286411925383,0.001104715785362786,0.19826725678251828,1.1553331840212369,-0.042934072761281646,0.19826725678251828,7.380743282331825,1.0743208779282403,955.0,1000,subject_last,rewrite,subject_last,H9,9300698563cd807a2291ddf5fa15a0601475a74aa16c2b072dd730b259346490,9e827afdaf2ed34d02f8dd55d950d1ebf381a268b93ad2b0d3a3d51e9adda06d,6.276542157144014e-16,True,55963e25c9dcb6e15bdca8d67e48ff7ca5f35f6dbafdf0d5463048c94165934d,55963e25c9dcb6e15bdca8d67e48ff7ca5f35f6dbafdf0d5463048c94165934d,753639ab767c1a55563ed884f7dd899b6bd1b65c264ea088d7f21961ad6fe2f1,b790269dbfa737c4d2f2e0d45ebcae4c4149955f6072d2e67ba5e327d3c11919,True,,,,True,True,Llama|CounterFact|AlphaEdit|NAS|canonical|50,,,,,,-0.09788009984220583,0.7252854899407908,1.1586107349277361,0.15861073492773617,50,,,,,,,,0.00024470789423325405,0.01665859037240138,0.9892304781119939,,,,,0.12389037897671815,,,,7.101763630010533,,,,,,,,True,True
Llama,CounterFact,AlphaEdit,NAS,canonical,100,T21,1,,unchanged_original,1000,1000,100,edited_prefix,greedy_target_prefix,-0.01952937972670753,0.1701727052450065,0.996228831636318,0.0080584018609455,0.1714899410671096,0.015779307322181073,9.836310526062698,0.01955351737315681,56.6,86.0,37.0,1.0002047863195542,0.03558526217181523,T21,unchanged_original,-0.04188593421969075,0.5822094929842307,1.129218520146667,0.584458211272369,6.0210290437772525,6.802163847690129,0.14834056988116742,30.919194688666835,0.12941373062934505,0.042346668112174586,0.0029216129036775565,0.36047650427506334,1.2796262487393595,-0.08085025553570395,0.36047650427506334,12.92185201466669,1.129734435465011,985.0,1000,subject_last,rewrite,subject_last,H9,90cba5886c23f47fc604aa30c0561d9c86ae47c70dc4c30d5c2bf31b7cf28b53,9e827afdaf2ed34d02f8dd55d950d1ebf381a268b93ad2b0d3a3d51e9adda06d,6.200841152401466e-16,True,7db6c54d7888bf3646d359353798761d3b0107ae70501f7246e57745166f9c8c,7db6c54d7888bf3646d359353798761d3b0107ae70501f7246e57745166f9c8c,222b0e5c596c1be0c3ffb30f8e4ec3d5312b512442ddd025d48d58edce2c549c,0a9881f039c596ca88d64860395d2427afdd1e82523eb49ab792b293f7084df1,True,86.0,37.0,original_208,True,True,Llama|CounterFact|AlphaEdit|NAS|canonical|100,-0.11259210744785846,0.7943215541684799,1.1930915325854738,0.1930915325854738,100.0,-0.11259210744785846,0.7943215541684799,1.1930915325854738,0.1930915325854738,100,,,,,,,,0.0004761342155944085,0.031149378506488832,0.9925667532686682,,,,,0.1714899410671096,,,,9.836310526062698,,,,,,,,True,True
Llama,CounterFact,AlphaEdit,NAS,canonical,150,T21,1,,unchanged_original,1000,1000,150,edited_prefix,greedy_target_prefix,-0.02226177119251203,0.2053121626941228,1.000692430914108,0.0093304269467029,0.20673093070760204,0.022836106749281083,11.835788573136263,0.022285800586847693,47.75,90.66666666666667,34.0,1.000276559349078,0.04334188475337522,T21,unchanged_original,-0.05028444782942015,0.6619284230247867,1.165741205096273,0.6647118796906611,6.0210290437772525,7.020141184095111,0.18173254339515824,34.493814948113965,0.16576432031354046,0.0507296510161908,0.004083020209116077,0.4608491302760076,1.3643632548262834,-0.0964858754497242,0.4608491302760076,16.5741205096273,1.1659371069386293,998.0,1000,subject_last,rewrite,subject_last,H9,3e768cd3ae47d7c2c2bac9a6e7f8a08388851204e91828f4e6934645d62e105d,9e827afdaf2ed34d02f8dd55d950d1ebf381a268b93ad2b0d3a3d51e9adda06d,5.968754355511174e-16,True,96a7075c3c424e6b415eea23d21651264eb3008da03d2f1abf9b666af41dc5fb,96a7075c3c424e6b415eea23d21651264eb3008da03d2f1abf9b666af41dc5fb,841e754b5dd506bff46eecbcdbddf8f74e7245e2d3160b98f1e8ce405b339db5,df5a83d0d638e985342fc4e27317d00427e8d4f4a6fef8497e81df20b596ec30,True,87.0,32.0,original_208,True,True,Llama|CounterFact|AlphaEdit|NAS|canonical|150,-0.11726417280132198,0.8306749025557406,1.2144700763912173,0.2144700763912172,100.0,-0.11474483922947795,0.8312375435081727,1.2166116679052994,0.21661166790529932,150,,,,,,,,0.0006188350713477682,0.04545063777452546,1.0015459304608492,,,,,0.20673093070760204,,,,11.835788573136263,,,,,,,,True,True
Llama,CounterFact,AlphaEdit,NAS,canonical,200,T21,1,,unchanged_original,1000,1000,200,edited_prefix,greedy_target_prefix,-0.027398601474390865,0.2350326125320651,1.0024518438937036,0.0107624880803584,0.2368699244938573,0.02963791119914775,13.556195783096022,0.027406549519681977,41.3,91.5,36.5,1.0003508430363783,0.049929206496051017,T21,unchanged_original,-0.060004046568799624,0.7147601538044125,1.1885709199063468,0.7182058244277004,6.0210290437772525,7.154007511904165,0.20541965349296443,36.873825288450945,0.188577509851714,0.06027460288973546,0.005361353430225751,0.5333063901066968,1.4186596503993232,-0.1146467397073735,0.5333063901066968,18.85709199063468,1.1881702379924324,998.0,1000,subject_last,rewrite,subject_last,H9,c632cc86ab4b5f7419f8a62a278ed7b9d9352e4bd9159c193a0c5fb8130ae2c7,9e827afdaf2ed34d02f8dd55d950d1ebf381a268b93ad2b0d3a3d51e9adda06d,5.42039555935894e-16,True,266da43b305b3b3d361ba7d48427f8ff8dc4dea8658ffc52c3f4b1b5b2e34189,266da43b305b3b3d361ba7d48427f8ff8dc4dea8658ffc52c3f4b1b5b2e34189,46761e4913fefeda1ddb44799e656d38e7f75a5743f70d6730bb37e47276d9f9,c57bcd5bbcd44ee6b5c974bbf78cf8ffc0daaaecd924ea755d92cf10d3997bd5,True,85.0,32.0,original_208,True,True,Llama|CounterFact|AlphaEdit|NAS|canonical|200,-0.12205534166302973,0.8542051206367893,1.2275336519284918,0.22753365192849184,100.0,-0.11673037030729211,0.8566974700653159,1.232819163136692,0.23281916313669215,200,,,,,,,,0.0009177096824522131,0.05900058954589177,1.0051210962795623,,,,,0.2368699244938573,,,,13.556195783096022,,,,,,,,True,True
Llama,CounterFact,AlphaEdit,NAS,canonical,250,T21,1,,unchanged_original,1000,1000,250,edited_prefix,greedy_target_prefix,-0.028330226888765773,0.2530487791577276,1.0061623752079094,0.0122822211879167,0.25487616024373644,0.034101284943573104,14.561605468888574,0.028342748285778478,38.9,91.2,37.2,1.0004166575290725,0.05560103166345143,T21,unchanged_original,-0.06510196021741026,0.7496655276579605,1.2056859017215067,0.7534558976226831,6.0210290437772525,7.256145872532544,0.22095867699242808,38.368354104704885,0.2056859017215066,0.06533889921521462,0.006151529640053956,0.5837518548740909,1.4596994640793246,-0.12405239079476656,0.5837518548740909,20.56859017215067,1.205133843363833,1000.0,1000,subject_last,rewrite,subject_last,H9,02878ff3edd3d80ca1b066851559bfef22321597355a4b800ca54c99a65c5aba,9e827afdaf2ed34d02f8dd55d950d1ebf381a268b93ad2b0d3a3d51e9adda06d,5.630769372299301e-16,True,274b421aeec3245583fbe5b6cdce1538f175fd21de26732a8d28b86f9e094a41,274b421aeec3245583fbe5b6cdce1538f175fd21de26732a8d28b86f9e094a41,d0f394acb1f993989cdfb7c6374fa4d53dc7478738a10caca182add516f9effd,8bae65f69f8d07368af2d2c8b2f93d1edd48d9ce85932888cfe3b3bcc50b51aa,True,81.0,31.0,original_208,True,True,Llama|CounterFact|AlphaEdit|NAS|canonical|250,-0.12325703478336077,0.870599329159748,1.238094245192081,0.23809424519208108,100.0,-0.11605392263092502,0.8729989522045809,1.2446289739606717,0.24462897396067193,250,,,,,,,,0.0009899667465479989,0.06827972529237684,1.0126092382613934,,,,,0.25487616024373644,,,,14.561605468888574,,,,,,,,True,True
Llama,CounterFact,AlphaEdit,NAS,canonical,300,T21,1,,unchanged_original,1000,1000,300,edited_prefix,greedy_target_prefix,-0.031122551579761328,0.2702450020872288,1.0082037521537837,0.0138760888379037,0.27229339187900964,0.038769296281121114,15.541329040400226,0.031136160732551845,35.7,91.66666666666667,35.666666666666664,1.0004909426138657,0.06074788691239524,T21,unchanged_original,-0.0697171768992661,0.7836688400416416,1.2230303879460676,0.7877610215147833,6.0210290437772525,7.358993503578256,0.23601445808879304,39.79205381137381,0.2230303879460675,0.06997077326484512,0.006913567596532569,0.6340829943701631,1.5015622081681634,-0.1325207862019996,0.6340829943701631,22.303038794606756,1.2222152476051902,1000.0,1000,subject_last,rewrite,subject_last,H9,8efa9e4301c4847d91a84785d6e5296d86a1d2e840691ea07f4241dbe273a409,9e827afdaf2ed34d02f8dd55d950d1ebf381a268b93ad2b0d3a3d51e9adda06d,6.151001386224289e-16,True,f3c4904f79daa379e99ac61e4abbf08efea91975978b5beefd0e688d720f96ae,f3c4904f79daa379e99ac61e4abbf08efea91975978b5beefd0e688d720f96ae,a26a40ed3041cf6e448c486584f88177c29a56da35fafd717ddff936b59e90d9,705f03dea98130fe9aba4fb027b1ab077154ccc034a82989a34432881c71d0d0,True,80.0,27.0,original_208,True,True,Llama|CounterFact|AlphaEdit|NAS|canonical|300,-0.12407456569724157,0.8860869394920714,1.2485146064491313,0.2485146064491312,100.0,-0.11639868095438094,0.8880053196561135,1.2549417316274882,0.2549417316274883,300,,,,,,,,0.0011841645634198532,0.0778401024251311,1.0167791638290284,,,,,0.27229339187900964,,,,15.541329040400226,,,,,,,,True,True
Llama,CounterFact,AlphaEdit,NAS,canonical,500,T21,1,,unchanged_original,1000,1000,500,edited_prefix,greedy_target_prefix,-0.03414612077402919,0.3022030897597101,1.0145994174963506,0.0184009048565003,0.3044138911083161,0.047710360497732425,17.317120252157206,0.03414679989293409,28.65,92.8,41.0,1.0007593907272003,0.07782644583839272,T21,unchanged_original,-0.09107995128768456,0.8632834224758184,1.2589257442507924,0.8691355908107976,6.0210290437772525,7.572736395642061,0.27515024513762965,43.26834356639249,0.2589257442507925,0.09118483824742465,0.010626809566544724,0.762041522869335,1.5905084298605106,-0.17153309300882444,0.762041522869335,25.89257442507924,1.257714643225065,1000.0,1000,subject_last,rewrite,subject_last,H9,043a71ef4dca3bb3657e37d9459eca6a78e521fdb7e1fce76b86af1eb20dd785,9e827afdaf2ed34d02f8dd55d950d1ebf381a268b93ad2b0d3a3d51e9adda06d,5.625251973646843e-16,True,ebde3b616ef6066f07aadea2a963a40d3bf164466cf31c0a43963d0ce05db13e,ebde3b616ef6066f07aadea2a963a40d3bf164466cf31c0a43963d0ce05db13e,dbc8ed89472d99ce209f3aa6f8849549698274ed13f383605596fafc16b9a0d8,e727a9fe46f5fea18f129ed2e9e9dd87c25614907040f108bb1860312863863f,True,71.0,26.0,original_208,True,True,Llama|CounterFact|AlphaEdit|NAS|canonical|500,-0.12869684318329827,0.9243230804913333,1.2727809655875721,0.27278096558757237,100.0,-0.12220253385767173,0.926352769222716,1.2784515813431063,0.2784515813431061,500,,,,,,,,0.0014204473807024397,0.09670714123657677,1.0298353470692208,,,,,0.3044138911083161,,,,17.317120252157206,,,,,,,,True,True
Llama,CounterFact,AlphaEdit,NAS,canonical,750,T21,1,,unchanged_original,1000,1000,750,edited_prefix,greedy_target_prefix,-0.03799865399307888,0.3336409384793558,1.0207626472088025,0.0232608752640684,0.33611106338556845,0.0571842940621948,19.06655969929372,0.03801210757985145,28.4,92.8,41.86666666666667,1.001076390684584,0.09449950711200646,T21,unchanged_original,-0.11690452367456582,0.9253722795557844,1.2829898167035025,0.9337009850403767,6.0210290437772525,7.71349633069259,0.3095543482964478,46.161085439741704,0.2829898167035025,0.11696312045580556,0.01594140842901698,0.8686509513946742,1.6507833124745594,-0.21786763892011468,0.8686509513946742,28.298981670350255,1.28109269605077,1000.0,1000,subject_last,rewrite,subject_last,H9,45c56e4360b588097743c7fe63efb9d9d5229f84e79960f8b1b90e4870b8fc81,9e827afdaf2ed34d02f8dd55d950d1ebf381a268b93ad2b0d3a3d51e9adda06d,5.989124011548342e-16,True,ad0c15b5f9218e1751936c51c4323d0d5f891bb19fe223d9f21b70a8e10fd8d4,ad0c15b5f9218e1751936c51c4323d0d5f891bb19fe223d9f21b70a8e10fd8d4,31c203093562de1a070559a26832db05a1085fc8658d94a1401e7ce1c28c719a,8ee203eeb49fad0a665427f0a4ef6b39a067eb05fe23882f16a9a841b3ee732f,True,67.0,20.0,original_208,True,True,Llama|CounterFact|AlphaEdit|NAS|canonical|750,-0.13511550194679375,0.9471786840626062,1.2852913608500325,0.2852913608500324,100.0,-0.13142469110582874,0.9508622016692762,1.2902242871409295,0.2902242871409294,750,,,,,,,,0.001746440813696225,0.11670045106028525,1.0424495838878236,,,,,0.33611106338556845,,,,19.06655969929372,,,,,,,,True,True
Llama,CounterFact,AlphaEdit,NAS,canonical,1000,T21,1,,unchanged_original,1000,1000,1000,edited_prefix,greedy_target_prefix,-0.04398127731987328,0.3559768156703405,1.0227099436402631,0.0251877642905577,0.3590369432811994,0.06481663252595994,20.363547377542783,0.043999764370546354,24.45,93.5,45.4,1.0013836462204295,0.10844923080736704,T21,unchanged_original,-0.14268155280375522,0.9636615207804493,1.2922897828178812,0.9750421012677635,6.0210290437772525,7.76614406414028,0.33508428620530684,48.22630588709435,0.2922897828178813,0.1427172451106148,0.022370615240640362,0.937138356132533,1.6741458657656632,-0.26299249036687,0.937138356132533,29.22897828178812,1.289836672049707,1000.0,1000,subject_last,rewrite,subject_last,H9,c2cc7584986646ec028ae561b73910a41224171b5c54a1a6f088431a5e233713,9e827afdaf2ed34d02f8dd55d950d1ebf381a268b93ad2b0d3a3d51e9adda06d,5.761068916838259e-16,True,b0d6989275fb47f51bd03367643c0ce9b490f01b93e526fd1c40d11e6392d85d,b0d6989275fb47f51bd03367643c0ce9b490f01b93e526fd1c40d11e6392d85d,8f259357f7ed8ef1f019057606c0f0fa05dd1d2de2dff8928da4feac60b401d2,e0e8cff687290ed282e7857c3d567953ee2bbdd78993bc5d9cc4864827df3baa,True,64.0,23.0,original_208,True,True,Llama|CounterFact|AlphaEdit|NAS|canonical|1000,-0.14115295858002605,0.9568274455081819,1.2884195036138133,0.28841950361381324,100.0,-0.14268155280375522,0.9636615207804493,1.2922897828178812,0.2922897828178813,1000,,,,,,,,0.0023157260957383866,0.13210156394088216,1.0464547353968743,,,,,0.3590369432811994,,,,20.363547377542783,,,,,,,,True,True
Llama,CounterFact,AlphaEdit,Native,canonical,50,T22,1,,unchanged_original,1000,1000,50,edited_prefix,greedy_target_prefix,-0.014003195856118863,0.1257051416636143,0.9948080588698888,0.0071653838130343,0.12664152033957796,0.008840763117901254,7.260417836527535,0.014032596851298233,69.55,92.0,24.0,1.0001623477045474,0.027659361121071552,T22,unchanged_original,-0.01255183680189952,0.4612063635373558,1.0978952760859537,0.4620278801714948,6.0210290437772525,6.617036587217174,0.09797826086196006,24.68417920627528,0.09836633228875206,0.020562995482441664,0.0008755359110636169,0.23341943105880247,1.2091912933660671,-0.02422813769273542,0.23341943105880247,9.789527608595371,1.0989876546195865,967.0,1000,subject_last,rewrite,subject_last,H9,a91ee51242c206561972110f7d3d83f46a0cbc98a3ac07012e3568f770b6ad31,9e827afdaf2ed34d02f8dd55d950d1ebf381a268b93ad2b0d3a3d51e9adda06d,6.423693239441887e-16,True,a40957a7796acf547d6f7f29600fafd0cc182bea8adc0c86e871b1e9d5e5ca6f,a40957a7796acf547d6f7f29600fafd0cc182bea8adc0c86e871b1e9d5e5ca6f,52091816bf4259284a4845f363b609cd3678cd58da0c74f5ecbc301c79c7fc29,f8438211208ffa21dd61f0ed325cda815d36b12739a0cd5ef6a4003f55786db6,True,,,,True,True,Llama|CounterFact|AlphaEdit|Native|canonical|50,,,,,,-0.0852744135309716,0.7746891069994989,1.200456455931973,0.20045645593197295,50,,,,,,,,0.0002490664608034115,0.017452200739416716,0.9896948754879825,,,,,0.12664152033957796,,,,7.260417836527535,,,,,,,,True,True
Llama,CounterFact,AlphaEdit,Native,canonical,100,T22,1,,unchanged_original,1000,1000,100,edited_prefix,greedy_target_prefix,-0.016873219269768022,0.1856175896409888,1.0018325225300189,0.008625523304614,0.18659701323182504,0.018599478201002464,10.673214155427711,0.016959704575929487,52.2,87.0,36.0,1.0003751067634554,0.04126601906171162,T22,unchanged_original,-0.009766476210230668,0.68785117725711,1.215626182314955,0.6889239621465243,6.0210290437772525,7.33164467858152,0.1798399257547601,34.19141063886046,0.2156386335086036,0.029587761243505938,0.0015819957891051559,0.5069250588922474,1.488974102260891,-0.017950956631356176,0.5069250588922474,21.5626182314955,1.217673029855053,998.0,1000,subject_last,rewrite,subject_last,H9,2cc401177a1d08a4cc81a5df5cbd487f5d7886dc40079f7f3f453def047d7d44,9e827afdaf2ed34d02f8dd55d950d1ebf381a268b93ad2b0d3a3d51e9adda06d,6.006568216276433e-16,True,0747975799f386dd5b3248071f4517e61e879b12d3ec2c3bd777efcfac7eeab7,0747975799f386dd5b3248071f4517e61e879b12d3ec2c3bd777efcfac7eeab7,88b2c2fd69d6ac642a689b7ae36c228d00ad7b74e0b9ac6d94baf607dddd9b3a,821f52efcaadf45f4e3a121dac1e6489016bf842742c3afe11083c478ec51b40,True,,,,True,True,Llama|CounterFact|AlphaEdit|Native|canonical|100,-0.07615249285729064,0.9170719140380592,1.3047178149810563,0.30471781498105627,100.0,-0.07615249285729064,0.9170719140380592,1.3047178149810563,0.30471781498105627,100,,,,,,,,0.00038468444077954144,0.037166187732939095,1.0038044336341827,,,,,0.18659701323182504,,,,10.673214155427711,,,,,,,,True,True
Llama,CounterFact,AlphaEdit,Native,canonical,150,T22,1,,unchanged_original,1000,1000,150,edited_prefix,greedy_target_prefix,-0.018090698671859896,0.2338622051710706,1.0115364872918915,0.0151685793975449,0.23481163210857703,0.029042853269237286,13.345326910620118,0.018273046981591327,39.95,88.66666666666667,37.333333333333336,1.0005951534296913,0.052661271052283305,T22,unchanged_original,0.0032131737345999813,0.8346327921461992,1.3155641866400662,0.8359088271565447,6.0210290437772525,7.933502452520941,0.2299276913911528,39.03715185922506,0.3155641866400663,0.03725656143474074,0.002257111353583096,0.7417050330103888,1.7503884918331718,0.008683458822783059,0.7417050330103888,31.556418664006625,1.3176323174724152,1000.0,1000,subject_last,rewrite,subject_last,H9,f962b3e5de6273a5f6d3236cff93168eeff3ed648788811d5dfcce20b07358a4,9e827afdaf2ed34d02f8dd55d950d1ebf381a268b93ad2b0d3a3d51e9adda06d,7.048547274583199e-16,True,e6c6c3ab9546634baac0cab4d700c4ea119ebf70b67e59bbf8e778c23cdb42a1,e6c6c3ab9546634baac0cab4d700c4ea119ebf70b67e59bbf8e778c23cdb42a1,773543f67dd62a31d73dffc988bca39903929d4205aba822f072985457887813,12cd3018add7c42d9183ef4a42c91005891804c82851aeef1eabc1bb77f77c8f,True,,,,True,True,Llama|CounterFact|AlphaEdit|Native|canonical|150,-0.06604953594303148,0.9856047985204155,1.3611374852207396,0.3611374852207397,100.0,-0.060841175686970624,1.010983652140451,1.38373283998304,0.3837328399830401,150,,,,,,,,0.0004553215379758763,0.05928425829874335,1.0235581824929996,,,,,0.23481163210857703,,,,13.345326910620118,,,,,,,,True,True
Llama,CounterFact,AlphaEdit,Native,canonical,200,T22,1,,unchanged_original,1000,1000,200,edited_prefix,greedy_target_prefix,-0.020013773438678543,0.2737737524090235,1.0200721069680092,0.0224042631368053,0.274795765220907,0.038918298293389456,15.537152891887185,0.020347436104314002,33.15,90.0,41.0,1.0008453548525236,0.06290588513500595,T22,unchanged_original,0.011807868501155852,0.947408628883156,1.396690761950008,0.948986558151953,6.0210290437772525,8.419904638769141,0.2667442093303657,42.32293468624095,0.39669076195000785,0.04482742850514346,0.003143308804304231,0.9527222505413706,1.9794812963479864,0.02675904580661593,0.9527222505413706,39.6690761950008,1.3984162138316094,1000.0,1000,subject_last,rewrite,subject_last,H9,1f999aa276d2d801f20d28fff1c3d9015cf40fa11e57b13968b2c0a1e2215589,9e827afdaf2ed34d02f8dd55d950d1ebf381a268b93ad2b0d3a3d51e9adda06d,6.077490196847013e-16,True,c063a9cb5b055b94598d69a089857ba891a3a51fc7b4427fc7eb53c573367c58,c063a9cb5b055b94598d69a089857ba891a3a51fc7b4427fc7eb53c573367c58,f9cba789fabe68b9017eb32fdb093e76ca08e60cfdbae46d66ed7db2391d317e,f124fbff44b83fe12aff2bb5456f39d8c8569333b05b371e0d7d35850048db65,True,,,,True,True,Llama|CounterFact|AlphaEdit|Native|canonical|200,-0.05702849577837843,1.0429588005676533,1.4096691471199754,0.40966914711997554,100.0,-0.0481039140452611,1.0888752127037689,1.4507217694469543,0.45072176944695413,200,,,,,,,,0.0005710962585210703,0.08054552586545112,1.0410890752466153,,,,,0.274795765220907,,,,15.537152891887185,,,,,,,,True,True
Llama,CounterFact,AlphaEdit,Native,canonical,250,T22,1,,unchanged_original,1000,1000,250,edited_prefix,greedy_target_prefix,-0.01828916603766087,0.3031517405006294,1.0306223308363438,0.0318309695828279,0.3040421267383091,0.04686773115684902,17.05842573619717,0.01915979993752181,29.9,90.4,43.6,1.0011633425353548,0.07324889708412018,T22,unchanged_original,0.022239300914356643,1.047513841025249,1.4740569046349987,1.0494886616463939,6.0210290437772525,8.886735829429105,0.29670368578143314,44.85759318919871,0.4740569046349988,0.05288454839697464,0.0044010074032726785,1.1630575085348829,2.2119371177668685,0.04887960923198597,1.1630575085348829,47.40569046349987,1.4759496698680712,1000.0,1000,subject_last,rewrite,subject_last,H9,0bc263be29726b338513717703e1ab04704bb8eac9c666caaa8766bb7aa02cf8,9e827afdaf2ed34d02f8dd55d950d1ebf381a268b93ad2b0d3a3d51e9adda06d,6.524348187149638e-16,True,8e8022d2baa07eb0e1000e7481e7c94e92ae863de7d2e185d8855fb1a3933bf3,8e8022d2baa07eb0e1000e7481e7c94e92ae863de7d2e185d8855fb1a3933bf3,a751907fb360df919302961d7ad5134a6c26ceeff7311ae10999df62b23e78a9,c046722939541357088abf01d3235c3ad9f81637e165f246e175031ca811f148,True,,,,True,True,Llama|CounterFact|AlphaEdit|Native|canonical|250,-0.04601040185276719,1.0976439157069295,1.4578373035755718,0.45783730357557195,100.0,-0.033286193948139156,1.1657230836649433,1.5194125385414678,0.5194125385414681,250,,,,,,,,0.0005485167214304751,0.09906616905909658,1.0630363537052054,,,,,0.3040421267383091,,,,17.05842573619717,,,,,,,,True,True
Llama,CounterFact,AlphaEdit,Native,canonical,300,T22,1,,unchanged_original,1000,1000,300,edited_prefix,greedy_target_prefix,-0.019493968233630633,0.3307282882753778,1.0384761042264294,0.039430567989901,0.3316983587514878,0.05501264646043004,18.51019990985061,0.020574328571284314,27.15,90.0,45.333333333333336,1.0014697246714452,0.0818192791181967,T22,unchanged_original,0.027409303583846564,1.1375271482408673,1.5421481533552468,1.1397345791156654,6.0210290437772525,9.296152254933778,0.3243534081832694,47.13763339271107,0.5421481533552468,0.058316795856690876,0.005303968955138613,1.3616831821845277,2.4218057583073596,0.06012257612283174,1.3616831821845277,54.214815335524676,1.543947419509855,1000.0,1000,subject_last,rewrite,subject_last,H9,a1e33b08db509c805006279132f6d6804116a795d4f5fed51baa0f435a276622,9e827afdaf2ed34d02f8dd55d950d1ebf381a268b93ad2b0d3a3d51e9adda06d,5.414716291735126e-16,True,e0724a2bafdbca550c58426eedc81ba939897cd13e4096750483f77296fbb398,e0724a2bafdbca550c58426eedc81ba939897cd13e4096750483f77296fbb398,bfb1c62332169f80489282c0af614f74fe2b2cdfca226770138a3591cc2738ac,bac09a1b1f930c31d48e5c66102f84ec757d83845a8c0fb6ee90d8a7d38198e3,True,,,,True,True,Llama|CounterFact|AlphaEdit|Native|canonical|300,-0.03808639083581033,1.1524851813604897,1.5048710587914966,0.5048710587914966,100.0,-0.02714543031874264,1.224737389231772,1.5694209946689723,0.5694209946689724,300,,,,,,,,0.0006531259205059437,0.11794830322504837,1.079613492678293,,,,,0.3316983587514878,,,,18.51019990985061,,,,,,,,True,True
Llama,CounterFact,AlphaEdit,Native,canonical,500,T22,1,,unchanged_original,1000,1000,500,edited_prefix,greedy_target_prefix,-0.019376193806436938,0.4272186198972992,1.0744742670704286,0.0746394708196546,0.42819610022417554,0.08563832744209547,23.313933990893457,0.02252844970293879,16.8,85.6,47.0,1.0032197134955623,0.11661315958152679,T22,unchanged_original,0.07061902113999399,1.4795591985106384,1.8341748759848455,1.4836657531583433,6.0210290437772525,11.054057494923905,0.406223047667088,53.35751985611451,0.8341748759848457,0.09178160860194647,0.013299486264338163,2.2934153651909663,3.447952893735293,0.15453752854432615,2.2934153651909663,83.41748759848456,1.8359083496447004,1000.0,1000,subject_last,rewrite,subject_last,H9,72354606a04c3832ded558c0614ba9d266b45a3ffe735114ea61c99d38e6e625,9e827afdaf2ed34d02f8dd55d950d1ebf381a268b93ad2b0d3a3d51e9adda06d,6.18272377522438e-16,True,a6a0c67c34e24d2d81eb3d3e3fea9b195d38b9ca1243f06d2a2a28176f0b12f9,a6a0c67c34e24d2d81eb3d3e3fea9b195d38b9ca1243f06d2a2a28176f0b12f9,9b74a0b81eaab515654da57374780c94e91313bde2a7725f4d547bc13c0dc67c,443bfbfbbeb1b1ccd7b72063f70193bc7052aed664a5fa272733520a786d2789,True,,,,True,True,Llama|CounterFact|AlphaEdit|Native|canonical|500,0.021046340547998792,1.4096166015739238,1.7448553324014102,0.7448553324014103,100.0,0.02936750768318321,1.5186645366767895,1.8402649802247422,0.8402649802247422,500,,,,,,,,0.0008308238314952931,0.19522734261744842,1.1573057788360699,,,,,0.42819610022417554,,,,23.313933990893457,,,,,,,,True,True
Llama,CounterFact,AlphaEdit,Native,canonical,750,T22,1,,unchanged_original,1000,1000,750,edited_prefix,greedy_target_prefix,-0.016894127217562633,0.5766282846024373,1.1459683769283306,0.1459683769283305,0.577607277730904,0.1387056995799312,30.016917441546497,0.025707427064201607,14.85,85.33333333333333,47.2,1.0065496643301326,0.1591868057585096,T22,unchanged_original,0.13143306058287502,1.9001037619741978,2.21829807256189,1.9073315212742294,6.0210290437772525,13.358551593516887,0.47990240732273926,58.53482851240699,1.2182980725618897,0.14303917950759898,0.030627318515378265,3.7804774538038712,5.073970893485,0.2934934396811283,3.7804774538038712,121.82980725618901,2.218649253539639,1000.0,1000,subject_last,rewrite,subject_last,H9,4499d60efa7c01ee5cdabdd7622d226e3e3855c283c52aa6458d71f47378540f,9e827afdaf2ed34d02f8dd55d950d1ebf381a268b93ad2b0d3a3d51e9adda06d,6.507099445500288e-16,True,6ead55529c7474751717d1da8923d46b7932e9182741d5fe299ee92eb5144251,6ead55529c7474751717d1da8923d46b7932e9182741d5fe299ee92eb5144251,b7b64c8b73b3b13c4bff62b3d185fb1222a3157ce06143a5828157c7281f21bb,c11c8ee763b76968e753fc17c9b422def7b48f02489a8ffc806979268beceb17,True,,,,True,True,Llama|CounterFact|AlphaEdit|Native|canonical|750,0.10911216748913172,1.7816199532512444,2.1037595210274493,1.103759521027449,100.0,0.10498912761144315,1.8994331406134868,2.2034395115135545,1.2034395115135545,750,,,,,,,,0.0011143548421720967,0.352730206287552,1.3200563066945987,,,,,0.577607277730904,,,,30.016917441546497,,,,,,,,True,True
Llama,CounterFact,AlphaEdit,Native,canonical,1000,T22,1,,unchanged_original,1000,1000,1000,edited_prefix,greedy_target_prefix,-0.007914828219172582,0.7836642094708312,1.2750656115204284,0.2750656115204284,0.7847508597441326,0.2124353807911117,37.43694090708771,0.03220256665751815,12.3,79.1,46.9,1.0115369674831933,0.20350861840396833,T22,unchanged_original,0.22007901889226264,2.406031746771498,2.703884316051017,2.4187310497893604,6.0210290437772525,16.250068800695313,0.5386604261927396,62.44901279281324,1.7038843160510169,0.2250461639359633,0.0683512128133321,6.087013959871087,7.595523210468944,0.5085092505978575,6.087013959871087,170.3884316051017,2.6988856360840505,1000.0,1000,subject_last,rewrite,subject_last,H9,127f822523a5c70dfac027dc02f14a19b9c085c582ad7e273511b0e8331d50e3,9e827afdaf2ed34d02f8dd55d950d1ebf381a268b93ad2b0d3a3d51e9adda06d,7.150899141703828e-16,True,af89ad90bf5ffdd134df4443e3afad94d69e4c2ef410879423555536b86650e8,af89ad90bf5ffdd134df4443e3afad94d69e4c2ef410879423555536b86650e8,97f71609432f973ea50f8fde5c27347591044cb9fbfdc1ca361fe425debb0567,058cb8dff47408f7185a58ea9f8eb51f2dba3382b715720345269118659e2440,True,,,,True,True,Llama|CounterFact|AlphaEdit|Native|canonical|1000,0.2402979063478625,2.2980860592480084,2.6173813917835265,1.6173813917835258,100.0,0.22007901889226264,2.406031746771498,2.703884316051017,1.7038843160510169,1000,,,,,,,,0.0017631391812838672,0.6672266425280519,1.6531601252709907,,,,,0.7847508597441326,,,,37.43694090708771,,,,,,,,True,True
Llama,CounterFact,AlphaEdit,SADR,canonical,50,T23,1,,unchanged_original,1000,1000,50,edited_prefix,greedy_target_prefix,-0.009948896119533234,0.114450437869971,0.9974141567295466,0.0059497637243607,0.11503969936641494,0.007360704051875173,6.586511152206368,0.010079715241585255,78.35,92.0,18.0,1.0001616033375271,0.02744737509454504,T23,unchanged_original,-0.007603057465122006,0.4504434057515053,1.0979508272997223,0.4510830354593976,6.0210290437772525,6.616163538424043,0.09366871236322234,24.072451359848284,0.09810792797040435,0.017971210788418953,0.0007002059103284117,0.22349184905673833,1.2089859400368228,-0.014505909019915603,0.22349184905673833,9.795082729972226,1.098842654689046,983.0,1000,subject_last,rewrite,subject_last,H9,9c83341a37609e5610b2becef45481e60e47bec29a46625fa349fdb6d66890ed,9e827afdaf2ed34d02f8dd55d950d1ebf381a268b93ad2b0d3a3d51e9adda06d,7.91328688694578e-16,True,1f985f90300d36a6d9ca17820fd35b309e968bd24fd80d632d302a0e317e916f,1f985f90300d36a6d9ca17820fd35b309e968bd24fd80d632d302a0e317e916f,a22dd4e123c5c1de21c9a0aa538330295c91c448504045ccc7505e1299d95d47,73a9665b0914b0042919e2ed3a2f5d2978dae3ec6055fe731429a3bf8acede21,True,,,,True,True,Llama|CounterFact|AlphaEdit|SADR|canonical|50,,,,,,-0.07998675870656158,0.7610236485972693,1.1954536294066385,0.19545362940663832,50,,,,,,,,0.00013636932483857,0.014648477682330878,0.9948870547681029,,,,,0.11503969936641494,,,,6.586511152206368,,,,,,,,True,True
Llama,CounterFact,AlphaEdit,SADR,canonical,100,T23,1,,unchanged_original,1000,1000,100,edited_prefix,greedy_target_prefix,-0.017048313035259676,0.1726809723574728,0.9992341231684376,0.0084921272975205,0.17372868073139544,0.016224414538035647,9.945095140540637,0.017143016227173624,59.1,88.0,31.0,1.0003780954419517,0.04086596524928691,T23,unchanged_original,-0.012275350625531508,0.6875504293511483,1.213759121392662,0.6885980070536468,6.0210290437772525,7.319550115839044,0.18055938845590214,34.23585532612205,0.21375912139266184,0.02909731996727087,0.0015624878771184185,0.507250947704072,1.4842627343301273,-0.022988213373944587,0.507250947704072,21.375912139266195,1.215664309642189,1000.0,1000,subject_last,rewrite,subject_last,H9,63e03f514e38c82c95c17d2caeb57df50d17a0262867702ade6e61fe1cf4a7e8,9e827afdaf2ed34d02f8dd55d950d1ebf381a268b93ad2b0d3a3d51e9adda06d,6.5433951710847e-16,True,3d577db35659f180103b81f0987254517deb8d1463fc5fb0a71a6fbf800faa76,3d577db35659f180103b81f0987254517deb8d1463fc5fb0a71a6fbf800faa76,767a0d06ac601caf45917c9ed87f71daee53cfb2322f4390aef0e7afba801991,534c7c0888330eb6887c1576ceee1e80091ce7206d99875c801fa8a1dbcdb17f,True,88.0,31.0,added_Llama_SADR_SPHERE,True,True,Llama|CounterFact|AlphaEdit|SADR|canonical|100,-0.07962276268065263,0.9172646482866718,1.3026145046151192,0.3026145046151191,100.0,-0.07962276268065263,0.9172646482866718,1.3026145046151192,0.3026145046151191,100,,,,,,,,0.0003684689354034884,0.03232576445071047,0.9985976073155945,,,,,0.17372868073139544,,,,9.945095140540637,,,,,,,,True,True
Llama,CounterFact,AlphaEdit,SADR,canonical,150,T23,1,,unchanged_original,1000,1000,150,edited_prefix,greedy_target_prefix,-0.01721212809077658,0.2159602071208843,1.0082124959141223,0.0123738569366798,0.2168646444548554,0.02501500356742416,12.349681443130853,0.01741279895549093,49.65,90.66666666666667,34.666666666666664,1.0005957110780612,0.05198831246073999,T23,unchanged_original,-0.0060800849251231035,0.8322140015628878,1.3074481481700118,0.8332904550620603,6.0210290437772525,7.881720628880321,0.2321598128062867,39.2032131229457,0.3074481481700119,0.03326087148507115,0.0019140525159495577,0.7380942019203527,1.727848084586056,-0.010246117334296648,0.7380942019203527,30.744814817001178,1.3090321557286122,1000.0,1000,subject_last,rewrite,subject_last,H9,e78f452825b916ba64ac6e799fa0ef7eb32fffa2c7f25b0e6c1ddcd8b40ef868,9e827afdaf2ed34d02f8dd55d950d1ebf381a268b93ad2b0d3a3d51e9adda06d,6.216933655430524e-16,True,13f4cd37d71849a09b24b1ec4ab07b83cc3fed82ce3df2b9399588f08f6a24f4,13f4cd37d71849a09b24b1ec4ab07b83cc3fed82ce3df2b9399588f08f6a24f4,e97ce4c2317a3c308b8ea031a0ba81ea627416d6ba80a2e711f6f4e38e778bb6,4d6bac0103b3c4fa96c69436f4b114c05c22d4e8f6646e067b49a089a033a675,True,86.0,32.0,added_Llama_SADR_SPHERE,True,True,Llama|CounterFact|AlphaEdit|SADR|canonical|150,-0.07259663418756926,0.9897871010756396,1.3599426285971197,0.35994262859711945,100.0,-0.06877081311431937,1.0149578914845128,1.3815827765221553,0.3815827765221551,150,,,,,,,,0.00039849366616847925,0.05080300375709052,1.0167772412417058,,,,,0.2168646444548554,,,,12.349681443130853,,,,,,,,True,True
Llama,CounterFact,AlphaEdit,SADR,canonical,200,T23,1,,unchanged_original,1000,1000,200,edited_prefix,greedy_target_prefix,-0.019607127416943794,0.2541430045995812,1.0151667764098684,0.0180667736558655,0.25514553945900437,0.03394385014131811,14.471858138198343,0.019758483641195323,41.55,86.0,33.5,1.0008441313937106,0.06195258805559429,T23,unchanged_original,0.001989258984907618,0.948839105679079,1.3912519276933706,0.950121974108958,6.0210290437772525,8.385298915777549,0.27070935197226925,42.6215436019242,0.3912519276933707,0.04001611088849864,0.002546148599016429,0.9562920717339114,1.962816738302743,0.0065246665688316625,0.9562920717339114,39.12519276933706,1.3926687373221982,1000.0,1000,subject_last,rewrite,subject_last,H9,296d3087c09828444ed50c384cb987dbb8fcbd2f6d01f365e6d66055ec3e13df,9e827afdaf2ed34d02f8dd55d950d1ebf381a268b93ad2b0d3a3d51e9adda06d,6.321318235109574e-16,True,29d85e7953645e22c3b2b0a33ff67173679f786cf869035b4ad896b1a05906bc,29d85e7953645e22c3b2b0a33ff67173679f786cf869035b4ad896b1a05906bc,4881826744cb3a84f2b00893672417f9bf778f7877bf92d5c7558c9e2919c71b,e3ca0f931b6c90a62e2d1651ec6df8a4f62d254f5c5b114487d49065677bd935,True,75.0,30.0,added_Llama_SADR_SPHERE,True,True,Llama|CounterFact|AlphaEdit|SADR|canonical|200,-0.0631962233139292,1.0516176813861333,1.4123088599466755,0.41230885994667565,100.0,-0.05643920709807543,1.0943451274993803,1.4498282990355642,0.44982829903556415,200,,,,,,,,0.0005193622351828799,0.06968192487543698,1.0309870322767325,,,,,0.25514553945900437,,,,14.471858138198343,,,,,,,,True,True
Llama,CounterFact,AlphaEdit,SADR,canonical,250,T23,1,,unchanged_original,1000,1000,250,edited_prefix,greedy_target_prefix,-0.018543941508404334,0.2821015189429043,1.024032757995049,0.025599431480935,0.2829740947799164,0.041105472262664304,15.950512436456378,0.018905824430172222,39.75,86.0,35.6,1.0011512540506333,0.07201530547880844,T23,unchanged_original,0.010013852527863082,1.0495742886796227,1.467871497204503,1.0510187756129203,6.0210290437772525,8.847041197254509,0.3017786402338321,45.23129205370054,0.46787149720450316,0.04540806798666701,0.003164253743806167,1.1678108794055695,2.1910028382051014,0.02319195879953233,1.1678108794055695,46.7871497204503,1.4693570040818764,1000.0,1000,subject_last,rewrite,subject_last,H9,bc35b177d3bb2065869bb22592e1d25f23971cd78a53dbf458636747ab295d10,9e827afdaf2ed34d02f8dd55d950d1ebf381a268b93ad2b0d3a3d51e9adda06d,6.034354306791392e-16,True,3c79d76ef828afd352d9cc0cb28827f6b1db8513848a7ec2a548b16271997290,3c79d76ef828afd352d9cc0cb28827f6b1db8513848a7ec2a548b16271997290,484946ca2804d42b3676672730e85a63d75583a2c967c6e8ccf2a9b6764268ba,5924a34f097398e11c48f33c434c5123cbc01d7504529393b17863f01668c9ae,True,72.0,29.0,added_Llama_SADR_SPHERE,True,True,Llama|CounterFact|AlphaEdit|SADR|canonical|250,-0.052875541499576316,1.1093671248709636,1.4625396864520133,0.46253968645201327,100.0,-0.042739829093386125,1.172815977073817,1.5194540777214798,0.5194540777214799,250,,,,,,,,0.0004968969092110927,0.08587669807940976,1.0492857119718122,,,,,0.2829740947799164,,,,15.950512436456378,,,,,,,,True,True
Llama,CounterFact,AlphaEdit,SADR,canonical,300,T23,1,,unchanged_original,1000,1000,300,edited_prefix,greedy_target_prefix,-0.01783412933883168,0.306120119540043,1.032018093778322,0.0328988277539392,0.30693204891819625,0.047676597042165626,17.20489857603982,0.018608946127598593,36.55,84.0,34.666666666666664,1.0014472693038705,0.0804557230673885,T23,unchanged_original,0.017193669927551124,1.1374081300840797,1.5360497390041725,1.1390403365206963,6.0210290437772525,9.256421413629283,0.32804932235858963,47.39288423723717,0.5360497390041726,0.050416953693855876,0.0038531001699635297,1.3614176404438953,2.3996580804689613,0.03824044002506579,1.3614176404438953,53.60497390041725,1.537348739946009,1000.0,1000,subject_last,rewrite,subject_last,H9,a1ef24549f21ed486625939b8c92ed6a304fca679ada98c39c4e78846333d101,9e827afdaf2ed34d02f8dd55d950d1ebf381a268b93ad2b0d3a3d51e9adda06d,6.469263982511786e-16,True,59e87e2b1886e48b81f59491cdb2f1b7bd88f655f69d223462e3e3623c8f8519,59e87e2b1886e48b81f59491cdb2f1b7bd88f655f69d223462e3e3623c8f8519,947c5e02c3bafb744620a6d7f1b4f4bc7156ab13ac8ce05d393feef1025891ea,7d5a5f3405522166e07cd0716c2549c611d056042380cbe6d88f5ecc73e67b30,True,65.0,27.0,added_Llama_SADR_SPHERE,True,True,Llama|CounterFact|AlphaEdit|SADR|canonical|300,-0.04404798754473682,1.1615576629980686,1.5083085926984583,0.5083085926984581,100.0,-0.034449499989998224,1.2305770717357551,1.5700038174653208,0.5700038174653207,300,,,,,,,,0.0005079941276699089,0.10108385637717074,1.0659235918271774,,,,,0.30693204891819625,,,,17.20489857603982,,,,,,,,True,True
Llama,CounterFact,AlphaEdit,SADR,canonical,500,T23,1,,unchanged_original,1000,1000,500,edited_prefix,greedy_target_prefix,-0.013301197340216574,0.4095150633805008,1.0731025780042651,0.0731604539599931,0.41013577662131434,0.07895135178415763,22.324790295011063,0.017620277510713968,25.05,82.8,34.6,1.0032768976753499,0.11629639285147086,T23,unchanged_original,0.05574523303010892,1.4947625848229016,1.839036387998894,1.4976520533489401,6.0210290437772525,11.075995208590252,0.41473841204420514,53.93688243026105,0.8390363879988938,0.07666742914876172,0.009257281517179673,2.3445819869090587,3.4653297344864558,0.12074774757739752,2.3445819869090587,83.9036387998894,1.8395518653140062,1000.0,1000,subject_last,rewrite,subject_last,H9,01af2db5d4dbfc0f557f10f3c878acb34b37697c1ccd6b163a5213c1d1222f21,9e827afdaf2ed34d02f8dd55d950d1ebf381a268b93ad2b0d3a3d51e9adda06d,6.607233545590185e-16,True,181b651bb47d3ad52fa98e76b913be81ca30d6d3f69ed7fe156508f3710ad7a5,181b651bb47d3ad52fa98e76b913be81ca30d6d3f69ed7fe156508f3710ad7a5,a1dea99b60c5bbe2b0c6a5217a8c7ed53e0650cf1ec97b991911f16b8c3a5ad8,440ad17e79fda4b0bd02d101172ad118be902631bcbb5a42d5d284df59203a95,True,44.0,14.0,added_Llama_SADR_SPHERE,True,True,Llama|CounterFact|AlphaEdit|SADR|canonical|500,0.012239173257406488,1.4245965938871714,1.752119044419995,0.7521190444199953,100.0,0.01766299981733374,1.5401563591453973,1.8525639618511722,0.852563961851172,500,,,,,,,,0.0005162097464994915,0.1800538003476173,1.1539676154136838,,,,,0.41013577662131434,,,,22.324790295011063,,,,,,,,True,True
Llama,CounterFact,AlphaEdit,SADR,canonical,750,T23,1,,unchanged_original,1000,1000,750,edited_prefix,greedy_target_prefix,-0.006235277478150357,0.5685949081370765,1.1514514627059749,0.1514514627059746,0.5691257806137376,0.1335198896626437,29.387002752912466,0.019327174284842576,17.849999999999998,78.66666666666667,33.6,1.0066006486036359,0.1588241783170552,T23,unchanged_original,0.10625957117427784,1.9083074774899933,2.213542673591316,1.9132145054577419,6.0210290437772525,13.322324300887383,0.4889641445025203,59.12720110861777,1.2135426735913162,0.11664463588812958,0.02053252338230561,3.816223539541056,5.049275205271917,0.2330516657308613,3.816223539541056,121.3542673591316,2.2126324593394937,1000.0,1000,subject_last,rewrite,subject_last,H9,68cdd42a9b610dbf275767432f882f61ac4bdb7d27066f44dd1151fe30894f74,9e827afdaf2ed34d02f8dd55d950d1ebf381a268b93ad2b0d3a3d51e9adda06d,6.59653606842524e-16,True,ad706f6d8cd44057f753c5a2b7be6c91bafcc923067ccda64be6d6e94534d6ad,ad706f6d8cd44057f753c5a2b7be6c91bafcc923067ccda64be6d6e94534d6ad,7acdf2d303d6c6ea1b03b7b64319e206b8176ec5bcc557635f04fc5af4d2eb93,71994f5a0fae11a733bcb4c16c692137993ec911fc8078375be3951ea9dedd44,True,34.0,13.0,added_Llama_SADR_SPHERE,True,True,Llama|CounterFact|AlphaEdit|SADR|canonical|750,0.08707931249871616,1.7679646613277102,2.0805337524268146,1.080533752426815,100.0,0.08409993892211438,1.9149428955553018,2.2073976310915304,1.2073976310915304,750,,,,,,,,0.0006081171852573838,0.34416581333277646,1.3323033755617333,,,,,0.5691257806137376,,,,29.387002752912466,,,,,,,,True,True
Llama,CounterFact,AlphaEdit,SADR,canonical,1000,T23,1,,unchanged_original,1000,1000,1000,edited_prefix,greedy_target_prefix,0.007215556199422386,0.8199636803591268,1.310667690150106,0.310667690150106,0.8206221957094804,0.22101772490803323,38.19614860535741,0.026545254149821396,15.8,73.5,32.8,1.0124647149535093,0.20877386078051124,T23,unchanged_original,0.18836370322888932,2.47031083661678,2.7488266609834544,2.479574537232424,6.0210290437772525,16.518805486521472,0.5549234774747013,63.481174252412664,1.7488266609834549,0.1933529497204248,0.0517919469915897,6.467592072288045,7.896111425737414,0.42851935344936826,6.467592072288045,174.88266609834545,2.743518652113744,1000.0,1000,subject_last,rewrite,subject_last,H9,3dbbac943592cd5d57339348e5ff4f39be815672b6b20513b50b191d0905bd41,9e827afdaf2ed34d02f8dd55d950d1ebf381a268b93ad2b0d3a3d51e9adda06d,5.802449956738925e-16,True,c1199fb49bdab7333939e9aa428ff41f4107957f1fd40bd729648cfcd6c43ba3,c1199fb49bdab7333939e9aa428ff41f4107957f1fd40bd729648cfcd6c43ba3,1395ee5f43e6b2acf32cf75cdc3bcc8389444891951ccf4f2dc066ed55a212e1,f92117c79b5813e29ed5f8e5205f23f3f850f79ca1e2a9bfa32752f432a7aaad,True,27.0,7.0,added_Llama_SADR_SPHERE,True,True,Llama|CounterFact|AlphaEdit|SADR|canonical|1000,0.2049544766256517,2.3051617705715772,2.607195237290456,1.6071952372904559,100.0,0.18836370322888932,2.47031083661678,2.7488266609834544,1.7488266609834549,1000,,,,,,,,0.0012162790564899156,0.7327148312546439,1.7483622227099787,,,,,0.8206221957094804,,,,38.19614860535741,,,,,,,,True,True
Llama,CounterFact,AlphaEdit,SPHERE,canonical,50,T24,1,,corrected_layerwise_sphere,1000,1000,50,edited_prefix,greedy_target_prefix,-0.014109696820207435,0.12192712032367783,0.9941862917341068,0.007465473895220086,0.12290560079866214,0.008331162880862704,7.046078812349461,0.014154605875998066,74.8,90.0,24.0,1.000173138662152,0.0269857089067296,T24,corrected_layerwise_sphere,-0.017661494971948775,0.42884626928746217,1.0792641191112702,0.429791476011918,6.0210290437772525,6.504021864121282,0.08772009753808191,23.294570828739822,0.07988531026548282,0.021377469551695814,0.0009525087322341657,0.20196238886988532,1.1675919076582217,-0.034370481211663376,0.20196238886988532,7.926411911127018,1.0802176533001786,960.0,1000,subject_last,rewrite,subject_last,H9,ebdb661dd0ed3b394f655aadae99da9cd0579352fa7c42e58db435a9b8cb5e3a,9e827afdaf2ed34d02f8dd55d950d1ebf381a268b93ad2b0d3a3d51e9adda06d,6.409123012494164e-16,True,6cf2eb4e9b5e83313a71d8dceac2316d7e4990b70b404a8b954613d9fe777a8c,6cf2eb4e9b5e83313a71d8dceac2316d7e4990b70b404a8b954613d9fe777a8c,d3c9eed158bda7138b8ea733652bd3eb4bfb36276b75ef2a9454f1261d27a450,8ebaf9c7af779655e728336caa93131650ef162386e15048a41dade726c815f2,True,,,,True,True,Llama|CounterFact|AlphaEdit|SPHERE|canonical|50,,,,,,-0.09091218224825112,0.7381077112906521,1.1725274331791342,0.17252743317913427,50,,,,,,,,0.00025248303267096605,0.016422083562949143,0.9884551729552052,,,,,0.12290560079866214,,,,7.046078812349461,,,,,,,,True,True
Llama,CounterFact,AlphaEdit,SPHERE,canonical,100,T24,1,,corrected_layerwise_sphere,1000,1000,100,edited_prefix,greedy_target_prefix,-0.019667421605801195,0.177620094163028,0.9974773881325583,0.008351315547545507,0.17891429371805595,0.01713920708024318,10.257181375133332,0.01974556647525218,56.89999999999999,91.0,35.0,1.0003912017950598,0.039845858290019,T24,corrected_layerwise_sphere,-0.02346632694825325,0.6379166157906317,1.1756622860538664,0.6392762424628259,6.0210290437772525,7.090432203688914,0.16478908155372246,32.64894592311689,0.17572333935230497,0.031694016668282,0.0018635386460495833,0.43540638850421426,1.3903372732537573,-0.04506911525045692,0.43540638850421426,17.566228605386634,1.1776113604728236,994.0,1000,subject_last,rewrite,subject_last,H9,672a91e6b4e8add1c12afba878d835689b805e736386d8d70529dac91e57bbcb,9e827afdaf2ed34d02f8dd55d950d1ebf381a268b93ad2b0d3a3d51e9adda06d,5.779238829477699e-16,True,013b92daf18d99790008e8584a1d4e8b9901dc4abda13d415dd6d7722c6cb91b,013b92daf18d99790008e8584a1d4e8b9901dc4abda13d415dd6d7722c6cb91b,3bb98b16f8a9b8f2c4cc44faac3ff404d78c4093104bf7c47f7b502cfda4ccd8,cc221ebb135cc1605188d48c19ce9d9d7c1eb364e5668939026647107bc194eb,True,91.0,35.0,added_Llama_SADR_SPHERE,True,True,Llama|CounterFact|AlphaEdit|SPHERE|canonical|100,-0.08762109465657614,0.8698716670426261,1.2633063909623798,0.2633063909623796,100.0,-0.08762109465657614,0.8698716670426261,1.2633063909623798,0.2633063909623796,100,,,,,,,,0.00048613315933338956,0.033917191964895906,0.9950684819126269,,,,,0.17891429371805595,,,,10.257181375133332,,,,,,,,True,True
Llama,CounterFact,AlphaEdit,SPHERE,canonical,150,T24,1,,corrected_layerwise_sphere,1000,1000,150,edited_prefix,greedy_target_prefix,-0.022642002739891993,0.22182613725657263,1.00413320701491,0.011149563017163237,0.22321252395185343,0.02649400707789238,12.751528894485174,0.02273277117991171,47.4,91.33333333333333,38.666666666666664,1.0006145523956798,0.0503390467466968,T24,corrected_layerwise_sphere,-0.023705706991308598,0.7612456955992345,1.2478083399833235,0.7626921895173682,6.0210290437772525,7.5240603495173115,0.2114908347271722,37.33590727708777,0.24782900205171784,0.035637969072655366,0.002308865493563957,0.6151608641430751,1.570058315654022,-0.04510254848905324,0.6151608641430751,24.78083399833235,1.2496303031943428,998.0,1000,subject_last,rewrite,subject_last,H9,4fd4ff6ca4217eadf7f84a1e822f594c4de3cf525eb610e56e1c125fe6deea62,9e827afdaf2ed34d02f8dd55d950d1ebf381a268b93ad2b0d3a3d51e9adda06d,5.554434093514885e-16,True,f1650be7701fc8fc893b75f5a9e7c0e72c1c35d1435b22085b5854ec6fece042,f1650be7701fc8fc893b75f5a9e7c0e72c1c35d1435b22085b5854ec6fece042,e05bccfdefc3869d77b03657c7f2c5425e993768dffd1fc120c6229d76e92ec8,eaa4e699897f031bd3307d2095d3a0a047eeed8cbcffe2420630d047d76f14d1,True,87.0,34.0,added_Llama_SADR_SPHERE,True,True,Llama|CounterFact|AlphaEdit|SPHERE|canonical|150,-0.08756222126477647,0.9221298193959142,1.3001943150002992,0.30019431500029925,100.0,-0.08325767819824702,0.944129567937631,1.3193460355965962,0.31934603559659647,150,,,,,,,,0.0006411253578930587,0.053168064100903245,1.0085251839790121,,,,,0.22321252395185343,,,,12.751528894485174,,,,,,,,True,True
Llama,CounterFact,AlphaEdit,SPHERE,canonical,200,T24,1,,corrected_layerwise_sphere,1000,1000,200,edited_prefix,greedy_target_prefix,-0.02667921187123126,0.25747530265500007,1.0090702268986038,0.014111445922060067,0.2591214558975613,0.0351794302252464,14.769774600566606,0.026747115822343234,37.75,89.5,40.5,1.0008550150284945,0.0595510359242353,T24,corrected_layerwise_sphere,-0.021610816497789814,0.8554685054141116,1.3094253245242644,0.8570820972429052,6.0210290437772525,7.893809728613964,0.24564188746731494,40.494815075742636,0.30943053859641156,0.04032852848306535,0.002797311706551656,0.7736351447507201,1.733210823461692,-0.040424321289027974,0.7736351447507201,30.94253245242644,1.311039968620021,999.0,1000,subject_last,rewrite,subject_last,H9,fa91a58c2f360b13d6eb68ba004f0e675a030411fa22a19e4393dfe382d816f9,9e827afdaf2ed34d02f8dd55d950d1ebf381a268b93ad2b0d3a3d51e9adda06d,6.193069997759443e-16,True,4c123c9028173b8d6cc45f3b215f9c87e0805cc495f972ca79263c94baffcf63,4c123c9028173b8d6cc45f3b215f9c87e0805cc495f972ca79263c94baffcf63,b6385d8318281c723d7f84309e7f6cc31ad95c4963596fc4f3761d6098488455,392571c641024467f0514eba3b07aa2073e845aea7ad07ca49700b730e151ffc,True,80.0,31.0,added_Llama_SADR_SPHERE,True,True,Llama|CounterFact|AlphaEdit|SPHERE|canonical|200,-0.08471014751022551,0.964979958365895,1.333220217414651,0.33322021741465085,100.0,-0.0763602793105117,1.0034617660703375,1.3677006067281812,0.3677006067281813,200,,,,,,,,0.0008911189519607,0.07102958681031991,1.018562282019818,,,,,0.2591214558975613,,,,14.769774600566606,,,,,,,,True,True
Llama,CounterFact,AlphaEdit,SPHERE,canonical,250,T24,1,,corrected_layerwise_sphere,1000,1000,250,edited_prefix,greedy_target_prefix,-0.02546966225934179,0.2796770731771691,1.0164539898619616,0.019488639070567238,0.28112234068280373,0.04088662915217676,15.948151949726391,0.025557679171931753,35.949999999999996,91.2,42.0,1.0011463494080115,0.0686734204903102,T24,corrected_layerwise_sphere,-0.01763302851280019,0.9316099607230683,1.3635781539715386,0.9332440465039412,6.0210290437772525,8.22115578868003,0.27167268900001973,42.77454666140573,0.36357815397153864,0.04298831678744648,0.003050799619137777,0.9152335431429351,1.8830182857364723,-0.032215257406462604,0.9152335431429351,36.35781539715386,1.365407097176622,1000.0,1000,subject_last,rewrite,subject_last,H9,5cb14855c6e406acb14e98b5c1db31a6ba269618bfe7418d90d441088cfe58ae,9e827afdaf2ed34d02f8dd55d950d1ebf381a268b93ad2b0d3a3d51e9adda06d,5.176293894032206e-16,True,cfe47c07f3f0074afb5e343437c7877b5d8620d95506b6ee88b4efb37ba027fc,cfe47c07f3f0074afb5e343437c7877b5d8620d95506b6ee88b4efb37ba027fc,884b041b25729a71b1c78fc2a1adbe3073136ada20bf174b1c2b25f0f077e518,da823199406a7717566540d6c9f03687a67d3f078c31093125144c02621a3986,True,80.0,29.0,added_Llama_SADR_SPHERE,True,True,Llama|CounterFact|AlphaEdit|SPHERE|canonical|250,-0.07942327044734214,1.001984452391498,1.3637993832831337,0.3637993832831337,100.0,-0.06724501708552882,1.0590361668461559,1.4156101826399228,0.4156101826399229,250,,,,,,,,0.0008447341122258458,0.08375262496067934,1.0336580345542214,,,,,0.28112234068280373,,,,15.948151949726391,,,,,,,,True,True
Llama,CounterFact,AlphaEdit,SPHERE,canonical,300,T24,1,,corrected_layerwise_sphere,1000,1000,300,edited_prefix,greedy_target_prefix,-0.02712819186758951,0.30292243471120367,1.021905510662363,0.023981584849171653,0.30444180994950615,0.047487007185700224,17.21267107644263,0.0272268144980669,32.75,91.33333333333333,42.333333333333336,1.00142128354362,0.0762409117540326,T24,corrected_layerwise_sphere,-0.015555524809170298,1.0009496244408567,1.4126563262021996,1.002621001801687,6.0210290437772525,8.515595027515273,0.29560674651445334,44.83175675779153,0.41265632620219966,0.045670733313892785,0.0033394113616995744,1.0485602722145873,2.020788633957946,-0.027771638256641026,1.0485602722145873,41.26563262021996,1.4143089105866646,1000.0,1000,subject_last,rewrite,subject_last,H9,415a6311d3187d6cd7be14896e50cb62ec85a11f6e595dddf9208a66a24423df,9e827afdaf2ed34d02f8dd55d950d1ebf381a268b93ad2b0d3a3d51e9adda06d,6.537484835104926e-16,True,b436e6405557155f847304056f43ee5c16c2c2000ce63b0ca6832e91fa664a2a,b436e6405557155f847304056f43ee5c16c2c2000ce63b0ca6832e91fa664a2a,69610791620057734c595864c7d8642c2121d8edbbbf779e4da803b86eb641a5,67797f738de90cc386c0b27aaf594d3e26619585d8d5f90abacb89c5dd0eea54,True,76.0,31.0,added_Llama_SADR_SPHERE,True,True,Llama|CounterFact|AlphaEdit|SPHERE|canonical|300,-0.07564071243249729,1.0380126156634502,1.3931124185691575,0.3931124185691574,100.0,-0.06357421223825846,1.10076288200661,1.44984474822016,0.44984474822016013,300,,,,,,,,0.0009642405856292637,0.0982313308335072,1.0449391876839573,,,,,0.30444180994950615,,,,17.21267107644263,,,,,,,,True,True
Llama,CounterFact,AlphaEdit,SPHERE,canonical,500,T24,1,,corrected_layerwise_sphere,1000,1000,500,edited_prefix,greedy_target_prefix,-0.0267391660305707,0.38119231883601357,1.04917127100885,0.04955728461844794,0.3825943133234862,0.07126514960365966,21.235632572462105,0.027365437634545308,22.05,90.2,44.2,1.0028830675567362,0.1063562771828386,T24,corrected_layerwise_sphere,0.0003156624958946601,1.2382980921527587,1.5992777646258982,1.2401712491048555,6.0210290437772525,9.636113453158824,0.366489640166528,50.442328727217934,0.5992777646258983,0.05422234240917577,0.004551296830352234,1.5940725384776313,2.599255160299773,0.0051826218221415485,1.5940725384776313,59.92777646258982,1.6004097278218197,1000.0,1000,subject_last,rewrite,subject_last,H9,8659575602f8d94b2168f50e0abe5d0a0b9199052b19d96eb6cb6fcdd1897920,9e827afdaf2ed34d02f8dd55d950d1ebf381a268b93ad2b0d3a3d51e9adda06d,6.974308772938676e-16,True,682dc6ea3b63e74b726ac443fcb4efa65e1c6a72b663bd60de83c5a5a26fcb28,682dc6ea3b63e74b726ac443fcb4efa65e1c6a72b663bd60de83c5a5a26fcb28,9e6887d828ac2d86264ebeacd71a561317a33861881fb2d84bb626eb122c438e,f172a0249b524d41a933e8e0d9e2bc8fa91866f1d518e3f581f002185767c575,True,63.0,20.0,added_Llama_SADR_SPHERE,True,True,Llama|CounterFact|AlphaEdit|SPHERE|canonical|500,-0.044559742242332216,1.1911208699042866,1.5304555073975508,0.5304555073975511,100.0,-0.03305880331826497,1.2937741679047305,1.6201455106505602,0.6201455106505602,500,,,,,,,,0.00109522440528587,0.15476700454721584,1.1023838968913606,,,,,0.3825943133234862,,,,21.235632572462105,,,,,,,,True,True
Llama,CounterFact,AlphaEdit,SPHERE,canonical,750,T24,1,,corrected_layerwise_sphere,1000,1000,750,edited_prefix,greedy_target_prefix,-0.028686698812851623,0.4693782465523063,1.083022785291258,0.08310455493944045,0.4707874825934595,0.10158480112183581,25.599345693057955,0.02992733701736123,19.75,89.60000000000001,46.800000000000004,1.0051204775950895,0.1392264237851098,T24,corrected_layerwise_sphere,0.01734444679840167,1.4531480118822597,1.779947618369995,1.4550786955936905,6.0210290437772525,10.719437034426152,0.4208633251924849,54.455294677160225,0.7799476183699948,0.05839041025680143,0.005619185904488849,2.18337042012397,3.2236784996252617,0.040308079501292185,2.18337042012397,77.99476183699949,1.7803330554441876,1000.0,1000,subject_last,rewrite,subject_last,H9,9f7438880b2dcb7d1f42c871e3840ece72b6024280c215541351b75ce30e2cf3,9e827afdaf2ed34d02f8dd55d950d1ebf381a268b93ad2b0d3a3d51e9adda06d,6.171945635311284e-16,True,077e37594d951ce0d3d076b60703d8b87f83b60b62c60613c68bc2d2a6568696,077e37594d951ce0d3d076b60703d8b87f83b60b62c60613c68bc2d2a6568696,ea306194b55e1e4d93a84743b370634aff80ea1ed1a2f0c37764373256aa8b7b,4d1dfc0cc907f010d1da55dc35f9ab3bb30a987c73536d15051c7d14cc7a43b5,True,51.0,20.0,added_Llama_SADR_SPHERE,True,True,Llama|CounterFact|AlphaEdit|SPHERE|canonical|750,-0.01006806564693218,1.3398276803593194,1.6697333055603074,0.6697333055603074,100.0,-0.001415911226177536,1.469713169200922,1.7819203286035943,0.7819203286035946,750,,,,,,,,0.0013580013110702361,0.2314616300100937,1.1754462336954608,,,,,0.4707874825934595,,,,25.599345693057955,,,,,,,,True,True
Llama,CounterFact,AlphaEdit,SPHERE,canonical,1000,T24,1,,corrected_layerwise_sphere,1000,1000,1000,edited_prefix,greedy_target_prefix,-0.030644398440490214,0.5574525733907351,1.1235216508236243,0.12355869360110805,0.5589296325854121,0.13459968586829574,29.614384897098045,0.032522877750201164,16.75,88.6,51.6,1.0078013639116938,0.1696021419142803,T24,corrected_layerwise_sphere,0.02703471235653744,1.6329309927925966,1.934387283504826,1.6346654989993774,6.0210290437772525,11.641342898512395,0.46123705287460826,57.29096140072214,0.9343872835048257,0.060767923637969186,0.00574597010769213,2.756529515934617,3.8163449107553844,0.05981539482076701,2.756529515934617,93.43872835048259,1.93344739144611,1000.0,1000,subject_last,rewrite,subject_last,H9,193865d4a3f434bab49ebf50652187346123bf27a6a8a8d488e05a3abe53ddc3,9e827afdaf2ed34d02f8dd55d950d1ebf381a268b93ad2b0d3a3d51e9adda06d,6.425704185428264e-16,True,e2f95db13db1dd0d79e96edcdb3d599fe4726ccc84a398b13900a0a47c53d6f8,e2f95db13db1dd0d79e96edcdb3d599fe4726ccc84a398b13900a0a47c53d6f8,d0fabf613806d18ab5328fb85a16934cf6f7b2e0d67c72063ccce9fd9a439d2a,0297d3bbc2584489bf630cab0da6cd6131cb15ca524bf7fa719d57a60c0e13ba,True,41.0,18.0,added_Llama_SADR_SPHERE,True,True,Llama|CounterFact|AlphaEdit|SPHERE|canonical|1000,0.023814181914817576,1.4905264624054706,1.812692850786131,0.8126928507861315,100.0,0.02703471235653744,1.6329309927925966,1.934387283504826,0.9343872835048257,1000,,,,,,,,0.0016697411254249467,0.3265923476595389,1.2669732919039833,,,,,0.5589296325854121,,,,29.614384897098045,,,,,,,,True,True
Llama,CounterFact,MEMIT,ENCORE,canonical,50,canonical_completed_Llama_CounterFact_MEMIT_ENCORE,1,,canonical_missing_geometry_exact_replay_20260926,1000,1000,50,edited_prefix,greedy_target_prefix,-0.004301382526124109,0.04385663231418957,0.996767692770711,0.003507397731977328,,,,,95.25,16.0,4.0,,,,canonical_missing_geometry_exact_replay_20260926,-0.011604399711757201,0.17415133008303216,1.0061865329260347,0.1747516087843353,6.0210290437772525,6.060653320835363,0.01754165872792479,9.961361973183491,0.009760338570646012,0.011881527123562208,0.00028343116260554497,0.03549802277643062,1.0125726545155218,-0.022925368260908862,0.03549802277643062,,,,1000,subject_last,rewrite,subject_last,H9,c075c646756f13bd3320d3231f2bd729d0b1b7671a3006be2bda3aa82a0e8e3b,496ad3dc7e4a4f6e0028c5232e7959196dc8c1f7ffe82e6113d1c01e23171100,,,,,,,,,,,True,,Llama|CounterFact|MEMIT|ENCORE|canonical|50,,,,,,-0.052030119476614865,0.390568932056193,1.0265637100084353,0.032297529467335453,50,50.0,50.0,1000.0,True,,locality,prompt_last,2.657765805871802e-05,0.002128956875614583,0.993552769481425,-0.0085761873941895,0.002128956875614583,-0.006447230518574914,0.00441077740831039,0.044137289422640995,4.997606944086907,4.981396397213254,0.0010728060830205574,2.5224853891908867,0.9876700383855941,971e69bf6bf2679d2d8a127a4f7f86b9ccfae3ac167536e2353cac0289bb3887,1a09df8e249acf92b7564a6519839b1174bca6e8e9a56d39c7d1f3cbc0e6999b,1000.0,prompt_last,0.012572654515521755,0.9920788248826207,True,True
Llama,CounterFact,MEMIT,ENCORE,canonical,100,canonical_completed_Llama_CounterFact_MEMIT_ENCORE,1,,canonical_missing_geometry_exact_replay_20260926,1000,1000,100,edited_prefix,greedy_target_prefix,-0.008069330742271159,0.07470493897224594,0.9950135806914434,0.005476277821548892,,,,,85.39999999999999,32.0,9.0,,,,canonical_missing_geometry_exact_replay_20260926,-0.026578450324311033,0.3255031304516457,1.0317674612010077,0.3269214156568305,6.0210290437772525,6.219199006355519,0.05571427954051581,18.348995494966566,0.03356182842390756,0.02664746013976572,0.0010644784871604103,0.11753697619672922,1.0654445540352677,-0.052092422161461656,0.11753697619672922,,,,1000,subject_last,rewrite,subject_last,H9,5944b467c370ca7757d30f972eaa0c230ce44afb8bc9aa30a776e4907b73a450,496ad3dc7e4a4f6e0028c5232e7959196dc8c1f7ffe82e6113d1c01e23171100,,,,,,,,,,,True,,Llama|CounterFact|MEMIT|ENCORE|canonical|100,-0.06653578396017966,0.5064721592717419,1.064757935353032,0.06589473416761157,100.0,-0.06653578396017966,0.5064721592717419,1.064757935353032,0.06589473416761157,100,100.0,100.0,1000.0,True,,locality,prompt_last,8.611249146483635e-05,0.006121910436770732,0.9900693614436932,-0.016052548993077485,0.006121910436770732,-0.009930638556306746,0.008142905885799478,0.07524205242952584,4.997606944086907,4.972783320770216,0.003098174142212844,4.307123843866689,0.9861288380438842,98ee3c2400d8428365ecaaadfee04cea7ea801335783959463f553ebba16ff56,1a09df8e249acf92b7564a6519839b1174bca6e8e9a56d39c7d1f3cbc0e6999b,1000.0,prompt_last,0.06544455403526757,0.991024743414846,True,True
Llama,CounterFact,MEMIT,ENCORE,canonical,150,canonical_completed_Llama_CounterFact_MEMIT_ENCORE,1,,canonical_missing_geometry_exact_replay_20260926,1000,1000,150,edited_prefix,greedy_target_prefix,-0.013504113090469132,0.10442535279514792,0.9926365844831482,0.008037860013175907,,,,,65.0,36.666666666666664,11.333333333333332,,,,canonical_missing_geometry_exact_replay_20260926,-0.04561381791961373,0.4459474821063706,1.060659575269708,0.448805709514351,6.0210290437772525,6.394883912499028,0.09843523769312444,24.798912714126097,0.0621767376946036,0.04563637883578383,0.002824367076986604,0.21544740747894228,1.1270441387167016,-0.08840326876224086,0.21544740747894228,,,,1000,subject_last,rewrite,subject_last,H9,b7c760c3fc283736a15a2cb6bc440f52da0cb55efce3d9a7474ceaab64779108,496ad3dc7e4a4f6e0028c5232e7959196dc8c1f7ffe82e6113d1c01e23171100,,,,,,,,,,,True,,Llama|CounterFact|MEMIT|ENCORE|canonical|150,-0.08278637270692275,0.5901696359648675,1.0940527235322255,0.09466453673557967,100.0,-0.08634838827789336,0.5918589142067416,1.0922316642918222,0.09263953976072518,150,150.0,150.0,1000.0,True,,locality,prompt_last,0.0002295008088044957,0.012140106525683581,0.9853613811535498,-0.02677872537213377,0.012140106525683581,-0.014638618846450189,0.013523607744326458,0.10543494898403606,4.997606944086907,4.960971593258122,0.0061831114164767435,6.041865823115122,0.98144639497451,cd9d1cf89a5ba50b745a0f868ce7c825e957e0b2aa2dd1949910913a02e4b1a6,1a09df8e249acf92b7564a6519839b1174bca6e8e9a56d39c7d1f3cbc0e6999b,1000.0,prompt_last,0.12704413871670145,0.9870603192614678,True,True
Llama,CounterFact,MEMIT,ENCORE,canonical,200,canonical_completed_Llama_CounterFact_MEMIT_ENCORE,1,,canonical_missing_geometry_exact_replay_20260926,1000,1000,200,edited_prefix,greedy_target_prefix,-0.015620176240367208,0.12133353347422428,0.9926164826460837,0.008499129900244439,,,,,56.39999999999999,44.5,10.0,,,,canonical_missing_geometry_exact_replay_20260926,-0.05193676811185516,0.5131823377919914,1.0858677313580694,0.5163972724098991,6.0210290437772525,6.546956067267336,0.12444723830970571,28.113733007154167,0.08674252592359942,0.0519642716998578,0.0035798701969966566,0.28250452344980104,1.1822108574230874,-0.10029366602671365,0.28250452344980104,,,,1000,subject_last,rewrite,subject_last,H9,cadde6fda7900e5376a306938cad06e7ac03c72e998f89069152db46a91e9d0c,496ad3dc7e4a4f6e0028c5232e7959196dc8c1f7ffe82e6113d1c01e23171100,,,,,,,,,,,True,,Llama|CounterFact|MEMIT|ENCORE|canonical|200,-0.08716564029790018,0.6356861111320334,1.1161644644348256,0.11639094469752276,100.0,-0.08703185944134915,0.6322922430466298,1.1149771184068094,0.11509035853815787,200,200.0,200.0,1000.0,True,,locality,prompt_last,0.0003034811596212428,0.016270047616075672,0.9853331762949625,-0.030936871321113172,0.016270047616075672,-0.014666823705037493,0.01563378137787883,0.12249090664346778,4.997606944086907,4.960985885915696,0.008288789024521275,7.024274168435476,0.9816888024434326,bee7b14f9edfd1d93f9a97041522407a475348eb45a467e0df8558e00886701f,1a09df8e249acf92b7564a6519839b1174bca6e8e9a56d39c7d1f3cbc0e6999b,1000.0,prompt_last,0.18221085742308743,0.9874866638079657,True,True
Llama,CounterFact,MEMIT,ENCORE,canonical,250,canonical_completed_Llama_CounterFact_MEMIT_ENCORE,1,,canonical_missing_geometry_exact_replay_20260926,1000,1000,250,edited_prefix,greedy_target_prefix,-0.017315443525205802,0.1355767166602498,0.992977074731084,0.008614181711002778,,,,,50.349999999999994,40.8,11.600000000000001,,,,canonical_missing_geometry_exact_replay_20260926,-0.05932922851905044,0.5713363302680793,1.1086945620524207,0.5750432490408955,6.0210290437772525,6.685564973375587,0.14841800803488306,30.903987639686406,0.10933157050424584,0.0593545441783017,0.004487987435183122,0.3476677288359455,1.2334972592330278,-0.11417046960291775,0.3476677288359455,,,,1000,subject_last,rewrite,subject_last,H9,3d8af6eab15366d887a6d7810eca2179d021860ae7ce9bf4359cde9824f529a1,496ad3dc7e4a4f6e0028c5232e7959196dc8c1f7ffe82e6113d1c01e23171100,,,,,,,,,,,True,,Llama|CounterFact|MEMIT|ENCORE|canonical|250,-0.0924611338692819,0.6765126933692117,1.1357195189440612,0.13571951894406117,100.0,-0.09021951120156763,0.6733375324484239,1.1367032732075153,0.13693252610515466,250,250.0,250.0,1000.0,True,,locality,prompt_last,0.0003693595011998299,0.02032026818082044,0.9860587406316088,-0.03426152754921177,0.02032026818082044,-0.01394125936839133,0.017327695291558528,0.1368354112488048,4.997606944086907,4.962884187407558,0.010347470921401232,7.850438630292816,0.9821476003881494,0545040f2e623d063f7b74df697bd9ace9513182576810660ce6da71c9e12f70,1a09df8e249acf92b7564a6519839b1174bca6e8e9a56d39c7d1f3cbc0e6999b,1000.0,prompt_last,0.23349725923302775,0.9872556734767645,True,True
Llama,CounterFact,MEMIT,ENCORE,canonical,300,canonical_completed_Llama_CounterFact_MEMIT_ENCORE,1,,canonical_missing_geometry_exact_replay_20260926,1000,1000,300,edited_prefix,greedy_target_prefix,-0.019094867677005058,0.14739172044511725,0.9930710496218919,0.009027960733985221,,,,,43.75,41.66666666666667,11.333333333333332,,,,canonical_missing_geometry_exact_replay_20260926,-0.06442613201189064,0.6191482260824778,1.1295912646607171,0.6231743353235786,6.0210290437772525,6.811698085936045,0.16834196374669091,33.1148457526016,0.12997733474109582,0.06445075016849794,0.005202259185617072,0.4046998031169282,1.2810497982787643,-0.1236500048381642,0.4046998031169282,,,,1000,subject_last,rewrite,subject_last,H9,17a01ada099a5837486545b84f974606cff024337538456c6c81c1f150bd394e,496ad3dc7e4a4f6e0028c5232e7959196dc8c1f7ffe82e6113d1c01e23171100,,,,,,,,,,,True,,Llama|CounterFact|MEMIT|ENCORE|canonical|300,-0.09564185966253376,0.7097649433149199,1.1534244249659589,0.15342442496595898,100.0,-0.09150358422227028,0.7011966041522174,1.152732017165276,0.1528844273955136,300,300.0,300.0,1000.0,True,,locality,prompt_last,0.00044273236006887374,0.024004847578091,0.9862578445841498,-0.03774700299394125,0.024004847578091,-0.013742155415850242,0.019103921679733234,0.14878701923876325,4.997606944086907,4.963387320863681,0.01222140687954322,8.537723455297321,0.981890544536974,5355e8bd2b79d3ad8e6b0c0c062d41505bc23bee3f174e4d1c8e931dd4db591e,1a09df8e249acf92b7564a6519839b1174bca6e8e9a56d39c7d1f3cbc0e6999b,1000.0,prompt_last,0.281049798278764,0.9873085313199099,True,True
Llama,CounterFact,MEMIT,ENCORE,canonical,500,canonical_completed_Llama_CounterFact_MEMIT_ENCORE,1,,canonical_missing_geometry_exact_replay_20260926,1000,1000,500,edited_prefix,greedy_target_prefix,-0.021956446172792226,0.17811016692136872,0.9956661938273634,0.009365745532839255,,,,,29.15,50.2,17.8,,,,canonical_missing_geometry_exact_replay_20260926,-0.07092451433853424,0.7528216752302495,1.2032448062205865,0.756955581091368,6.0210290437772525,7.258263782309639,0.22330683877605123,38.5645882463082,0.20334035211437554,0.07103965407937779,0.0062993901482719114,0.5919125769953216,1.456362938466525,-0.1355496385287966,0.5919125769953216,,,,1000,subject_last,rewrite,subject_last,H9,6b907441aad1ad2b793f23fb8ac490c612c3e69b2eb38d7cc5067125a1870b06,496ad3dc7e4a4f6e0028c5232e7959196dc8c1f7ffe82e6113d1c01e23171100,,,,,,,,,,,True,,Llama|CounterFact|MEMIT|ENCORE|canonical|500,-0.09613926873493533,0.8095817821169053,1.2177656006321103,0.21776560063211015,100.0,-0.08735831867517416,0.8018366085681536,1.2202604196763729,0.22026041967637303,500,500.0,500.0,1000.0,True,,locality,prompt_last,0.0005949329177722697,0.034792036931958134,0.991474077504146,-0.04331795942781218,0.034792036931958134,-0.008525922495854044,0.021961105417590752,0.17966377743873824,4.997606944086907,4.976510922993053,0.017628450257749045,10.304513161659724,0.9831877970818459,fb26c926cf5df1058fa61a8038cda10281e4aba9a501a8bb0f706da8f29a5171,1a09df8e249acf92b7564a6519839b1174bca6e8e9a56d39c7d1f3cbc0e6999b,1000.0,prompt_last,0.4563629384665251,0.9894696353562584,True,True
Llama,CounterFact,MEMIT,ENCORE,canonical,750,canonical_completed_Llama_CounterFact_MEMIT_ENCORE,1,,canonical_missing_geometry_exact_replay_20260926,1000,1000,750,edited_prefix,greedy_target_prefix,-0.02345869641201761,0.20668659124445207,0.999978123463671,0.009174468216266166,,,,,23.599999999999998,57.86666666666667,21.46666666666667,,,,canonical_missing_geometry_exact_replay_20260926,-0.07849259180056002,0.8639674447120383,1.270044666355758,0.8683364290021144,6.0210290437772525,7.6617323449107975,0.2692148624435979,42.681826912419766,0.2700495237912996,0.07862946666580982,0.007546989448742493,0.7741255499097794,1.6246873557574018,-0.14943819415237755,0.7741255499097794,,,,1000,subject_last,rewrite,subject_last,H9,00a85eb854dad0f3886cbbe0b5e7bfe8bd7d5766dd4132fa95fa1db27cea7594,496ad3dc7e4a4f6e0028c5232e7959196dc8c1f7ffe82e6113d1c01e23171100,,,,,,,,,,,True,,Llama|CounterFact|MEMIT|ENCORE|canonical|750,-0.09783043793373762,0.8919354596240997,1.2735369929943436,0.27353699299434364,100.0,-0.08562755339125065,0.8812285615175006,1.2758197034053234,0.2758197034053235,750,750.0,750.0,1000.0,True,,locality,prompt_last,0.0006854174725211563,0.04635388389808546,1.0001219085465713,-0.04623197535151406,0.04635388389808546,0.00012190854657139838,0.023471209688507355,0.20821782688853144,4.997606944086907,4.998030506167969,0.02332341458397715,11.92611821921672,0.9854288339207893,a9bf305043837d8ffe927887e31e67f135999e441e4c233e773b7cc5adceeeab,1a09df8e249acf92b7564a6519839b1174bca6e8e9a56d39c7d1f3cbc0e6999b,1000.0,prompt_last,0.624687355757402,0.9903450753752512,True,True
Llama,CounterFact,MEMIT,ENCORE,canonical,1000,canonical_completed_Llama_CounterFact_MEMIT_ENCORE,1,,canonical_missing_geometry_exact_replay_20260926,1000,1000,1000,edited_prefix,greedy_target_prefix,-0.025476087490399806,0.2338042449446445,1.0042269872233585,0.011290921856012296,,,,,18.2,64.8,26.3,,,,canonical_missing_geometry_exact_replay_20260926,-0.08453917155003027,0.959277913357075,1.3325677570610424,0.963850634595677,6.0210290437772525,8.0393666162609,0.3070791539187185,45.84039354002562,0.33256775706104225,0.08482096624330923,0.008683590399957645,0.9517047861864831,1.7913100334863803,-0.16039475270010287,0.9517047861864831,,,,1000,subject_last,rewrite,subject_last,H9,a3661842e32b9a19067c61841565383b91994313a66c32844a1ec366d4ae9b29,496ad3dc7e4a4f6e0028c5232e7959196dc8c1f7ffe82e6113d1c01e23171100,,,,,,,,,,,True,,Llama|CounterFact|MEMIT|ENCORE|canonical|1000,-0.09608525748286366,0.9653764486552044,1.3279301968016086,0.32793019680160873,100.0,-0.08453917155003027,0.959277913357075,1.3325677570610424,0.33256775706104225,1000,1000.0,1000.0,1000.0,True,,locality,prompt_last,0.0008177921636295788,0.058851181003730844,1.008716798186561,-0.05013438281717004,0.058851181003730844,0.00871679818656081,0.02549844292929601,0.23543347690414249,4.997606944086907,5.019331230501908,0.029404312877927066,13.45670785652897,0.9862945158895927,39121cbf9cc6712ba60ce1df642619cd0379545d2aa036eabca42ba40814e1e6,1a09df8e249acf92b7564a6519839b1174bca6e8e9a56d39c7d1f3cbc0e6999b,1000.0,prompt_last,0.7913100334863802,0.990958251253704,True,True
Llama,CounterFact,MEMIT,NAS,canonical,50,T25,1,,unchanged_original,1000,1000,50,edited_prefix,greedy_target_prefix,-0.0028661834429375846,0.0516476855185356,0.9986445091211776,0.0030075151959257,0.051836172972892294,0.0015104147628829802,2.964024729323722,0.0035534172776670488,95.2,90.0,16.0,1.0003660103936733,0.037026569768398146,T25,unchanged_original,0.0030008636461935872,0.1944534526729579,1.0300157982806077,0.19517580091317996,6.0210290437772525,6.2043995051268155,0.024896029444577996,10.794351311731186,0.030682435746520034,0.014128009691961662,0.0005542555725166988,0.05566666000771039,1.0622226428726145,0.006555982864903871,0.05566666000771039,3.001579828060774,1.0304550036241855,916.0,1000,subject_last,rewrite,subject_last,H9,2ea69132d0c2005c087f1afed8675009f3ffbda7fdebcb3bd6e0e8835bc89935,9e827afdaf2ed34d02f8dd55d950d1ebf381a268b93ad2b0d3a3d51e9adda06d,8.721812227471257e-16,True,8e11894025bb710793dc8cfc7f2c403f1dac4463e2953db7b13e3d401c8ad417,8e11894025bb710793dc8cfc7f2c403f1dac4463e2953db7b13e3d401c8ad417,baca4d96e27cab34125ff65dae1fd0cca031b8131e2db45ff270fd49d906ab98,7e415719d53ba7369fcab55a7465b4d503206c32eda47a7bd57d30bc1be5f3d8,True,,,,True,True,Llama|CounterFact|MEMIT|NAS|canonical|50,,,,,,-0.07968697333305216,0.690848263500509,1.1515640743352846,0.1515640743352848,50,,,,,,,,2.0027669140237675e-05,0.0030172233480032324,0.9973048841312684,,,,,0.051836172972892294,,,,2.964024729323722,,,,,,,,True,True
Llama,CounterFact,MEMIT,NAS,canonical,100,T25,1,,unchanged_original,1000,1000,100,edited_prefix,greedy_target_prefix,-0.004609800026187597,0.0768963629803672,0.9986892071074716,0.0044846557216079,0.07718862243579622,0.00329404357491014,4.413267453104351,0.005421555062738235,84.7,87.0,32.0,1.0006999917035717,0.05103473857193387,T25,unchanged_original,0.010659395426237115,0.37011922231086214,1.0903925921693831,0.3714036743146614,6.0210290437772525,6.573828909881534,0.06914550895020223,19.608197591457248,0.0905841758284187,0.02702322189363926,0.0012808280858653252,0.17154704846127192,1.1941466673996115,0.022599618938339554,0.17154704846127192,9.039259216938312,1.0918115262499193,978.0,1000,subject_last,rewrite,subject_last,H9,616c84528357100a734c6181bada6b6a6e5b54131564a62bce39add2defd1a8a,9e827afdaf2ed34d02f8dd55d950d1ebf381a268b93ad2b0d3a3d51e9adda06d,6.349944424393331e-16,True,76254b61a559a59e0e9fe2ede4d47eecfb58058d74903dcef655a793dcfb0a24,76254b61a559a59e0e9fe2ede4d47eecfb58058d74903dcef655a793dcfb0a24,5e7784fe577e6f4e16c2b240909d5afe346e961ac2a1d05c8f1cb9ac73886916,81905691ef1ecf875f5400eed980876f6379a174892abdb7fc32d94c2b9c938e,True,87.0,32.0,original_208,True,True,Llama|CounterFact|MEMIT|NAS|canonical|100,-0.06821944415384133,0.8083819117694993,1.2359137187626241,0.23591371876262415,100.0,-0.06821944415384133,0.8083819117694993,1.2359137187626241,0.23591371876262415,100,,,,,,,,4.424965371167639e-05,0.006589769774398895,0.9974144193757354,,,,,0.07718862243579622,,,,4.413267453104351,,,,,,,,True,True
Llama,CounterFact,MEMIT,NAS,canonical,150,T25,1,,unchanged_original,1000,1000,150,edited_prefix,greedy_target_prefix,-0.007891363404279659,0.1023725090632246,0.9980338643571666,0.0060696413756592,0.10285871160880306,0.005911432423010618,5.882081222802228,0.008287070470377123,62.64999999999999,79.33333333333333,25.333333333333332,1.0010233384337963,0.06208364607603528,T25,unchanged_original,0.006436420300124544,0.5236248077641453,1.1517630143885094,0.5251040559477078,6.0210290437772525,6.944581173180705,0.11935321766514102,26.709484732662254,0.15188723179298427,0.03375188917715751,0.001975371759699526,0.32233588136458013,1.3371840937245287,0.014848212359948623,0.32233588136458013,15.176301438850937,1.1533877552638523,988.0,1000,subject_last,rewrite,subject_last,H9,98b87eac38f2de0efbb166c07dd2e1bcc0792385ac182a78ab23c748a16253d7,9e827afdaf2ed34d02f8dd55d950d1ebf381a268b93ad2b0d3a3d51e9adda06d,6.173813754390642e-16,True,bb78613118d452e34aca662db3fc140dead67464e5402bcd1c179cef15b4e85d,bb78613118d452e34aca662db3fc140dead67464e5402bcd1c179cef15b4e85d,7ec22fee925648de1cfae20b5bab29b8bfd9bed09274708b58d39ea4dfdab73b,e0b62ab62ce9e6156354cb071fee9ec897e6bca56ea7075d6636c935ed6e7f3b,True,70.0,23.0,original_208,True,True,Llama|CounterFact|MEMIT|NAS|canonical|150,-0.07357008808407133,0.9576820576505263,1.335626089001787,0.33562608900178675,100.0,-0.07439814260341898,0.9018894506340399,1.2965297015813393,0.29652970158133934,150,,,,,,,,9.695249473251486e-05,0.011819930003194437,0.9961341556893676,,,,,0.10285871160880306,,,,5.882081222802228,,,,,,,,True,True
Llama,CounterFact,MEMIT,NAS,canonical,200,T25,1,,unchanged_original,1000,1000,200,edited_prefix,greedy_target_prefix,-0.009407709393931131,0.1215725677715006,0.9989221654278012,0.006874946671275,0.12212731330054888,0.008295084082157247,6.982802463106609,0.009756692940245436,53.45,80.0,26.0,1.0013417855445397,0.0714337168442728,T25,unchanged_original,0.002871547480356419,0.6358906267800539,1.205516766262753,0.6374221572384452,6.0210290437772525,7.266395348804166,0.15941375734482846,31.456203707339846,0.20557838997468209,0.037634638219860676,0.0023567403915774284,0.46068492616390555,1.468784761516196,0.008099835352290263,0.46068492616390555,20.551676626275306,1.206836123189607,994.0,1000,subject_last,rewrite,subject_last,H9,4f9f214b789133cb699c864e01de48baa1c929f1f085a7be425fcd137938d3f5,9e827afdaf2ed34d02f8dd55d950d1ebf381a268b93ad2b0d3a3d51e9adda06d,6.136385997328478e-16,True,7c5bb97442619df0e24481e02b72c3858f6fe461e7ac8b7060f65cb47a7f9b30,7c5bb97442619df0e24481e02b72c3858f6fe461e7ac8b7060f65cb47a7f9b30,cb3d113730e7f46710d8374b16ba742b5d66ec4d22ef1240e282c7f226b19370,7159f581ce2e2dea74a6c2d3a9bb44f41ceb69ecc5ba4955b8186d79ad8bfcdd,True,63.0,20.0,original_208,True,True,Llama|CounterFact|MEMIT|NAS|canonical|200,-0.07341698385715364,1.0634523419778865,1.4142167139718569,0.4142167139718571,100.0,-0.07351865473183387,0.9536370666448627,1.3350745797783155,0.33507457977831534,200,,,,,,,,0.00013184043555516898,0.016618061362104433,0.9979344830097973,,,,,0.12212731330054888,,,,6.982802463106609,,,,,,,,True,True
Llama,CounterFact,MEMIT,NAS,canonical,250,T25,1,,unchanged_original,1000,1000,250,edited_prefix,greedy_target_prefix,-0.010582513515921689,0.1376757602040436,1.000139958249056,0.0076966676189487,0.13829352887216037,0.010655828808502242,7.903112600941717,0.010869752073581726,45.6,77.6,28.8,1.0016542581944026,0.07960591051074915,T25,unchanged_original,-0.00892431241790307,0.7345230654146067,1.2524159008640992,0.7361138722671814,6.0210290437772525,7.549786939484115,0.1981232869688676,35.48894065005622,0.25245867292337787,0.03957728089722652,0.0028022528601027246,0.6047037356883928,1.5896573637126894,-0.015046371975703418,0.6047037356883928,25.241590086409914,1.2539030927424004,995.0,1000,subject_last,rewrite,subject_last,H9,2c231787d1561d88c987a56c94dc80812c7e8de4df8972e1d31e9af288bdd011,9e827afdaf2ed34d02f8dd55d950d1ebf381a268b93ad2b0d3a3d51e9adda06d,7.408799743562701e-16,True,8f22e68faaf254a5b8049dba2ffb61547af2012a13f93b1f3b2a553dd5326943,8f22e68faaf254a5b8049dba2ffb61547af2012a13f93b1f3b2a553dd5326943,191f35f3fda668fdfb06ec237134f943181c8f8a504c62be78149db8c542bc53,7f9c7fd857da302e8f085fa669f6b89ba56d2bd5a70f79a6a5e9f582d050a5f2,True,53.0,16.0,original_208,True,True,Llama|CounterFact|MEMIT|NAS|canonical|250,-0.0840178770914354,1.1628299335337358,1.4841787224290008,0.4841787224290005,100.0,-0.08231823926697499,1.0032167590296102,1.3662269287159146,0.3662269287159145,250,,,,,,,,0.0001723497023449379,0.021393947735941898,1.0004012704064436,,,,,0.13829352887216037,,,,7.903112600941717,,,,,,,,True,True
Llama,CounterFact,MEMIT,NAS,canonical,300,T25,1,,unchanged_original,1000,1000,300,edited_prefix,greedy_target_prefix,-0.011794589552578966,0.1503952454305609,1.0010266747325602,0.0082519069227215,0.15106610878671767,0.012720843611875103,8.630409386393882,0.012015902905803181,38.65,77.33333333333333,31.0,1.0019586720646319,0.08677420698514472,T25,unchanged_original,-0.019252054949285245,0.8150080602554401,1.2932549172753731,0.8168021437351517,6.0210290437772525,7.794465645027768,0.23026712772714877,38.65247885553493,0.29326122820683975,0.04294809399294513,0.0034087169481847165,0.7327839779008943,1.6976885849505083,-0.03509539295038577,0.7327839779008943,29.32549172753731,1.2945404495404929,998.0,1000,subject_last,rewrite,subject_last,H9,f9d793db0c436754b175c7443eb3027c4ac51e51f82b7967048565703c0a28b0,9e827afdaf2ed34d02f8dd55d950d1ebf381a268b93ad2b0d3a3d51e9adda06d,6.026723729791978e-16,True,22d24c41deb40733b271d34b5736048545e13bf042ba3c8a7e0b8c9de07d03ba,22d24c41deb40733b271d34b5736048545e13bf042ba3c8a7e0b8c9de07d03ba,d59da0ab7f28b029826349596965160c835b4bfe906b3a423dccf91c1f33ba61,7ff2c45ea9c13d42bcebc574801233b5262fb6ea11f936d9592254cf87443556,True,45.0,16.0,original_208,True,True,Llama|CounterFact|MEMIT|NAS|canonical|300,-0.09212754132303413,1.2437252365189841,1.5439489059721518,0.5439489059721515,100.0,-0.0884744195059221,1.0369428023335119,1.3882377114104365,0.3882377114104366,300,,,,,,,,0.00020651575252191246,0.02558001920959304,1.002197355856957,,,,,0.15106610878671767,,,,8.630409386393882,,,,,,,,True,True
Llama,CounterFact,MEMIT,NAS,canonical,500,T25,1,,unchanged_original,1000,1000,500,edited_prefix,greedy_target_prefix,-0.012726315577488018,0.1832274818639565,1.0064856658285095,0.011622441698506,0.18390739722880925,0.01886927646520918,10.4663181070489,0.013164166632165355,27.05,79.8,35.8,1.0032042662868288,0.11104960971350594,T25,unchanged_original,-0.0613754513318312,1.0375617821301162,1.4170436612069717,1.0411331174255456,6.0210290437772525,8.541300552830023,0.3222609918256228,46.588353543553794,0.41704366120697156,0.06805392347040802,0.007781351909167986,1.1714775610396755,2.0565080102851816,-0.11496955075449442,1.1714775610396755,41.704366120697166,1.4185782016211128,1000.0,1000,subject_last,rewrite,subject_last,H9,152c2a88baeb7ca2cdc17c53394959c4c68256c34a2d4bdda54965f5ee6aa495,9e827afdaf2ed34d02f8dd55d950d1ebf381a268b93ad2b0d3a3d51e9adda06d,6.320501919094406e-16,True,d63a1e25c54f212256f4719c31a15c6bcd8f26120cb218f31498d8a1b4e70f6f,d63a1e25c54f212256f4719c31a15c6bcd8f26120cb218f31498d8a1b4e70f6f,8595b6850393329c3a3adc0f94144ed2b979c751b14879fe588086aeb4bf0d8a,ff1d3b57f42d70179991909cece9a5494cb8787a1b888da225622fceba2524c6,True,36.0,13.0,original_208,True,True,Llama|CounterFact|MEMIT|NAS|canonical|500,-0.11770348653350236,1.5081054881301836,1.7522906258847855,0.7522906258847857,100.0,-0.11330431865333637,1.1463443494438275,1.45939661138807,0.4593966113880701,500,,,,,,,,0.0002577137054946761,0.03850434742195756,1.0133094299724763,,,,,0.18390739722880925,,,,10.4663181070489,,,,,,,,True,True
Llama,CounterFact,MEMIT,NAS,canonical,750,T25,1,,unchanged_original,1000,1000,750,edited_prefix,greedy_target_prefix,-0.01934910306017968,0.2114611618182595,1.0062561550619982,0.0142134865481641,0.21267258489827276,0.025090434803816303,12.102180996066512,0.01963837239515955,25.6,77.6,35.06666666666667,1.0045808601385566,0.1326950012963584,T25,unchanged_original,-0.1294281446527418,1.1598794183012697,1.4650948971502684,1.1695831003044348,6.0210290437772525,8.828460481546522,0.3891968369245248,51.85684651863025,0.4651049605187425,0.13021065214353444,0.021884325210933964,1.4538117878605947,2.216839823766045,-0.2369719640945496,1.4538117878605947,46.509489715026845,1.466271033963996,999.0,1000,subject_last,rewrite,subject_last,H9,8396362d0f75d033793404147552850d6d1e0071fd6bbba045795e926d9103a3,9e827afdaf2ed34d02f8dd55d950d1ebf381a268b93ad2b0d3a3d51e9adda06d,6.237709720892419e-16,True,5528d9d0355cfd526ef71ce50400a2d1c19b73be271d9ea304ac0275c5d00db6,5528d9d0355cfd526ef71ce50400a2d1c19b73be271d9ea304ac0275c5d00db6,83a8b80fb443cef07df3a0d31bcd0ec64ed2a09ac2edc7ba15a9a59ed1472020,51e79cb7ce88dcaddf3b36754357411eada8a6bdd4fde206e1a6125e9c91dc7c,True,30.0,13.0,original_208,True,True,Llama|CounterFact|MEMIT|NAS|canonical|750,-0.15166421596046947,1.6570651661199787,1.8670263688666668,0.867026368866667,100.0,-0.15644923557281315,1.192088509714946,1.471052956744042,0.47105295674404185,750,,,,,,,,0.0005341716294220596,0.051178220493858805,1.0130141860029214,,,,,0.21267258489827276,,,,12.102180996066512,,,,,,,,True,True
Llama,CounterFact,MEMIT,NAS,canonical,1000,T25,1,,unchanged_original,1000,1000,1000,edited_prefix,greedy_target_prefix,-0.02768923987569091,0.2317583231549949,1.0028453034594822,0.0162250539469643,0.23387223540179725,0.030023781104326488,13.33424088037086,0.027936888295657058,21.5,72.8,36.1,1.005742735041503,0.1481153336847143,T25,unchanged_original,-0.18714242619714466,1.2393370199861662,1.4930506557442045,1.2570801291530584,6.0210290437772525,8.994715539690896,0.43911225085041394,55.594509591804844,0.49305065574420437,0.18773402450859258,0.04113683747258115,1.6529272411717975,2.3197792262500894,-0.3331480149217082,1.6529272411717975,49.305065574420446,1.4938834332624513,1000.0,1000,subject_last,rewrite,subject_last,H9,c6ddb779f4be791c6e68eda44309d27e3f8bd5fd89d24721b4211032357fe11b,9e827afdaf2ed34d02f8dd55d950d1ebf381a268b93ad2b0d3a3d51e9adda06d,6.499347734917101e-16,True,038400ed690219872e1f7898d138cb5b28139582f22a3e4001a72518dc786523,038400ed690219872e1f7898d138cb5b28139582f22a3e4001a72518dc786523,56c0ae999d3994524257c215cc214b20b5de070915be726a69f511562247c123,45e58cf3342a29ea3adf61b53dd21b619c374849c345e4ba077f140769b85011,True,34.0,15.0,original_208,True,True,Llama|CounterFact|MEMIT|NAS|canonical|1000,-0.1699864002909625,1.7245872822698274,1.9194317120740978,0.919431712074098,100.0,-0.18714242619714466,1.2393370199861662,1.4930506557442045,0.49305065574420437,1000,,,,,,,,0.0010267835466209849,0.06064473686160187,1.006293040656841,,,,,0.23387223540179725,,,,13.33424088037086,,,,,,,,True,True
Llama,CounterFact,MEMIT,Native,canonical,50,T26,1,,unchanged_original,1000,1000,50,edited_prefix,greedy_target_prefix,-0.003294502750636793,0.0522140126813848,0.9982447344554316,0.0030699369018426,0.05242239888626591,0.0015404109830513594,2.998238431127277,0.0038093897568824762,94.7,94.0,22.0,1.00038472435916,0.03762821569799128,T26,unchanged_original,0.005016938800680279,0.19855851324458906,1.0329902958962935,0.19942749837149507,6.0210290437772525,6.223837720129115,0.025622056323040775,10.979912107514675,0.03368692239391091,0.015755312247086567,0.0006161923663102278,0.057973078030331616,1.0686231479980024,0.010650069967670785,0.057973078030331616,3.299029589629354,1.0336833911408325,917.0,1000,subject_last,rewrite,subject_last,H9,b14b333bcbb4f78a7fec8f609c4c8d51bf71ac953c4b87c6705c0b130f360222,9e827afdaf2ed34d02f8dd55d950d1ebf381a268b93ad2b0d3a3d51e9adda06d,6.59517322294395e-16,True,75f03edc29ed07ba8c9cb7b4c63e8b5827f6b6fd1856f1af1aecb8fbc551661f,75f03edc29ed07ba8c9cb7b4c63e8b5827f6b6fd1856f1af1aecb8fbc551661f,dc098cfe7469777d9075a8ca58f744a58c1c71c5e8bc8905208795d21a3c93b1,29c7afea124c221458ec25f7108f2a6fc4cdd68bb3d362555da256c0689b0ef3,True,,,,True,True,Llama|CounterFact|MEMIT|Native|canonical|50,,,,,,-0.07691005664226337,0.702875684608117,1.1611906765841196,0.16119067658411967,50,,,,,,,,2.2751399856412405e-05,0.003071251392398246,0.996504997290981,,,,,0.05242239888626591,,,,2.998238431127277,,,,,,,,True,True
Llama,CounterFact,MEMIT,Native,canonical,100,T26,1,,unchanged_original,1000,1000,100,edited_prefix,greedy_target_prefix,-0.005147648930629765,0.085550527798308,0.9989405117713824,0.0049678893910313,0.08587488009298586,0.00407969543913042,4.909440761060814,0.005981145582684387,78.60000000000001,88.0,33.0,1.0009243378385633,0.05598780213435014,T26,unchanged_original,0.03225311062535062,0.44033056025615086,1.1391675131708368,0.4429076298521835,6.0210290437772525,6.876716197720972,0.08730016385023655,22.298669474942987,0.13931950918674757,0.04129566627993852,0.0026083368812778868,0.2421345007964294,1.3092490589284087,0.06711455813197913,0.2421345007964294,13.916751317083676,1.1421164302185312,991.0,1000,subject_last,rewrite,subject_last,H9,e259e6c93edc351cfd4c44a3581f070ef6689784b73673182fd5697867249ebb,9e827afdaf2ed34d02f8dd55d950d1ebf381a268b93ad2b0d3a3d51e9adda06d,7.825954852265689e-16,True,cac0b5198205508f6ffe9d60f49602c5f4cecb8d216f3031dbc8a918f1a16bec,cac0b5198205508f6ffe9d60f49602c5f4cecb8d216f3031dbc8a918f1a16bec,97276865d483fdf8126077bdc3384877f68424e1c0650320cfcef0871e697c6c,f5123df3e80c3c963f9b0be9f421da2d16d5a3d34d5fa15e65e5d202f83f8715,True,,,,True,True,Llama|CounterFact|MEMIT|Native|canonical|100,-0.03195326123677533,0.9320229398427425,1.3467069867916643,0.3467069867916648,100.0,-0.03195326123677533,0.9320229398427425,1.3467069867916643,0.3467069867916648,100,,,,,,,,5.4040462486309684e-05,0.008166038200444212,0.997924780801671,,,,,0.08587488009298586,,,,4.909440761060814,,,,,,,,True,True
Llama,CounterFact,MEMIT,Native,canonical,150,T26,1,,unchanged_original,1000,1000,150,edited_prefix,greedy_target_prefix,-0.007077879602061532,0.1244976363401035,1.0017825508950875,0.0087179164959514,0.12498382639480866,0.00876951083468252,7.122541706105942,0.008727944609169327,50.9,65.33333333333333,22.666666666666668,1.0016557516192401,0.07344822421904883,T26,unchanged_original,0.07387714055560551,0.7304587913800733,1.3203960467031348,0.7360717385453567,6.0210290437772525,7.978048190442282,0.1729038735566915,32.77625293976424,0.32043417503835775,0.07994802218085266,0.009270874509222853,0.6256487946475192,1.7826739502679532,0.15702515562043384,0.6256487946475192,32.03960467031348,1.325030677054716,994.0,1000,subject_last,rewrite,subject_last,H9,2a47d6cfce4318440805563cacdddf2316c647cb35a38b2e795655104eb26b9f,9e827afdaf2ed34d02f8dd55d950d1ebf381a268b93ad2b0d3a3d51e9adda06d,8.822901218028569e-16,True,50b36044cdbe169634eb8b98e3be9f10899430e7300377f3c2b6196b1a45df7c,50b36044cdbe169634eb8b98e3be9f10899430e7300377f3c2b6196b1a45df7c,cf1f527ffa8f61e9dc6196f0b364b6d1c4502d09b99bf3f60dd63ee055014d7a,0f5d791aba1edcf1e70fb42ca7bdb8bc04f17e3eee5d48d60da29cdf8466c3f6,True,,,,True,True,Llama|CounterFact|MEMIT|Native|canonical|150,0.0292533635220658,1.2487258050144567,1.6223264058154752,0.6223264058154748,100.0,0.01888495926668513,1.186476219930922,1.5693249732015175,0.5693249732015175,150,,,,,,,,0.00011246315426200035,0.017772203452540297,1.0037289074026792,,,,,0.12498382639480866,,,,7.122541706105942,,,,,,,,True,True
Llama,CounterFact,MEMIT,Native,canonical,200,T26,1,,unchanged_original,1000,1000,200,edited_prefix,greedy_target_prefix,-0.0045922837616619696,0.1773670582399026,1.0138404306646105,0.0187731437284275,0.17788029015084542,0.017779179299726146,10.008628557521778,0.010430911821355702,31.8,62.0,27.5,1.0030565022106301,0.09595199228570091,T26,unchanged_original,0.20329337451138896,1.2102374785270613,1.729430304008279,1.2298894479785036,6.0210290437772525,10.461696664130114,0.2811373796752356,43.08139083191668,0.7294303040082794,0.2045527044410834,0.05722471229971997,1.6821914208919038,3.1460028822144013,0.46381146132249784,1.6821914208919038,72.94303040082791,1.737526357714933,1000.0,1000,subject_last,rewrite,subject_last,H9,c9ce376a6b112f782500353b6b27bc20fc68126cbc3bfa6b0164783ada129464,9e827afdaf2ed34d02f8dd55d950d1ebf381a268b93ad2b0d3a3d51e9adda06d,6.150138587893422e-16,True,3d9932f39dfc26b1945f2aad3a5ac5508d6c9683c0b8eb19f1bc362c7f2a1235,3d9932f39dfc26b1945f2aad3a5ac5508d6c9683c0b8eb19f1bc362c7f2a1235,1235440f39c65791cf0a8e2b39e829b4b5d5bb2062e296bd4d22d410a0a2da38,9fc581e52e2517b5960fa18c05b535fba3ecf31077000dada8925420d9cb9507,True,,,,True,True,Llama|CounterFact|MEMIT|Native|canonical|200,0.20577926369613728,1.807613422998414,2.177694897160103,1.177694897160103,100.0,0.1699901280711478,1.628608736962893,2.0132258896859967,1.0132258896859967,200,,,,,,,,0.00017697057975705284,0.03761849270153746,1.0286108957579707,,,,,0.17788029015084542,,,,10.008628557521778,,,,,,,,True,True
Llama,CounterFact,MEMIT,SADR,canonical,50,T27,1,,unchanged_original,1000,1000,50,edited_prefix,greedy_target_prefix,-0.002464369825424328,0.047956139337952,0.9988317588354048,0.0028187906269034,0.04812300131688338,0.0012954665816004372,2.7513002060112886,0.003235264725607288,94.8,90.0,12.0,1.0003822700766865,0.03740825057652107,T27,unchanged_original,0.004972576836806054,0.19183975869335634,1.0313285244602337,0.19269288948565916,6.0210290437772525,6.213592446253399,0.024295883099640606,10.637892738340364,0.031827873519144956,0.015501855294447116,0.0006165081923690299,0.05433868119640975,1.064900343062391,0.010561661865981143,0.05433868119640975,3.132852446023371,1.0319818092681619,935.0,1000,subject_last,rewrite,subject_last,H9,a82610bc1149317afb1210da50aa05883591fdc50d99b7a8b305e8877d645104,9e827afdaf2ed34d02f8dd55d950d1ebf381a268b93ad2b0d3a3d51e9adda06d,6.49997500480549e-16,True,a101efdbbe0b76d48020104c3a34397e358f34199d8a27570a9603d5f6253639,a101efdbbe0b76d48020104c3a34397e358f34199d8a27570a9603d5f6253639,3c106c65090c857a01be22daf5ba88c831f6ecbf182902810bb896ff95cb0755,c968e49fbbddb886442632e83b983bc29899e0ccf3556eef361ab40c2a0c43ff,True,,,,True,True,Llama|CounterFact|MEMIT|SADR|canonical|50,,,,,,-0.08214144085384494,0.6825183867968474,1.1448592399499535,0.1454670587567359,50,,,,,,,,1.619104291117262e-05,0.0025900784233355277,0.9976775298153979,,,,,0.04812300131688338,,,,2.7513002060112886,,,,,,,,True,True
Llama,CounterFact,MEMIT,SADR,canonical,100,T27,1,,unchanged_original,1000,1000,100,edited_prefix,greedy_target_prefix,-0.0032190820213837544,0.0757753540125779,0.9999901728394824,0.0043920181505387,0.0759955195029894,0.003198194908328886,4.341926681326115,0.00451904901878693,86.6,85.0,27.0,1.0009134290574266,0.0554570281512949,T27,unchanged_original,0.031109552659084338,0.41801739578542246,1.1287858413312948,0.42052300699240897,6.0210290437772525,6.812732037061394,0.08081714421795624,21.34648133135363,0.12888092011770305,0.04008558835814101,0.002396014870997006,0.21913401223487328,1.283749132424039,0.0646151201891657,0.21913401223487328,12.878584133129479,1.1314896486178503,988.0,1000,subject_last,rewrite,subject_last,H9,a3912003153e93335b4a1a617f7fdddc8c021bf8c005abba40facf366b314311,9e827afdaf2ed34d02f8dd55d950d1ebf381a268b93ad2b0d3a3d51e9adda06d,6.094427500178053e-16,True,52d9e98c9ba05114101f2b426f1c452ca0f4ff5c7f5dddfe0da85c6e42a9f4d4,52d9e98c9ba05114101f2b426f1c452ca0f4ff5c7f5dddfe0da85c6e42a9f4d4,eebe7a0dffea30e0d2ec45edae46ca26fad1ee4a6eedcb14ffefe47ee855c26c,37de1ed382a87712454baad979c8e82557076d280574cffb4b22b9c061639b0b,True,85.0,27.0,added_Llama_SADR_SPHERE,True,True,Llama|CounterFact|MEMIT|SADR|canonical|100,-0.03623250423374566,0.8896709654467108,1.3145975627187054,0.3145975627187053,100.0,-0.03623250423374566,0.8896709654467108,1.3145975627187054,0.3145975627187053,100,,,,,,,,3.257136545233214e-05,0.00642334638535789,1.0000177537080428,,,,,0.0759955195029894,,,,4.341926681326115,,,,,,,,True,True
Llama,CounterFact,MEMIT,SADR,canonical,150,T27,1,,unchanged_original,1000,1000,150,edited_prefix,greedy_target_prefix,-0.004745643026385896,0.1082769933114005,1.0019952719098202,0.0071616557326175,0.10861089586968117,0.006676051080436604,6.191102131596139,0.006669169700472095,64.5,72.0,22.666666666666668,1.0016203102095635,0.07231331963656089,T27,unchanged_original,0.06821488829090076,0.6938567769032435,1.2951074619255705,0.6992525929739234,6.0210290437772525,7.8242226325949344,0.16248414222475002,31.630040945595976,0.29513284631792497,0.07583784946410822,0.008509177664016408,0.566891131404182,1.71183008565,0.14493895424581793,0.566891131404182,29.510746192557047,1.2994826259277534,994.0,1000,subject_last,rewrite,subject_last,H9,89d7ba5a15f343fafe2e0ddbd007aae601db0bafa96915b4c5ceb75ee3b4d85c,9e827afdaf2ed34d02f8dd55d950d1ebf381a268b93ad2b0d3a3d51e9adda06d,7.310656483067496e-16,True,fbe171beb697600dc2c7159c1a3e64c2eb02c3094d6cbfe7fbeb6648993cf2e2,fbe171beb697600dc2c7159c1a3e64c2eb02c3094d6cbfe7fbeb6648993cf2e2,59f211be1f9ecb449c9d194e33ed05136eb26a353ccbc37dadba25eff9a22dec,598ec49c4ef956bb2ea1ac5944a96dcda79f10bef65f11b730698f9aa36528c4,True,59.0,18.0,added_Llama_SADR_SPHERE,True,True,Llama|CounterFact|MEMIT|SADR|canonical|150,0.017583412204000396,1.178228996599993,1.5612276745876585,0.5612276745876585,100.0,0.008570415770264246,1.1313772093672625,1.520800345496341,0.520800345496341,150,,,,,,,,7.033860332210133e-05,0.013531986848046873,1.0041110393985972,,,,,0.10861089586968117,,,,6.191102131596139,,,,,,,,True,True
Llama,CounterFact,MEMIT,SADR,canonical,200,T27,1,,unchanged_original,1000,1000,200,edited_prefix,greedy_target_prefix,-0.0023433385273349586,0.1465578841677539,1.0102828684786658,0.0138794077283002,0.14692432027922922,0.012283161493706849,8.299362794211644,0.008230199214425958,46.3,63.0,21.5,1.002866577115378,0.09302327975263333,T27,unchanged_original,0.17681845818305605,1.1089715574762917,1.6405355633908312,1.125593870389753,6.0210290437772525,9.925082075513263,0.26068768066519066,41.24517288178757,0.6405355633908312,0.17911326202538405,0.04427226426057824,1.420077896338466,2.817987076965156,0.3979091806266904,1.420077896338466,64.05355633908312,1.6484029562639062,1000.0,1000,subject_last,rewrite,subject_last,H9,67682960a818b410a746a8766f7edcb6df8c759850b6003ff01abe053a3d943c,9e827afdaf2ed34d02f8dd55d950d1ebf381a268b93ad2b0d3a3d51e9adda06d,5.338381095188694e-16,True,667f6bdccaca32a929b73dbf9c2492e16f07d9243ba07df3ba25872c150f0ac1,667f6bdccaca32a929b73dbf9c2492e16f07d9243ba07df3ba25872c150f0ac1,444e934317e43f6f958409594b5e9f737d4c32c2a9c925aab2ec38f014421d1f,d34ae9fef23b41344f44bd871440d3a59a1ca2b3f6ff24c9f5eb542adff35d1f,True,38.0,12.0,added_Llama_SADR_SPHERE,True,True,Llama|CounterFact|MEMIT|SADR|canonical|200,0.1624538673438396,1.6411458952593356,2.016694181042876,1.0166941810428765,100.0,0.13533499782626954,1.5014868311447946,1.8906955773953837,0.8906955773953836,200,,,,,,,,0.00011626321536226567,0.025661415613767665,1.0210910017744599,,,,,0.14692432027922922,,,,8.299362794211644,,,,,,,,True,True
Llama,CounterFact,MEMIT,SADR,canonical,250,T27,1,,unchanged_original,1000,1000,250,edited_prefix,greedy_target_prefix,0.00955768473454729,0.2496613236488835,1.0477441804689271,0.0495442907881972,0.250472680103701,0.03421566463735118,13.517512896109062,0.01696679847428518,35.7,50.8,21.6,1.0066891350905394,0.13331908134599782,T27,unchanged_original,0.4913931540889668,2.1979730127337453,2.6757321017764597,2.255974960325214,6.0210290437772525,16.207150606090842,0.41558099725969794,53.70791957730592,1.6757321017764597,0.49160957007364753,0.310886858609151,5.483217942404893,7.776891109191978,1.2936731667870844,5.483217942404893,167.57321017764596,2.6917575863283654,1000.0,1000,subject_last,rewrite,subject_last,H9,82d9e236ff4ab7c04fce3d0f9490f216c73d54adc065299df85ed0741061f3b5,9e827afdaf2ed34d02f8dd55d950d1ebf381a268b93ad2b0d3a3d51e9adda06d,6.215455095241682e-16,True,d8a638945bbb03889ce70f2eb22a8b3a3f5ada3ce204cfaed75fc3a5c1977638,d8a638945bbb03889ce70f2eb22a8b3a3f5ada3ce204cfaed75fc3a5c1977638,6b7cd0171f5e4acd1aa7bae9e99ca31d415fc48a7dd2ec84768ffaab098df2cd,e6a0fe955888e055cfd86c46c06a2e86ef159d92cf3422de9970b1e33bbca574,True,16.0,5.0,added_Llama_SADR_SPHERE,True,True,Llama|CounterFact|MEMIT|SADR|canonical|250,0.5586190491871096,2.930630418032714,3.323951615234305,2.3239516152343036,100.0,0.4792838170448756,2.5983797420737194,2.9989101548184665,1.9989101548184667,250,,,,,,,,0.0006368907907922007,0.08236376392175708,1.102116024181644,,,,,0.250472680103701,,,,13.517512896109062,,,,,,,,True,True
Llama,CounterFact,MEMIT,SPHERE,canonical,50,T28,1,,unchanged_original,1000,1000,50,edited_prefix,greedy_target_prefix,-0.003396274279353077,0.0479617072813516,0.9978714930343447,0.003176149960033,0.048189552475981785,0.0012696493671506134,2.7550086308940016,0.0038628014619345435,95.35,84.0,14.0,1.0003907620100674,0.03585591970846814,T28,unchanged_original,0.002208969510154042,0.16599878028374201,1.0230497221887902,0.16671112124332052,6.0210290437772525,6.1632502792182535,0.019415369016334495,9.271444517417502,0.024068708016936242,0.012915648065697808,0.0004686447128160559,0.042683205153604145,1.0475697888867281,0.00488658373312414,0.042683205153604145,2.30497221887902,1.023620752267918,883.0,1000,subject_last,rewrite,subject_last,H9,9e9b6d2cfdbfa3e916273b6138aef1e685ac3a1823f1e6cfc2c58228f9ef0014,9e827afdaf2ed34d02f8dd55d950d1ebf381a268b93ad2b0d3a3d51e9adda06d,6.633255616738353e-16,True,f0de538570db6b0264e45d9af984855865469c9e619346a3bd4279fce92f820f,f0de538570db6b0264e45d9af984855865469c9e619346a3bd4279fce92f820f,11b28d1c486cbac4dbeb3d38e6fe4b7f2955b94a1ba5b248921bd7b41deeb263,a9d99561c8a32b211bcc261386b37e16683eff4b0f8a0a73129a4443219826ad,True,,,,True,True,Llama|CounterFact|MEMIT|SPHERE|canonical|50,,,,,,-0.07224953403031181,0.6320401677616464,1.123306035758945,0.12330603575894505,50,,,,,,,,2.289714250956436e-05,0.002528891160728317,0.9957592397445317,,,,,0.048189552475981785,,,,2.7550086308940016,,,,,,,,True,True
Llama,CounterFact,MEMIT,SPHERE,canonical,100,T28,1,,unchanged_original,1000,1000,100,edited_prefix,greedy_target_prefix,-0.005234896992840436,0.073240783443147,0.9976690662962252,0.0042983269258819,0.07356652976434616,0.002907366342527088,4.2092313142873525,0.005727052280490402,90.35,84.0,24.0,1.0008180158002995,0.051295761355970686,T28,unchanged_original,0.00901658999466387,0.3117392047898453,1.0690583874155417,0.31294201750452294,6.0210290437772525,6.447218712496289,0.05298024657938115,16.744100714448855,0.06944324755238168,0.023555582532183275,0.001014002365449602,0.1278759331614266,1.1469231155162039,0.019047182354777346,0.1278759331614266,6.905838741554171,1.0707835264736856,961.0,1000,subject_last,rewrite,subject_last,H9,1b571c976f6fed52952c4213c1b73cf821404b1cc373f83a5c19767d7847e11c,9e827afdaf2ed34d02f8dd55d950d1ebf381a268b93ad2b0d3a3d51e9adda06d,6.541631326969618e-16,True,ff53ae737b8725a6d977ec73fb8cb37f713215638836606dd215bf636b07467d,ff53ae737b8725a6d977ec73fb8cb37f713215638836606dd215bf636b07467d,38d1e81409851a2bdcd877c727da2f2c3681d27ce0dacb9886aa5456026100b9,d6a294f0a60b5ea7022cd8e7804d42ce2f9abcfb6ef0db94f4c28e267096ccbb,True,84.0,24.0,added_Llama_SADR_SPHERE,True,True,Llama|CounterFact|MEMIT|SPHERE|canonical|100,-0.05599477235760226,0.74721150932593,1.2057435446884106,0.2057435446884104,100.0,-0.05599477235760226,0.74721150932593,1.2057435446884106,0.2057435446884104,100,,,,,,,,4.82175444184411e-05,0.005789205723471129,0.9953676292822088,,,,,0.07356652976434616,,,,4.2092313142873525,,,,,,,,True,True
Llama,CounterFact,MEMIT,SPHERE,canonical,150,T28,1,,unchanged_original,1000,1000,150,edited_prefix,greedy_target_prefix,-0.008352936993893056,0.1008226216882694,0.9972054218515688,0.0060312685101488,0.10135970468919894,0.0055619660408349056,5.800620654938734,0.00881907825689751,75.75,88.66666666666667,32.0,1.00125989037487,0.06360087523507275,T28,unchanged_original,0.008633676336315694,0.4506461149256762,1.1211087098833301,0.45213565613420476,6.0210290437772525,6.762000063341671,0.09473518996244766,23.39855759798467,0.12138542613204938,0.031416421368637246,0.0016585304358924546,0.24609641129764515,1.2650222944061689,0.018925883108523847,0.24609641129764515,12.110870988333012,1.1230638507432902,974.0,1000,subject_last,rewrite,subject_last,H9,e0461cf4745324c7892d9e9dde1808422ae3f0583411b1b0afdd6f36dd75837f,9e827afdaf2ed34d02f8dd55d950d1ebf381a268b93ad2b0d3a3d51e9adda06d,6.444664666169255e-16,True,1981a775736f6ecd319cd8350c685f4f827c88cd99935c46de5378df0c999477,1981a775736f6ecd319cd8350c685f4f827c88cd99935c46de5378df0c999477,83ab08fd6f201a020f30195d7e3c61da4a771965c1a4f3a7c8b5955e1c01aff3,3bb92f3f0f4db137791574db91555e5a4cf7f721a1775dee13b303017db7883a,True,84.0,27.0,added_Llama_SADR_SPHERE,True,True,Llama|CounterFact|MEMIT|SPHERE|canonical|150,-0.05688240290033564,0.8594754258795997,1.2785759570371582,0.2785759570371582,100.0,-0.057684779680051694,0.837234524499998,1.2635839111875478,0.2635839111875477,150,,,,,,,,0.00010932557894856617,0.01106585032977866,0.9944693019209411,,,,,0.10135970468919894,,,,5.800620654938734,,,,,,,,True,True
Llama,CounterFact,MEMIT,SPHERE,canonical,200,T28,1,,unchanged_original,1000,1000,200,edited_prefix,greedy_target_prefix,-0.010558296528098268,0.1226264278716204,0.99765618616815,0.0071556631699693,0.12331267610029638,0.008211359530777928,7.057087040619066,0.01102128901027834,62.35000000000001,87.0,29.5,1.0017293544692976,0.07432970081020135,T28,unchanged_original,0.014873009799623556,0.571307675138678,1.1825942164850678,0.5731916651966266,6.0210290437772525,7.1333061410439935,0.13386172136523153,28.478432175107827,0.18275197814744917,0.039241051437134085,0.0024223383937332092,0.38064966668718786,1.4128180246801683,0.03216835799298032,0.38064966668718786,18.25942164850678,1.1847320597824191,988.0,1000,subject_last,rewrite,subject_last,H9,38f510a699166b62bd69b8554f925afe18272d82aa1195065d1589168566a013,9e827afdaf2ed34d02f8dd55d950d1ebf381a268b93ad2b0d3a3d51e9adda06d,6.909950998512501e-16,True,719afd05b62a97ea8b6ae49fcc8c4264450ecb8001625f3ef2465e7ecc15899f,719afd05b62a97ea8b6ae49fcc8c4264450ecb8001625f3ef2465e7ecc15899f,696863f5a43e3aa7c35b7c8df823f0c203004377dcdef1837cfa70853884bb06,2028707f39147667c37d522e529974f5b8fe1fbc358d9cd2540027d477c64164,True,78.0,24.0,added_Llama_SADR_SPHERE,True,True,Llama|CounterFact|MEMIT|SPHERE|canonical|200,-0.04679134458700119,0.9514716654230818,1.3502426347983316,0.35024263479833145,100.0,-0.045980826494814976,0.9095579985481294,1.3223347132309664,0.3223347132309666,200,,,,,,,,0.00017224902536096194,0.016342533894325384,0.9953981898634897,,,,,0.12331267610029638,,,,7.057087040619066,,,,,,,,True,True
Llama,CounterFact,MEMIT,SPHERE,canonical,250,T28,1,,unchanged_original,1000,1000,250,edited_prefix,greedy_target_prefix,-0.012284922182094588,0.1442866918973858,0.9991396164745242,0.0083297476795879,0.14508327075648314,0.011385610987748386,8.296428338135906,0.012947086591509543,49.9,84.8,31.6,1.0023065792710952,0.08523895045205783,T28,unchanged_original,0.028938231594826353,0.6986699907842937,1.2622767596736002,0.7013360313811593,6.0210290437772525,7.615418407805089,0.17461903492272815,33.09184795440513,0.2623741357718694,0.050876188753094735,0.00399998658998239,0.5548784461616001,1.6167548959412352,0.06187644977963509,0.5548784461616001,26.22767596736002,1.2648034667222943,993.0,1000,subject_last,rewrite,subject_last,H9,744504b75392f854f18ae9859613b4ccb5c124f18bedf129e225ca494566d480,9e827afdaf2ed34d02f8dd55d950d1ebf381a268b93ad2b0d3a3d51e9adda06d,6.082449214970283e-16,True,708acbe7014bc1a55caa230158f7c1ff212fa624979b13ab2caa3f91c4d1f90d,708acbe7014bc1a55caa230158f7c1ff212fa624979b13ab2caa3f91c4d1f90d,61d303d20c9efcd74901550535918ff7fb4eb8be1007b33db982b750b208bc11,f760fa6ad679877d35c55985b16c26e071e95596f6cc4a0e4e194a5f2e0bbe2c,True,69.0,22.0,added_Llama_SADR_SPHERE,True,True,Llama|CounterFact|MEMIT|SPHERE|canonical|250,-0.028551461249230872,1.051184712672275,1.434962178934187,0.43496217893418687,100.0,-0.026190158440684296,0.9981619478240921,1.3990601289213012,0.39906012892130105,250,,,,,,,,0.0002349581590186169,0.022745392801741544,0.998410506596571,,,,,0.14508327075648314,,,,8.296428338135906,,,,,,,,True,True
Llama,CounterFact,MEMIT,SPHERE,canonical,300,T28,1,,unchanged_original,1000,1000,300,edited_prefix,greedy_target_prefix,-0.012907948837209396,0.1639006398666038,1.0018918498994696,0.0094907629190552,0.16469636381692646,0.014679836545497526,9.403476846101814,0.01368205445168456,43.25,81.66666666666667,32.333333333333336,1.0029078943986354,0.09523645975223254,T28,unchanged_original,0.04713119774419578,0.8166972168274017,1.3452977840810667,0.8203625675579622,6.0210290437772525,8.116223627943015,0.2103778437067322,36.83106749212479,0.34529868125531127,0.06441653014692701,0.006335666594981868,0.7412413615333181,1.8418394236166915,0.10059806208337344,0.7412413615333181,34.52977840810667,1.3479794847246502,999.0,1000,subject_last,rewrite,subject_last,H9,8556592b98b23fd4dc08aa3b9e6d5a9f453bfee9d922d78ba4904ec199abe6c9,9e827afdaf2ed34d02f8dd55d950d1ebf381a268b93ad2b0d3a3d51e9adda06d,6.059925307766257e-16,True,35a78ee4c67e7ffed36edc73f0563b60c39390901fd6b84c2eb19cee3f106963,35a78ee4c67e7ffed36edc73f0563b60c39390901fd6b84c2eb19cee3f106963,a822eedb3c93aa701721f0d278eb357317bb0cb830e7c5f85666c6f3cd6979a1,5566b8996def75f5a6aae8811e6d2b9158a9d966904984e92bf0207c388f2f20,True,60.0,19.0,added_Llama_SADR_SPHERE,True,True,Llama|CounterFact|MEMIT|SPHERE|canonical|300,-0.005860693048793173,1.1429782800804604,1.5187573662553602,0.5187573662553602,100.0,-0.0035621208081613952,1.0721190548855346,1.4688199928642325,0.46881999286423254,300,,,,,,,,0.00026398942032224387,0.0295295092262837,1.003977600972187,,,,,0.16469636381692646,,,,9.403476846101814,,,,,,,,True,True
Llama,CounterFact,MEMIT,SPHERE,canonical,500,T28,1,,unchanged_original,1000,1000,500,edited_prefix,greedy_target_prefix,-0.0023262826942574764,0.2724505422582918,1.03867373737755,0.040358405732239,0.27303759488636103,0.03833483206114941,15.078893047381367,0.014332919511550373,18.75,66.8,31.2,1.0076850465164287,0.14816956632871783,T28,unchanged_original,0.29123068660190027,1.7067569618808198,2.1537364591455486,1.7351563056943256,6.0210290437772525,13.008532975148407,0.38302649531082644,51.50843132008285,1.1537364591455483,0.2929290659518658,0.11295536141746501,3.176610417264387,4.872027151885653,0.6954167346212655,3.176610417264387,115.37364591455486,2.160516562960738,1000.0,1000,subject_last,rewrite,subject_last,H9,38e469edd82be16871c043ec3419770912f753a1b4b8e997b3ec666ba8691f4a,9e827afdaf2ed34d02f8dd55d950d1ebf381a268b93ad2b0d3a3d51e9adda06d,6.420342011136516e-16,True,b1494f554d4795cfabe428b53f91ac393fc355692a4858eefd5cf18cfc93bb58,b1494f554d4795cfabe428b53f91ac393fc355692a4858eefd5cf18cfc93bb58,43b5d5ffb99b4402cd225fe8c85f1271238c31d87ddfdd83fb6dc3f2cf0cbeee,a2b4c982eb3be6cac790535dec32cdd236aa322ad6958f93e8db1a8cbde27f80,True,19.0,7.0,added_Llama_SADR_SPHERE,True,True,Llama|CounterFact|MEMIT|SPHERE|canonical|500,0.3000969596812831,2.051789351375037,2.4341206388973062,1.434120638897306,100.0,0.26320838487233017,1.8617892375932923,2.256728984944542,1.256728984944542,500,,,,,,,,0.00034236954070395625,0.08520721722420337,1.0808970213763924,,,,,0.27303759488636103,,,,15.078893047381367,,,,,,,,True,True
Llama,zsRE,AlphaEdit,ENCORE,canonical,50,ENCORE_corrected_zsRE_AlphaEdit,1,,corrected_encore_dataset_editor_parameters_20260924,1000,1000,50,edited_prefix,greedy_target_prefix,-0.01702365285753098,0.19482717686820888,1.00537443666527,0.01391953338880339,,,,,87.88125447060573,88.0,57.99999999999999,,,,corrected_encore_dataset_editor_parameters_20260924,-0.03367137822874392,0.4715651616787012,1.082135684816376,0.4733583479787032,5.69944185401476,6.16398989987779,0.10485786498995409,25.74290425774493,0.08251932395387121,0.034945667496695476,0.001901709957842162,0.23920711184835902,1.1737660653487132,-0.06544104649964567,0.23920711184835902,,,,1000,subject_last,rewrite,subject_last,H9,f0e4cabfe304de2e6ee8151f0c37c0774388012e1d30ed85c20b810bc7e48cc5,7e7a6ee23be4c36b42b96cf847f73123b9e1f35099873eec300f6f0eb7c9b290,,,,,,,,,,,True,,Llama|zsRE|AlphaEdit|ENCORE|canonical|50,,,,,,-0.10530670664536416,0.7615347445336335,1.176608138191265,0.17660813819126495,50,50.0,50.0,1000.0,True,,locality,prompt_last,0.0003859446811742395,0.04488327240433294,1.0112219113704453,-0.03366136103388772,0.04488327240433294,0.011221911370445216,0.017218331528758273,0.19583762721975484,5.8434645326473476,5.878776271522565,0.02192845184468296,11.135360171446672,0.991474456462429,b02fec29b2270d150fe2fa638e1a802daab40b44773134e8baff53eeb5a30ec5,1aa5db2a489dcce3ee64159d97e31674b01e5c75e5440444a7a8617380dad2fa,1000.0,prompt_last,0.17376606534871333,0.9921126487882276,True,True
Llama,zsRE,AlphaEdit,ENCORE,canonical,100,ENCORE_corrected_zsRE_AlphaEdit,1,,corrected_encore_dataset_editor_parameters_20260924,1000,1000,100,edited_prefix,greedy_target_prefix,-0.022514334449880023,0.2712926738551718,1.0201566296115185,0.02638103749730666,,,,,74.06817594476952,86.0,61.0,,,,corrected_encore_dataset_editor_parameters_20260924,-0.04190413839735758,0.6328552494233279,1.1552596102112724,0.6351214638141214,5.69944185401476,6.580959506229968,0.16742058030924095,33.10113878262015,0.15527650620623254,0.04494026532671652,0.0030877962773937723,0.42067421406325395,1.3399537335459326,-0.08072048051732136,0.42067421406325395,,,,1000,subject_last,rewrite,subject_last,H9,30d31c0b8f5ddb7665ec60e784fae2f0b1d56b62cb88670bd6e47376eebf3372,7e7a6ee23be4c36b42b96cf847f73123b9e1f35099873eec300f6f0eb7c9b290,,,,,,,,,,,True,,Llama|zsRE|AlphaEdit|ENCORE|canonical|100,-0.10092671113319153,0.8463321028887988,1.236640118862005,0.23664011886200495,100.0,-0.10092671113319153,0.8463321028887988,1.236640118862005,0.23664011886200495,100,100.0,100.0,1000.0,True,,locality,prompt_last,0.000708039190510592,0.08633609837442313,1.0420154686651735,-0.044320629709249444,0.08633609837442313,0.04201546866517368,0.02306392057288473,0.2726223624161204,5.8434645326473476,5.968576360804728,0.04079869250663869,15.333220341195316,0.9918657452377836,4f7886f7264695a2af6853b76b56a2a70953f61098b9b634dc999e729472865f,1aa5db2a489dcce3ee64159d97e31674b01e5c75e5440444a7a8617380dad2fa,1000.0,prompt_last,0.33995373354593256,0.9927133716519053,True,True
Llama,zsRE,AlphaEdit,ENCORE,canonical,150,ENCORE_corrected_zsRE_AlphaEdit,1,,corrected_encore_dataset_editor_parameters_20260924,1000,1000,150,edited_prefix,greedy_target_prefix,-0.02323654138424817,0.30807447828834145,1.0310665654881972,0.03563402887211135,,,,,69.2349705183994,84.0,61.33333333333333,,,,corrected_encore_dataset_editor_parameters_20260924,-0.03944218056030643,0.7384120394771433,1.219601147808441,0.7406786617060537,5.69944185401476,6.946024599411971,0.20767176714886898,37.08412939386756,0.21962584667329926,0.046770678918219954,0.003465548508407231,0.5727559951375729,1.4973371825253672,-0.07541881261220562,0.5727559951375729,,,,1000,subject_last,rewrite,subject_last,H9,5191ba2c9a6b4bef694436d2b9c0e6df521116023320814aafa34af2e8c74237,7e7a6ee23be4c36b42b96cf847f73123b9e1f35099873eec300f6f0eb7c9b290,,,,,,,,,,,True,,Llama|zsRE|AlphaEdit|ENCORE|canonical|150,-0.09846005463592547,0.8899564241650713,1.268892549324945,0.26889254932494483,100.0,-0.09132079883349609,0.9183459798309983,1.2940556240359111,0.29405562403591107,150,150.0,150.0,1000.0,True,,locality,prompt_last,0.000807232924784333,0.11094784635621362,1.0652819965125018,-0.04566584984371201,0.11094784635621362,0.0652819965125016,0.024384758184636174,0.309435190351491,5.8434645326473476,6.034484240195877,0.05105831899466163,17.251456059416068,0.9927767674634759,fe4035c92d9b61da97043ca9685281eabb1953f946286388ed801bf70fa60726,1aa5db2a489dcce3ee64159d97e31674b01e5c75e5440444a7a8617380dad2fa,1000.0,prompt_last,0.4973371825253673,0.9939857359610692,True,True
Llama,zsRE,AlphaEdit,ENCORE,canonical,200,ENCORE_corrected_zsRE_AlphaEdit,1,,corrected_encore_dataset_editor_parameters_20260924,1000,1000,200,edited_prefix,greedy_target_prefix,-0.02183857636424993,0.3397644785845957,1.044011141905269,0.047065708710222205,,,,,66.59628840697212,85.5,64.5,,,,corrected_encore_dataset_editor_parameters_20260924,-0.03229801723951722,0.8166640869108844,1.2743981241922067,0.8186143329525567,5.69944185401476,7.254416729848126,0.23524258522610184,39.64971935484967,0.27440118886130865,0.04464897805977758,0.0032496609751439132,0.6985500592809072,1.6372036857770167,-0.06134637350389051,0.6985500592809072,,,,1000,subject_last,rewrite,subject_last,H9,28eddea9592853b9841b0d89acda1160e2cf12baef648c8aa97ea2e911aa5a56,7e7a6ee23be4c36b42b96cf847f73123b9e1f35099873eec300f6f0eb7c9b290,,,,,,,,,,,True,,Llama|zsRE|AlphaEdit|ENCORE|canonical|200,-0.0911228763453646,0.9257746153420403,1.2995888249781637,0.29958882497816375,100.0,-0.07750834791087031,0.9772812522943167,1.3461685278319049,0.34616852783190494,200,200.0,200.0,1000.0,True,,locality,prompt_last,0.000796544760206225,0.13640359644675193,1.0935229884784585,-0.04288060796829365,0.13640359644675193,0.09352298847845827,0.023837308806682674,0.34100634957927595,5.8434645326473476,6.112508572749916,0.060577978431453,18.79615173270265,0.9941942861486952,06e1f117b2ee20b2d00ed94e7ba1c5862c0a956b49bc9abd1d65c81a4fde1b1e,1aa5db2a489dcce3ee64159d97e31674b01e5c75e5440444a7a8617380dad2fa,1000.0,prompt_last,0.6372036857770165,0.995369532244957,True,True
Llama,zsRE,AlphaEdit,ENCORE,canonical,250,ENCORE_corrected_zsRE_AlphaEdit,1,,corrected_encore_dataset_editor_parameters_20260924,1000,1000,250,edited_prefix,greedy_target_prefix,-0.017733347396608333,0.3672475203357055,1.0580297062742896,0.059503037028909564,,,,,63.4893288890398,86.4,67.60000000000001,,,,corrected_encore_dataset_editor_parameters_20260924,-0.022015883262979794,0.8864064743760639,1.3282198175316424,0.8880936966037418,5.69944185401476,7.558657888756972,0.2574427668211815,41.62184562373521,0.3282198175316423,0.042753127923046835,0.003004650485122838,0.822851548569376,1.7818244325285393,-0.04102711604083675,0.822851548569376,,,,1000,subject_last,rewrite,subject_last,H9,47e589955584d4f441c0611c18dc274b6e7692d3a90d4b37ab6674f5f070c23e,7e7a6ee23be4c36b42b96cf847f73123b9e1f35099873eec300f6f0eb7c9b290,,,,,,,,,,,True,,Llama|zsRE|AlphaEdit|ENCORE|canonical|250,-0.08188073022040797,0.9589418261127486,1.3298436555491149,0.3298436555491145,100.0,-0.06299641422021954,1.0275257687983328,1.3933684167213969,0.393368416721397,250,250.0,250.0,1000.0,True,,locality,prompt_last,0.0006892105330132562,0.15883300802795625,1.1240555237677528,-0.03477748426020342,0.15883300802795625,0.12405552376775285,0.02151929363464608,0.36824018761271193,5.8434645326473476,6.196114222487408,0.06851857843074746,20.07389262852365,0.9956795326743162,740a66d0a5e92690b26569d21adf23e9decdf641d07d3bd6c22c1e9acbe7e5b2,1aa5db2a489dcce3ee64159d97e31674b01e5c75e5440444a7a8617380dad2fa,1000.0,prompt_last,0.7818244325285393,0.9963617752236251,True,True
Llama,zsRE,AlphaEdit,ENCORE,canonical,300,ENCORE_corrected_zsRE_AlphaEdit,1,,corrected_encore_dataset_editor_parameters_20260924,1000,1000,300,edited_prefix,greedy_target_prefix,-0.01677674995442031,0.39181660570584104,1.068833405224882,0.06971693905424901,,,,,62.06883264572946,86.0,66.0,,,,corrected_encore_dataset_editor_parameters_20260924,-0.01940479070109464,0.9419268139400477,1.3679188064949788,0.9436544318639309,5.69944185401476,7.780825496068696,0.2764855721609722,43.26175023490164,0.36791880649497877,0.04459536234306383,0.003239400912712593,0.9277921531767442,1.8922219726872676,-0.035570180489476695,0.9277921531767442,,,,1000,subject_last,rewrite,subject_last,H9,c6b6f25aef4bf228406ddc3598deae5458d3706440114840d8bf4b3c8532f3af,7e7a6ee23be4c36b42b96cf847f73123b9e1f35099873eec300f6f0eb7c9b290,,,,,,,,,,,True,,Llama|zsRE|AlphaEdit|ENCORE|canonical|300,-0.07847612189633808,0.9890485811816353,1.354300814212886,0.3543008142128863,100.0,-0.05808626210921432,1.066975838342996,1.4262910471507482,0.4262910471507483,300,300.0,300.0,1000.0,True,,locality,prompt_last,0.000709429683547889,0.1808350406220762,1.1479909703967834,-0.032844070225292725,0.1808350406220762,0.1479909703967835,0.021393734481114087,0.39273928480190523,5.8434645326473476,6.2605500479905976,0.0764018542701401,21.23932877838646,0.9960922539675618,4c2f4194902ec5c29311c06aef4782eb964420ee474a999d170b654180ec4fd7,1aa5db2a489dcce3ee64159d97e31674b01e5c75e5440444a7a8617380dad2fa,1000.0,prompt_last,0.8922219726872674,0.9965206325193987,True,True
Llama,zsRE,AlphaEdit,ENCORE,canonical,500,ENCORE_corrected_zsRE_AlphaEdit,1,,corrected_encore_dataset_editor_parameters_20260924,1000,1000,500,edited_prefix,greedy_target_prefix,-0.002365657287326899,0.4745500904720093,1.1180698879135167,0.11833352341013235,,,,,56.91405857806425,84.8,70.8,,,,corrected_encore_dataset_editor_parameters_20260924,0.002179263698905487,1.15428026570561,1.5363802368837782,1.1559682408542513,5.69944185401476,8.73625525727492,0.33983691559722373,48.402595631563436,0.5363802368837781,0.04990341123280422,0.0038601540462652553,1.3884786843369954,2.3966973657810713,0.008218681444076224,1.3884786843369954,,,,1000,subject_last,rewrite,subject_last,H9,626bdfbb183c8100f78141e87223889ab3cf838cedbe2442bd0ec922070a0a69,7e7a6ee23be4c36b42b96cf847f73123b9e1f35099873eec300f6f0eb7c9b290,,,,,,,,,,,True,,Llama|zsRE|AlphaEdit|ENCORE|canonical|500,-0.05204871545042642,1.1108816107801676,1.4634204689040506,0.4634204689040508,100.0,-0.02446283426511876,1.2267297647206146,1.5715180332522067,0.5715180332522068,500,500.0,500.0,1000.0,True,,locality,prompt_last,0.0007997753434723759,0.26689298269410255,1.262961443462921,-0.003931539231181422,0.26689298269410255,0.2629614434629211,0.021562347779899696,0.4753263840896423,5.8434645326473476,6.557138279072274,0.10097762274779745,24.64322831368913,0.997012338513244,d83e065d803ac42ed73ac40c11cc38554ed7f7a9e8381aaccdfe11cc4b546bd2,1aa5db2a489dcce3ee64159d97e31674b01e5c75e5440444a7a8617380dad2fa,1000.0,prompt_last,1.3966973657810715,0.9972275756878638,True,True
Llama,zsRE,AlphaEdit,ENCORE,canonical,750,ENCORE_corrected_zsRE_AlphaEdit,1,,corrected_encore_dataset_editor_parameters_20260924,1000,1000,750,edited_prefix,greedy_target_prefix,0.009295999362540342,0.5656515682919921,1.172664956418518,0.17276036848751858,,,,,50.709814113575945,80.80000000000001,67.73333333333333,,,,corrected_encore_dataset_editor_parameters_20260924,0.029618598893351028,1.3940896543334782,1.7399900312890082,1.3962489697574898,5.69944185401476,9.879511526965853,0.39940783360691773,52.895864501890394,0.739990031289008,0.06275383186993658,0.006362092951942734,2.0260905107992615,3.0916898015379064,0.0655992907386448,2.0260905107992615,,,,1000,subject_last,rewrite,subject_last,H9,87578dc03135838f7183640c36bf140fbdd97fa061233cf2e6835e6e399c76a8,7e7a6ee23be4c36b42b96cf847f73123b9e1f35099873eec300f6f0eb7c9b290,,,,,,,,,,,True,,Llama|zsRE|AlphaEdit|ENCORE|canonical|750,-0.01306429935620223,1.264729995591162,1.6081332307137115,0.6081332307137114,100.0,0.015829328706426386,1.4223009124812458,1.7529349929729876,0.7529349929729876,750,750.0,750.0,1000.0,True,,locality,prompt_last,0.0015531301507332028,0.3783371526517954,1.3984822815276092,0.02014512887581389,0.3783371526517954,0.39848228152760934,0.029356994424304707,0.5667761300519826,5.8434645326473476,6.884221716813884,0.12921002402177828,28.179147770816847,0.9959116349613487,d26e4bf46891232cf20a93e8589948767d7608daf9a3c121e3575b59a9e4f973,1aa5db2a489dcce3ee64159d97e31674b01e5c75e5440444a7a8617380dad2fa,1000.0,prompt_last,2.091689801537906,0.9968697459708529,True,True
Llama,zsRE,AlphaEdit,ENCORE,canonical,1000,ENCORE_corrected_zsRE_AlphaEdit,1,,corrected_encore_dataset_editor_parameters_20260924,1000,1000,1000,edited_prefix,greedy_target_prefix,0.02548107471842991,0.6861530981123118,1.2532913473463467,0.25333253858052635,,,,,44.79849124696024,75.4,63.2,,,,corrected_encore_dataset_editor_parameters_20260924,0.061460913255409554,1.6497889815626414,1.9675138904663219,1.652859967414454,5.69944185401476,11.160761219075848,0.4515243101756871,56.619656637787834,0.9675138904663216,0.08474026111202392,0.011299403983086143,2.8378521894629785,3.972073419956884,0.13422123049390525,2.8378521894629785,,,,1000,subject_last,rewrite,subject_last,H9,abe939d6407d2811ee250521e09f71e25fc9a0287d6f9debd22e6406165de0df,7e7a6ee23be4c36b42b96cf847f73123b9e1f35099873eec300f6f0eb7c9b290,,,,,,,,,,,True,,Llama|zsRE|AlphaEdit|ENCORE|canonical|1000,0.03730675811451631,1.4701442658719772,1.8040333771219919,0.8040333771219916,100.0,0.061460913255409554,1.6497889815626414,1.9675138904663219,0.9675138904663216,1000,1000.0,1000.0,1000.0,True,,locality,prompt_last,0.003336296302394892,0.5627862383461406,1.6170846840853954,0.0542984457392547,0.5627862383461406,0.6170846840853953,0.04192197174138012,0.6879558665508241,5.8434645326473476,7.368281125949123,0.16592796608431748,32.23824534736424,0.9941067594059542,c8cd1e999de53dcc1b66bc218d42c94dfeb376765d918530eb756e4e48904e68,1aa5db2a489dcce3ee64159d97e31674b01e5c75e5440444a7a8617380dad2fa,1000.0,prompt_last,2.9720734199568843,0.996034116257949,True,True
Llama,zsRE,AlphaEdit,NAS,canonical,50,T30,1,,unchanged_original,1000,1000,50,edited_prefix,greedy_target_prefix,-0.01507855639474932,0.1836479475796533,1.0042338065574237,0.0112523201777352,0.18449055627508368,0.01902882992535198,10.514154929619286,0.015240157039325488,88.09337957647803,84.0,58.0,1.0001024601626778,0.025991171218900776,T30,unchanged_original,-0.031755384406925415,0.4395863385390879,1.0699999367514075,0.4412961456763612,5.69944185401476,6.092474871361026,0.09331305254689769,24.18833702840593,0.07046175279759007,0.03273380780099325,0.001761264087079381,0.20872673498396818,1.1469772302571968,-0.061749504726771445,0.20872673498396818,6.999993675140748,1.068959913516691,972.0,1000,subject_last,rewrite,subject_last,H9,35fad49d14998e24c82c7a8e4b767a8bc311abf56f201f780f6fb7c33bdc1b4e,b5347d49edb7c52c7fe2a97c04622cf75f1571ddec4c73e228323d2e81bbc631,6.37162051603905e-16,True,e42d5b77e75cf846307ca32380c20003de811efd5d355dd877fec91ca480101e,e42d5b77e75cf846307ca32380c20003de811efd5d355dd877fec91ca480101e,05f796a9dec2f36fdbf66a224b47598c07fd9cfe324eae1b87f7139e49f6a213,c2c20b4a8f36d02e1e25f9cd3c64e0091b2cafe540299834a85520a5f7a14731,True,,,,True,True,Llama|zsRE|AlphaEdit|NAS|canonical|50,,,,,,-0.10722131972895863,0.7319363510409092,1.1563237181127288,0.15632371811272874,50,,,,,,,,0.0003083762745890035,0.03860716625224385,1.0087584297373342,,,,,0.18449055627508368,,,,10.514154929619286,,,,,,,,True,True
Llama,zsRE,AlphaEdit,NAS,canonical,100,T30,1,,unchanged_original,1000,1000,100,edited_prefix,greedy_target_prefix,-0.023208995189213613,0.2482773377379697,1.0119530540801625,0.0184478930593328,0.2496652123247125,0.03420718359969834,14.159835275893379,0.0233100689177675,80.38765450508939,85.0,57.0,1.0001851830737312,0.03611463848980195,T30,unchanged_original,-0.04980237746806139,0.5718204403799847,1.1158392756811837,0.574739590139335,5.69944185401476,6.352503692760812,0.14591385279256622,30.756185194554835,0.11591771622551167,0.05054688892350986,0.003700904706789242,0.3444049397389039,1.2485010895095705,-0.09590385022933354,0.3444049397389039,11.58392756811837,1.11458347246512,994.0,1000,subject_last,rewrite,subject_last,H9,2fcf597b7457551535c3a4d87d94eed2ecd20b5b49fad15c68506e064dcfd54a,b5347d49edb7c52c7fe2a97c04622cf75f1571ddec4c73e228323d2e81bbc631,6.080907351936359e-16,True,50264df05e38569c272613e3a779b2f76e17f8b325f62981906b5350200e8b1f,50264df05e38569c272613e3a779b2f76e17f8b325f62981906b5350200e8b1f,fb54ebc5579a8eb263e714432aa8557b17b6e8d14f984192d2606f1fdd484e6b,7250a2e5c26ca53ca0e6c0fb8a52aee39f4d7876a2c98d11b2cadccb9db8aa29,True,85.0,56.99999999999999,original_208,True,True,Llama|zsRE|AlphaEdit|NAS|canonical|100,-0.1140449437544135,0.7772512508549551,1.180588222233703,0.18058822223370313,100.0,-0.1140449437544135,0.7772512508549551,1.180588222233703,0.18058822223370313,100,,,,,,,,0.0007164171434106547,0.0703969761481359,1.0246954029131192,,,,,0.2496652123247125,,,,14.159835275893379,,,,,,,,True,True
Llama,zsRE,AlphaEdit,NAS,canonical,150,T30,1,,unchanged_original,1000,1000,150,edited_prefix,greedy_target_prefix,-0.02827598385781517,0.2766104988412475,1.0149126111687166,0.0213786963555162,0.27838298364047015,0.04186596438632835,15.769860522066429,0.028288162670510795,76.93558372184503,88.0,57.333333333333336,1.0002480110240928,0.043697565570472545,T30,unchanged_original,-0.06107393450145474,0.6377848081850102,1.142594056760614,0.6415494623617058,5.69944185401476,6.501843859223985,0.17507828813095785,33.852328210295994,0.14265528156148585,0.06161663899645609,0.00525189059194415,0.42693351812961655,1.3100375397186512,-0.11689597841096534,0.42693351812961655,14.259405676061409,1.140786067436411,998.0,1000,subject_last,rewrite,subject_last,H9,0ae40679953d86247674bc778370229df29b826645965a938260d866fd78af66,b5347d49edb7c52c7fe2a97c04622cf75f1571ddec4c73e228323d2e81bbc631,5.8216216177824e-16,True,478e9ed6d525b89ec0a5d3ef6bf5fe61dd2368026657c9100b58e184c9d47320,478e9ed6d525b89ec0a5d3ef6bf5fe61dd2368026657c9100b58e184c9d47320,9f60e898a52d338483f931941961280a6270249a50f148de3a7ebb0dde3400ca,2457670528a4967330ecfcf5ffb0a5930309f1f9db9c54dec3e372d62fde2e3d,True,83.0,52.0,original_208,True,True,Llama|zsRE|AlphaEdit|NAS|canonical|150,-0.12119626430882541,0.8026508165284778,1.1923949046471805,0.1923949046471806,100.0,-0.11816235163790592,0.8072135758100015,1.1975345763361318,0.19753457633613172,150,,,,,,,,0.0010296959526545919,0.08636564411886807,1.0308433723558923,,,,,0.27838298364047015,,,,15.769860522066429,,,,,,,,True,True
Llama,zsRE,AlphaEdit,NAS,canonical,200,T30,1,,unchanged_original,1000,1000,200,edited_prefix,greedy_target_prefix,-0.029249267054575555,0.293519317924156,1.0193620399886163,0.0249622968861507,0.29532720672212737,0.046779025691915416,16.67454127879476,0.029276441355356096,74.48127322257312,87.0,58.0,1.000307465486184,0.050185884584716095,T30,unchanged_original,-0.06808123272757964,0.6797999366342271,1.1613218537842258,0.6840681296681825,5.69944185401476,6.606586777366577,0.19403575054118988,35.75187084589187,0.16136387448887904,0.06854009678691947,0.006316652790937226,0.48361576078427704,1.353769948120055,-0.12984581266422204,0.48361576078427704,16.13218537842258,1.1591638175434342,998.0,1000,subject_last,rewrite,subject_last,H9,3a0d4bbe9c35582270aa04871008bc50e5642b7ab24c1edf4f08ba1c539f5793,b5347d49edb7c52c7fe2a97c04622cf75f1571ddec4c73e228323d2e81bbc631,5.561442247332217e-16,True,fe2a3ee8a8a986b0edaa482072192b677e210a5232276535f077bd4ae7a0aa31,fe2a3ee8a8a986b0edaa482072192b677e210a5232276535f077bd4ae7a0aa31,ab568351e9cdaa88adf84bee00693615cfce747936789e8853e4c6f71720faf7,b525a840535e5a533f1ec6e2b7fac153c3fc4f240f3a716e1d5804b4ab343b48,True,81.0,50.0,original_208,True,True,Llama|zsRE|AlphaEdit|NAS|canonical|200,-0.12336827171484259,0.8197489804834089,1.2025395016775855,0.20253950167758558,100.0,-0.11776755889757826,0.8304839811631369,1.2137141221284344,0.21371412212843427,200,,,,,,,,0.0011129526883289203,0.09753841706325292,1.0401528356424306,,,,,0.29532720672212737,,,,16.67454127879476,,,,,,,,True,True
Llama,zsRE,AlphaEdit,NAS,canonical,250,T30,1,,unchanged_original,1000,1000,250,edited_prefix,greedy_target_prefix,-0.02819165455790924,0.310262329875184,1.025581216618695,0.02903560148035,0.31189277160630025,0.051410420219650574,17.54465745240398,0.0282922108046073,73.32812760756696,87.6,60.8,1.0003696516829579,0.055767778916774646,T30,unchanged_original,-0.07204245499508859,0.7118186794898856,1.1773018777037814,0.7163058091986034,5.69944185401476,6.695983943453719,0.2081170279843903,37.12645752873687,0.17731537895580282,0.0724280271292385,0.006938843822104598,0.5286499062954546,1.391503840127382,-0.1371460661680726,0.5286499062954546,17.730187770378137,1.1748490667971254,999.0,1000,subject_last,rewrite,subject_last,H9,f091bc12122dc7e1d8f76ae9833ad395ec3093615d975e4328765e9f786e48bd,b5347d49edb7c52c7fe2a97c04622cf75f1571ddec4c73e228323d2e81bbc631,5.616667216992722e-16,True,0613e2409f94ddacc0688c60380a58720dc7e8a7f132dc66f952b75518e9de85,0613e2409f94ddacc0688c60380a58720dc7e8a7f132dc66f952b75518e9de85,2cd4989fc966135db2a9d7b1b4fea5bda7bbc4ca90c4a01011309ede019cb3e2,3c5dcb619560b4381d46ce41b205827ecbd0f62c3452aad1a34943f6133acc9a,True,82.0,54.0,original_208,True,True,Llama|zsRE|AlphaEdit|NAS|canonical|250,-0.12358125452581359,0.8328144322286158,1.2113237471316998,0.21132374713169969,100.0,-0.11647394396048574,0.8467390051036033,1.2260032984251148,0.22600329842511466,250,,,,,,,,0.0010808125064957657,0.10829901981043331,1.0529965232011105,,,,,0.31189277160630025,,,,17.54465745240398,,,,,,,,True,True
Llama,zsRE,AlphaEdit,NAS,canonical,300,T30,1,,unchanged_original,1000,1000,300,edited_prefix,greedy_target_prefix,-0.029763335301793276,0.327387905189865,1.0300368587741184,0.0327352968611383,0.3291004140193196,0.0568357157741318,18.46119726779119,0.029900758968936143,71.69239073062204,87.33333333333333,61.333333333333336,1.0004237311477169,0.06080303790358847,T30,unchanged_original,-0.07790273955967078,0.7387217226702769,1.189126841517313,0.7437167177479767,5.69944185401476,6.7619203394667515,0.22087113060570102,38.341519395199605,0.18912684151731313,0.07824038518657053,0.007982781847420461,0.5674720025783442,1.4196493053064232,-0.14782269727192107,0.5674720025783442,18.912684151731305,1.1864179884041748,1000.0,1000,subject_last,rewrite,subject_last,H9,3258147ece17c3fedc50743231f8d7a9c1d5def68bcf3b3d8617f03c386e4ab6,b5347d49edb7c52c7fe2a97c04622cf75f1571ddec4c73e228323d2e81bbc631,6.866204580331897e-16,True,07a5952bb47babaa1795b897ac7a3331f0b118ecd31ca54a09fbd15e2f8598ca,07a5952bb47babaa1795b897ac7a3331f0b118ecd31ca54a09fbd15e2f8598ca,5653e9d89c6577adab86c61296b20f8238e03ae4688548c738943f0467610f52,75fae4985580a3bab9bfd2444907063015332ee21dff135be179a29302782927,True,77.0,54.0,original_208,True,True,Llama|zsRE|AlphaEdit|NAS|canonical|300,-0.12612286631361397,0.8445881848048543,1.2177278161578684,0.21772781615786843,100.0,-0.11956473161072433,0.8593527009266828,1.2325785341217472,0.2325785341217473,300,,,,,,,,0.0012232326977539363,0.12066598574863505,1.0623625478428025,,,,,0.3291004140193196,,,,18.46119726779119,,,,,,,,True,True
Llama,zsRE,AlphaEdit,NAS,canonical,500,T30,1,,unchanged_original,1000,1000,500,edited_prefix,greedy_target_prefix,-0.03405294640886716,0.3639864365038895,1.0391770393563151,0.040903509131346,0.3659687885149235,0.06885828230500322,20.422968627261696,0.03420933153852141,69.5382797572509,87.0,65.8,1.0006526470304986,0.0776181160298983,T30,unchanged_original,-0.1004453878293056,0.8155225375834537,1.220578357360179,0.8226998234926051,5.69944185401476,6.937799076681857,0.25977346035505194,41.89832789634568,0.22057835736017886,0.1005979465724744,0.012395520693722028,0.6838234607168152,1.4953282057519262,-0.18849525496488914,0.6838234607168152,22.057835736017893,1.2172769289320469,1000.0,1000,subject_last,rewrite,subject_last,H9,9ddef4d6eb2bd766c6953f80f2a7925fa4d04873a54d6fe37809fc8da07757ec,b5347d49edb7c52c7fe2a97c04622cf75f1571ddec4c73e228323d2e81bbc631,5.677844020548374e-16,True,ef3aa08cea9ab40abc7e9e19eeb136cde3cb948195b914c36d3168855e55594c,ef3aa08cea9ab40abc7e9e19eeb136cde3cb948195b914c36d3168855e55594c,48defafbcf26becbe828c78394956fc01bfa53d72d2b7b57650b8863656e4b84,60683226f6a522e377f1102efb833aa8b2e71d6b2387b4ea6c05490f0561112e,True,67.0,47.0,original_208,True,True,Llama|zsRE|AlphaEdit|NAS|canonical|500,-0.13296757645726007,0.873705880776059,1.2333658357281363,0.23336583572813638,100.0,-0.12902492201450935,0.8871574666216157,1.2456699761870014,0.24566997618700134,500,,,,,,,,0.001609331135246121,0.14817763675045853,1.0816810750679704,,,,,0.3659687885149235,,,,20.422968627261696,,,,,,,,True,True
Llama,zsRE,AlphaEdit,NAS,canonical,750,T30,1,,unchanged_original,1000,1000,750,edited_prefix,greedy_target_prefix,-0.03969649310565926,0.3969294929450676,1.0464710584191708,0.0474882847806172,0.399329579595117,0.08049433955248887,22.215395090865204,0.03985188116865523,67.72396333128322,85.46666666666667,64.53333333333333,1.0009311532862424,0.09394764808549692,T30,unchanged_original,-0.12768714903427542,0.8865141815623869,1.2485655484911014,0.896666340325972,5.69944185401476,7.093007532145734,0.2985904032163633,45.2263820429777,0.24856554849110132,0.12778334346943487,0.018646528720626315,0.8011589370674714,1.5644311677195468,-0.2367277693479245,0.8011589370674714,24.856554849110136,1.244509149110685,1000.0,1000,subject_last,rewrite,subject_last,H9,9dd450ceef6641569ea90b9e89d98ab29a3d69f06e9f272d85aa38fe776a9b3d,b5347d49edb7c52c7fe2a97c04622cf75f1571ddec4c73e228323d2e81bbc631,5.564150851731048e-16,True,c0c107548fa8a76c1e7cf3990f2fac83a165c6f255927eb6fc18e507653bf2bf,c0c107548fa8a76c1e7cf3990f2fac83a165c6f255927eb6fc18e507653bf2bf,e219351942cba38262a80559c95e6c73b2bea8b4d69bd7e9cf4e23c570366750,52f98525673e2a98e8f0456d77958a88504a4f2d3e140d732e6c36469e9e6292,True,62.0,45.0,original_208,True,True,Llama|zsRE|AlphaEdit|NAS|canonical|750,-0.14027805873075508,0.9001843644886762,1.2474207036131246,0.24742070361312493,100.0,-0.14130542871541854,0.918818376005713,1.2602840583248067,0.26028405832480683,750,,,,,,,,0.0021672548735528706,0.17431904308442506,1.0970933117466595,,,,,0.399329579595117,,,,22.215395090865204,,,,,,,,True,True
Llama,zsRE,AlphaEdit,NAS,canonical,1000,T30,1,,unchanged_original,1000,1000,1000,edited_prefix,greedy_target_prefix,-0.04437415186738444,0.4293099553972743,1.0555497378426997,0.0561317167132373,0.43205979340246975,0.09249340598106742,23.92186848786596,0.04453317153252908,66.19763838846072,83.4,64.4,1.0012118591627626,0.1076128450066946,T30,unchanged_original,-0.15788934186912343,0.942914829821631,1.2671622923629215,0.9569961581731605,5.69944185401476,7.196671677174207,0.3335180317039882,48.08390975380188,0.26716229236292144,0.15788934186912343,0.027099484963973366,0.8992357214747435,1.6105565227004701,-0.2886791987742735,0.8992357214747435,26.716229236292154,1.2626976222425674,1000.0,1000,subject_last,rewrite,subject_last,H9,5fe384d968516c0fd15fc2a62195df04f359b2f082040265d35de4948a8977fd,967093dd9010596a17cd564760337d796d179f743ce76e9bd94b9b1cd58b6818,6.105385189727277e-16,False,258c44a14d87970cb5f6d68be8bcd9a4ca14fa02d26f4231a392227f7bace425,58884a07dfd596c8a38daa80bb125a39a6f8526f36ddc6f781e1a5cde952a009,6934a53a52f8cc144a37e22d70c3e87e82653d6dfae8f246e7c5b87597fb5bdf,929ec05fb6942760b62f6043e1e62c8d677761f20be57c7d51222e7fd549074a,True,55.00000000000001,44.0,original_208,True,True,Llama|zsRE|AlphaEdit|NAS|canonical|1000,-0.15146513437438897,0.9216905527648019,1.2556019753571004,0.2556019753571001,100.0,-0.15788934186912343,0.942914829821631,1.2671622923629215,0.26716229236292144,1000,,,,,,,,0.0027087481360082133,0.20255813219198865,1.116518576593228,,,,,0.43205979340246975,,,,23.92186848786596,,,,,,,,True,True
Llama,zsRE,AlphaEdit,Native,canonical,50,T31,1,,unchanged_original,1000,1000,50,edited_prefix,greedy_target_prefix,-0.01229346018804767,0.1941124595967147,1.0097921692944802,0.0145261261941993,0.19473597299630407,0.02151189296747662,11.040044806443438,0.01290145090882733,88.00714599343328,94.0,64.0,1.0001246980667782,0.026972644016048902,T31,unchanged_original,-0.026579072806101472,0.4662609184047391,1.086029605267146,0.46768561870795666,5.69944185401476,6.1874644788410915,0.1016073584834787,25.33214396608481,0.08634027995574299,0.029461691053186103,0.001526437822172605,0.23387408698984796,1.1822423791998176,-0.05163170779003033,0.23387408698984796,8.60296052671461,1.0856263889213227,980.0,1000,subject_last,rewrite,subject_last,H9,38ea890157b34afb7fea99eb092bc4e58d1828a2f148d191bb6fc573448e81c5,b5347d49edb7c52c7fe2a97c04622cf75f1571ddec4c73e228323d2e81bbc631,6.379078543706317e-16,True,4e057c89f55bbdc98d7d860ae694142d450e6719cf0ed348cbaec080ed872191,4e057c89f55bbdc98d7d860ae694142d450e6719cf0ed348cbaec080ed872191,9cc6ec5f365f0992a1cb7a26231254b7cc04195c9130fa47149be5cc55a97d39,e3d545f459b3cc770bc5b68b255d30a646b6ede8beefce67826dd3c739ce3e74,True,,,,True,True,Llama|zsRE|AlphaEdit|Native|canonical|50,,,,,,-0.10187567747413528,0.7605744473974078,1.1783927093528515,0.1783927093528514,50,,,,,,,,0.00023538321715332162,0.04450427893881119,1.0201527417798693,,,,,0.19473597299630407,,,,11.040044806443438,,,,,,,,True,True
Llama,zsRE,AlphaEdit,Native,canonical,100,T31,1,,unchanged_original,1000,1000,100,edited_prefix,greedy_target_prefix,-0.016219392481903915,0.2752528885932728,1.027394266781714,0.0305760898032009,0.2761120744583667,0.041364339928065916,15.443532566892605,0.0178158920336278,76.7271898740631,84.0,58.0,1.0002780294488625,0.039485184241176995,T31,unchanged_original,-0.032879281687592694,0.6391572483121429,1.1661592492561692,0.6410210959941021,5.69944185401476,6.645715691488131,0.1674156194780528,33.113409919330664,0.1661896072097345,0.039319224929562364,0.00254782536578825,0.42892551037419663,1.3657147723647995,-0.06321073800939714,0.42892551037419663,16.61592492561692,1.1660292115809208,998.0,1000,subject_last,rewrite,subject_last,H9,c9e3c951a71f70d2808e3fe467b5a80846ee6e1ea087222ee8fcb823e7e828ed,b5347d49edb7c52c7fe2a97c04622cf75f1571ddec4c73e228323d2e81bbc631,6.083795587768491e-16,True,5009a2720a5122ad38ebcbc9a02fb8c8b3d224f9c3b4da085645640f95fc0af3,5009a2720a5122ad38ebcbc9a02fb8c8b3d224f9c3b4da085645640f95fc0af3,0a0503197a25f16dd7f7e04def804ca6bef0689a5af4f6a577bfd7f3b0b13f5b,33b5797f57d59e9305bd46aeb2eacfde6581f916889a6bfc076ddc898887dfb5,True,,,,True,True,Llama|zsRE|AlphaEdit|Native|canonical|100,-0.09314211881002818,0.8564787072734502,1.2491763426510243,0.24917634265102442,100.0,-0.09314211881002818,0.8564787072734502,1.2491763426510243,0.24917634265102442,100,,,,,,,,0.00047403537869013474,0.0889176496386021,1.0569529000534845,,,,,0.2761120744583667,,,,15.443532566892605,,,,,,,,True,True
Llama,zsRE,AlphaEdit,Native,canonical,150,T31,1,,unchanged_original,1000,1000,150,edited_prefix,greedy_target_prefix,-0.016723797876379003,0.3168588474892354,1.04019772153771,0.0426711357043972,0.31778638086915306,0.0529864297517492,17.58968947758169,0.019568267836936097,71.56763282383633,82.66666666666667,62.0,1.0004568080353544,0.050235250295571195,T31,unchanged_original,-0.029893461651477684,0.7527712457363998,1.2357770760724327,0.754714359449492,5.69944185401476,7.04001990400188,0.21025457299446568,37.34637709115741,0.2357833188459778,0.042230456434768575,0.0030015124530391505,0.5945373770733887,1.5377519662234724,-0.056785410849916215,0.5945373770733887,23.57770760724327,1.2352121636336724,999.0,1000,subject_last,rewrite,subject_last,H9,6f656b608b4aaf9cad9e81c7932d92610e7a40dcc9c57e8d6d3ed82e4d51e057,b5347d49edb7c52c7fe2a97c04622cf75f1571ddec4c73e228323d2e81bbc631,6.124234708042882e-16,True,6a40926448702cfd025d3b00591a93017e470e79845ef95ec61f143e1b2a6ed6,6a40926448702cfd025d3b00591a93017e470e79845ef95ec61f143e1b2a6ed6,d3a0e1438996a8120d449e532cb5003e9db586409bd5769bfebd30d9ac1fcb27,2238098fa53806d6956ce350c40b6d79912681af6fc525e32cd591e8884f7f3e,True,,,,True,True,Llama|zsRE|AlphaEdit|Native|canonical|150,-0.09073123548886557,0.9036410759411589,1.2838928470990287,0.283892847099029,100.0,-0.08255289833762283,0.9333398861635789,1.3108436478573684,0.31084364785736834,150,,,,,,,,0.0005731921927833428,0.11730323923134851,1.0844288356713736,,,,,0.31778638086915306,,,,17.58968947758169,,,,,,,,True,True
Llama,zsRE,AlphaEdit,Native,canonical,200,T31,1,,unchanged_original,1000,1000,200,edited_prefix,greedy_target_prefix,-0.013990753940823915,0.3486657236427876,1.0546418148459078,0.0561535131846753,0.34948542524362064,0.06243614078779525,19.097062557740127,0.01878437132329888,69.36762994467006,84.5,63.5,1.000633994073386,0.05942216352060704,T31,unchanged_original,-0.02276810843525602,0.8353202281892994,1.2937152837710406,0.8370569537780596,5.69944185401476,7.365965935737563,0.2391120106066298,40.0059191799421,0.2937152837710405,0.04164381242069192,0.002924351476222736,0.7305385692443285,1.6879267038500394,-0.04261186539428931,0.7305385692443285,29.371528377104063,1.2924012779512581,1000.0,1000,subject_last,rewrite,subject_last,H9,c4b8153ce0fc2d56719b4498276c9b2c1d80652ef705375b55ac085b3ddc04e2,b5347d49edb7c52c7fe2a97c04622cf75f1571ddec4c73e228323d2e81bbc631,5.600033534515899e-16,True,b2b2c5efddbb2ec65441ce2a06fccee4d156566914e718d4c9e77b86b7698cb0,b2b2c5efddbb2ec65441ce2a06fccee4d156566914e718d4c9e77b86b7698cb0,5478b984438aec12612386807a25438e0861c2c391743742f09ab87b538c2cea,3a24f9f49744ead59f4ec663d2496ed05a5c278f8bffb2970b9e907f416f68dc,True,,,,True,True,Llama|zsRE|AlphaEdit|Native|canonical|200,-0.08329037561178529,0.9411527512169361,1.3159302460078042,0.3159302460078043,100.0,-0.06874425963083633,0.9954084973922366,1.3654321782926053,0.3654321782926052,200,,,,,,,,0.0005585051941096212,0.1435677954317764,1.1161447927442383,,,,,0.34948542524362064,,,,19.097062557740127,,,,,,,,True,True
Llama,zsRE,AlphaEdit,Native,canonical,250,T31,1,,unchanged_original,1000,1000,250,edited_prefix,greedy_target_prefix,-0.01337262962929288,0.3832824682699208,1.068088301676077,0.0692095172241774,0.38415123285838365,0.07287538514660506,20.769849260287984,0.020222733830526474,66.21620395118332,86.8,66.8,1.0008401175010713,0.06787580975204588,T31,unchanged_original,-0.01637482080516048,0.9147842001760634,1.3515443174132455,0.9164267245649643,5.69944185401476,7.693214948717343,0.26574280854303944,42.34612308136216,0.3515443174132455,0.04264875194782698,0.0029720332775413564,0.8758509516067957,1.8460733432740162,-0.029777608332779603,0.8758509516067957,35.15443174132456,1.3498190078556804,1000.0,1000,subject_last,rewrite,subject_last,H9,62508910abb180404558e2f15cee84c37be73eecb54a52deb976d6a7adf120ce,b5347d49edb7c52c7fe2a97c04622cf75f1571ddec4c73e228323d2e81bbc631,5.549202890472493e-16,True,b999d4cd0dfa08e3b3ed0e704beafcac5ffa9328147f452adf794fa97d0502d3,b999d4cd0dfa08e3b3ed0e704beafcac5ffa9328147f452adf794fa97d0502d3,1dd3fa94c4b1102d46012645ecf8d18d62c1f3d2436768364d7cfc7ab5f89f5f,a022100031aace85da876ad46d719e1cdd83916485bf3dba2e3626f57e4f059c,True,,,,True,True,Llama|zsRE|AlphaEdit|Native|canonical|250,-0.07676749988317191,0.9810641551395338,1.3492783371244417,0.34927833712444156,100.0,-0.05851742087221451,1.0535734053886934,1.415781667450108,0.41578166745010786,250,,,,,,,,0.0006327471459658186,0.1722391037444,1.1461265916317802,,,,,0.38415123285838365,,,,20.769849260287984,,,,,,,,True,True
Llama,zsRE,AlphaEdit,Native,canonical,300,T31,1,,unchanged_original,1000,1000,300,edited_prefix,greedy_target_prefix,-0.012114929118595701,0.4135411159044032,1.081635169278541,0.0823215360832578,0.41440862293252906,0.08251599274813518,22.177399566331317,0.020931563036757424,64.12116163327092,87.66666666666667,67.66666666666667,1.001043110454888,0.07550914571709817,T31,unchanged_original,-0.01168143240504398,0.9787645668618254,1.3990177821730867,0.9804511164764383,5.69944185401476,7.958410694740369,0.28669110928604336,44.129619304635604,0.3990177821730866,0.04525759075836034,0.0032550423029237044,1.0008809049334262,1.9807730824262617,-0.020107822507164242,1.0008809049334262,39.90177821730867,1.396349133579521,1000.0,1000,subject_last,rewrite,subject_last,H9,db29a2923eb56abae139d0f8f7b78bf3b83a362869cc18be4485e396e2c9fa82,b5347d49edb7c52c7fe2a97c04622cf75f1571ddec4c73e228323d2e81bbc631,6.312794136200372e-16,True,3ee10c31b5c826a0bc2a076f80ede851e991972fad7c0d39330bb58b1ab35117,3ee10c31b5c826a0bc2a076f80ede851e991972fad7c0d39330bb58b1ab35117,dd9a9e96531ecea9cacf734145872f88fee9845e17c66c3f85b584567970190e,5e948a4e64b0984957321cac9691a00dfeb48ec65ddeb87275f60925c565978e,True,,,,True,True,Llama|zsRE|AlphaEdit|Native|canonical|300,-0.07139232959595415,1.0166880276448738,1.3792563122127084,0.3792563122127085,100.0,-0.051360995890600857,1.0998369645216706,1.4555232760253094,0.4555232760253093,300,,,,,,,,0.0007018072429568394,0.2001986819455193,1.1766706309512847,,,,,0.41440862293252906,,,,22.177399566331317,,,,,,,,True,True
Llama,zsRE,AlphaEdit,Native,canonical,500,T31,1,,unchanged_original,1000,1000,500,edited_prefix,greedy_target_prefix,0.005088533391655445,0.5082940628229684,1.1408114625139112,0.1409969091165933,0.5091808492094717,0.11095914946077702,25.91348427993848,0.024291785396788657,59.12214042419842,84.6,71.0,1.0021971601333513,0.10538846067048473,T31,unchanged_original,0.01562804774230185,1.2092255584177418,1.586764515545461,1.2111368150637145,5.69944185401476,9.025364847538114,0.35188715216087463,49.33776899160626,0.5867645155454614,0.05463955149521961,0.004630013776250008,1.5234842324343885,2.5593703416952422,0.035886109260853706,1.5234842324343885,58.676451554546105,1.5835524036762534,1000.0,1000,subject_last,rewrite,subject_last,H9,1c5a18ba569eba1e0e8a6aac7787f271a2708e6ad9f192be5ddc7dd2cad172b9,b5347d49edb7c52c7fe2a97c04622cf75f1571ddec4c73e228323d2e81bbc631,6.129350693537931e-16,True,5e30a49c74cae9c732992ccf3299ed110242abcd399c737ff7270e3de1707e1c,5e30a49c74cae9c732992ccf3299ed110242abcd399c737ff7270e3de1707e1c,ec9b8fac33b6de1a8c54e34666901b2bff7b6ad84d3798d0324860e856fea33d,4f93d250205d4f58608856a71281f512e629f773030382587ebccbea22efdf02,True,,,,True,True,Llama|zsRE|AlphaEdit|Native|canonical|500,-0.03974289363850867,1.1534614584888703,1.5036974197791821,0.5036974197791817,100.0,-0.012666285826872787,1.2771194496652993,1.6184429156750324,0.6184429156750323,500,,,,,,,,0.001026643320718365,0.30656408369026605,1.3177677937942953,,,,,0.5091808492094717,,,,25.91348427993848,,,,,,,,True,True
Llama,zsRE,AlphaEdit,Native,canonical,750,T31,1,,unchanged_original,1000,1000,750,edited_prefix,greedy_target_prefix,0.021780290240053606,0.620483700229007,1.212473215920734,0.2125494096066235,0.6219346963937307,0.1453323170814562,30.03161887046469,0.035461960794469616,50.8479423897702,81.33333333333333,67.2,1.0040558491536042,0.13900229197933012,T31,unchanged_original,0.05033815383767863,1.4716186103624045,1.8147054161216365,1.4744402676094828,5.69944185401476,10.30655984754329,0.4123852366896968,53.839292823201184,0.8147054161216365,0.07481223824294984,0.008967682628723299,2.256831579649489,3.36647556995357,0.10964399030408058,2.256831579649489,81.47054161216364,1.8083454681239037,1000.0,1000,subject_last,rewrite,subject_last,H9,e424d63914d0330fe4303594edc59a13efca1d2f6d743fcb2352d53d4827b048,b5347d49edb7c52c7fe2a97c04622cf75f1571ddec4c73e228323d2e81bbc631,6.519250225933995e-16,True,9879bb47497d6188673c7d271fbcb9058af58773e1d0b6135cfb1cac5fa412b5,9879bb47497d6188673c7d271fbcb9058af58773e1d0b6135cfb1cac5fa412b5,1a9f7f7397f0e71f83f75d8821a04b27db9e0693fbaa4636564499c024f187e9,389083a14391081a3c1635e253b909b018aa9a3d9fa44328f69bd5fb2ed456f3,True,,,,True,True,Llama|zsRE|AlphaEdit|Native|canonical|750,0.007830943510719546,1.333892176566646,1.67542137978026,0.67542137978026,100.0,0.03538876224330901,1.4973969039094566,1.8255372110204398,0.8255372110204396,750,,,,,,,,0.0022758813253718115,0.45423833190693585,1.5000747937124148,,,,,0.6219346963937307,,,,30.03161887046469,,,,,,,,True,True
Llama,zsRE,AlphaEdit,Native,canonical,1000,T31,1,,unchanged_original,1000,1000,1000,edited_prefix,greedy_target_prefix,0.041092233352460636,0.7585254152790506,1.308328803645135,0.3083362534290879,0.7610872390981733,0.18618536290464965,34.37859715871829,0.05301105669731409,43.60455964291252,74.2,61.0,1.0066398369636882,0.17263974818540484,T31,unchanged_original,0.0916417656446592,1.7568428444833388,2.0739404982369214,1.7613211126010275,5.69944185401476,11.764925522699823,0.46484379938013726,57.540527591584414,1.0739404982369216,0.1074526693784066,0.017718457611122364,3.218187571281653,4.419189560182094,0.20100198890044077,3.218187571281653,107.39404982369214,2.064224151074102,1000.0,1000,subject_last,rewrite,subject_last,H9,8f2ff2457d516f60f7e87e1584e128ac5494c30f1327692a9da7768864b33a65,967093dd9010596a17cd564760337d796d179f743ce76e9bd94b9b1cd58b6818,6.615214236556473e-16,False,6d414c9ea121ce6ef646877022904d606021dc909bb4eeb23c9d67c299042c35,dc963ebda710d4018c87c1fb8eb197e9aa04085b9695818f9451301f7380fc92,656cc7fe9f713666a80800c50b328cbaab141ee2975db90bfc6da956cd6dc15e,cf6f50703bc0405eda41b8571388721528b416685ee4621538529e3f3eb92a89,True,,,,True,True,Llama|zsRE|AlphaEdit|Native|canonical|1000,0.071372093712225,1.5809275970662244,1.9143475262405127,0.9143475262405124,100.0,0.0916417656446592,1.7568428444833388,2.0739404982369214,1.0739404982369216,1000,,,,,,,,0.005326132088883265,0.6845899089427447,1.7721005077365493,,,,,0.7610872390981733,,,,34.37859715871829,,,,,,,,True,True
Llama,zsRE,AlphaEdit,SADR,canonical,50,T32,1,,unchanged_original,1000,1000,50,edited_prefix,greedy_target_prefix,-0.00738551627190291,0.1719517219873849,1.010183324381028,0.0131425432469139,0.17229409310487753,0.01712114292474626,9.763188630013866,0.0084875317832042,90.34007192562468,78.0,46.0,1.0001166543644706,0.026577258033733113,T32,unchanged_original,-0.018641392485106323,0.44176021721704795,1.0836741630738218,0.4427347581988095,5.69944185401476,6.173039203192384,0.09246713243410248,23.977477982021014,0.08379285302914871,0.022810218988625935,0.0011139931630838422,0.2127833417784885,1.1766145499713598,-0.03616879180712881,0.2127833417784885,8.36741630738218,1.0830953909713135,991.0,1000,subject_last,rewrite,subject_last,H9,10dce5d6861df24192997f7e58026654cc023ae10142051805290f805474a543,b5347d49edb7c52c7fe2a97c04622cf75f1571ddec4c73e228323d2e81bbc631,6.406728504247769e-16,True,d15b21c6dbeeb8f57b94b8ca0dec680e195e0b03249eef225ccfd86bf19c8686,d15b21c6dbeeb8f57b94b8ca0dec680e195e0b03249eef225ccfd86bf19c8686,4e99d106ccf2f402253d60884626a9744391ff02d7c8362b00cd2a2d146731ba,5a142db780dae095d257a372c1c30ea89e3c9c418e6ea4b9122f7db57a736fe3,True,,,,True,True,Llama|zsRE|AlphaEdit|SADR|canonical|50,,,,,,-0.10054977520836957,0.7374782069964714,1.164971888251619,0.16497188825161882,50,,,,,,,,0.00011274615833345805,0.035486832575695286,1.0208285461902231,,,,,0.17229409310487753,,,,9.763188630013866,,,,,,,,True,True
Llama,zsRE,AlphaEdit,SADR,canonical,100,T32,1,,unchanged_original,1000,1000,100,edited_prefix,greedy_target_prefix,-0.008769211955887547,0.2608709337506718,1.0302380900984185,0.0315921560595909,0.2613145797264461,0.03693033562640964,14.573798683791502,0.01180834867000805,79.8472330845319,78.0,52.0,1.0002671769188594,0.03903409749164456,T32,unchanged_original,-0.025407579241416577,0.630715221054903,1.1686572376852495,0.6321209106559993,5.69944185401476,6.6580237592330995,0.16282547898608915,32.560046383402295,0.16865723768524948,0.03345952941686152,0.002029700463716743,0.4194781195851055,1.3706926615659891,-0.048785458019116414,0.4194781195851055,16.865723768524955,1.1681887331727234,1000.0,1000,subject_last,rewrite,subject_last,H9,fd1c0056cb42eaf9a8c3c74b473101282601232de6ff11094efb642d4a2fecc7,b5347d49edb7c52c7fe2a97c04622cf75f1571ddec4c73e228323d2e81bbc631,5.909497400346423e-16,True,6bf6fdc9363fcaff148bff074aa3033913c96c57cfb69c5d18b99ece461db49b,6bf6fdc9363fcaff148bff074aa3033913c96c57cfb69c5d18b99ece461db49b,b4cebe48bf94443bd681bd8bea09d56c71e3966c4137d8113995da4e4ce0318d,8fe316539283cda26f157141161c7ea32d3aede5ed855db03208be767c34b4c2,True,78.0,52.0,added_Llama_SADR_SPHERE,True,True,Llama|zsRE|AlphaEdit|SADR|canonical|100,-0.09392603688025704,0.8432491462758174,1.2400602123328026,0.24006021233280248,100.0,-0.09392603688025704,0.8432491462758174,1.2400602123328026,0.24006021233280248,100,,,,,,,,0.00022852866557658522,0.07994690945634403,1.0626370142101456,,,,,0.2613145797264461,,,,14.573798683791502,,,,,,,,True,True
Llama,zsRE,AlphaEdit,SADR,canonical,150,T32,1,,unchanged_original,1000,1000,150,edited_prefix,greedy_target_prefix,-0.005597988999440401,0.3043217767333975,1.0464908867677358,0.0473098788767088,0.304757232470212,0.04814915255485012,16.749774706565944,0.01267416448568428,75.09760849929211,80.66666666666667,49.333333333333336,1.0004441427180515,0.04954808777818244,T32,unchanged_original,-0.015089624402859408,0.7625778010596819,1.2550118686066785,0.763933081910632,5.69944185401476,7.147266143955786,0.2099755172249315,37.23146688560792,0.25501186860667835,0.03561426578267872,0.0022104735407594517,0.6137877170844145,1.5858189418194553,-0.02796877526495936,0.6137877170844145,25.501186860667847,1.2540291360146363,1000.0,1000,subject_last,rewrite,subject_last,H9,4cb8e6d8120043aa51c0d861a5fe74f09c6dce58a676a21fe5f4130775af2e81,b5347d49edb7c52c7fe2a97c04622cf75f1571ddec4c73e228323d2e81bbc631,5.853208548942307e-16,True,81cc88cd2f005e6a30e7eb9d4516d64cc3bf77d2ee9247e51ae64cc957431e79,81cc88cd2f005e6a30e7eb9d4516d64cc3bf77d2ee9247e51ae64cc957431e79,45d20d5e051c9307388e8fb806f46a02cbc6e36d43462998b5838cb962b044b1,4aaafd256552d0ff27efa9e43aa52f2a829692756f72b7a57defb2cf38415397,True,74.0,45.0,added_Llama_SADR_SPHERE,True,True,Llama|zsRE|AlphaEdit|SADR|canonical|150,-0.08661120038534156,0.9035831107577699,1.2874692336264564,0.2874692336264566,100.0,-0.07750822138041738,0.9406766160802412,1.3203236665688154,0.32032366656881545,150,,,,,,,,0.0002661419431134987,0.10850850037482533,1.0975786643190582,,,,,0.304757232470212,,,,16.749774706565944,,,,,,,,True,True
Llama,zsRE,AlphaEdit,SADR,canonical,200,T32,1,,unchanged_original,1000,1000,200,edited_prefix,greedy_target_prefix,0.0003365738380203745,0.3409079721471673,1.065407653508958,0.0657702104055921,0.3413665402214823,0.05831884098790451,18.413759100050964,0.014181052186172475,72.98151006928306,78.5,52.5,1.0006387403938257,0.0588539198334614,T32,unchanged_original,-0.0018097223541915443,0.8606547756637107,1.3279353789808908,0.8620343204039189,5.69944185401476,7.558487071052557,0.24178101455681178,40.15704090061176,0.32793537898089087,0.039289880514839524,0.0024246665809708225,0.7810697717814061,1.7798749936539937,-0.0011947781274122705,0.7810697717814061,32.79353789808908,1.3261802233719189,1000.0,1000,subject_last,rewrite,subject_last,H9,3e5ebec4b43a99d1c005931f8f0db6ac9fded06ea2c1b8d2e58b5181074316c2,b5347d49edb7c52c7fe2a97c04622cf75f1571ddec4c73e228323d2e81bbc631,5.663042283541711e-16,True,2c6dda981a121cc1deee085f71f0fc09bc8d179c07b75bf95a5e5566335fc269,2c6dda981a121cc1deee085f71f0fc09bc8d179c07b75bf95a5e5566335fc269,e7c31fd07f389f2b4acf6a6bf3b490d7cdffedf119edef050f97fd1c3f296995,57a20ba2e7e4b758ab930ec2efd3f7823952237d735c6f92c2c5c9ffe8f65b33,True,67.0,42.0,added_Llama_SADR_SPHERE,True,True,Llama|zsRE|AlphaEdit|SADR|canonical|200,-0.07447929240256501,0.9533761483463327,1.331693214570209,0.3316932145702092,100.0,-0.059172738744673374,1.0210542892182168,1.391720121169327,0.3917201211693271,200,,,,,,,,0.0003611877819583853,0.1385970349756496,1.1396313704336487,,,,,0.3413665402214823,,,,18.413759100050964,,,,,,,,True,True
Llama,zsRE,AlphaEdit,SADR,canonical,250,T32,1,,unchanged_original,1000,1000,250,edited_prefix,greedy_target_prefix,0.005249928668267231,0.3761415866437494,1.0830207136656256,0.0831087037903811,0.37664769091800737,0.06825411292303044,20.021644186043677,0.015828512249111346,69.50492437711148,76.8,54.4,1.0008717402854463,0.06769499115227443,T32,unchanged_original,0.009667213553199674,0.9584717027454381,1.402572013154968,0.9599547025815351,5.69944185401476,7.979147614255691,0.27195386324047205,42.7877865618668,0.40257201315496777,0.04380185991343909,0.0028721956662479706,0.9706112963034907,1.992817919076138,0.02220662277264732,0.9706112963034907,40.25720131549679,1.3999875459094433,1000.0,1000,subject_last,rewrite,subject_last,H9,7a914b442be07fb46f0d1153f14663c0ccf80601479a6dd31178114452896e43,b5347d49edb7c52c7fe2a97c04622cf75f1571ddec4c73e228323d2e81bbc631,6.477760284629965e-16,True,08b20c5b1c02cdc0c7bb159ea3eae04fdb73c1d30ed6474acc4426953c6acd3b,08b20c5b1c02cdc0c7bb159ea3eae04fdb73c1d30ed6474acc4426953c6acd3b,f9329fb974b25cb0622522a0698225aaec2843ea43c807e0091773a37d6eba4d,7838e16025d06dd1a40cd81efb0a46850fc3d1889eb7f1a1a7e2cbb9351ae91d,True,67.0,44.0,added_Llama_SADR_SPHERE,True,True,Llama|zsRE|AlphaEdit|SADR|canonical|250,-0.06426405237078212,1.0060293495427346,1.3770261842870648,0.37702618428706486,100.0,-0.04039443178622788,1.099870310309264,1.4636434852424187,0.4636434852424187,250,,,,,,,,0.0004696356637123055,0.16808045657983045,1.1790499495800773,,,,,0.37664769091800737,,,,20.021644186043677,,,,,,,,True,True
Llama,zsRE,AlphaEdit,SADR,canonical,300,T32,1,,unchanged_original,1000,1000,300,edited_prefix,greedy_target_prefix,0.008945939185541787,0.4076192215489058,1.0989242964597374,0.0989625092541166,0.4082020716988732,0.07755884952001908,21.42679738870998,0.017763503550334722,66.55876713914446,78.0,56.666666666666664,1.0010959612473518,0.07547517236274866,T32,unchanged_original,0.013938543116411718,1.03135368174637,1.4568139541032146,1.0329807457620974,5.69944185401476,8.282857863859032,0.29511991575053415,44.73180987169758,0.4568139541032148,0.04795134758834863,0.0033730584179849773,1.122269714132509,2.1535198587833175,0.031250144650808415,1.122269714132509,45.68139541032146,1.4532752637917485,1000.0,1000,subject_last,rewrite,subject_last,H9,fe080dfbaf66f76936744031ce681f1981ac6f8111d6f95ac2e73f8e914d9337,b5347d49edb7c52c7fe2a97c04622cf75f1571ddec4c73e228323d2e81bbc631,7.044726615269367e-16,True,23791c282d878fc301eca488d3a7cfec21cbc8d977735ef4cd13258666092946,23791c282d878fc301eca488d3a7cfec21cbc8d977735ef4cd13258666092946,3fba652b3e7021dfa4109c03af6e50bc090d52bbe606fbea073974725c1a23cf,5f38f9d964be4e8ed899d69b420d0ca787b1ff572221b5934177828a12e55db5,True,61.0,47.0,added_Llama_SADR_SPHERE,True,True,Llama|zsRE|AlphaEdit|SADR|canonical|300,-0.0584631820582606,1.0495783269253403,1.413502141442123,0.4135021414421227,100.0,-0.034205611186582024,1.1565069290857852,1.511311157894234,0.5113111578942341,300,,,,,,,,0.0005978732340169928,0.19682632347605247,1.2153160750811531,,,,,0.4082020716988732,,,,21.42679738870998,,,,,,,,True,True
Llama,zsRE,AlphaEdit,SADR,canonical,500,T32,1,,unchanged_original,1000,1000,500,edited_prefix,greedy_target_prefix,0.030208295171976964,0.5191063766631134,1.1692742183920883,0.1692803439968107,0.5206251278961449,0.10990641918713952,25.707086946206882,0.034388023182490526,60.05562646431753,72.6,56.6,1.0024206458300045,0.10703799358286113,T32,unchanged_original,0.048660389492612366,1.3166565696360049,1.6928547780124499,1.319366988343624,5.69944185401476,9.623180177058282,0.36994821151630447,50.64777276387089,0.69285477801245,0.06949293495475299,0.007467025579911947,1.8234896322216498,2.9282774367867868,0.10478780456513667,1.8234896322216498,69.285477801245,1.688442556928551,1000.0,1000,subject_last,rewrite,subject_last,H9,70c988983f0a60a6a6e590cdabb3804a8db5456fcbbdea63f327cc42f12dea85,b5347d49edb7c52c7fe2a97c04622cf75f1571ddec4c73e228323d2e81bbc631,6.6416177792761e-16,True,8abb91d26ef26e6d6b55fc07ae6e850cc453e4994b10acebe75723aa52852e5a,8abb91d26ef26e6d6b55fc07ae6e850cc453e4994b10acebe75723aa52852e5a,1b8ec5ef95d22c46e17fe9998f6e91bac17ec3d87a76ca80bdf7f97d010230a8,6d9fb376cc73eb8df80e4832aac24df7110542e69dcbcb939cef931197de9ab4,True,38.0,30.0,added_Llama_SADR_SPHERE,True,True,Llama|zsRE|AlphaEdit|SADR|canonical|500,-0.018838814326061586,1.2289600315932758,1.576909787872383,0.5769097878723829,100.0,0.015977685539771046,1.3917105956268896,1.7290456511834196,0.7290456511834196,500,,,,,,,,0.002173440736935305,0.32520441028396924,1.3877944413648584,,,,,0.5206251278961449,,,,25.707086946206882,,,,,,,,True,True
Llama,zsRE,AlphaEdit,SADR,canonical,750,T32,1,,unchanged_original,1000,1000,750,edited_prefix,greedy_target_prefix,0.05594185379102565,0.6582363386398435,1.2632856132030803,0.2632856132030805,0.6614785907679054,0.14988103881641604,30.471502674387946,0.05852395029002335,53.81975504236326,68.13333333333334,50.93333333333333,1.0046984493089732,0.14344177160709903,T32,unchanged_original,0.0993004375289717,1.6513590468876593,1.9924033088849042,1.6562682454559527,5.69944185401476,11.308489224697809,0.4365595490217429,55.51374879729466,0.9924033088849044,0.10901989378553723,0.01794930882371429,2.873222538472313,4.089772722353971,0.21655018388165764,2.873222538472313,99.24033088849042,1.9841397656740658,1000.0,1000,subject_last,rewrite,subject_last,H9,a5afae232c8d4b5b4612290d6bd93fe677d8d060f438c7ca34a2683f21a1ab44,b5347d49edb7c52c7fe2a97c04622cf75f1571ddec4c73e228323d2e81bbc631,6.077249434041202e-16,True,b36dde1008b6f864d267998a2d0911817d7003d27d3f20260a39b42f5d10d91c,b36dde1008b6f864d267998a2d0911817d7003d27d3f20260a39b42f5d10d91c,a3daecb5a51a990f90fad353f1f4a85eb08d17e437c96bea06b33b877499fe62,7049f08ddedcde67311468aaa7582f64108f787a00a185c2c8e4de7e93bcdf0a,True,30.0,20.0,added_Llama_SADR_SPHERE,True,True,Llama|zsRE|AlphaEdit|SADR|canonical|750,0.04395052435253341,1.464798234343467,1.8042312518921295,0.8042312518921296,100.0,0.08070906687010959,1.6774630455381156,2.0021454574009874,1.0021454574009874,750,,,,,,,,0.005882936518317472,0.5205455188417376,1.6383121629421062,,,,,0.6614785907679054,,,,30.471502674387946,,,,,,,,True,True
Llama,zsRE,AlphaEdit,SADR,canonical,1000,T32,1,,unchanged_original,1000,1000,1000,edited_prefix,greedy_target_prefix,0.09045282820574721,0.8164889353891812,1.3857294917807137,0.3857294917807135,0.8225738883690925,0.19107208350058483,34.76733214039409,0.09198375463929526,48.12336063724642,62.4,44.8,1.0081501696205688,0.18179632817615776,T32,unchanged_original,0.1638642196794787,2.024120199187192,2.3421779562579905,2.0326187192091996,5.69944185401476,13.277034007365934,0.4911825968920034,59.29764175636049,1.3421779562579905,0.16734651258061226,0.03927834716083327,4.327673766075735,5.694680552595527,0.3670067865197907,4.327673766075735,134.21779562579906,2.32953232043475,1000.0,1000,subject_last,rewrite,subject_last,H9,bb7e7b5f5ceb2f9722c4054972c679dc208e33000ffdfae4a9b500a12936a767,967093dd9010596a17cd564760337d796d179f743ce76e9bd94b9b1cd58b6818,6.7570548617824e-16,False,7584f1deed196598d912bf503208412abbbb59229addbfbb40b4cf66c01efc41,638306b4cc3846f7493e4d716df4b15fc8c45bd2f073c62ce24ee4527d6bde67,b847f791b7df3ea9c30b85f11127f5a3b564f2b3d865aec6339980a24606c5cb,b7ce270d3f0340daacec4f89ac5afd23803a41b29c55bca40986d885b1d49c35,True,19.0,15.0,added_Llama_SADR_SPHERE,True,True,Llama|zsRE|AlphaEdit|SADR|canonical|1000,0.12887714908151962,1.7805072726694637,2.1145642118307926,1.1145642118307924,100.0,0.1638642196794787,2.024120199187192,2.3421779562579905,1.3421779562579905,1000,,,,,,,,0.013957176485086145,0.8151009682288866,2.0099638011254672,,,,,0.8225738883690925,,,,34.76733214039409,,,,,,,,True,True
Llama,zsRE,AlphaEdit,SPHERE,canonical,50,T34,1,,corrected_layerwise_sphere,1000,1000,50,edited_prefix,greedy_target_prefix,-0.011664678748157633,0.1846069787552961,1.0084046439540548,0.013076363292074157,0.18518661290759456,0.019601238943533293,10.511862769835435,0.012121209096515545,89.02050229463111,82.0,62.0,1.000146231269248,0.0263501925211989,T34,corrected_layerwise_sphere,-0.0252465789360239,0.45407839609238504,1.0820462615905238,0.45536443107157526,5.69944185401476,6.163906025707836,0.09716817942209995,24.722083821862235,0.08235666550982737,0.02783526080137465,0.0013516125804150683,0.22251968790491242,1.1733781426132797,-0.04914154529163273,0.22251968790491242,8.204626159052374,1.0814929222176206,984.0,1000,subject_last,rewrite,subject_last,H9,64e60682f76a88e4be9185d06d8430de941746acf5d6733dfe529836446938da,b5347d49edb7c52c7fe2a97c04622cf75f1571ddec4c73e228323d2e81bbc631,6.236355757614317e-16,True,172a5c9b3e93963b41c12d3d5eb1814dac2621952acb1ee23c28dace0ba3b220,172a5c9b3e93963b41c12d3d5eb1814dac2621952acb1ee23c28dace0ba3b220,c2200d954b4dc1743738165fde8e5d221133a8cab662dea32581fd81129a71ae,0c51bfd8cd24a49e40192a263aa15a2517cc2efd05e94751b765329c4c9f4c4a,True,,,,True,True,Llama|zsRE|AlphaEdit|SPHERE|canonical|50,,,,,,-0.0961769847916826,0.7428235116435037,1.1715285336127266,0.17152853361272652,50,,,,,,,,0.00020942562216923568,0.04038879793581284,1.0172688660616669,,,,,0.18518661290759456,,,,10.511862769835435,,,,,,,,True,True
Llama,zsRE,AlphaEdit,SPHERE,canonical,100,T34,1,,corrected_layerwise_sphere,1000,1000,100,edited_prefix,greedy_target_prefix,-0.017301828978674615,0.2630473722536833,1.02265351058228,0.026229793515741416,0.26394157888584563,0.038160868396550994,14.82359458612355,0.018074552729923664,78.08449233222107,89.0,63.0,1.0003217931231767,0.0383670427498173,T34,corrected_layerwise_sphere,-0.03596844812373493,0.6152236370116766,1.1504963547119826,0.6171247700989576,5.69944185401476,6.555287052985494,0.1590897319518119,32.221936949962476,0.15052583881681272,0.03993340353087433,0.0025527668186041057,0.39775881948331243,1.3283746900544466,-0.06938412942886575,0.39775881948331243,15.049635471198265,1.1501629845329269,997.0,1000,subject_last,rewrite,subject_last,H9,289914f443672b70fe931c0de372e6608ae99b02cca94d8ccddcc66846059396,b5347d49edb7c52c7fe2a97c04622cf75f1571ddec4c73e228323d2e81bbc631,5.773576804698604e-16,True,013203450a0389c87a16a289b4bc55bd1ddc58ca422e09834929e2572975061e,013203450a0389c87a16a289b4bc55bd1ddc58ca422e09834929e2572975061e,cc5de51f58e60db390a8c31fb9bcccda4f505039d002a368f42bb0d3e4c98014,915af264e9ddeddbd419b159fb25dff4c50cbe336ee6c056bcf91caf9ad178f3,True,89.0,63.0,added_Llama_SADR_SPHERE,True,True,Llama|zsRE|AlphaEdit|SPHERE|canonical|100,-0.09513370246395478,0.8287976765866708,1.2289339955304734,0.2289339955304734,100.0,-0.09513370246395478,0.8287976765866708,1.2289339955304734,0.2289339955304734,100,,,,,,,,0.0004704067160296891,0.08109301784130617,1.0469597665999866,,,,,0.26394157888584563,,,,14.82359458612355,,,,,,,,True,True
Llama,zsRE,AlphaEdit,SPHERE,canonical,150,T34,1,,corrected_layerwise_sphere,1000,1000,150,edited_prefix,greedy_target_prefix,-0.019025373699737412,0.3042758885105487,1.0335935821638542,0.03642280655902886,0.3052886518644534,0.04946929050830576,17.00125723577358,0.020460674839158498,73.15294945631405,85.33333333333334,64.66666666666666,1.0005229490879153,0.0485119516138576,T34,corrected_layerwise_sphere,-0.038522999377699235,0.7243749850152965,1.2117191403664707,0.7265457568128199,5.69944185401476,6.902470462058143,0.20214278453745396,36.558343917518464,0.2117277047750803,0.045374196931889606,0.0032966060333735623,0.5506241432150594,1.4768747504930344,-0.07374939272202492,0.5506241432150594,21.171914036647067,1.2110783193964783,998.0,1000,subject_last,rewrite,subject_last,H9,7fc8a139068c01550984e6c196e08f8c720172046edb7162ddd7510500f62b5e,b5347d49edb7c52c7fe2a97c04622cf75f1571ddec4c73e228323d2e81bbc631,6.101577884546081e-16,True,e5037bbb7f60a668960a64c51152ffed17b54c71c27e8060aaaa17c89722e183,e5037bbb7f60a668960a64c51152ffed17b54c71c27e8060aaaa17c89722e183,b63f6ba87622bfeee3b77451dff992249c33a0535f4800f7d2a9bbc9dc5b3eb6,ee58c38552e84139f524ac460742c8a7b4b56e4959c5a214337135ab54365731,True,79.0,57.0,added_Llama_SADR_SPHERE,True,True,Llama|zsRE|AlphaEdit|SPHERE|canonical|150,-0.09669031686388933,0.8729702071259647,1.2582750909382234,0.2582750909382235,100.0,-0.09012375791603425,0.9025807858084081,1.2838078247312212,0.2838078247312211,150,,,,,,,,0.0006075564798321322,0.10767734014676966,1.0702341492271268,,,,,0.3052886518644534,,,,17.00125723577358,,,,,,,,True,True
Llama,zsRE,AlphaEdit,SPHERE,canonical,200,T34,1,,corrected_layerwise_sphere,1000,1000,200,edited_prefix,greedy_target_prefix,-0.01747995083035989,0.334594257764679,1.0461666477744989,0.04813842852900276,0.3355486816210927,0.05855447661569503,18.47195079869874,0.02020319302161365,70.85439978549925,86.5,64.5,1.000725511054957,0.0571689844904116,T34,corrected_layerwise_sphere,-0.03464841161877946,0.8026883218974014,1.2636943343114786,0.804705478953109,5.69944185401476,7.195732817618954,0.2309360071432892,39.25337327442433,0.2636943343114785,0.04519251296077258,0.0033275672805641453,0.6745318452246,1.608562589267605,-0.06596925595699478,0.6745318452246,26.36943343114786,1.2625328939096359,1000.0,1000,subject_last,rewrite,subject_last,H9,3abe9780d79bec4cfbaf0c514a1f9157b3d12dbfe0b10a2ced5063b554b36ecf,b5347d49edb7c52c7fe2a97c04622cf75f1571ddec4c73e228323d2e81bbc631,6.151955970800335e-16,True,d02ce8dcb7d1da52547f45772ce7e26f788decad0fb72b7a852c42874ec923e6,d02ce8dcb7d1da52547f45772ce7e26f788decad0fb72b7a852c42874ec923e6,13ca061e6a8b288dfdbf49fb388235a378589cc74e04bca04f1fbd20f4cfe667,fe7bf4e911e78d1d99637cce9081efa65d247f409ac266d8382d7d6af377e465,True,76.0,55.0,added_Llama_SADR_SPHERE,True,True,Llama|zsRE|AlphaEdit|SPHERE|canonical|200,-0.09200096429806816,0.9082894785076054,1.2865489743614709,0.28654897436147075,100.0,-0.0797533559840341,0.9616358917129293,1.333463290966768,0.33346329096676797,200,,,,,,,,0.0006227714707240222,0.1320277939606053,1.0976906637706096,,,,,0.3355486816210927,,,,18.47195079869874,,,,,,,,True,True
Llama,zsRE,AlphaEdit,SPHERE,canonical,250,T34,1,,corrected_layerwise_sphere,1000,1000,250,edited_prefix,greedy_target_prefix,-0.015189407381441686,0.3611203552211767,1.0578317009485696,0.05885093215125882,0.3619603900418336,0.06625043287075025,19.747678378904666,0.019574840955447672,67.06800012002142,88.0,66.8,1.0009509835480206,0.0652383861332974,T34,corrected_layerwise_sphere,-0.02972888122531768,0.8678197592578273,1.3101955483733878,0.8696806954139263,5.69944185401476,7.458259483155319,0.2534763531503788,41.266783355485344,0.31019554837338764,0.04428181153595022,0.003255478959368038,0.7881798187866361,1.7319775352953688,-0.056202283491267324,0.7881798187866361,31.01955483733878,1.308594714042328,1000.0,1000,subject_last,rewrite,subject_last,H9,b6e04f2286c3dc65417afe0415a0eccc180e6578a478cdc61b3bf4addac890e7,b5347d49edb7c52c7fe2a97c04622cf75f1571ddec4c73e228323d2e81bbc631,5.761481504564017e-16,True,10d3ea57abbde66402348c2715e5dd34e8512a35f7153e2c7fc67b5c1975fdd7,10d3ea57abbde66402348c2715e5dd34e8512a35f7153e2c7fc67b5c1975fdd7,69ea8d7012013f119fa137503abc2ae52c7900a9ddf5d031dedeaad54c113768,833eb16f24c3b5e3a2be8e16e3e80d8b5bddf0b245a7a21886c247891840b53a,True,76.0,54.0,added_Llama_SADR_SPHERE,True,True,Llama|zsRE|AlphaEdit|SPHERE|canonical|250,-0.08721339400984185,0.9376530219078731,1.3107978948032768,0.3107978948032771,100.0,-0.07089339372595735,1.0088109654463284,1.374448388462033,0.3744483884620332,250,,,,,,,,0.000592317987886166,0.15287798072804415,1.1230914839530468,,,,,0.3619603900418336,,,,19.747678378904666,,,,,,,,True,True
Llama,zsRE,AlphaEdit,SPHERE,canonical,300,T34,1,,corrected_layerwise_sphere,1000,1000,300,edited_prefix,greedy_target_prefix,-0.014923587147108513,0.3862604903607602,1.0679454059083806,0.0686180072166712,0.3871052341986798,0.07424567615781578,20.960491378021743,0.0202174919174596,65.11074841907364,87.33333333333333,70.66666666666667,1.0011643295412158,0.0721809891687714,T34,corrected_layerwise_sphere,-0.028180609770263012,0.9208608584288271,1.3472246474885055,0.9227110684498291,5.69944185401476,7.664850251644484,0.272287339496272,42.89551626311008,0.34722464748850546,0.044929005115849206,0.0033956426891410913,0.885973764523527,1.833008187672142,-0.05296557685138492,0.885973764523527,34.72246474885055,1.344842257886229,1000.0,1000,subject_last,rewrite,subject_last,H9,5a71ee26059831850ec3aa3e301611291a798bbb9fcbd5fbc19b8113f76438ee,b5347d49edb7c52c7fe2a97c04622cf75f1571ddec4c73e228323d2e81bbc631,6.318239614578229e-16,True,eff9de152d3fc357c25f27261ed962ac79bb516e0807f86b202a5b1cb40544c9,eff9de152d3fc357c25f27261ed962ac79bb516e0807f86b202a5b1cb40544c9,3a5c6ec5a3d3d49d0b5078e27f1f1911ac6a02bc5e685d8d9581f9f6710312f2,8df4679f4103d27bbbe4d051a51cb19df1ee5852e015124fcfdb52849a26ddef,True,71.0,53.0,added_Llama_SADR_SPHERE,True,True,Llama|zsRE|AlphaEdit|SPHERE|canonical|300,-0.08441070698878471,0.9642683699145352,1.332077897373264,0.33207789737326415,100.0,-0.06675527596726141,1.045152221594125,1.4043471542647405,0.4043471542647405,300,,,,,,,,0.000652758385441334,0.17472246924766166,1.1455280533388859,,,,,0.3871052341986798,,,,20.960491378021743,,,,,,,,True,True
Llama,zsRE,AlphaEdit,SPHERE,canonical,500,T34,1,,corrected_layerwise_sphere,1000,1000,500,edited_prefix,greedy_target_prefix,-0.009823539687904842,0.46555249592901693,1.1070397319843455,0.10735847063576097,0.46643153560595035,0.09942265725841196,24.453328966941744,0.022653726659421253,59.20347234189725,86.4,71.6,1.0022821064833518,0.0990727499169668,T34,corrected_layerwise_sphere,-0.017869018115033608,1.1103582540925563,1.4899752474505812,1.1121164248833533,5.69944185401476,8.476935406264875,0.3337251804616074,47.93000372873189,0.4899752474505815,0.048505633717012914,0.0037277569627579945,1.2805864609536324,2.2485761816863232,-0.03201027926730921,1.2805864609536324,48.997524745058115,1.4873272898281458,1000.0,1000,subject_last,rewrite,subject_last,H9,907b262e8f8ad49c3c4cf341a5d1fd592632f1d60974736d445b9acaa4144dfc,b5347d49edb7c52c7fe2a97c04622cf75f1571ddec4c73e228323d2e81bbc631,5.475592346738375e-16,True,ac497baf0097d610e3a5fe1dd02621a5a66d997c7e214e1414de56bfd92a9c94,ac497baf0097d610e3a5fe1dd02621a5a66d997c7e214e1414de56bfd92a9c94,0099049f8e1e2c41dfef39587545d21342511df60c4e4f114c55e569958f8c7f,3661595f0a602949175fd93c1bc29e5811b7d7cd2474b0a9e3e6fae51f0c8013,True,56.0,44.0,added_Llama_SADR_SPHERE,True,True,Llama|zsRE|AlphaEdit|SPHERE|canonical|500,-0.06669967573603189,1.069358323751363,1.4222063003743417,0.42220630037434176,100.0,-0.04372692927917168,1.1830862035959917,1.5252422831864223,0.5252422831864222,500,,,,,,,,0.0008177695010649258,0.25530163968217,1.2364723298074252,,,,,0.46643153560595035,,,,24.453328966941744,,,,,,,,True,True
Llama,zsRE,AlphaEdit,SPHERE,canonical,750,T34,1,,corrected_layerwise_sphere,1000,1000,750,edited_prefix,greedy_target_prefix,-0.004544689865349994,0.5454452752090303,1.149704257638179,0.14983482903836098,0.5464632532632061,0.12542314775615188,27.76721714721272,0.026942197483681235,52.74472996132449,83.73333333333333,69.6,1.003914290775881,0.1280977494745704,T34,corrected_layerwise_sphere,-0.005954859267328002,1.2949424448315732,1.6387953582775423,1.2965886412031145,5.69944185401476,9.314894234548882,0.38619605008913416,51.9437351444979,0.6387953582775424,0.05088596289896029,0.004085695881763344,1.7347789041019888,2.7269548814490965,-0.007824022652892658,1.7347789041019888,63.87953582775423,1.634352007291267,1000.0,1000,subject_last,rewrite,subject_last,H9,ab570e539f665fb4580ab007ff6f09738aeb3722bfbee6f14bf90558d6bc6516,b5347d49edb7c52c7fe2a97c04622cf75f1571ddec4c73e228323d2e81bbc631,5.449460559811383e-16,True,e7eaf8403dd37d9cb2af2a2ecfd40cfdd494038afe0aae8135e2290f4a2f6e4a,e7eaf8403dd37d9cb2af2a2ecfd40cfdd494038afe0aae8135e2290f4a2f6e4a,00522b3ab54bc6fb0f90dcc12b831913fcfc74b76d74034c33852ff5d1551b61,c5517bfe74ea0d4a82b569435b302debd1b3e838eab5804243cc7dfc0c9f0ae2,True,47.0,39.0,added_Llama_SADR_SPHERE,True,True,Llama|zsRE|AlphaEdit|SPHERE|canonical|750,-0.041884017803996004,1.1838680699844308,1.5264325269701016,0.5264325269701017,100.0,-0.01898052311515584,1.32528384502123,1.6534225465438785,0.6534225465438785,750,,,,,,,,0.0011671980690513477,0.34792907055067407,1.3400068888890255,,,,,0.5464632532632061,,,,27.76721714721272,,,,,,,,True,True
Llama,zsRE,AlphaEdit,SPHERE,canonical,1000,T34,1,,corrected_layerwise_sphere,1000,1000,1000,edited_prefix,greedy_target_prefix,0.00205734438732237,0.6227608916610539,1.1964985032714213,0.19657248947139494,0.6240488169895677,0.15036636683917207,30.631276385899874,0.0325519953134852,47.57371262047124,83.5,69.0,1.0058577799101838,0.1546109599370504,T34,corrected_layerwise_sphere,0.002022325605223718,1.4482483452620303,1.7658477397170382,1.4497577937234458,5.69944185401476,10.034034744799966,0.4260105920030761,54.85643222371046,0.7658477397170382,0.05175792703780003,0.004260053282953706,2.160353074436646,3.168657778930047,0.008304704493401142,2.160353074436646,76.58477397170383,1.7605293644204587,1000.0,1000,subject_last,rewrite,subject_last,H9,0c7e66b4d98f4d9e999b57f5db9d4d9ba791bd45af1b6eb51836b0bd280d24af,b5347d49edb7c52c7fe2a97c04622cf75f1571ddec4c73e228323d2e81bbc631,5.992597955087676e-16,True,37f16bef3d0ab2b27d89bcfac0cd17c795c27fd9e27cce2166e58a09eab49c3f,37f16bef3d0ab2b27d89bcfac0cd17c795c27fd9e27cce2166e58a09eab49c3f,b8e15a66c1317f07e4399c600919d144bcd98102c009541c9ae3b80789d5ec50,96622bd2c9343b0310692b88e472a7e58150db05f17accc7d68633aa1ad97084,True,40.0,34.0,added_Llama_SADR_SPHERE,True,True,Llama|zsRE|AlphaEdit|SPHERE|canonical|1000,-0.016705558739243488,1.2943160885970397,1.6293013430017433,0.6293013430017433,100.0,0.002022325605223718,1.4482483452620303,1.7658477397170382,0.7658477397170382,1000,,,,,,,,0.0018501823842104193,0.45569250283010365,1.461657373988959,,,,,0.6240488169895677,,,,30.631276385899874,,,,,,,,True,True
Llama,zsRE,MEMIT,ENCORE,canonical,50,ENCORE_corrected_zsRE_MEMIT,1,,corrected_encore_dataset_editor_parameters_20260924,1000,1000,50,edited_prefix,greedy_target_prefix,-0.008940827810467709,0.09165119126678314,0.996031686971562,0.005919431876260758,,,,,94.96739751064082,36.0,18.0,,,,corrected_encore_dataset_editor_parameters_20260924,-0.01893372973659414,0.23104170164528182,1.0115650909205827,0.23216369388824815,5.69944185401476,5.766293421262263,0.029854877329053287,13.20350476028034,0.014641564782122116,0.019321848483158818,0.0007180064973503544,0.06069508617175994,1.0235456331959218,-0.037149452975837924,0.06069508617175994,,,,1000,subject_last,rewrite,subject_last,H9,ccd0605d61ef1da2a5441bd424fff466eee39357aa1a342b71455f0538cef6d4,7e7a6ee23be4c36b42b96cf847f73123b9e1f35099873eec300f6f0eb7c9b290,,,,,,,,,,,True,,Llama|zsRE|MEMIT|ENCORE|canonical|50,,,,,,-0.08065912753432292,0.49483497594227316,1.0449943969117172,0.046096956419949923,50,50.0,50.0,1000.0,True,,locality,prompt_last,0.0001002712582498665,0.0098943496203656,0.9921129652576801,-0.01778138436268555,0.0098943496203656,-0.007887034742319943,0.00898208393812855,0.09221094630779367,5.8434645326473476,5.821194759990931,0.004975588302946202,5.276691567330501,0.9899674775594133,62f016b4aa53e0a400747ccd13d4bc980507dfcbc0747c2a319bbad41b72dd1d,1aa5db2a489dcce3ee64159d97e31674b01e5c75e5440444a7a8617380dad2fa,1000.0,prompt_last,0.023545633195922015,0.9883085761334488,True,True
Llama,zsRE,MEMIT,ENCORE,canonical,100,ENCORE_corrected_zsRE_MEMIT,1,,corrected_encore_dataset_editor_parameters_20260924,1000,1000,100,edited_prefix,greedy_target_prefix,-0.017571222512316992,0.1588159845139865,0.9972968818728961,0.009917172949099183,,,,,90.05487762063589,44.0,32.0,,,,corrected_encore_dataset_editor_parameters_20260924,-0.03673362017777139,0.38875562474638237,1.0443269388070484,0.39104880204753,5.69944185401476,5.952937919661383,0.07660033744133597,21.835754364532548,0.04527891550210751,0.03709686898356829,0.002112045136474842,0.16306079878526275,1.091705603566195,-0.07135519521906794,0.16306079878526275,,,,1000,subject_last,rewrite,subject_last,H9,d3fc98becf9a72123437144d0b7ffcbbc8ca9ca1873961808a51a322eb09738e,7e7a6ee23be4c36b42b96cf847f73123b9e1f35099873eec300f6f0eb7c9b290,,,,,,,,,,,True,,Llama|zsRE|MEMIT|ENCORE|canonical|100,-0.09323872525663914,0.5948357491125595,1.0860791079766978,0.08643079129187603,100.0,-0.09323872525663914,0.5948357491125595,1.0860791079766978,0.08643079129187603,100,100.0,100.0,1000.0,True,,locality,prompt_last,0.0003768591235366441,0.029518489686982362,0.994752903785885,-0.03476558590109734,0.029518489686982362,-0.005247096214114969,0.017586625940344696,0.15999047495736854,5.8434645326473476,5.829982012263759,0.01479142432274133,9.151487884006142,0.9873940549774071,da1b8466001a50bfbcf5783254c763e27687eefc8004cb6bb6c16ed5c37fc921,1aa5db2a489dcce3ee64159d97e31674b01e5c75e5440444a7a8617380dad2fa,1000.0,prompt_last,0.09170560356619484,0.9872131211988118,True,True
Llama,zsRE,MEMIT,ENCORE,canonical,150,ENCORE_corrected_zsRE_MEMIT,1,,corrected_encore_dataset_editor_parameters_20260924,1000,1000,150,edited_prefix,greedy_target_prefix,-0.02097057611664532,0.19162900106195258,1.0006035376491336,0.012679991287158614,,,,,85.14589276931919,49.333333333333336,39.33333333333333,,,,corrected_encore_dataset_editor_parameters_20260924,-0.047082411432077996,0.48458410384081085,1.0761799821492828,0.48757896478593776,5.69944185401476,6.132792363861237,0.11264304432767998,26.715192332307314,0.07654489624173724,0.04758805709263401,0.003301179234280972,0.25127479486408805,1.160411151234213,-0.09086364362987501,0.25127479486408805,,,,1000,subject_last,rewrite,subject_last,H9,b0aed523d597ba4bd7b6bbba3a5146836afc8a648010deffbc90689820955fae,7e7a6ee23be4c36b42b96cf847f73123b9e1f35099873eec300f6f0eb7c9b290,,,,,,,,,,,True,,Llama|zsRE|MEMIT|ENCORE|canonical|150,-0.10105202877533058,0.6529429660627223,1.1132789102176663,0.1134894968651666,100.0,-0.0967580054706081,0.6587461999803214,1.1200431373838808,0.12018352848221435,150,150.0,150.0,1000.0,True,,locality,prompt_last,0.0005342174945942944,0.04292065744111549,1.0015137227024191,-0.04140693473869634,0.04292065744111549,0.0015137227024191518,0.020989423826683052,0.19302301019432963,5.8434645326473476,5.850228201488588,0.021306940054207878,11.01637209154855,0.9877063851780806,cab2810656d2980cec02b0320073848a2683027067d677053f9be2caa4665fe0,1aa5db2a489dcce3ee64159d97e31674b01e5c75e5440444a7a8617380dad2fa,1000.0,prompt_last,0.16041115123421304,0.9870326363437368,True,True
Llama,zsRE,MEMIT,ENCORE,canonical,200,ENCORE_corrected_zsRE_MEMIT,1,,corrected_encore_dataset_editor_parameters_20260924,1000,1000,200,edited_prefix,greedy_target_prefix,-0.021811673723960034,0.21243319133790606,1.0049471120007125,0.015453482790755516,,,,,81.82664600035436,55.00000000000001,38.0,,,,corrected_encore_dataset_editor_parameters_20260924,-0.051415194812837406,0.5430311744262044,1.1007064126414596,0.5462455809615915,5.69944185401476,6.271228334564805,0.13571812027088975,29.493364163639498,0.1008873296777319,0.05201780079782449,0.003890316312117479,0.3137186827523301,1.2147786094387727,-0.09894007331355734,0.3137186827523301,,,,1000,subject_last,rewrite,subject_last,H9,5c317d7e3b8c1d20ec9533920b397f533a6d1a6fe21f2717f151d6f1ffb721de,7e7a6ee23be4c36b42b96cf847f73123b9e1f35099873eec300f6f0eb7c9b290,,,,,,,,,,,True,,Llama|zsRE|MEMIT|ENCORE|canonical|200,-0.10383629796202781,0.6874584414848299,1.1320851776304595,0.13218571626902162,100.0,-0.09349766935826313,0.6973573267903322,1.1459634685367703,0.14601373785605135,200,200.0,200.0,1000.0,True,,locality,prompt_last,0.000593603592504012,0.05347960217625444,1.0104498583208383,-0.04302974385541606,0.05347960217625444,0.010449858320838392,0.02189632217854835,0.213833758795568,5.8434645326473476,5.876643491424548,0.026178845384879773,12.161374908562538,0.9890222230388461,e1893a090177975a193ee598285e0778b5929fc2ee257ac1208f21688564d85c,1aa5db2a489dcce3ee64159d97e31674b01e5c75e5440444a7a8617380dad2fa,1000.0,prompt_last,0.2147786094387728,0.9877512402873443,True,True
Llama,zsRE,MEMIT,ENCORE,canonical,250,ENCORE_corrected_zsRE_MEMIT,1,,corrected_encore_dataset_editor_parameters_20260924,1000,1000,250,edited_prefix,greedy_target_prefix,-0.02199055555481273,0.2302524466570549,1.0092650575502524,0.018206730045131837,,,,,78.00352686240619,57.99999999999999,45.6,,,,corrected_encore_dataset_editor_parameters_20260924,-0.05230520325821066,0.5908576826387293,1.124795975890231,0.5939873655932749,5.69944185401476,6.407386706509506,0.15442008134325655,31.597112477346574,0.1248835811096692,0.053084963406797456,0.004056770186412468,0.37001306509960474,1.269459428769596,-0.10055363633000886,0.37001306509960474,,,,1000,subject_last,rewrite,subject_last,H9,cb946270d0155941699b4c4f6c0d9ed4d9573f9a777c42db801e1c8d0e69fb19,7e7a6ee23be4c36b42b96cf847f73123b9e1f35099873eec300f6f0eb7c9b290,,,,,,,,,,,True,,Llama|zsRE|MEMIT|ENCORE|canonical|250,-0.10358287663667254,0.7170193523973865,1.1506056605070323,0.1506056605070323,100.0,-0.0889665207220361,0.7288775850401974,1.1691654633077155,0.16916546330771554,250,250.0,250.0,1000.0,True,,locality,prompt_last,0.0006169605146871232,0.06271104878987122,1.0193468981949327,-0.04336415059493834,0.06271104878987122,0.019346898194932884,0.022136846674697015,0.23160853100839485,5.8434645326473476,5.902735073788839,0.030359164184664715,13.130651268843605,0.9902576992161553,eef359808bcf45821bb4dc9af47361acc4578e77d29cf22ff2d9dbd816aff063,1aa5db2a489dcce3ee64159d97e31674b01e5c75e5440444a7a8617380dad2fa,1000.0,prompt_last,0.2694594287695959,0.98915504591994,True,True
Llama,zsRE,MEMIT,ENCORE,canonical,300,ENCORE_corrected_zsRE_MEMIT,1,,corrected_encore_dataset_editor_parameters_20260924,1000,1000,300,edited_prefix,greedy_target_prefix,-0.023265345069228074,0.2470745578805118,1.0126932920338572,0.020982729468086072,,,,,75.23994397651232,61.66666666666667,44.666666666666664,,,,corrected_encore_dataset_editor_parameters_20260924,-0.053574844761424587,0.6286807697377473,1.1441992047342384,0.631848775429442,5.69944185401476,6.516256482699315,0.16947649547204832,33.22474229367215,0.1442274712855151,0.05459013448465545,0.0043044273845559925,0.4172138488841368,1.3143685867458434,-0.10284526213829318,0.4172138488841368,,,,1000,subject_last,rewrite,subject_last,H9,e99a7ed5eb5f343b3017dc66e6181c24d1569fe4cdda3cfa26216a9092da1756,7e7a6ee23be4c36b42b96cf847f73123b9e1f35099873eec300f6f0eb7c9b290,,,,,,,,,,,True,,Llama|zsRE|MEMIT|ENCORE|canonical|300,-0.10365726271440351,0.7402765668821389,1.165468559304403,0.16546855930440302,100.0,-0.08675561118686635,0.7521428893823694,1.1857232755908726,0.18572327559087276,300,300.0,300.0,1000.0,True,,locality,prompt_last,0.0007002308730461581,0.07232672400351735,1.0264962647381073,-0.04583045926540998,0.07232672400351735,0.026496264738107355,0.023475274578790086,0.2485000431120066,5.8434645326473476,5.923532375517414,0.034715459624602395,14.05139840979123,0.9904113368244678,6f33d6d43586efbad0f52ea75ed95459ded3ed2532e176df3f145fb2a4f583f1,1aa5db2a489dcce3ee64159d97e31674b01e5c75e5440444a7a8617380dad2fa,1000.0,prompt_last,0.31436858674584367,0.989788278167535,True,True
Llama,zsRE,MEMIT,ENCORE,canonical,500,ENCORE_corrected_zsRE_MEMIT,1,,corrected_encore_dataset_editor_parameters_20260924,1000,1000,500,edited_prefix,greedy_target_prefix,-0.023896690507116097,0.29071745992280157,1.025683334694292,0.03206326017296011,,,,,69.34026339244386,69.8,51.6,,,,corrected_encore_dataset_editor_parameters_20260924,-0.05889371222019958,0.7518416034085401,1.211583402807688,0.7551949804649843,5.69944185401476,6.900017308642315,0.21931884838875282,38.23271243863738,0.21158340280768775,0.06077744681427187,0.005209028616489258,0.5882876790500491,1.475709283226139,-0.1125783958239099,0.5882876790500491,,,,1000,subject_last,rewrite,subject_last,H9,da3b619ff511f26737a9a88e2b9e1a11e0582d2413a4bee15c9998e09b3e92d4,7e7a6ee23be4c36b42b96cf847f73123b9e1f35099873eec300f6f0eb7c9b290,,,,,,,,,,,True,,Llama|zsRE|MEMIT|ENCORE|canonical|500,-0.10300665160159472,0.8166951113919388,1.216444147988616,0.21644414798861614,100.0,-0.07929934519253286,0.8237010888844968,1.238671879175516,0.23867187917551605,500,500.0,500.0,1000.0,True,,locality,prompt_last,0.0007758328060915576,0.10114370249994409,1.0541261542918035,-0.047017548208140636,0.10114370249994409,0.054126154291803445,0.024513749393294752,0.29212855417494543,5.8434645326473476,6.0026422869415,0.04672300315776924,16.327958819690124,0.9923877909788152,1dd35f305854334d7b289851c960e45a239d1088eb820154c0841d58267a19ca,1aa5db2a489dcce3ee64159d97e31674b01e5c75e5440444a7a8617380dad2fa,1000.0,prompt_last,0.4757092832261391,0.991223154991087,True,True
Llama,zsRE,MEMIT,ENCORE,canonical,750,ENCORE_corrected_zsRE_MEMIT,1,,corrected_encore_dataset_editor_parameters_20260924,1000,1000,750,edited_prefix,greedy_target_prefix,-0.021894925419291972,0.3277208504492501,1.0400141289497693,0.043744768242884494,,,,,66.834733986239,71.73333333333333,55.733333333333334,,,,corrected_encore_dataset_editor_parameters_20260924,-0.056784082264536795,0.8573273479264638,1.2802410511610156,0.8603007529093666,5.69944185401476,7.289319422543666,0.25928962209135625,41.907480754964794,0.28024105116101555,0.05997176956742336,0.005071538003581336,0.7576136769757446,1.6491170504502524,-0.10849662652549225,0.7576136769757446,,,,1000,subject_last,rewrite,subject_last,H9,7135ed6043174b922cacd6ac26075b85d4bf703e15f98d1debe9dc50458aee13,7e7a6ee23be4c36b42b96cf847f73123b9e1f35099873eec300f6f0eb7c9b290,,,,,,,,,,,True,,Llama|zsRE|MEMIT|ENCORE|canonical|750,-0.09350915243887606,0.8780413949657094,1.2656517188596244,0.2656517188596244,100.0,-0.06644188312372089,0.889737920533233,1.2931663928204482,0.29316639282044815,750,750.0,750.0,1000.0,True,,locality,prompt_last,0.0007407908664342522,0.12799316090183296,1.0849441009296832,-0.043049059972149695,0.12799316090183296,0.08494410092968327,0.02343173349573218,0.32894424637786857,5.8434645326473476,6.088925135524898,0.057157645414854415,18.174387666650436,0.9942455672628792,37c5c7babe34a2648cc5fba657853fe097102faa9696efa619b5d89822286da9,1aa5db2a489dcce3ee64159d97e31674b01e5c75e5440444a7a8617380dad2fa,1000.0,prompt_last,0.6491170504502524,0.9933504178342847,True,True
Llama,zsRE,MEMIT,ENCORE,canonical,1000,ENCORE_corrected_zsRE_MEMIT,1,,corrected_encore_dataset_editor_parameters_20260924,1000,1000,1000,edited_prefix,greedy_target_prefix,-0.02124585201627017,0.369151819060625,1.0564280411952391,0.058916319689669296,,,,,62.98222460023886,72.39999999999999,56.00000000000001,,,,corrected_encore_dataset_editor_parameters_20260924,-0.06159739350283596,0.9582808919808078,1.3450813055494746,0.9613982709101441,5.69944185401476,7.6574076859154205,0.2987056285512016,45.30058243467998,0.3450813055494747,0.06448860311680736,0.00574569312150507,0.9390555523623692,1.8216064584782026,-0.11744909388416684,0.9390555523623692,,,,1000,subject_last,rewrite,subject_last,H9,edff1a6bb3ef86070ac7f326e8780929a5bd2e152a8c8149521a1ddb4b1771a7,7e7a6ee23be4c36b42b96cf847f73123b9e1f35099873eec300f6f0eb7c9b290,,,,,,,,,,,True,,Llama|zsRE|MEMIT|ENCORE|canonical|1000,-0.0889129449155867,0.9443530761082696,1.3160921486378039,0.3160921486378037,100.0,-0.06159739350283596,0.9582808919808078,1.3450813055494746,0.3450813055494747,1000,1000.0,1000.0,1000.0,True,,locality,prompt_last,0.0008366742978091696,0.1632161687246317,1.1215611389899005,-0.041655029734731175,0.1632161687246317,0.12156113898990056,0.024386246968925426,0.3703843086704418,5.8434645326473476,6.188442124218168,0.06991148093665361,20.175675203431,0.9948999707509201,71c1d13f6645f3cbc3e4e93bbddf666b8af14ad582c180948e47740a61b1f4c7,1aa5db2a489dcce3ee64159d97e31674b01e5c75e5440444a7a8617380dad2fa,1000.0,prompt_last,0.8216064584782022,0.993918622409772,True,True
Llama,zsRE,MEMIT,NAS,canonical,50,T37,1,,unchanged_original,1000,1000,50,edited_prefix,greedy_target_prefix,-0.001375102746329824,0.1123331813680277,1.0058770263614656,0.0081928668996168,0.11253262339856664,0.007158664863289116,6.398253143307312,0.005320922718569716,93.20245653298228,88.0,64.0,1.0003616454130104,0.037776410602071445,T37,unchanged_original,0.002377500455048802,0.29252798300304483,1.0532579334149659,0.2933648983107399,5.69944185401476,5.998666032324016,0.04630538735699774,16.02134340450358,0.053514308577772625,0.0180111377448273,0.0008260392005753402,0.10590794280252402,1.111488982913197,0.005581040110672942,0.10590794280252402,5.3257933414965875,1.0525006107569077,975.0,1000,subject_last,rewrite,subject_last,H9,d3c73ad216e3c67e20de161903b13da3cd93fd0c1a6e7457a6a635ccbac82e14,b5347d49edb7c52c7fe2a97c04622cf75f1571ddec4c73e228323d2e81bbc631,8.140458692735738e-16,True,3b2531d78a277545e6b49121485d3b590dec819d60ea6bd4c6853f3beb34b27e,3b2531d78a277545e6b49121485d3b590dec819d60ea6bd4c6853f3beb34b27e,74bfbf8726bf23e2f43e4879a4633b9bbe40547119020b41e5ea5f1038f06e8c,bec4097d963a676fa31ea74ee0660ced216ca7fc5886a19bb7f218faf42b34f6,True,,,,True,True,Llama|zsRE|MEMIT|NAS|canonical|50,,,,,,-0.0949416784450558,0.767047886244432,1.1895536717738684,0.18955367177386853,50,,,,,,,,4.618587498748619e-05,0.01460650073552743,1.0119024811178552,,,,,0.11253262339856664,,,,6.398253143307312,,,,,,,,True,True
Llama,zsRE,MEMIT,NAS,canonical,100,T37,1,,unchanged_original,1000,1000,100,edited_prefix,greedy_target_prefix,-0.0017369711179300942,0.1797761531447755,1.0169630534375302,0.0191125478208639,0.18011646416550325,0.01807088484630704,10.129876940384145,0.008862034353585617,88.21169132692039,72.0,50.0,1.0006835083444423,0.05193959436729501,T37,unchanged_original,0.0039514604571814545,0.47709676897347214,1.1240536878223966,0.4783731804646295,5.69944185401476,6.3990034309852835,0.1024663900769129,24.92081532057775,0.12411398681778303,0.028777996765354,0.001576261407721668,0.26021624288800693,1.2696954252100916,0.009479182322084577,0.26021624288800693,12.405368782239655,1.122742120174056,995.0,1000,subject_last,rewrite,subject_last,H9,082727db1be52a9b1fe0e64eb9165095e94e144fec75cf50f872bf4236ae10b6,b5347d49edb7c52c7fe2a97c04622cf75f1571ddec4c73e228323d2e81bbc631,6.664135484420443e-16,True,dbad43a9a5a93ccbe96a045be7d863e6f93c2a2f69e8dbb5e9f43bddefe5cbab,dbad43a9a5a93ccbe96a045be7d863e6f93c2a2f69e8dbb5e9f43bddefe5cbab,d6869e3e93e1eda97726aed2c5247f901e51ba417ce49ecc600894d385f09a0b,7003543beffce1e7e028c8cd71146b493ab39a519782c15191c85c233942070d,True,72.0,50.0,original_208,True,True,Llama|zsRE|MEMIT|NAS|canonical|100,-0.08298681147180371,0.8410495619728148,1.2496951655618203,0.24969516556182036,100.0,-0.08298681147180371,0.8410495619728148,1.2496951655618203,0.24969516556182036,100,,,,,,,,0.00012956181974664233,0.038115558825022856,1.0347711784089093,,,,,0.18011646416550325,,,,10.129876940384145,,,,,,,,True,True
Llama,zsRE,MEMIT,NAS,canonical,150,T37,1,,unchanged_original,1000,1000,150,edited_prefix,greedy_target_prefix,-0.006867869863009934,0.2222872886890627,1.021728175079934,0.024265121462257,0.22273363359148288,0.02736461679244311,12.48904130531274,0.011083945545285903,83.62778498275276,71.33333333333333,51.333333333333336,1.000954834532706,0.06211252525559529,T37,unchanged_original,-0.010635740042779868,0.5942748125435081,1.1685590323589818,0.5957043138635071,5.69944185401476,6.647844561778265,0.14714237796551596,30.33549236787192,0.16860362749024765,0.03261209564444879,0.0022065571083710062,0.39418516957228483,1.375120246595096,-0.019064922977188734,0.39418516957228483,16.855903235898182,1.1664027341721959,996.0,1000,subject_last,rewrite,subject_last,H9,b74a3e1be98e57d2db5693fd9715fc7cb1cd97c35ad96256593e55a2f7f2dfc0,b5347d49edb7c52c7fe2a97c04622cf75f1571ddec4c73e228323d2e81bbc631,5.9271633568003e-16,True,ef9ea3d4228d2f1a421452e4b3854eff5eac88ef1ea9544f4789a817e23cc4d5,ef9ea3d4228d2f1a421452e4b3854eff5eac88ef1ea9544f4789a817e23cc4d5,182a1b5e972d9c3820c0099de2bf5ea3f4a5bda797a331d799873780180b8c9c,79c43368075d72c6fc34c73f9a01a802236e593d03e81802a13248466c29801b,True,61.0,43.0,original_208,True,True,Llama|zsRE|MEMIT|NAS|canonical|150,-0.10107556891219742,0.9382482326696239,1.3054040611283093,0.30540406112830965,100.0,-0.09237858091221388,0.8910059179643754,1.2776041579375048,0.2776041579375048,150,,,,,,,,0.00019013713695892193,0.05840764511856092,1.0448620425295,,,,,0.22273363359148288,,,,12.48904130531274,,,,,,,,True,True
Llama,zsRE,MEMIT,NAS,canonical,200,T37,1,,unchanged_original,1000,1000,200,edited_prefix,greedy_target_prefix,-0.009234960561971029,0.2523109496868448,1.027785794880041,0.0298797010605658,0.25281571540150233,0.03498134489844999,14.101432420850466,0.012783595285126452,81.71961108827603,70.5,51.0,1.0012232125610623,0.0708627747659691,T37,unchanged_original,-0.021282568017939273,0.6907949643968736,1.2136448415382675,0.6924905751486099,5.69944185401476,6.899050163518137,0.1856196842073067,34.42216549835413,0.213664156059406,0.038019744182246934,0.002939675931580336,0.5262444373310003,1.486618977226702,-0.039625460104298196,0.5262444373310003,21.364484153826744,1.2104782082579468,997.0,1000,subject_last,rewrite,subject_last,H9,660a719a2c63eb9d01cbbf827e8f07aedee8f7416b0a1443add0a9dd515830de,b5347d49edb7c52c7fe2a97c04622cf75f1571ddec4c73e228323d2e81bbc631,6.434340545035653e-16,True,783a8451bccc9d849b0425dc4faa4ba6d2bb985661ca3ee9879ff2906382c5ec,783a8451bccc9d849b0425dc4faa4ba6d2bb985661ca3ee9879ff2906382c5ec,86fe83aae3e02c6bb09f918f81123eaa8e3c3fd52a654f2bf1d41a6126781427,80d791e01f8d3f1b61c953713cb1d333aa0aca7d92a2eeef08fe5ae62ede886f,True,56.00000000000001,41.0,original_208,True,True,Llama|zsRE|MEMIT|NAS|canonical|200,-0.11287649151611047,1.026518085846085,1.3635407560150172,0.3635407560150172,100.0,-0.09675235820460397,0.9399999791333994,1.3098653106888423,0.3098653106888424,200,,,,,,,,0.0002446652133183128,0.07605331639379696,1.0578280604831731,,,,,0.25281571540150233,,,,14.101432420850466,,,,,,,,True,True
Llama,zsRE,MEMIT,NAS,canonical,250,T37,1,,unchanged_original,1000,1000,250,edited_prefix,greedy_target_prefix,-0.012581576588992406,0.2831088810493596,1.0336427970644184,0.0348641633405408,0.2836671418373011,0.04333675673027466,15.77464039880079,0.014517904012377198,80.54166707607928,71.2,49.6,1.0015120696580977,0.07856645431085603,T37,unchanged_original,-0.036384525501670706,0.7689316363670118,1.249279453307223,0.7711128235333271,5.69944185401476,7.0958744344719,0.2191492838086978,37.68508252582914,0.24927945330722304,0.04508391111747061,0.00407897721404058,0.6472743419570877,1.5785842681677869,-0.06869007378930082,0.6472743419570877,24.927945330722288,1.2450121636864275,1000.0,1000,subject_last,rewrite,subject_last,H9,a9f0193c42d0f6792d3422f69deff78d5e3b1ff262195ea1a062e33a8a0fef48,b5347d49edb7c52c7fe2a97c04622cf75f1571ddec4c73e228323d2e81bbc631,5.876968502289793e-16,True,2b7575349100132fc70c80e5155a71d69f3ae3d9f42fdd054829ab3641fb303f,2b7575349100132fc70c80e5155a71d69f3ae3d9f42fdd054829ab3641fb303f,2b8c82b935e1d2f396fb9fd407c44d1cf5a7947934323a2e736667e85669995d,d85f35b52b4d30d0a69a6fa48a2ed53cf9e670744c5af651e3bd96d4bfe3a09a,True,52.0,36.0,original_208,True,True,Llama|zsRE|MEMIT|NAS|canonical|250,-0.1276936787666433,1.100691267940769,1.4117487476423545,0.4117487476423542,100.0,-0.10612499383677343,0.982408051622195,1.3349626312018417,0.3349626312018418,250,,,,,,,,0.0003165722155599163,0.09509438623183133,1.0702478052694064,,,,,0.2836671418373011,,,,15.77464039880079,,,,,,,,True,True
Llama,zsRE,MEMIT,NAS,canonical,300,T37,1,,unchanged_original,1000,1000,300,edited_prefix,greedy_target_prefix,-0.02066660547771114,0.3051211323977977,1.0334696332593372,0.0350988362123208,0.30607568255781564,0.05063689088499406,17.045115663810975,0.021082885082032838,78.95598970691206,70.66666666666667,53.0,1.0017890092999262,0.08569908698148139,T37,unchanged_original,-0.06111353028504435,0.8282639624395517,1.2685379636959784,0.831943191154394,5.69944185401476,7.200230722251543,0.24955363380523735,40.47579352065947,0.2685449878046128,0.06347738030901072,0.007078309459115179,0.7448738928469946,1.629725141736021,-0.11514875111097349,0.7448738928469946,26.853796369597838,1.2633220772626375,997.0,1000,subject_last,rewrite,subject_last,H9,5980c9bf14a42692ebeb13b6c81c0cf5e365d448431cf9dab02586196742a1d4,b5347d49edb7c52c7fe2a97c04622cf75f1571ddec4c73e228323d2e81bbc631,5.8016349026475e-16,True,3dbfc86d43c7724a6a25542bd903387f411fa8793906b79c9a6e1826c2123b76,3dbfc86d43c7724a6a25542bd903387f411fa8793906b79c9a6e1826c2123b76,a908d6f4b98bd94f5b1cf3320be4dbefd17b2da5de21febb3319ad5cd3853b80,232d560be28db44f6799b85e39e286640878fc62c0f84f020fcde34a25bfc2b4,True,47.0,35.0,original_208,True,True,Llama|zsRE|MEMIT|NAS|canonical|300,-0.15208374767131333,1.1477294570440426,1.4344032096204924,0.4344032096204923,100.0,-0.12799320518875154,1.0073410233911981,1.339100521315043,0.3391005213150431,300,,,,,,,,0.0006171270688340678,0.11088190924929527,1.0701658253627069,,,,,0.30607568255781564,,,,17.045115663810975,,,,,,,,True,True
Llama,zsRE,MEMIT,NAS,canonical,500,T37,1,,unchanged_original,1000,1000,500,edited_prefix,greedy_target_prefix,-0.03782970957089086,0.3761131505284188,1.045031547295198,0.0466024721861402,0.37826170881401605,0.07589185383630072,20.930051710594597,0.03788267733840539,75.62674774007164,70.6,57.4,1.0029878143809303,0.11026152351043156,T37,unchanged_original,-0.13568635247334812,1.0040559789884649,1.3397114319442267,1.0151482372176655,5.69944185401476,7.5947200995206945,0.3430928004819174,48.32740298233025,0.3397173469667488,0.1357574117910919,0.023732363901131027,1.0729161666775644,1.825275825631999,-0.2476403410455652,1.0729161666775644,33.97114319442267,1.3325375175414549,999.0,1000,subject_last,rewrite,subject_last,H9,4448a2524735c49b57affd8deb3e141b8b493daf3f0247ffba8772d46f5a6b31,b5347d49edb7c52c7fe2a97c04622cf75f1571ddec4c73e228323d2e81bbc631,6.023227772704676e-16,True,3a9268c0a3ab8bd755247ade12da593425828933ec00e272a5bbc21961586dc3,3a9268c0a3ab8bd755247ade12da593425828933ec00e272a5bbc21961586dc3,f24b5e1ee9fb8f826c1b48294b517668eacd2b76de3d2f80cbc8b8469abe57fb,79206af6111018b5b230db66452474bdb5afacc70269199e2fd9d424dc8adbae,True,34.0,35.0,original_208,True,True,Llama|zsRE|MEMIT|NAS|canonical|500,-0.20709750898168622,1.2987392244999032,1.529590645350109,0.5295906453501091,100.0,-0.18643720960596727,1.079085853068333,1.3595817296746755,0.3595817296746754,500,,,,,,,,0.0019064947862488851,0.16956182017918342,1.0958088958236507,,,,,0.37826170881401605,,,,20.930051710594597,,,,,,,,True,True
Llama,zsRE,MEMIT,NAS,canonical,750,T37,1,,unchanged_original,1000,1000,750,edited_prefix,greedy_target_prefix,-0.058620046992593294,0.4280159930598647,1.0483856370765667,0.051342395200762,0.4324754106623568,0.09767866684437537,23.957901208207087,0.058696638632569235,74.40037410199331,68.4,53.46666666666667,1.0044452815427147,0.1337100288111818,T37,unchanged_original,-0.2404436933494082,1.024838184241196,1.2874298837820013,1.0564353202166215,5.69944185401476,7.298674571094611,0.4012479022706883,52.78988177871565,0.2874550695453627,0.2404436933494082,0.0669905036722325,1.0993108816833264,1.6854139986567425,-0.4138968830265839,1.0993108816833264,28.74298837820013,1.280594619270189,998.0,1000,subject_last,rewrite,subject_last,H9,c84486bd953554d242dc2e09b773e4806e3a781ed7cfca6da991909fca16cbcd,b5347d49edb7c52c7fe2a97c04622cf75f1571ddec4c73e228323d2e81bbc631,5.4524229151052885e-16,True,47d4c0cd051928c0da4046341fc4d9007b47dd5a2e8943fdcf3053cd7b5c7035,47d4c0cd051928c0da4046341fc4d9007b47dd5a2e8943fdcf3053cd7b5c7035,1a3718da783d8ae9b66d2d7812663f3fc3fb6964c25d8ddbfbe891c3e30c475c,95bd124e6c8687344475e2f37ce61d6ea60f2a6d853bc0996c363e4feac90e11,True,34.0,28.999999999999996,original_208,True,True,Llama|zsRE|MEMIT|NAS|canonical|750,-0.24493226300505697,1.2799703261192825,1.4936770660894956,0.49367706608949563,100.0,-0.26957009209040605,1.049807247121207,1.2867911208974816,0.28679112089748177,750,,,,,,,,0.004625712633344924,0.21632027396381817,1.1037058926119765,,,,,0.4324754106623568,,,,23.957901208207087,,,,,,,,True,True
Llama,zsRE,MEMIT,NAS,canonical,1000,T37,1,,unchanged_original,1000,1000,1000,edited_prefix,greedy_target_prefix,-0.1135418505927125,0.4433981895774673,1.0045404756858558,0.0319081822855725,0.4594650072315109,0.11583273402941399,26.407428043128625,0.11356930557182056,74.3595854754703,39.0,29.3,1.0057938554558632,0.15147132935457205,T37,unchanged_original,-0.4622890189542668,0.8654527110947473,1.0288780342005133,0.989897228990311,5.69944185401476,5.846000676038307,0.48062761381062613,58.365999170079014,0.08298155703481394,0.4622890189542668,0.23518362057179165,0.7601224497562046,1.0707280324194626,-0.689394417336742,0.7601224497562046,2.887803420051327,1.0257145920210258,556.0,1000,subject_last,rewrite,subject_last,H9,7990b841feafcdf5c50485abda9e2d2211e455fbfd636da0d9dcc40e61b5fb4a,967093dd9010596a17cd564760337d796d179f743ce76e9bd94b9b1cd58b6818,6.226636065723164e-16,False,cdb140afeb168f73444f7f3e996f2ff5bd4c43d45fc0821d62bc78c9a374d9d9,fd025b48fa54fc003740fc0d4f46dbefd2e2a2b6e17eb6bd24bf03fd4ea6a9a1,c8bc912c64b55e146889a0f2aed026b4388d0c35f4052d9ffe4a2d1f8bbe9f54,f7566aa0f142d5d0d41d2c3e8b7fc1acaaf8b86137d93081ae773b48eb28dd25,True,28.000000000000004,24.0,original_208,True,True,Llama|zsRE|MEMIT|NAS|canonical|1000,-0.3653403987746019,0.9882078939759673,1.181156957437501,0.18754411454944178,100.0,-0.4622890189542668,0.8654527110947473,1.0288780342005133,0.08298155703481394,1000,,,,,,,,0.017857270107979887,0.22031872120215912,1.011092290124714,,,,,0.4594650072315109,,,,26.407428043128625,,,,,,,,True,True
Llama,zsRE,MEMIT,Native,canonical,50,T38,1,,unchanged_original,1000,1000,50,edited_prefix,greedy_target_prefix,-0.00034498484993502444,0.1103810265021958,1.0067954710519575,0.0090128761547871,0.1105914727644656,0.007027839588221407,6.2762264216631225,0.005502379418815581,93.46847347796316,82.0,64.0,1.000373513932841,0.03795440003595655,T38,unchanged_original,0.006599113136383428,0.29837471809561034,1.0588006724433985,0.2993173100062686,5.69944185401476,6.032779396268519,0.04725707624558202,16.254027965961914,0.059011085413805,0.019892794512917988,0.0008349208486492222,0.10934448489324117,1.1233776320146571,0.014033147121416078,0.10934448489324117,5.880067244339848,1.058485997540084,980.0,1000,subject_last,rewrite,subject_last,H9,3f0db3eb24a5798fff8fcd1f646e7ef48a0cc529f2e2147bf885be74775f5379,b5347d49edb7c52c7fe2a97c04622cf75f1571ddec4c73e228323d2e81bbc631,6.451601881489053e-16,True,956fad215ad334cd36f998622c7e052cf2fc78c57f5291a8d544977c180ba99d,956fad215ad334cd36f998622c7e052cf2fc78c57f5291a8d544977c180ba99d,0d4451422a7bac9d32f11b87e2ce23b1edd8feae8c0debc722a3f02b8516256b,5532f18563235ee5da2bbcf9be773b322c9774c26b258ac28e68f4f026f2703a,True,,,,True,True,Llama|zsRE|MEMIT|Native|canonical|50,,,,,,-0.08572028251866375,0.7712369620132804,1.1983719082300728,0.1983719082300726,50,,,,,,,,5.218839628315777e-05,0.014419796684914256,1.0137820153813275,,,,,0.1105914727644656,,,,6.2762264216631225,,,,,,,,True,True
Llama,zsRE,MEMIT,Native,canonical,100,T38,1,,unchanged_original,1000,1000,100,edited_prefix,greedy_target_prefix,0.0069268661356285035,0.2044494611205682,1.0312238379642285,0.0324755074566504,0.20504135517634547,0.0229132445393024,11.33067637449368,0.013001464434366745,85.6178307935988,73.0,49.0,1.0008792611249249,0.05633158168185073,T38,unchanged_original,0.03511129132142148,0.5559006253543958,1.1881765859011844,0.5584659515966316,5.69944185401476,6.766850873727868,0.12279940805261606,27.573719844042913,0.1881955484578217,0.04567441179629149,0.002984332743295619,0.34997880465988046,1.423185720046019,0.07320691538613858,0.34997880465988046,18.817658590118434,1.1872830791248816,998.0,1000,subject_last,rewrite,subject_last,H9,fb5149ac0605a7c6cac688a90da1e98e3c8c45e2c87d81fa1c6a2633ec3a0289,b5347d49edb7c52c7fe2a97c04622cf75f1571ddec4c73e228323d2e81bbc631,6.041257935368483e-16,True,586b28c8d46f0ec702773cbd289448109c75cdf0bff8368af4b549fbb84b8582,586b28c8d46f0ec702773cbd289448109c75cdf0bff8368af4b549fbb84b8582,1a97ab285e6ae41e443688b9444ce2fe377551c905c406c0d23f730d5dfa58bc,6897e846f34c50835c40e470c843f0a3070f82929dfafe075c94c34eca91107b,True,,,,True,True,Llama|zsRE|MEMIT|Native|canonical|100,-0.036311062909126696,0.9505593234087002,1.357753315970189,0.35775331597018883,100.0,-0.036311062909126696,0.9505593234087002,1.357753315970189,0.35775331597018883,100,,,,,,,,0.0003234869699980559,0.050526677895403875,1.064703897136659,,,,,0.20504135517634547,,,,11.33067637449368,,,,,,,,True,True
Llama,zsRE,MEMIT,Native,canonical,150,T38,1,,unchanged_original,1000,1000,150,edited_prefix,greedy_target_prefix,0.026249408472633816,0.3087520047772462,1.0800994099318812,0.0803525027253186,0.3105134842584563,0.047081661687289694,16.28776689773747,0.028956510651976984,76.0087251397704,61.333333333333336,45.333333333333336,1.0016827560339634,0.07520585920459985,T38,unchanged_original,0.10651770077381426,0.8752991902861088,1.4263168495696141,0.8835486148162633,5.69944185401476,8.110476168892399,0.21270932068098689,37.24239619248345,0.4263168495696141,0.1088386910437455,0.015462867477026836,0.846780743726384,2.0752790127510394,0.22849826902465536,0.846780743726384,42.631684956961415,1.4230298995294208,1000.0,1000,subject_last,rewrite,subject_last,H9,374658eca206434942627c255b127f6fec05e62df8207643123db31a01cc90c1,b5347d49edb7c52c7fe2a97c04622cf75f1571ddec4c73e228323d2e81bbc631,7.794536235341904e-16,True,066de9518d2c8885e1e6aed0142738f4bf37e179c1086f9b451448a1e278a38c,066de9518d2c8885e1e6aed0142738f4bf37e179c1086f9b451448a1e278a38c,c4a1db6c74f67575023cc1754f0e9c6d0f63d7253c320c8b84ec8327e2bb97a9,fb4b8fc60eaf98778851a10b1288c57978a0f64bad41235e9de12b40f58ea05e,True,,,,True,True,Llama|zsRE|MEMIT|Native|canonical|150,0.0529852639187144,1.2630720692140716,1.649670826260905,0.6496708262609051,100.0,0.05733397435529973,1.2251529875893408,1.6232925104793898,0.6232925104793895,150,,,,,,,,0.0015932255275961653,0.11854349384391957,1.1726355363167833,,,,,0.3105134842584563,,,,16.28776689773747,,,,,,,,True,True
Llama,zsRE,MEMIT,Native,canonical,200,T38,1,,unchanged_original,1000,1000,200,edited_prefix,greedy_target_prefix,0.08933951250613341,0.6078574213207247,1.2705463068755267,0.2705731237159012,0.6153251777788666,0.126235595741151,27.35393140425039,0.08982047745311618,59.26799929453311,46.0,35.0,1.00366812786758,0.10440765374150707,T38,unchanged_original,0.33395927562092426,1.7358775843380017,2.203381212717988,1.7702090156718628,5.69944185401476,12.479285808457858,0.37692794890161985,51.08602711880495,1.2033812127179877,0.33398815026858314,0.13500612557896,3.2873830233191716,5.09030770013998,0.8029246768208084,3.2873830233191716,120.3381212717988,2.189562790199761,1000.0,1000,subject_last,rewrite,subject_last,H9,2eea3f33bcd1864e432121550e3ba18d8c01e1bbaee27d9fd3f08cbe3de29968,b5347d49edb7c52c7fe2a97c04622cf75f1571ddec4c73e228323d2e81bbc631,6.435016616418469e-16,True,46be46ee6d0910e6ae1009329d7498a80baeee7023442696240a1a731da5b4ad,46be46ee6d0910e6ae1009329d7498a80baeee7023442696240a1a731da5b4ad,4d574e3a60c2d76ab064b9d87cb85eb4a87b3a44360a997dd89a32e489f70ccb,a2a47849e8f8eef37d07f5d0022fac779027b9d106ca7768b32348b24bbe1fc6,True,,,,True,True,Llama|zsRE|MEMIT|Native|canonical|200,0.32089035644158154,2.1830042418185234,2.5575119681469842,1.5575119681469842,100.0,0.31162846597167454,2.0588527954209366,2.4470801130881696,1.4470801130881696,200,,,,,,,,0.013318731104268693,0.47880572279692435,1.6708034789134598,,,,,0.6153251777788666,,,,27.35393140425039,,,,,,,,True,True
Llama,zsRE,MEMIT,SADR,canonical,50,T39,1,,unchanged_original,1000,1000,50,edited_prefix,greedy_target_prefix,-0.0005495587064962494,0.0927757133589347,1.0045626484890486,0.0067822790549767,0.0929386221908903,0.005052270458782973,5.286967610348882,0.00433775771773092,94.61998151557168,76.0,42.0,1.0003526654700245,0.036954584268683574,T39,unchanged_original,0.0017096582634660885,0.25453011994940117,1.0417593358244175,0.255258002078882,5.69944185401476,5.93555436057877,0.036979991356859414,14.073002974223474,0.04200313375871747,0.015485590351015105,0.0007113105577902637,0.08247208435185306,1.0866027114365757,0.004130627084722442,0.08247208435185306,4.175933582441749,1.0414273033415877,973.0,1000,subject_last,rewrite,subject_last,H9,0bc0a6df95405a048f2cc0e0956bd39ff968db60bde6e96d06cf8eb117960b17,b5347d49edb7c52c7fe2a97c04622cf75f1571ddec4c73e228323d2e81bbc631,8.725124793126624e-16,True,097bd831aa1dd3bb17e4720c05555ad1e6be181ad8e5acc0a145a6f55fb2dfb0,097bd831aa1dd3bb17e4720c05555ad1e6be181ad8e5acc0a145a6f55fb2dfb0,db9ca7e5b32f758461de6181255e9b317c1ff152d5c1c5490f6b8ba53d91877d,92f771899f210a116d050ace27650f16a5ade34c6e71e332e8d499f6d1011094,True,,,,True,True,Llama|zsRE|MEMIT|SADR|canonical|50,,,,,,-0.09521873164599155,0.7164993979504947,1.1556123136738221,0.15561231367382208,50,,,,,,,,3.2045203093119296e-05,0.010296881853499907,1.0092298096436005,,,,,0.0929386221908903,,,,5.286967610348882,,,,,,,,True,True
Llama,zsRE,MEMIT,SADR,canonical,100,T39,1,,unchanged_original,1000,1000,100,edited_prefix,greedy_target_prefix,0.003724858869228052,0.1807993187452588,1.0229886716876926,0.0240586857498327,0.18111504326263964,0.018416895474163624,10.108367697567594,0.008936604954271985,88.53566338592259,72.0,46.0,1.0008012434099296,0.05447754626301658,T39,unchanged_original,0.01751322133744108,0.49631688385726647,1.144953063250417,0.4978164907319638,5.69944185401476,6.520275177601132,0.10654178963338705,25.462901437463223,0.14495408505431243,0.03403287249662179,0.0017029788134167471,0.2811584901438463,1.317887911632145,0.036729421488298906,0.2811584901438463,14.495306325041701,1.1440199487267628,999.0,1000,subject_last,rewrite,subject_last,H9,916b738f47eff9d78b6dcac6959870d294ea7286161a8f3d91f202e4e1dc33d7,b5347d49edb7c52c7fe2a97c04622cf75f1571ddec4c73e228323d2e81bbc631,5.829564840491898e-16,True,22e9e27d6ae8af9c12debad3c028b11c21773ef8044acf555a0a04fe8f1644b1,22e9e27d6ae8af9c12debad3c028b11c21773ef8044acf555a0a04fe8f1644b1,afc6ef62bc096a6837cbe99a0a2208262bccbb8928f4ae7eb3c8eb5cfe63e1ed,ade4dabe2e08af4270df13ce744420183864feebb62b6527e8fbc0e84af2e3b3,True,72.0,46.0,added_Llama_SADR_SPHERE,True,True,Llama|zsRE|MEMIT|SADR|canonical|100,-0.06563339734980916,0.888864379839307,1.2929382622854435,0.29293826228544356,100.0,-0.06563339734980916,0.888864379839307,1.2929382622854435,0.29293826228544356,100,,,,,,,,0.0001422972949486044,0.039635958137056934,1.0472279731704617,,,,,0.18111504326263964,,,,10.108367697567594,,,,,,,,True,True
Llama,zsRE,MEMIT,SADR,canonical,150,T39,1,,unchanged_original,1000,1000,150,edited_prefix,greedy_target_prefix,0.021679510520924674,0.2804590560218539,1.066775917185631,0.0669555679222516,0.2817239457276364,0.04019609694690688,14.985550738633432,0.02361458089035323,80.29333551051819,62.0,38.666666666666664,1.0015056461702665,0.07213082967044068,T39,unchanged_original,0.08023317170230801,0.8004758796618553,1.360136832990099,0.8061583012409747,5.69944185401476,7.7347569380806,0.19585186257984355,35.55591097950115,0.36013683299009885,0.08484819223575228,0.009311163318003423,0.7077190858357822,1.8774965925584017,0.1697775067226195,0.7077190858357822,36.01368329900989,1.3571077898850987,1000.0,1000,subject_last,rewrite,subject_last,H9,4d78970377f5a6d5a3c4fbe55cf8fb55d3821cce39055ee0324853097c59a799,b5347d49edb7c52c7fe2a97c04622cf75f1571ddec4c73e228323d2e81bbc631,6.428009574892213e-16,True,d30d0ce426d9062ea4e0cb7336adb4a3e2dfeaa8d82fe1f8f4d51713b52d9000,d30d0ce426d9062ea4e0cb7336adb4a3e2dfeaa8d82fe1f8f4d51713b52d9000,318c0a367b8dae2cf3dd23f0036887cba86292df41abb3f57b9416093ed87454,21fd01253ff592cbe5315e7f782efdbec0f5503403525f00210056ec033718f5,True,49.0,29.0,added_Llama_SADR_SPHERE,True,True,Llama|zsRE|MEMIT|SADR|canonical|150,0.008797341624113119,1.1752971231696563,1.553739081539542,0.5537390815395418,100.0,0.014536895419203983,1.1528373043300149,1.5398900781906066,0.5398900781906064,150,,,,,,,,0.0010331979344215452,0.0977800992164344,1.1421723181927053,,,,,0.2817239457276364,,,,14.985550738633432,,,,,,,,True,True
Llama,zsRE,MEMIT,SADR,canonical,200,T39,1,,unchanged_original,1000,1000,200,edited_prefix,greedy_target_prefix,0.0626038705145734,0.4609676083963759,1.1749834053237382,0.1750017294347459,0.465719102395137,0.0866313151126322,22.309987576725252,0.06277163712463203,71.4118495256557,46.0,28.5,1.00286908351725,0.09494828851415019,T39,unchanged_original,0.2166933642711922,1.3183267280433484,1.8091339730397527,1.337983497945369,5.69944185401476,10.263101118683256,0.31232489401088176,46.02441277945533,0.8091339730397527,0.2168226807494157,0.05610246698773887,1.8868104237919083,3.3762996193220314,0.48948919553012327,1.8868104237919083,80.91339730397526,1.800720383076423,1000.0,1000,subject_last,rewrite,subject_last,H9,9b6af1fe306220451ab538342ee1d4b3b9ca49884ee530499d7f74c75dfc1488,b5347d49edb7c52c7fe2a97c04622cf75f1571ddec4c73e228323d2e81bbc631,6.647018895775152e-16,True,3136d6e9c4d4e1021957deafe567dafaed18e99c9092848213996cc45004a987,3136d6e9c4d4e1021957deafe567dafaed18e99c9092848213996cc45004a987,e98bb8294a155834af5a8a701989812931c78aaa8d46248373a23e4cba62d980,14daf972d9f9d147140f4f2eca5df8f3b7a251a42aba42a0cd69015c70e9ed97,True,20.0,14.0,added_Llama_SADR_SPHERE,True,True,Llama|zsRE|MEMIT|SADR|canonical|200,0.17078799174096188,1.7210684359039754,2.087164829136396,1.087164829136396,100.0,0.1707289589723306,1.650910536703778,2.0287115571406047,1.0287115571406047,200,,,,,,,,0.006332019414907763,0.27323068155395663,1.4047704419980114,,,,,0.465719102395137,,,,22.309987576725252,,,,,,,,True,True
Llama,zsRE,MEMIT,SPHERE,canonical,50,T40,1,,unchanged_original,1000,1000,50,edited_prefix,greedy_target_prefix,-0.001990828450258341,0.0954674602044568,1.0033372432198937,0.0066746609012754,0.09569321648380492,0.005274536428277054,5.448440931972318,0.0051893991809555135,94.7515750070204,76.0,54.0,1.00037592662449,0.035714711005526166,T40,unchanged_original,0.000800480494049741,0.24923261227082397,1.038566220833642,0.24999276021719483,5.69944185401476,5.919015828939268,0.03513080925627876,13.822861206923902,0.038989225517240086,0.015618142338547168,0.0006458079754684304,0.07761779952393959,1.0798645684875074,0.0022467689635679135,0.07761779952393959,3.8566220833641918,1.0385255224193293,952.0,1000,subject_last,rewrite,subject_last,H9,c12c4251f94e0469215521bd9728919a7efe1c049ce5b9bb07064dfa165530af,b5347d49edb7c52c7fe2a97c04622cf75f1571ddec4c73e228323d2e81bbc631,6.43481600832023e-16,True,1a5958ac8ea1deeb253cfb1df6c3849796647d37cd6b967924e5a9c60684b9f3,1a5958ac8ea1deeb253cfb1df6c3849796647d37cd6b967924e5a9c60684b9f3,9e05a121ea1f74806f50dd03a116e61f30b4ac3610b778734fd109724675a372,1d6386e1a9410c51a80de4e29ee19113d417bc5da2a69765a4b4c05ac1b66d31,True,,,,True,True,Llama|zsRE|MEMIT|SPHERE|canonical|50,,,,,,-0.08482239955085323,0.6806308992775587,1.141963466130974,0.14196346613097416,50,,,,,,,,4.442954020579974e-05,0.01071453369717333,1.0067773063368626,,,,,0.09569321648380492,,,,5.448440931972318,,,,,,,,True,True
Llama,zsRE,MEMIT,SPHERE,canonical,100,T40,1,,unchanged_original,1000,1000,100,edited_prefix,greedy_target_prefix,-0.0031138874944715445,0.1703795061946461,1.0136734292050642,0.0174842534335387,0.17084632315025647,0.016296943365302262,9.629143590593511,0.01015758679679166,89.74842503012789,77.0,50.0,1.0007955276237601,0.05152415182243743,T40,unchanged_original,0.003344810267680376,0.44183731473460947,1.1073409596748687,0.4431604111127448,5.69944185401476,6.311220278434307,0.09045910050934808,23.35966912563669,0.10745105748810324,0.028049231838393945,0.0014192011339286491,0.22286139123881885,1.2309702129081084,0.0081088216692894,0.22286139123881885,10.734095967486867,1.1073400589197349,991.0,1000,subject_last,rewrite,subject_last,H9,55ff2a6401c1f459302319a199755050d0e3cac48b1723aac1b1d892bbf1c071,b5347d49edb7c52c7fe2a97c04622cf75f1571ddec4c73e228323d2e81bbc631,6.022896478930282e-16,True,21837235b8b0db471b573395723da65ed181bb85f0e9d7d77a78e7b21eb3ee81,21837235b8b0db471b573395723da65ed181bb85f0e9d7d77a78e7b21eb3ee81,d95281e7e1b7c3f46a351c241ee5ae6a6d7098578e391675ecabcebd3ce4aa94,b97ced352b61f6723b13e2eced1b369651d5c848ba732de5846201ab3fdbe436,True,77.0,50.0,added_Llama_SADR_SPHERE,True,True,Llama|zsRE|MEMIT|SPHERE|canonical|100,-0.07073977172042877,0.804129318689371,1.2314666898169546,0.23146668981695484,100.0,-0.07073977172042877,0.804129318689371,1.2314666898169546,0.23146668981695484,100,,,,,,,,0.000164566883424974,0.034117321366562654,1.0280541132610446,,,,,0.17084632315025647,,,,9.629143590593511,,,,,,,,True,True
Llama,zsRE,MEMIT,SPHERE,canonical,150,T40,1,,unchanged_original,1000,1000,150,edited_prefix,greedy_target_prefix,-0.002655145980869537,0.219360727165067,1.025003976091942,0.0287138582242658,0.22002706592715365,0.026293477104474248,12.257940097538278,0.013980981638879092,84.00264910993961,76.0,52.666666666666664,1.00128554401354,0.0648872811549098,T40,unchanged_original,0.015029938389677134,0.5892399411278536,1.1869063831077626,0.5910876698002707,5.69944185401476,6.760900780879905,0.13900610976472358,29.49870895229262,0.1869514975975509,0.0383857375331159,0.002322690865600409,0.3868342161662293,1.419216783811184,0.03238256764495468,0.3868342161662293,18.690638310776265,1.1862391009599371,997.0,1000,subject_last,rewrite,subject_last,H9,0bef0075f1c70215095d7cc42e5384f70bf87fdff783f94e22761742296f4bef,b5347d49edb7c52c7fe2a97c04622cf75f1571ddec4c73e228323d2e81bbc631,6.3155161144544185e-16,True,89a1a7942dad6f133767fc4387f1784a97dd147b3d1008e1e4292e7a750de5a4,89a1a7942dad6f133767fc4387f1784a97dd147b3d1008e1e4292e7a750de5a4,1674debec23bd9f1d880062efcb97494a9681f43bf34734a799028908ea4694c,7eeab41e3ec728ca692b7bb86b761f1515afab3af031eca9a32c2baae5f86fe5,True,67.0,44.0,added_Llama_SADR_SPHERE,True,True,Llama|zsRE|MEMIT|SPHERE|canonical|150,-0.05510657296518755,0.9175099607925539,1.3203339817341102,0.32033398173411043,100.0,-0.0467263174547736,0.9042493460141592,1.3168544073353592,0.3168544073353592,150,,,,,,,,0.00031122882213375884,0.05695742411918299,1.0519583609795777,,,,,0.22002706592715365,,,,12.257940097538278,,,,,,,,True,True
Llama,zsRE,MEMIT,SPHERE,canonical,200,T40,1,,unchanged_original,1000,1000,200,edited_prefix,greedy_target_prefix,0.003042435550826265,0.2593917941171327,1.041666935730276,0.0437380623385637,0.2602021440244266,0.03564933711810157,14.239105660091166,0.01690910497947252,79.76414945538114,73.5,54.0,1.001822727990515,0.07674108424896288,T40,unchanged_original,0.03684646944079201,0.7195337817890538,1.275985361366382,0.7223829919452973,5.69944185401476,7.261904508703825,0.17967312921665865,33.9600878876109,0.27598536136638196,0.052582109912655536,0.004214619770299814,0.5685933288438421,1.6465008874957259,0.07790755865188381,0.5685933288438421,27.59853613663821,1.2741430993963816,1000.0,1000,subject_last,rewrite,subject_last,H9,18a2d6c43a09fb6fd9889b85e18b5d6011ccbd0c925070727bc45cc18087fdfd,b5347d49edb7c52c7fe2a97c04622cf75f1571ddec4c73e228323d2e81bbc631,5.975052808872364e-16,True,5b096ebe1970081b5ced542ccfecdfad7b9044aa1aecadfdbd08523924081d35,5b096ebe1970081b5ced542ccfecdfad7b9044aa1aecadfdbd08523924081d35,5625783ba290c2025304f8d4044ce58c5fb10b09e8a0c48e2ba37b30d02e8502,5493d738261ebef2d9368c68a03b43b054abdaa797175d2a77f99ed1a4593edc,True,56.0,42.0,added_Llama_SADR_SPHERE,True,True,Llama|zsRE|MEMIT|SPHERE|canonical|200,-0.02911321291240009,1.0211247585566041,1.412816469726918,0.4128164697269183,100.0,-0.012880309919191247,0.9958484533366465,1.4054086097569944,0.40540860975699466,200,,,,,,,,0.0005349505305704728,0.08129048752651256,1.0879103091587357,,,,,0.2602021440244266,,,,14.239105660091166,,,,,,,,True,True
Llama,zsRE,MEMIT,SPHERE,canonical,250,T40,1,,unchanged_original,1000,1000,250,edited_prefix,greedy_target_prefix,0.009524352944704322,0.3038153723637449,1.0612304208781334,0.0619758479404097,0.3048026445181544,0.04648442312516335,16.384836737279876,0.0203653894931222,75.49540741560625,74.8,53.2,1.002462373371455,0.0883663059422905,T40,unchanged_original,0.06422616065149826,0.850596591672777,1.376666564807707,0.8551050598459347,5.69944185401476,7.827153184973772,0.21736539442344366,37.69662537886076,0.3766665648077067,0.07398863148404254,0.008056067879854474,0.7883753678142187,1.9248837569970696,0.13650838918285096,0.7883753678142187,37.6666564807707,1.3733192451924439,1000.0,1000,subject_last,rewrite,subject_last,H9,ceca00dd02e5e62f8996c55898e4bf6814c89dcf6571f2148fff6a7e0601f31a,b5347d49edb7c52c7fe2a97c04622cf75f1571ddec4c73e228323d2e81bbc631,7.136648518043234e-16,True,a3e3f060300e8ed84dd50e5afccf7aceae94ee44840a746bd675565d9f15ce18,a3e3f060300e8ed84dd50e5afccf7aceae94ee44840a746bd675565d9f15ce18,313310f3a1b18480091d4b8effe12c50a97dc1dbc786a0f2c5c6ac4bf1590067,1f957d089c2b226aea7c5512b8f4ef427e8dc1c7f61d8d671e27bd12690083c5,True,50.0,35.0,added_Llama_SADR_SPHERE,True,True,Llama|zsRE|MEMIT|SPHERE|canonical|250,0.0012857043915471564,1.1340184381525644,1.5169997683643777,0.5169997683643777,100.0,0.021156075900576447,1.0959592710468742,1.5016146800648567,0.5016146800648568,250,,,,,,,,0.0008311264288306754,0.11094559564312649,1.1308254279613659,,,,,0.3048026445181544,,,,16.384836737279876,,,,,,,,True,True
Llama,zsRE,MEMIT,SPHERE,canonical,300,T40,1,,unchanged_original,1000,1000,300,edited_prefix,greedy_target_prefix,0.017783491531281434,0.3503888918647069,1.0855745046835363,0.0859991152223904,0.35172268368778226,0.058911177770163435,18.47425577262147,0.02570035007098209,70.96464462697139,73.33333333333333,57.666666666666664,1.0032046991646284,0.10003489635968009,T40,unchanged_original,0.09218182515772103,0.9930355288186766,1.4903525290130346,0.999603249047462,5.69944185401476,8.464210451303055,0.25594447292436573,41.24606470959014,0.4903525290130348,0.09872754363781372,0.013986325761555075,1.068063704963756,2.2664136810407536,0.19834997607699711,1.068063704963756,49.03525290130346,1.4850946229657132,1000.0,1000,subject_last,rewrite,subject_last,H9,c32e4edb835815207df9d46a7e541c1dd231481400f6a81fa1b65a38349a4f4f,b5347d49edb7c52c7fe2a97c04622cf75f1571ddec4c73e228323d2e81bbc631,6.472216454029396e-16,True,da067a3ea444c6da4fe5d674b87bb421269e5de02812c86bac5a6ec6097d635b,da067a3ea444c6da4fe5d674b87bb421269e5de02812c86bac5a6ec6097d635b,d9c413caf3282f2c882eae28cb33f13d9fba19a263821e51e9db6bad7be5eb08,93896a10e47d1df99e6e1d9c28ca0296966453f836542e2a673d75c07d15eaef,True,41.0,32.0,added_Llama_SADR_SPHERE,True,True,Llama|zsRE|MEMIT|SPHERE|canonical|300,0.032691597605584134,1.2609155398246044,1.6346663054733386,0.6346663054733387,100.0,0.05261640760452706,1.209597936850033,1.6078264806391873,0.6078264806391873,300,,,,,,,,0.0013420864891890705,0.14913645825960903,1.1860455278113609,,,,,0.35172268368778226,,,,18.47425577262147,,,,,,,,True,True
Llama,zsRE,MEMIT,SPHERE,canonical,500,T40,1,,unchanged_original,1000,1000,500,edited_prefix,greedy_target_prefix,0.13618962785551533,0.8424948798051547,1.4452115965496213,0.4452461016605454,0.854864571495424,0.18559086775284495,33.807295305074774,0.13704782969901702,46.2691574702446,51.4,45.0,1.0098299218874223,0.1657413561120346,T40,unchanged_original,0.4577607479994609,2.2947178933911654,2.727880344862364,2.343648852020995,5.69944185401476,15.443031891301823,0.453579541609339,56.69994159298505,1.7278803448623639,0.45782877840636466,0.252223229683033,5.603968359127305,7.771713084809259,1.167744725681955,5.603968359127305,172.7880344862364,2.7095691625353724,1000.0,1000,subject_last,rewrite,subject_last,H9,0431c8a038dc698c886b609a93f6921970ce48013e783da202ed9ef7bb3f0f6d,b5347d49edb7c52c7fe2a97c04622cf75f1571ddec4c73e228323d2e81bbc631,6.097497047712587e-16,True,8c633f2ee5a0df6e791c863359f25c1e0a3442bf66a4503d7fe1dfd23df46887,8c633f2ee5a0df6e791c863359f25c1e0a3442bf66a4503d7fe1dfd23df46887,0d462077f06e9cec0912da5d0c3bdca6edbd8d7347f3b23ec07214a8f284f0bd,ac8b438183a763498c64da165cc02f93235c909d66596910e5db400ae7d5e730,True,10.0,14.0,added_Llama_SADR_SPHERE,True,True,Llama|zsRE|MEMIT|SPHERE|canonical|500,0.44113114924347924,2.5617787888201513,2.9448536360651008,1.944853636065101,100.0,0.43279657835521734,2.39656938042402,2.7976370148332754,1.7976370148332756,500,,,,,,,,0.03038075945538748,0.9241317405194744,2.2268917556858927,,,,,0.854864571495424,,,,33.807295305074774,,,,,,,,True,True
