model,dataset,editor,method,order_id,edit_count,row_id,metric,prompt_context,rewrite_cohort,geometry_cases,token_position,geometry_value,locality_percent,source_column,prompt_color,legacy_retained
GPT-2 XL,CounterFact,AlphaEdit,ENCORE,canonical,50,GPT-2 XL|CounterFact|AlphaEdit|ENCORE|canonical|50,mean_q,locality,fixed1000,1000,prompt_last,0.0445306581261441,95.1,locality_mean_q,#4477AA,1
GPT-2 XL,CounterFact,AlphaEdit,ENCORE,canonical,50,GPT-2 XL|CounterFact|AlphaEdit|ENCORE|canonical|50,mean_q,rewrite,fixed1000,1000,subject_last,0.11847399515120267,95.1,rewrite_mean_q,#DD8844,1
GPT-2 XL,CounterFact,AlphaEdit,ENCORE,canonical,50,GPT-2 XL|CounterFact|AlphaEdit|ENCORE|canonical|50,mean_kappa,locality,fixed1000,1000,prompt_last,1.0027129936114585,95.1,locality_mean_kappa,#4477AA,1
GPT-2 XL,CounterFact,AlphaEdit,ENCORE,canonical,50,GPT-2 XL|CounterFact|AlphaEdit|ENCORE|canonical|50,mean_kappa,rewrite,fixed1000,1000,subject_last,1.0084259509151026,95.1,rewrite_mean_kappa,#DD8844,1
GPT-2 XL,CounterFact,AlphaEdit,ENCORE,canonical,50,GPT-2 XL|CounterFact|AlphaEdit|ENCORE|canonical|50,mean_abs_norm_deviation,locality,fixed1000,1000,prompt_last,0.0046132551802212,95.1,locality_mean_abs_norm_deviation,#4477AA,1
GPT-2 XL,CounterFact,AlphaEdit,ENCORE,canonical,50,GPT-2 XL|CounterFact|AlphaEdit|ENCORE|canonical|50,mean_abs_norm_deviation,rewrite,fixed1000,1000,subject_last,0.016491764092772244,95.1,rewrite_mean_abs_norm_deviation,#DD8844,1
GPT-2 XL,CounterFact,AlphaEdit,ENCORE,canonical,100,GPT-2 XL|CounterFact|AlphaEdit|ENCORE|canonical|100,mean_q,locality,fixed1000,1000,prompt_last,0.0663933974304865,91.9,locality_mean_q,#4477AA,1
GPT-2 XL,CounterFact,AlphaEdit,ENCORE,canonical,100,GPT-2 XL|CounterFact|AlphaEdit|ENCORE|canonical|100,mean_q,rewrite,fixed1000,1000,subject_last,0.19065410811402173,91.9,rewrite_mean_q,#DD8844,1
GPT-2 XL,CounterFact,AlphaEdit,ENCORE,canonical,100,GPT-2 XL|CounterFact|AlphaEdit|ENCORE|canonical|100,mean_kappa,locality,fixed1000,1000,prompt_last,1.00570649657014,91.9,locality_mean_kappa,#4477AA,1
GPT-2 XL,CounterFact,AlphaEdit,ENCORE,canonical,100,GPT-2 XL|CounterFact|AlphaEdit|ENCORE|canonical|100,mean_kappa,rewrite,fixed1000,1000,subject_last,1.0171809247032009,91.9,rewrite_mean_kappa,#DD8844,1
GPT-2 XL,CounterFact,AlphaEdit,ENCORE,canonical,100,GPT-2 XL|CounterFact|AlphaEdit|ENCORE|canonical|100,mean_abs_norm_deviation,locality,fixed1000,1000,prompt_last,0.0076788758434813,91.9,locality_mean_abs_norm_deviation,#4477AA,1
GPT-2 XL,CounterFact,AlphaEdit,ENCORE,canonical,100,GPT-2 XL|CounterFact|AlphaEdit|ENCORE|canonical|100,mean_abs_norm_deviation,rewrite,fixed1000,1000,subject_last,0.02864510967502023,91.9,rewrite_mean_abs_norm_deviation,#DD8844,1
GPT-2 XL,CounterFact,AlphaEdit,ENCORE,canonical,150,GPT-2 XL|CounterFact|AlphaEdit|ENCORE|canonical|150,mean_q,locality,fixed1000,1000,prompt_last,0.0891459302592484,88.3,locality_mean_q,#4477AA,1
GPT-2 XL,CounterFact,AlphaEdit,ENCORE,canonical,150,GPT-2 XL|CounterFact|AlphaEdit|ENCORE|canonical|150,mean_q,rewrite,fixed1000,1000,subject_last,0.248031213588348,88.3,rewrite_mean_q,#DD8844,1
GPT-2 XL,CounterFact,AlphaEdit,ENCORE,canonical,150,GPT-2 XL|CounterFact|AlphaEdit|ENCORE|canonical|150,mean_kappa,locality,fixed1000,1000,prompt_last,1.008255952998507,88.3,locality_mean_kappa,#4477AA,1
GPT-2 XL,CounterFact,AlphaEdit,ENCORE,canonical,150,GPT-2 XL|CounterFact|AlphaEdit|ENCORE|canonical|150,mean_kappa,rewrite,fixed1000,1000,subject_last,1.0272209479158405,88.3,rewrite_mean_kappa,#DD8844,1
GPT-2 XL,CounterFact,AlphaEdit,ENCORE,canonical,150,GPT-2 XL|CounterFact|AlphaEdit|ENCORE|canonical|150,mean_abs_norm_deviation,locality,fixed1000,1000,prompt_last,0.0106703327098819,88.3,locality_mean_abs_norm_deviation,#4477AA,1
GPT-2 XL,CounterFact,AlphaEdit,ENCORE,canonical,150,GPT-2 XL|CounterFact|AlphaEdit|ENCORE|canonical|150,mean_abs_norm_deviation,rewrite,fixed1000,1000,subject_last,0.03823706761828874,88.3,rewrite_mean_abs_norm_deviation,#DD8844,1
GPT-2 XL,CounterFact,AlphaEdit,ENCORE,canonical,200,GPT-2 XL|CounterFact|AlphaEdit|ENCORE|canonical|200,mean_q,locality,fixed1000,1000,prompt_last,0.1017645705176921,85.9,locality_mean_q,#4477AA,1
GPT-2 XL,CounterFact,AlphaEdit,ENCORE,canonical,200,GPT-2 XL|CounterFact|AlphaEdit|ENCORE|canonical|200,mean_q,rewrite,fixed1000,1000,subject_last,0.2931696968668553,85.9,rewrite_mean_q,#DD8844,1
GPT-2 XL,CounterFact,AlphaEdit,ENCORE,canonical,200,GPT-2 XL|CounterFact|AlphaEdit|ENCORE|canonical|200,mean_kappa,locality,fixed1000,1000,prompt_last,1.0091012742456364,85.9,locality_mean_kappa,#4477AA,1
GPT-2 XL,CounterFact,AlphaEdit,ENCORE,canonical,200,GPT-2 XL|CounterFact|AlphaEdit|ENCORE|canonical|200,mean_kappa,rewrite,fixed1000,1000,subject_last,1.0366637042966729,85.9,rewrite_mean_kappa,#DD8844,1
GPT-2 XL,CounterFact,AlphaEdit,ENCORE,canonical,200,GPT-2 XL|CounterFact|AlphaEdit|ENCORE|canonical|200,mean_abs_norm_deviation,locality,fixed1000,1000,prompt_last,0.0115086663256666,85.9,locality_mean_abs_norm_deviation,#4477AA,1
GPT-2 XL,CounterFact,AlphaEdit,ENCORE,canonical,200,GPT-2 XL|CounterFact|AlphaEdit|ENCORE|canonical|200,mean_abs_norm_deviation,rewrite,fixed1000,1000,subject_last,0.046852982037246436,85.9,rewrite_mean_abs_norm_deviation,#DD8844,1
GPT-2 XL,CounterFact,AlphaEdit,ENCORE,canonical,250,GPT-2 XL|CounterFact|AlphaEdit|ENCORE|canonical|250,mean_q,locality,fixed1000,1000,prompt_last,0.1173917039337037,82.5,locality_mean_q,#4477AA,1
GPT-2 XL,CounterFact,AlphaEdit,ENCORE,canonical,250,GPT-2 XL|CounterFact|AlphaEdit|ENCORE|canonical|250,mean_q,rewrite,fixed1000,1000,subject_last,0.3345873737705127,82.5,rewrite_mean_q,#DD8844,1
GPT-2 XL,CounterFact,AlphaEdit,ENCORE,canonical,250,GPT-2 XL|CounterFact|AlphaEdit|ENCORE|canonical|250,mean_kappa,locality,fixed1000,1000,prompt_last,1.010856581111545,82.5,locality_mean_kappa,#4477AA,1
GPT-2 XL,CounterFact,AlphaEdit,ENCORE,canonical,250,GPT-2 XL|CounterFact|AlphaEdit|ENCORE|canonical|250,mean_kappa,rewrite,fixed1000,1000,subject_last,1.0463542576085474,82.5,rewrite_mean_kappa,#DD8844,1
GPT-2 XL,CounterFact,AlphaEdit,ENCORE,canonical,250,GPT-2 XL|CounterFact|AlphaEdit|ENCORE|canonical|250,mean_abs_norm_deviation,locality,fixed1000,1000,prompt_last,0.0132316022167635,82.5,locality_mean_abs_norm_deviation,#4477AA,1
GPT-2 XL,CounterFact,AlphaEdit,ENCORE,canonical,250,GPT-2 XL|CounterFact|AlphaEdit|ENCORE|canonical|250,mean_abs_norm_deviation,rewrite,fixed1000,1000,subject_last,0.05525413522742012,82.5,rewrite_mean_abs_norm_deviation,#DD8844,1
GPT-2 XL,CounterFact,AlphaEdit,ENCORE,canonical,300,GPT-2 XL|CounterFact|AlphaEdit|ENCORE|canonical|300,mean_q,locality,fixed1000,1000,prompt_last,0.1319067619392236,79.5,locality_mean_q,#4477AA,1
GPT-2 XL,CounterFact,AlphaEdit,ENCORE,canonical,300,GPT-2 XL|CounterFact|AlphaEdit|ENCORE|canonical|300,mean_q,rewrite,fixed1000,1000,subject_last,0.373896118799645,79.5,rewrite_mean_q,#DD8844,1
GPT-2 XL,CounterFact,AlphaEdit,ENCORE,canonical,300,GPT-2 XL|CounterFact|AlphaEdit|ENCORE|canonical|300,mean_kappa,locality,fixed1000,1000,prompt_last,1.0122543313839678,79.5,locality_mean_kappa,#4477AA,1
GPT-2 XL,CounterFact,AlphaEdit,ENCORE,canonical,300,GPT-2 XL|CounterFact|AlphaEdit|ENCORE|canonical|300,mean_kappa,rewrite,fixed1000,1000,subject_last,1.0559886074729006,79.5,rewrite_mean_kappa,#DD8844,1
GPT-2 XL,CounterFact,AlphaEdit,ENCORE,canonical,300,GPT-2 XL|CounterFact|AlphaEdit|ENCORE|canonical|300,mean_abs_norm_deviation,locality,fixed1000,1000,prompt_last,0.0150610553919526,79.5,locality_mean_abs_norm_deviation,#4477AA,1
GPT-2 XL,CounterFact,AlphaEdit,ENCORE,canonical,300,GPT-2 XL|CounterFact|AlphaEdit|ENCORE|canonical|300,mean_abs_norm_deviation,rewrite,fixed1000,1000,subject_last,0.06348244462744317,79.5,rewrite_mean_abs_norm_deviation,#DD8844,1
GPT-2 XL,CounterFact,AlphaEdit,ENCORE,canonical,500,GPT-2 XL|CounterFact|AlphaEdit|ENCORE|canonical|500,mean_q,locality,fixed1000,1000,prompt_last,0.1665853445379601,71.39999999999999,locality_mean_q,#4477AA,1
GPT-2 XL,CounterFact,AlphaEdit,ENCORE,canonical,500,GPT-2 XL|CounterFact|AlphaEdit|ENCORE|canonical|500,mean_q,rewrite,fixed1000,1000,subject_last,0.48939077663504105,71.39999999999999,rewrite_mean_q,#DD8844,1
GPT-2 XL,CounterFact,AlphaEdit,ENCORE,canonical,500,GPT-2 XL|CounterFact|AlphaEdit|ENCORE|canonical|500,mean_kappa,locality,fixed1000,1000,prompt_last,1.014600797731678,71.39999999999999,locality_mean_kappa,#4477AA,1
GPT-2 XL,CounterFact,AlphaEdit,ENCORE,canonical,500,GPT-2 XL|CounterFact|AlphaEdit|ENCORE|canonical|500,mean_kappa,rewrite,fixed1000,1000,subject_last,1.091560794033776,71.39999999999999,rewrite_mean_kappa,#DD8844,1
GPT-2 XL,CounterFact,AlphaEdit,ENCORE,canonical,500,GPT-2 XL|CounterFact|AlphaEdit|ENCORE|canonical|500,mean_abs_norm_deviation,locality,fixed1000,1000,prompt_last,0.0186772559648417,71.39999999999999,locality_mean_abs_norm_deviation,#4477AA,1
GPT-2 XL,CounterFact,AlphaEdit,ENCORE,canonical,500,GPT-2 XL|CounterFact|AlphaEdit|ENCORE|canonical|500,mean_abs_norm_deviation,rewrite,fixed1000,1000,subject_last,0.09479667110854649,71.39999999999999,rewrite_mean_abs_norm_deviation,#DD8844,1
GPT-2 XL,CounterFact,AlphaEdit,ENCORE,canonical,750,GPT-2 XL|CounterFact|AlphaEdit|ENCORE|canonical|750,mean_q,locality,fixed1000,1000,prompt_last,0.1969362774489527,65.8,locality_mean_q,#4477AA,1
GPT-2 XL,CounterFact,AlphaEdit,ENCORE,canonical,750,GPT-2 XL|CounterFact|AlphaEdit|ENCORE|canonical|750,mean_q,rewrite,fixed1000,1000,subject_last,0.5937461204065314,65.8,rewrite_mean_q,#DD8844,1
GPT-2 XL,CounterFact,AlphaEdit,ENCORE,canonical,750,GPT-2 XL|CounterFact|AlphaEdit|ENCORE|canonical|750,mean_kappa,locality,fixed1000,1000,prompt_last,1.019042716979268,65.8,locality_mean_kappa,#4477AA,1
GPT-2 XL,CounterFact,AlphaEdit,ENCORE,canonical,750,GPT-2 XL|CounterFact|AlphaEdit|ENCORE|canonical|750,mean_kappa,rewrite,fixed1000,1000,subject_last,1.129376072715273,65.8,rewrite_mean_kappa,#DD8844,1
GPT-2 XL,CounterFact,AlphaEdit,ENCORE,canonical,750,GPT-2 XL|CounterFact|AlphaEdit|ENCORE|canonical|750,mean_abs_norm_deviation,locality,fixed1000,1000,prompt_last,0.0230457087613635,65.8,locality_mean_abs_norm_deviation,#4477AA,1
GPT-2 XL,CounterFact,AlphaEdit,ENCORE,canonical,750,GPT-2 XL|CounterFact|AlphaEdit|ENCORE|canonical|750,mean_abs_norm_deviation,rewrite,fixed1000,1000,subject_last,0.13043313131700485,65.8,rewrite_mean_abs_norm_deviation,#DD8844,1
GPT-2 XL,CounterFact,AlphaEdit,ENCORE,canonical,1000,GPT-2 XL|CounterFact|AlphaEdit|ENCORE|canonical|1000,mean_q,locality,fixed1000,1000,prompt_last,0.2218735956912278,61.0,locality_mean_q,#4477AA,1
GPT-2 XL,CounterFact,AlphaEdit,ENCORE,canonical,1000,GPT-2 XL|CounterFact|AlphaEdit|ENCORE|canonical|1000,mean_q,rewrite,fixed1000,1000,subject_last,0.6779922717674658,61.0,rewrite_mean_q,#DD8844,1
GPT-2 XL,CounterFact,AlphaEdit,ENCORE,canonical,1000,GPT-2 XL|CounterFact|AlphaEdit|ENCORE|canonical|1000,mean_kappa,locality,fixed1000,1000,prompt_last,1.0230998166485654,61.0,locality_mean_kappa,#4477AA,1
GPT-2 XL,CounterFact,AlphaEdit,ENCORE,canonical,1000,GPT-2 XL|CounterFact|AlphaEdit|ENCORE|canonical|1000,mean_kappa,rewrite,fixed1000,1000,subject_last,1.1647386435898162,61.0,rewrite_mean_kappa,#DD8844,1
GPT-2 XL,CounterFact,AlphaEdit,ENCORE,canonical,1000,GPT-2 XL|CounterFact|AlphaEdit|ENCORE|canonical|1000,mean_abs_norm_deviation,locality,fixed1000,1000,prompt_last,0.0268772926330662,61.0,locality_mean_abs_norm_deviation,#4477AA,1
GPT-2 XL,CounterFact,AlphaEdit,ENCORE,canonical,1000,GPT-2 XL|CounterFact|AlphaEdit|ENCORE|canonical|1000,mean_abs_norm_deviation,rewrite,fixed1000,1000,subject_last,0.16473906562293164,61.0,rewrite_mean_abs_norm_deviation,#DD8844,1
GPT-2 XL,CounterFact,AlphaEdit,NAS,canonical,50,GPT-2 XL|CounterFact|AlphaEdit|NAS|canonical|50,mean_q,locality,fixed1000,1000,prompt_last,0.0458476182740632,95.19999999999999,locality_mean_q,#4477AA,1
GPT-2 XL,CounterFact,AlphaEdit,NAS,canonical,50,GPT-2 XL|CounterFact|AlphaEdit|NAS|canonical|50,mean_q,rewrite,fixed1000,1000,subject_last,0.12447474561661828,95.19999999999999,rewrite_mean_q,#DD8844,1
GPT-2 XL,CounterFact,AlphaEdit,NAS,canonical,50,GPT-2 XL|CounterFact|AlphaEdit|NAS|canonical|50,mean_kappa,locality,fixed1000,1000,prompt_last,1.002817507887304,95.19999999999999,locality_mean_kappa,#4477AA,1
GPT-2 XL,CounterFact,AlphaEdit,NAS,canonical,50,GPT-2 XL|CounterFact|AlphaEdit|NAS|canonical|50,mean_kappa,rewrite,fixed1000,1000,subject_last,1.0089967358090803,95.19999999999999,rewrite_mean_kappa,#DD8844,1
GPT-2 XL,CounterFact,AlphaEdit,NAS,canonical,50,GPT-2 XL|CounterFact|AlphaEdit|NAS|canonical|50,mean_abs_norm_deviation,locality,fixed1000,1000,prompt_last,0.0047290570789215,95.19999999999999,locality_mean_abs_norm_deviation,#4477AA,1
GPT-2 XL,CounterFact,AlphaEdit,NAS,canonical,50,GPT-2 XL|CounterFact|AlphaEdit|NAS|canonical|50,mean_abs_norm_deviation,rewrite,fixed1000,1000,subject_last,0.017744970380792327,95.19999999999999,rewrite_mean_abs_norm_deviation,#DD8844,1
GPT-2 XL,CounterFact,AlphaEdit,NAS,canonical,100,GPT-2 XL|CounterFact|AlphaEdit|NAS|canonical|100,mean_q,locality,fixed1000,1000,prompt_last,0.0705726295650461,91.4,locality_mean_q,#4477AA,1
GPT-2 XL,CounterFact,AlphaEdit,NAS,canonical,100,GPT-2 XL|CounterFact|AlphaEdit|NAS|canonical|100,mean_q,rewrite,fixed1000,1000,subject_last,0.20748919830976256,91.4,rewrite_mean_q,#DD8844,1
GPT-2 XL,CounterFact,AlphaEdit,NAS,canonical,100,GPT-2 XL|CounterFact|AlphaEdit|NAS|canonical|100,mean_kappa,locality,fixed1000,1000,prompt_last,1.0059749449587363,91.4,locality_mean_kappa,#4477AA,1
GPT-2 XL,CounterFact,AlphaEdit,NAS,canonical,100,GPT-2 XL|CounterFact|AlphaEdit|NAS|canonical|100,mean_kappa,rewrite,fixed1000,1000,subject_last,1.0207742534405015,91.4,rewrite_mean_kappa,#DD8844,1
GPT-2 XL,CounterFact,AlphaEdit,NAS,canonical,100,GPT-2 XL|CounterFact|AlphaEdit|NAS|canonical|100,mean_abs_norm_deviation,locality,fixed1000,1000,prompt_last,0.0083588059524261,91.4,locality_mean_abs_norm_deviation,#4477AA,1
GPT-2 XL,CounterFact,AlphaEdit,NAS,canonical,100,GPT-2 XL|CounterFact|AlphaEdit|NAS|canonical|100,mean_abs_norm_deviation,rewrite,fixed1000,1000,subject_last,0.032827417136258766,91.4,rewrite_mean_abs_norm_deviation,#DD8844,1
GPT-2 XL,CounterFact,AlphaEdit,NAS,canonical,150,GPT-2 XL|CounterFact|AlphaEdit|NAS|canonical|150,mean_q,locality,fixed1000,1000,prompt_last,0.095656631647562,86.9,locality_mean_q,#4477AA,1
GPT-2 XL,CounterFact,AlphaEdit,NAS,canonical,150,GPT-2 XL|CounterFact|AlphaEdit|NAS|canonical|150,mean_q,rewrite,fixed1000,1000,subject_last,0.27500100831466323,86.9,rewrite_mean_q,#DD8844,1
GPT-2 XL,CounterFact,AlphaEdit,NAS,canonical,150,GPT-2 XL|CounterFact|AlphaEdit|NAS|canonical|150,mean_kappa,locality,fixed1000,1000,prompt_last,1.0094793670949112,86.9,locality_mean_kappa,#4477AA,1
GPT-2 XL,CounterFact,AlphaEdit,NAS,canonical,150,GPT-2 XL|CounterFact|AlphaEdit|NAS|canonical|150,mean_kappa,rewrite,fixed1000,1000,subject_last,1.034519203753119,86.9,rewrite_mean_kappa,#DD8844,1
GPT-2 XL,CounterFact,AlphaEdit,NAS,canonical,150,GPT-2 XL|CounterFact|AlphaEdit|NAS|canonical|150,mean_abs_norm_deviation,locality,fixed1000,1000,prompt_last,0.0122888847397069,86.9,locality_mean_abs_norm_deviation,#4477AA,1
GPT-2 XL,CounterFact,AlphaEdit,NAS,canonical,150,GPT-2 XL|CounterFact|AlphaEdit|NAS|canonical|150,mean_abs_norm_deviation,rewrite,fixed1000,1000,subject_last,0.04575858879840047,86.9,rewrite_mean_abs_norm_deviation,#DD8844,1
GPT-2 XL,CounterFact,AlphaEdit,NAS,canonical,200,GPT-2 XL|CounterFact|AlphaEdit|NAS|canonical|200,mean_q,locality,fixed1000,1000,prompt_last,0.1124232272051841,81.8,locality_mean_q,#4477AA,1
GPT-2 XL,CounterFact,AlphaEdit,NAS,canonical,200,GPT-2 XL|CounterFact|AlphaEdit|NAS|canonical|200,mean_q,rewrite,fixed1000,1000,subject_last,0.33283507200196844,81.8,rewrite_mean_q,#DD8844,1
GPT-2 XL,CounterFact,AlphaEdit,NAS,canonical,200,GPT-2 XL|CounterFact|AlphaEdit|NAS|canonical|200,mean_kappa,locality,fixed1000,1000,prompt_last,1.0102790924478038,81.8,locality_mean_kappa,#4477AA,1
GPT-2 XL,CounterFact,AlphaEdit,NAS,canonical,200,GPT-2 XL|CounterFact|AlphaEdit|NAS|canonical|200,mean_kappa,rewrite,fixed1000,1000,subject_last,1.048788839368824,81.8,rewrite_mean_kappa,#DD8844,1
GPT-2 XL,CounterFact,AlphaEdit,NAS,canonical,200,GPT-2 XL|CounterFact|AlphaEdit|NAS|canonical|200,mean_abs_norm_deviation,locality,fixed1000,1000,prompt_last,0.0133615222446661,81.8,locality_mean_abs_norm_deviation,#4477AA,1
GPT-2 XL,CounterFact,AlphaEdit,NAS,canonical,200,GPT-2 XL|CounterFact|AlphaEdit|NAS|canonical|200,mean_abs_norm_deviation,rewrite,fixed1000,1000,subject_last,0.058693315490499456,81.8,rewrite_mean_abs_norm_deviation,#DD8844,1
GPT-2 XL,CounterFact,AlphaEdit,NAS,canonical,250,GPT-2 XL|CounterFact|AlphaEdit|NAS|canonical|250,mean_q,locality,fixed1000,1000,prompt_last,0.1299899720097302,76.1,locality_mean_q,#4477AA,1
GPT-2 XL,CounterFact,AlphaEdit,NAS,canonical,250,GPT-2 XL|CounterFact|AlphaEdit|NAS|canonical|250,mean_q,rewrite,fixed1000,1000,subject_last,0.3849300053754695,76.1,rewrite_mean_q,#DD8844,1
GPT-2 XL,CounterFact,AlphaEdit,NAS,canonical,250,GPT-2 XL|CounterFact|AlphaEdit|NAS|canonical|250,mean_kappa,locality,fixed1000,1000,prompt_last,1.0131290996887663,76.1,locality_mean_kappa,#4477AA,1
GPT-2 XL,CounterFact,AlphaEdit,NAS,canonical,250,GPT-2 XL|CounterFact|AlphaEdit|NAS|canonical|250,mean_kappa,rewrite,fixed1000,1000,subject_last,1.0633310046343798,76.1,rewrite_mean_kappa,#DD8844,1
GPT-2 XL,CounterFact,AlphaEdit,NAS,canonical,250,GPT-2 XL|CounterFact|AlphaEdit|NAS|canonical|250,mean_abs_norm_deviation,locality,fixed1000,1000,prompt_last,0.015739079269008,76.1,locality_mean_abs_norm_deviation,#4477AA,1
GPT-2 XL,CounterFact,AlphaEdit,NAS,canonical,250,GPT-2 XL|CounterFact|AlphaEdit|NAS|canonical|250,mean_abs_norm_deviation,rewrite,fixed1000,1000,subject_last,0.07146541931435568,76.1,rewrite_mean_abs_norm_deviation,#DD8844,1
GPT-2 XL,CounterFact,AlphaEdit,NAS,canonical,300,GPT-2 XL|CounterFact|AlphaEdit|NAS|canonical|300,mean_q,locality,fixed1000,1000,prompt_last,0.1489376942601604,70.39999999999999,locality_mean_q,#4477AA,1
GPT-2 XL,CounterFact,AlphaEdit,NAS,canonical,300,GPT-2 XL|CounterFact|AlphaEdit|NAS|canonical|300,mean_q,rewrite,fixed1000,1000,subject_last,0.43420505157489264,70.39999999999999,rewrite_mean_q,#DD8844,1
GPT-2 XL,CounterFact,AlphaEdit,NAS,canonical,300,GPT-2 XL|CounterFact|AlphaEdit|NAS|canonical|300,mean_kappa,locality,fixed1000,1000,prompt_last,1.01603879218321,70.39999999999999,locality_mean_kappa,#4477AA,1
GPT-2 XL,CounterFact,AlphaEdit,NAS,canonical,300,GPT-2 XL|CounterFact|AlphaEdit|NAS|canonical|300,mean_kappa,rewrite,fixed1000,1000,subject_last,1.0776934319882474,70.39999999999999,rewrite_mean_kappa,#DD8844,1
GPT-2 XL,CounterFact,AlphaEdit,NAS,canonical,300,GPT-2 XL|CounterFact|AlphaEdit|NAS|canonical|300,mean_abs_norm_deviation,locality,fixed1000,1000,prompt_last,0.0187892228403822,70.39999999999999,locality_mean_abs_norm_deviation,#4477AA,1
GPT-2 XL,CounterFact,AlphaEdit,NAS,canonical,300,GPT-2 XL|CounterFact|AlphaEdit|NAS|canonical|300,mean_abs_norm_deviation,rewrite,fixed1000,1000,subject_last,0.0844368474046163,70.39999999999999,rewrite_mean_abs_norm_deviation,#DD8844,1
GPT-2 XL,CounterFact,AlphaEdit,NAS,canonical,500,GPT-2 XL|CounterFact|AlphaEdit|NAS|canonical|500,mean_q,locality,fixed1000,1000,prompt_last,0.1939997142365811,60.0,locality_mean_q,#4477AA,1
GPT-2 XL,CounterFact,AlphaEdit,NAS,canonical,500,GPT-2 XL|CounterFact|AlphaEdit|NAS|canonical|500,mean_q,rewrite,fixed1000,1000,subject_last,0.5879565121996861,60.0,rewrite_mean_q,#DD8844,1
GPT-2 XL,CounterFact,AlphaEdit,NAS,canonical,500,GPT-2 XL|CounterFact|AlphaEdit|NAS|canonical|500,mean_kappa,locality,fixed1000,1000,prompt_last,1.0204796445271411,60.0,locality_mean_kappa,#4477AA,1
GPT-2 XL,CounterFact,AlphaEdit,NAS,canonical,500,GPT-2 XL|CounterFact|AlphaEdit|NAS|canonical|500,mean_kappa,rewrite,fixed1000,1000,subject_last,1.1355543759787345,60.0,rewrite_mean_kappa,#DD8844,1
GPT-2 XL,CounterFact,AlphaEdit,NAS,canonical,500,GPT-2 XL|CounterFact|AlphaEdit|NAS|canonical|500,mean_abs_norm_deviation,locality,fixed1000,1000,prompt_last,0.0247030657259333,60.0,locality_mean_abs_norm_deviation,#4477AA,1
GPT-2 XL,CounterFact,AlphaEdit,NAS,canonical,500,GPT-2 XL|CounterFact|AlphaEdit|NAS|canonical|500,mean_abs_norm_deviation,rewrite,fixed1000,1000,subject_last,0.13828523720424107,60.0,rewrite_mean_abs_norm_deviation,#DD8844,1
GPT-2 XL,CounterFact,AlphaEdit,NAS,canonical,750,GPT-2 XL|CounterFact|AlphaEdit|NAS|canonical|750,mean_q,locality,fixed1000,1000,prompt_last,0.2371729297058221,52.5,locality_mean_q,#4477AA,1
GPT-2 XL,CounterFact,AlphaEdit,NAS,canonical,750,GPT-2 XL|CounterFact|AlphaEdit|NAS|canonical|750,mean_q,rewrite,fixed1000,1000,subject_last,0.7343883487503394,52.5,rewrite_mean_q,#DD8844,1
GPT-2 XL,CounterFact,AlphaEdit,NAS,canonical,750,GPT-2 XL|CounterFact|AlphaEdit|NAS|canonical|750,mean_kappa,locality,fixed1000,1000,prompt_last,1.0286261661295537,52.5,locality_mean_kappa,#4477AA,1
GPT-2 XL,CounterFact,AlphaEdit,NAS,canonical,750,GPT-2 XL|CounterFact|AlphaEdit|NAS|canonical|750,mean_kappa,rewrite,fixed1000,1000,subject_last,1.204100107051004,52.5,rewrite_mean_kappa,#DD8844,1
GPT-2 XL,CounterFact,AlphaEdit,NAS,canonical,750,GPT-2 XL|CounterFact|AlphaEdit|NAS|canonical|750,mean_abs_norm_deviation,locality,fixed1000,1000,prompt_last,0.0314871412492026,52.5,locality_mean_abs_norm_deviation,#4477AA,1
GPT-2 XL,CounterFact,AlphaEdit,NAS,canonical,750,GPT-2 XL|CounterFact|AlphaEdit|NAS|canonical|750,mean_abs_norm_deviation,rewrite,fixed1000,1000,subject_last,0.20470416971815641,52.5,rewrite_mean_abs_norm_deviation,#DD8844,1
GPT-2 XL,CounterFact,AlphaEdit,NAS,canonical,1000,GPT-2 XL|CounterFact|AlphaEdit|NAS|canonical|1000,mean_q,locality,fixed1000,1000,prompt_last,0.269744416934448,47.9,locality_mean_q,#4477AA,1
GPT-2 XL,CounterFact,AlphaEdit,NAS,canonical,1000,GPT-2 XL|CounterFact|AlphaEdit|NAS|canonical|1000,mean_q,rewrite,fixed1000,1000,subject_last,0.849399149676966,47.9,rewrite_mean_q,#DD8844,1
GPT-2 XL,CounterFact,AlphaEdit,NAS,canonical,1000,GPT-2 XL|CounterFact|AlphaEdit|NAS|canonical|1000,mean_kappa,locality,fixed1000,1000,prompt_last,1.0351833335789855,47.9,locality_mean_kappa,#4477AA,1
GPT-2 XL,CounterFact,AlphaEdit,NAS,canonical,1000,GPT-2 XL|CounterFact|AlphaEdit|NAS|canonical|1000,mean_kappa,rewrite,fixed1000,1000,subject_last,1.264022145741651,47.9,rewrite_mean_kappa,#DD8844,1
GPT-2 XL,CounterFact,AlphaEdit,NAS,canonical,1000,GPT-2 XL|CounterFact|AlphaEdit|NAS|canonical|1000,mean_abs_norm_deviation,locality,fixed1000,1000,prompt_last,0.0373280914897007,47.9,locality_mean_abs_norm_deviation,#4477AA,1
GPT-2 XL,CounterFact,AlphaEdit,NAS,canonical,1000,GPT-2 XL|CounterFact|AlphaEdit|NAS|canonical|1000,mean_abs_norm_deviation,rewrite,fixed1000,1000,subject_last,0.2640248928047846,47.9,rewrite_mean_abs_norm_deviation,#DD8844,1
GPT-2 XL,CounterFact,AlphaEdit,Native,canonical,50,GPT-2 XL|CounterFact|AlphaEdit|Native|canonical|50,mean_q,locality,fixed1000,1000,prompt_last,0.0474846708447322,94.69999999999999,locality_mean_q,#4477AA,1
GPT-2 XL,CounterFact,AlphaEdit,Native,canonical,50,GPT-2 XL|CounterFact|AlphaEdit|Native|canonical|50,mean_q,rewrite,fixed1000,1000,subject_last,0.12596903603133294,94.69999999999999,rewrite_mean_q,#DD8844,1
GPT-2 XL,CounterFact,AlphaEdit,Native,canonical,50,GPT-2 XL|CounterFact|AlphaEdit|Native|canonical|50,mean_kappa,locality,fixed1000,1000,prompt_last,1.0028974890679856,94.69999999999999,locality_mean_kappa,#4477AA,1
GPT-2 XL,CounterFact,AlphaEdit,Native,canonical,50,GPT-2 XL|CounterFact|AlphaEdit|Native|canonical|50,mean_kappa,rewrite,fixed1000,1000,subject_last,1.0094024127102077,94.69999999999999,rewrite_mean_kappa,#DD8844,1
GPT-2 XL,CounterFact,AlphaEdit,Native,canonical,50,GPT-2 XL|CounterFact|AlphaEdit|Native|canonical|50,mean_abs_norm_deviation,locality,fixed1000,1000,prompt_last,0.0049109146045896,94.69999999999999,locality_mean_abs_norm_deviation,#4477AA,1
GPT-2 XL,CounterFact,AlphaEdit,Native,canonical,50,GPT-2 XL|CounterFact|AlphaEdit|Native|canonical|50,mean_abs_norm_deviation,rewrite,fixed1000,1000,subject_last,0.017931352763988283,94.69999999999999,rewrite_mean_abs_norm_deviation,#DD8844,1
GPT-2 XL,CounterFact,AlphaEdit,Native,canonical,100,GPT-2 XL|CounterFact|AlphaEdit|Native|canonical|100,mean_q,locality,fixed1000,1000,prompt_last,0.0722946930801521,90.8,locality_mean_q,#4477AA,1
GPT-2 XL,CounterFact,AlphaEdit,Native,canonical,100,GPT-2 XL|CounterFact|AlphaEdit|Native|canonical|100,mean_q,rewrite,fixed1000,1000,subject_last,0.2088926269555479,90.8,rewrite_mean_q,#DD8844,1
GPT-2 XL,CounterFact,AlphaEdit,Native,canonical,100,GPT-2 XL|CounterFact|AlphaEdit|Native|canonical|100,mean_kappa,locality,fixed1000,1000,prompt_last,1.006172450692958,90.8,locality_mean_kappa,#4477AA,1
GPT-2 XL,CounterFact,AlphaEdit,Native,canonical,100,GPT-2 XL|CounterFact|AlphaEdit|Native|canonical|100,mean_kappa,rewrite,fixed1000,1000,subject_last,1.0212219116488204,90.8,rewrite_mean_kappa,#DD8844,1
GPT-2 XL,CounterFact,AlphaEdit,Native,canonical,100,GPT-2 XL|CounterFact|AlphaEdit|Native|canonical|100,mean_abs_norm_deviation,locality,fixed1000,1000,prompt_last,0.0087188493061679,90.8,locality_mean_abs_norm_deviation,#4477AA,1
GPT-2 XL,CounterFact,AlphaEdit,Native,canonical,100,GPT-2 XL|CounterFact|AlphaEdit|Native|canonical|100,mean_abs_norm_deviation,rewrite,fixed1000,1000,subject_last,0.032924547102777854,90.8,rewrite_mean_abs_norm_deviation,#DD8844,1
GPT-2 XL,CounterFact,AlphaEdit,Native,canonical,150,GPT-2 XL|CounterFact|AlphaEdit|Native|canonical|150,mean_q,locality,fixed1000,1000,prompt_last,0.1005309540482725,86.9,locality_mean_q,#4477AA,1
GPT-2 XL,CounterFact,AlphaEdit,Native,canonical,150,GPT-2 XL|CounterFact|AlphaEdit|Native|canonical|150,mean_q,rewrite,fixed1000,1000,subject_last,0.2770431869616373,86.9,rewrite_mean_q,#DD8844,1
GPT-2 XL,CounterFact,AlphaEdit,Native,canonical,150,GPT-2 XL|CounterFact|AlphaEdit|Native|canonical|150,mean_kappa,locality,fixed1000,1000,prompt_last,1.0089808880249924,86.9,locality_mean_kappa,#4477AA,1
GPT-2 XL,CounterFact,AlphaEdit,Native,canonical,150,GPT-2 XL|CounterFact|AlphaEdit|Native|canonical|150,mean_kappa,rewrite,fixed1000,1000,subject_last,1.0348754674600793,86.9,rewrite_mean_kappa,#DD8844,1
GPT-2 XL,CounterFact,AlphaEdit,Native,canonical,150,GPT-2 XL|CounterFact|AlphaEdit|Native|canonical|150,mean_abs_norm_deviation,locality,fixed1000,1000,prompt_last,0.0118304880952711,86.9,locality_mean_abs_norm_deviation,#4477AA,1
GPT-2 XL,CounterFact,AlphaEdit,Native,canonical,150,GPT-2 XL|CounterFact|AlphaEdit|Native|canonical|150,mean_abs_norm_deviation,rewrite,fixed1000,1000,subject_last,0.04546355106127315,86.9,rewrite_mean_abs_norm_deviation,#DD8844,1
GPT-2 XL,CounterFact,AlphaEdit,Native,canonical,200,GPT-2 XL|CounterFact|AlphaEdit|Native|canonical|200,mean_q,locality,fixed1000,1000,prompt_last,0.1157744022538229,81.89999999999999,locality_mean_q,#4477AA,1
GPT-2 XL,CounterFact,AlphaEdit,Native,canonical,200,GPT-2 XL|CounterFact|AlphaEdit|Native|canonical|200,mean_q,rewrite,fixed1000,1000,subject_last,0.3313863195020739,81.89999999999999,rewrite_mean_q,#DD8844,1
GPT-2 XL,CounterFact,AlphaEdit,Native,canonical,200,GPT-2 XL|CounterFact|AlphaEdit|Native|canonical|200,mean_kappa,locality,fixed1000,1000,prompt_last,1.009879259947088,81.89999999999999,locality_mean_kappa,#4477AA,1
GPT-2 XL,CounterFact,AlphaEdit,Native,canonical,200,GPT-2 XL|CounterFact|AlphaEdit|Native|canonical|200,mean_kappa,rewrite,fixed1000,1000,subject_last,1.0483374048431167,81.89999999999999,rewrite_mean_kappa,#DD8844,1
GPT-2 XL,CounterFact,AlphaEdit,Native,canonical,200,GPT-2 XL|CounterFact|AlphaEdit|Native|canonical|200,mean_abs_norm_deviation,locality,fixed1000,1000,prompt_last,0.0133157121213778,81.89999999999999,locality_mean_abs_norm_deviation,#4477AA,1
GPT-2 XL,CounterFact,AlphaEdit,Native,canonical,200,GPT-2 XL|CounterFact|AlphaEdit|Native|canonical|200,mean_abs_norm_deviation,rewrite,fixed1000,1000,subject_last,0.057776689723254004,81.89999999999999,rewrite_mean_abs_norm_deviation,#DD8844,1
GPT-2 XL,CounterFact,AlphaEdit,Native,canonical,250,GPT-2 XL|CounterFact|AlphaEdit|Native|canonical|250,mean_q,locality,fixed1000,1000,prompt_last,0.133773363551827,74.5,locality_mean_q,#4477AA,1
GPT-2 XL,CounterFact,AlphaEdit,Native,canonical,250,GPT-2 XL|CounterFact|AlphaEdit|Native|canonical|250,mean_q,rewrite,fixed1000,1000,subject_last,0.3818997545644875,74.5,rewrite_mean_q,#DD8844,1
GPT-2 XL,CounterFact,AlphaEdit,Native,canonical,250,GPT-2 XL|CounterFact|AlphaEdit|Native|canonical|250,mean_kappa,locality,fixed1000,1000,prompt_last,1.0129809091948014,74.5,locality_mean_kappa,#4477AA,1
GPT-2 XL,CounterFact,AlphaEdit,Native,canonical,250,GPT-2 XL|CounterFact|AlphaEdit|Native|canonical|250,mean_kappa,rewrite,fixed1000,1000,subject_last,1.0624849763210753,74.5,rewrite_mean_kappa,#DD8844,1
GPT-2 XL,CounterFact,AlphaEdit,Native,canonical,250,GPT-2 XL|CounterFact|AlphaEdit|Native|canonical|250,mean_abs_norm_deviation,locality,fixed1000,1000,prompt_last,0.0159403513172637,74.5,locality_mean_abs_norm_deviation,#4477AA,1
GPT-2 XL,CounterFact,AlphaEdit,Native,canonical,250,GPT-2 XL|CounterFact|AlphaEdit|Native|canonical|250,mean_abs_norm_deviation,rewrite,fixed1000,1000,subject_last,0.07033501607354987,74.5,rewrite_mean_abs_norm_deviation,#DD8844,1
GPT-2 XL,CounterFact,AlphaEdit,Native,canonical,300,GPT-2 XL|CounterFact|AlphaEdit|Native|canonical|300,mean_q,locality,fixed1000,1000,prompt_last,0.1549613538357203,67.9,locality_mean_q,#4477AA,1
GPT-2 XL,CounterFact,AlphaEdit,Native,canonical,300,GPT-2 XL|CounterFact|AlphaEdit|Native|canonical|300,mean_q,rewrite,fixed1000,1000,subject_last,0.4329082308563582,67.9,rewrite_mean_q,#DD8844,1
GPT-2 XL,CounterFact,AlphaEdit,Native,canonical,300,GPT-2 XL|CounterFact|AlphaEdit|Native|canonical|300,mean_kappa,locality,fixed1000,1000,prompt_last,1.0158489509543394,67.9,locality_mean_kappa,#4477AA,1
GPT-2 XL,CounterFact,AlphaEdit,Native,canonical,300,GPT-2 XL|CounterFact|AlphaEdit|Native|canonical|300,mean_kappa,rewrite,fixed1000,1000,subject_last,1.0777752100481377,67.9,rewrite_mean_kappa,#DD8844,1
GPT-2 XL,CounterFact,AlphaEdit,Native,canonical,300,GPT-2 XL|CounterFact|AlphaEdit|Native|canonical|300,mean_abs_norm_deviation,locality,fixed1000,1000,prompt_last,0.0190027464448553,67.9,locality_mean_abs_norm_deviation,#4477AA,1
GPT-2 XL,CounterFact,AlphaEdit,Native,canonical,300,GPT-2 XL|CounterFact|AlphaEdit|Native|canonical|300,mean_abs_norm_deviation,rewrite,fixed1000,1000,subject_last,0.08373885169964575,67.9,rewrite_mean_abs_norm_deviation,#DD8844,1
GPT-2 XL,CounterFact,AlphaEdit,Native,canonical,500,GPT-2 XL|CounterFact|AlphaEdit|Native|canonical|500,mean_q,locality,fixed1000,1000,prompt_last,0.2073123301173257,59.0,locality_mean_q,#4477AA,1
GPT-2 XL,CounterFact,AlphaEdit,Native,canonical,500,GPT-2 XL|CounterFact|AlphaEdit|Native|canonical|500,mean_q,rewrite,fixed1000,1000,subject_last,0.5855222552170648,59.0,rewrite_mean_q,#DD8844,1
GPT-2 XL,CounterFact,AlphaEdit,Native,canonical,500,GPT-2 XL|CounterFact|AlphaEdit|Native|canonical|500,mean_kappa,locality,fixed1000,1000,prompt_last,1.0235458412783875,59.0,locality_mean_kappa,#4477AA,1
GPT-2 XL,CounterFact,AlphaEdit,Native,canonical,500,GPT-2 XL|CounterFact|AlphaEdit|Native|canonical|500,mean_kappa,rewrite,fixed1000,1000,subject_last,1.134665152636536,59.0,rewrite_mean_kappa,#DD8844,1
GPT-2 XL,CounterFact,AlphaEdit,Native,canonical,500,GPT-2 XL|CounterFact|AlphaEdit|Native|canonical|500,mean_abs_norm_deviation,locality,fixed1000,1000,prompt_last,0.0265434379954881,59.0,locality_mean_abs_norm_deviation,#4477AA,1
GPT-2 XL,CounterFact,AlphaEdit,Native,canonical,500,GPT-2 XL|CounterFact|AlphaEdit|Native|canonical|500,mean_abs_norm_deviation,rewrite,fixed1000,1000,subject_last,0.13698546799041378,59.0,rewrite_mean_abs_norm_deviation,#DD8844,1
GPT-2 XL,CounterFact,AlphaEdit,Native,canonical,750,GPT-2 XL|CounterFact|AlphaEdit|Native|canonical|750,mean_q,locality,fixed1000,1000,prompt_last,0.2551194279444406,54.0,locality_mean_q,#4477AA,1
GPT-2 XL,CounterFact,AlphaEdit,Native,canonical,750,GPT-2 XL|CounterFact|AlphaEdit|Native|canonical|750,mean_q,rewrite,fixed1000,1000,subject_last,0.7353727890486481,54.0,rewrite_mean_q,#DD8844,1
GPT-2 XL,CounterFact,AlphaEdit,Native,canonical,750,GPT-2 XL|CounterFact|AlphaEdit|Native|canonical|750,mean_kappa,locality,fixed1000,1000,prompt_last,1.034440402207411,54.0,locality_mean_kappa,#4477AA,1
GPT-2 XL,CounterFact,AlphaEdit,Native,canonical,750,GPT-2 XL|CounterFact|AlphaEdit|Native|canonical|750,mean_kappa,rewrite,fixed1000,1000,subject_last,1.2021497093348879,54.0,rewrite_mean_kappa,#DD8844,1
GPT-2 XL,CounterFact,AlphaEdit,Native,canonical,750,GPT-2 XL|CounterFact|AlphaEdit|Native|canonical|750,mean_abs_norm_deviation,locality,fixed1000,1000,prompt_last,0.0369106864308776,54.0,locality_mean_abs_norm_deviation,#4477AA,1
GPT-2 XL,CounterFact,AlphaEdit,Native,canonical,750,GPT-2 XL|CounterFact|AlphaEdit|Native|canonical|750,mean_abs_norm_deviation,rewrite,fixed1000,1000,subject_last,0.2027615803605358,54.0,rewrite_mean_abs_norm_deviation,#DD8844,1
GPT-2 XL,CounterFact,AlphaEdit,Native,canonical,1000,GPT-2 XL|CounterFact|AlphaEdit|Native|canonical|1000,mean_q,locality,fixed1000,1000,prompt_last,0.2952083292988204,48.3,locality_mean_q,#4477AA,1
GPT-2 XL,CounterFact,AlphaEdit,Native,canonical,1000,GPT-2 XL|CounterFact|AlphaEdit|Native|canonical|1000,mean_q,rewrite,fixed1000,1000,subject_last,0.8526534247413078,48.3,rewrite_mean_q,#DD8844,1
GPT-2 XL,CounterFact,AlphaEdit,Native,canonical,1000,GPT-2 XL|CounterFact|AlphaEdit|Native|canonical|1000,mean_kappa,locality,fixed1000,1000,prompt_last,1.0436988244810363,48.3,locality_mean_kappa,#4477AA,1
GPT-2 XL,CounterFact,AlphaEdit,Native,canonical,1000,GPT-2 XL|CounterFact|AlphaEdit|Native|canonical|1000,mean_kappa,rewrite,fixed1000,1000,subject_last,1.2614724911238788,48.3,rewrite_mean_kappa,#DD8844,1
GPT-2 XL,CounterFact,AlphaEdit,Native,canonical,1000,GPT-2 XL|CounterFact|AlphaEdit|Native|canonical|1000,mean_abs_norm_deviation,locality,fixed1000,1000,prompt_last,0.045750660131557,48.3,locality_mean_abs_norm_deviation,#4477AA,1
GPT-2 XL,CounterFact,AlphaEdit,Native,canonical,1000,GPT-2 XL|CounterFact|AlphaEdit|Native|canonical|1000,mean_abs_norm_deviation,rewrite,fixed1000,1000,subject_last,0.26147282838175084,48.3,rewrite_mean_abs_norm_deviation,#DD8844,1
GPT-2 XL,CounterFact,AlphaEdit,SADR,canonical,50,GPT-2 XL|CounterFact|AlphaEdit|SADR|canonical|50,mean_q,locality,fixed1000,1000,prompt_last,0.0404554024368815,95.89999999999999,locality_mean_q,#4477AA,1
GPT-2 XL,CounterFact,AlphaEdit,SADR,canonical,50,GPT-2 XL|CounterFact|AlphaEdit|SADR|canonical|50,mean_q,rewrite,fixed1000,1000,subject_last,0.12159527158561557,95.89999999999999,rewrite_mean_q,#DD8844,1
GPT-2 XL,CounterFact,AlphaEdit,SADR,canonical,50,GPT-2 XL|CounterFact|AlphaEdit|SADR|canonical|50,mean_kappa,locality,fixed1000,1000,prompt_last,1.0014531701504237,95.89999999999999,locality_mean_kappa,#4477AA,1
GPT-2 XL,CounterFact,AlphaEdit,SADR,canonical,50,GPT-2 XL|CounterFact|AlphaEdit|SADR|canonical|50,mean_kappa,rewrite,fixed1000,1000,subject_last,1.0121544287540936,95.89999999999999,rewrite_mean_kappa,#DD8844,1
GPT-2 XL,CounterFact,AlphaEdit,SADR,canonical,50,GPT-2 XL|CounterFact|AlphaEdit|SADR|canonical|50,mean_abs_norm_deviation,locality,fixed1000,1000,prompt_last,0.0030885696033858,95.89999999999999,locality_mean_abs_norm_deviation,#4477AA,1
GPT-2 XL,CounterFact,AlphaEdit,SADR,canonical,50,GPT-2 XL|CounterFact|AlphaEdit|SADR|canonical|50,mean_abs_norm_deviation,rewrite,fixed1000,1000,subject_last,0.016659075579354442,95.89999999999999,rewrite_mean_abs_norm_deviation,#DD8844,1
GPT-2 XL,CounterFact,AlphaEdit,SADR,canonical,100,GPT-2 XL|CounterFact|AlphaEdit|SADR|canonical|100,mean_q,locality,fixed1000,1000,prompt_last,0.0574589762087054,92.60000000000001,locality_mean_q,#4477AA,1
GPT-2 XL,CounterFact,AlphaEdit,SADR,canonical,100,GPT-2 XL|CounterFact|AlphaEdit|SADR|canonical|100,mean_q,rewrite,fixed1000,1000,subject_last,0.19894137651114552,92.60000000000001,rewrite_mean_q,#DD8844,1
GPT-2 XL,CounterFact,AlphaEdit,SADR,canonical,100,GPT-2 XL|CounterFact|AlphaEdit|SADR|canonical|100,mean_kappa,locality,fixed1000,1000,prompt_last,1.0029678494972665,92.60000000000001,locality_mean_kappa,#4477AA,1
GPT-2 XL,CounterFact,AlphaEdit,SADR,canonical,100,GPT-2 XL|CounterFact|AlphaEdit|SADR|canonical|100,mean_kappa,rewrite,fixed1000,1000,subject_last,1.0256047424964432,92.60000000000001,rewrite_mean_kappa,#DD8844,1
GPT-2 XL,CounterFact,AlphaEdit,SADR,canonical,100,GPT-2 XL|CounterFact|AlphaEdit|SADR|canonical|100,mean_abs_norm_deviation,locality,fixed1000,1000,prompt_last,0.005099431429967,92.60000000000001,locality_mean_abs_norm_deviation,#4477AA,1
GPT-2 XL,CounterFact,AlphaEdit,SADR,canonical,100,GPT-2 XL|CounterFact|AlphaEdit|SADR|canonical|100,mean_abs_norm_deviation,rewrite,fixed1000,1000,subject_last,0.0314747143199245,92.60000000000001,rewrite_mean_abs_norm_deviation,#DD8844,1
GPT-2 XL,CounterFact,AlphaEdit,SADR,canonical,150,GPT-2 XL|CounterFact|AlphaEdit|SADR|canonical|150,mean_q,locality,fixed1000,1000,prompt_last,0.0797595851269209,89.3,locality_mean_q,#4477AA,1
GPT-2 XL,CounterFact,AlphaEdit,SADR,canonical,150,GPT-2 XL|CounterFact|AlphaEdit|SADR|canonical|150,mean_q,rewrite,fixed1000,1000,subject_last,0.26678081601555254,89.3,rewrite_mean_q,#DD8844,1
GPT-2 XL,CounterFact,AlphaEdit,SADR,canonical,150,GPT-2 XL|CounterFact|AlphaEdit|SADR|canonical|150,mean_kappa,locality,fixed1000,1000,prompt_last,1.0046520705213713,89.3,locality_mean_kappa,#4477AA,1
GPT-2 XL,CounterFact,AlphaEdit,SADR,canonical,150,GPT-2 XL|CounterFact|AlphaEdit|SADR|canonical|150,mean_kappa,rewrite,fixed1000,1000,subject_last,1.0403500242124697,89.3,rewrite_mean_kappa,#DD8844,1
GPT-2 XL,CounterFact,AlphaEdit,SADR,canonical,150,GPT-2 XL|CounterFact|AlphaEdit|SADR|canonical|150,mean_abs_norm_deviation,locality,fixed1000,1000,prompt_last,0.0070050902685541,89.3,locality_mean_abs_norm_deviation,#4477AA,1
GPT-2 XL,CounterFact,AlphaEdit,SADR,canonical,150,GPT-2 XL|CounterFact|AlphaEdit|SADR|canonical|150,mean_abs_norm_deviation,rewrite,fixed1000,1000,subject_last,0.04566385011053605,89.3,rewrite_mean_abs_norm_deviation,#DD8844,1
GPT-2 XL,CounterFact,AlphaEdit,SADR,canonical,200,GPT-2 XL|CounterFact|AlphaEdit|SADR|canonical|200,mean_q,locality,fixed1000,1000,prompt_last,0.0906122487103677,86.0,locality_mean_q,#4477AA,1
GPT-2 XL,CounterFact,AlphaEdit,SADR,canonical,200,GPT-2 XL|CounterFact|AlphaEdit|SADR|canonical|200,mean_q,rewrite,fixed1000,1000,subject_last,0.3204001691265251,86.0,rewrite_mean_q,#DD8844,1
GPT-2 XL,CounterFact,AlphaEdit,SADR,canonical,200,GPT-2 XL|CounterFact|AlphaEdit|SADR|canonical|200,mean_kappa,locality,fixed1000,1000,prompt_last,1.005962506330479,86.0,locality_mean_kappa,#4477AA,1
GPT-2 XL,CounterFact,AlphaEdit,SADR,canonical,200,GPT-2 XL|CounterFact|AlphaEdit|SADR|canonical|200,mean_kappa,rewrite,fixed1000,1000,subject_last,1.0547358814494627,86.0,rewrite_mean_kappa,#DD8844,1
GPT-2 XL,CounterFact,AlphaEdit,SADR,canonical,200,GPT-2 XL|CounterFact|AlphaEdit|SADR|canonical|200,mean_abs_norm_deviation,locality,fixed1000,1000,prompt_last,0.0083043472377053,86.0,locality_mean_abs_norm_deviation,#4477AA,1
GPT-2 XL,CounterFact,AlphaEdit,SADR,canonical,200,GPT-2 XL|CounterFact|AlphaEdit|SADR|canonical|200,mean_abs_norm_deviation,rewrite,fixed1000,1000,subject_last,0.05917434743020014,86.0,rewrite_mean_abs_norm_deviation,#DD8844,1
GPT-2 XL,CounterFact,AlphaEdit,SADR,canonical,250,GPT-2 XL|CounterFact|AlphaEdit|SADR|canonical|250,mean_q,locality,fixed1000,1000,prompt_last,0.1022900962586747,81.6,locality_mean_q,#4477AA,1
GPT-2 XL,CounterFact,AlphaEdit,SADR,canonical,250,GPT-2 XL|CounterFact|AlphaEdit|SADR|canonical|250,mean_q,rewrite,fixed1000,1000,subject_last,0.37148995156794595,81.6,rewrite_mean_q,#DD8844,1
GPT-2 XL,CounterFact,AlphaEdit,SADR,canonical,250,GPT-2 XL|CounterFact|AlphaEdit|SADR|canonical|250,mean_kappa,locality,fixed1000,1000,prompt_last,1.0077935772879072,81.6,locality_mean_kappa,#4477AA,1
GPT-2 XL,CounterFact,AlphaEdit,SADR,canonical,250,GPT-2 XL|CounterFact|AlphaEdit|SADR|canonical|250,mean_kappa,rewrite,fixed1000,1000,subject_last,1.0699717990589133,81.6,rewrite_mean_kappa,#DD8844,1
GPT-2 XL,CounterFact,AlphaEdit,SADR,canonical,250,GPT-2 XL|CounterFact|AlphaEdit|SADR|canonical|250,mean_abs_norm_deviation,locality,fixed1000,1000,prompt_last,0.0098148129046586,81.6,locality_mean_abs_norm_deviation,#4477AA,1
GPT-2 XL,CounterFact,AlphaEdit,SADR,canonical,250,GPT-2 XL|CounterFact|AlphaEdit|SADR|canonical|250,mean_abs_norm_deviation,rewrite,fixed1000,1000,subject_last,0.07349574041335094,81.6,rewrite_mean_abs_norm_deviation,#DD8844,1
GPT-2 XL,CounterFact,AlphaEdit,SADR,canonical,300,GPT-2 XL|CounterFact|AlphaEdit|SADR|canonical|300,mean_q,locality,fixed1000,1000,prompt_last,0.1176468037313005,77.4,locality_mean_q,#4477AA,1
GPT-2 XL,CounterFact,AlphaEdit,SADR,canonical,300,GPT-2 XL|CounterFact|AlphaEdit|SADR|canonical|300,mean_q,rewrite,fixed1000,1000,subject_last,0.4237968545989623,77.4,rewrite_mean_q,#DD8844,1
GPT-2 XL,CounterFact,AlphaEdit,SADR,canonical,300,GPT-2 XL|CounterFact|AlphaEdit|SADR|canonical|300,mean_kappa,locality,fixed1000,1000,prompt_last,1.010683249969635,77.4,locality_mean_kappa,#4477AA,1
GPT-2 XL,CounterFact,AlphaEdit,SADR,canonical,300,GPT-2 XL|CounterFact|AlphaEdit|SADR|canonical|300,mean_kappa,rewrite,fixed1000,1000,subject_last,1.0862617126981187,77.4,rewrite_mean_kappa,#DD8844,1
GPT-2 XL,CounterFact,AlphaEdit,SADR,canonical,300,GPT-2 XL|CounterFact|AlphaEdit|SADR|canonical|300,mean_abs_norm_deviation,locality,fixed1000,1000,prompt_last,0.0121718815513009,77.4,locality_mean_abs_norm_deviation,#4477AA,1
GPT-2 XL,CounterFact,AlphaEdit,SADR,canonical,300,GPT-2 XL|CounterFact|AlphaEdit|SADR|canonical|300,mean_abs_norm_deviation,rewrite,fixed1000,1000,subject_last,0.0888705566635696,77.4,rewrite_mean_abs_norm_deviation,#DD8844,1
GPT-2 XL,CounterFact,AlphaEdit,SADR,canonical,500,GPT-2 XL|CounterFact|AlphaEdit|SADR|canonical|500,mean_q,locality,fixed1000,1000,prompt_last,0.150390141511766,66.8,locality_mean_q,#4477AA,1
GPT-2 XL,CounterFact,AlphaEdit,SADR,canonical,500,GPT-2 XL|CounterFact|AlphaEdit|SADR|canonical|500,mean_q,rewrite,fixed1000,1000,subject_last,0.581651066787416,66.8,rewrite_mean_q,#DD8844,1
GPT-2 XL,CounterFact,AlphaEdit,SADR,canonical,500,GPT-2 XL|CounterFact|AlphaEdit|SADR|canonical|500,mean_kappa,locality,fixed1000,1000,prompt_last,1.0137150995005106,66.8,locality_mean_kappa,#4477AA,1
GPT-2 XL,CounterFact,AlphaEdit,SADR,canonical,500,GPT-2 XL|CounterFact|AlphaEdit|SADR|canonical|500,mean_kappa,rewrite,fixed1000,1000,subject_last,1.1474694892194712,66.8,rewrite_mean_kappa,#DD8844,1
GPT-2 XL,CounterFact,AlphaEdit,SADR,canonical,500,GPT-2 XL|CounterFact|AlphaEdit|SADR|canonical|500,mean_abs_norm_deviation,locality,fixed1000,1000,prompt_last,0.0155445892468739,66.8,locality_mean_abs_norm_deviation,#4477AA,1
GPT-2 XL,CounterFact,AlphaEdit,SADR,canonical,500,GPT-2 XL|CounterFact|AlphaEdit|SADR|canonical|500,mean_abs_norm_deviation,rewrite,fixed1000,1000,subject_last,0.14865803831342173,66.8,rewrite_mean_abs_norm_deviation,#DD8844,1
GPT-2 XL,CounterFact,AlphaEdit,SADR,canonical,750,GPT-2 XL|CounterFact|AlphaEdit|SADR|canonical|750,mean_q,locality,fixed1000,1000,prompt_last,0.1883008633255203,59.5,locality_mean_q,#4477AA,1
GPT-2 XL,CounterFact,AlphaEdit,SADR,canonical,750,GPT-2 XL|CounterFact|AlphaEdit|SADR|canonical|750,mean_q,rewrite,fixed1000,1000,subject_last,0.7450518543064663,59.5,rewrite_mean_q,#DD8844,1
GPT-2 XL,CounterFact,AlphaEdit,SADR,canonical,750,GPT-2 XL|CounterFact|AlphaEdit|SADR|canonical|750,mean_kappa,locality,fixed1000,1000,prompt_last,1.0199884794581509,59.5,locality_mean_kappa,#4477AA,1
GPT-2 XL,CounterFact,AlphaEdit,SADR,canonical,750,GPT-2 XL|CounterFact|AlphaEdit|SADR|canonical|750,mean_kappa,rewrite,fixed1000,1000,subject_last,1.2243186456739366,59.5,rewrite_mean_kappa,#DD8844,1
GPT-2 XL,CounterFact,AlphaEdit,SADR,canonical,750,GPT-2 XL|CounterFact|AlphaEdit|SADR|canonical|750,mean_abs_norm_deviation,locality,fixed1000,1000,prompt_last,0.0218059971136232,59.5,locality_mean_abs_norm_deviation,#4477AA,1
GPT-2 XL,CounterFact,AlphaEdit,SADR,canonical,750,GPT-2 XL|CounterFact|AlphaEdit|SADR|canonical|750,mean_abs_norm_deviation,rewrite,fixed1000,1000,subject_last,0.22461807511714205,59.5,rewrite_mean_abs_norm_deviation,#DD8844,1
GPT-2 XL,CounterFact,AlphaEdit,SADR,canonical,1000,GPT-2 XL|CounterFact|AlphaEdit|SADR|canonical|1000,mean_q,locality,fixed1000,1000,prompt_last,0.2184527994145153,53.6,locality_mean_q,#4477AA,1
GPT-2 XL,CounterFact,AlphaEdit,SADR,canonical,1000,GPT-2 XL|CounterFact|AlphaEdit|SADR|canonical|1000,mean_q,rewrite,fixed1000,1000,subject_last,0.8760114111615501,53.6,rewrite_mean_q,#DD8844,1
GPT-2 XL,CounterFact,AlphaEdit,SADR,canonical,1000,GPT-2 XL|CounterFact|AlphaEdit|SADR|canonical|1000,mean_kappa,locality,fixed1000,1000,prompt_last,1.0250469755811364,53.6,locality_mean_kappa,#4477AA,1
GPT-2 XL,CounterFact,AlphaEdit,SADR,canonical,1000,GPT-2 XL|CounterFact|AlphaEdit|SADR|canonical|1000,mean_kappa,rewrite,fixed1000,1000,subject_last,1.2927847115570998,53.6,rewrite_mean_kappa,#DD8844,1
GPT-2 XL,CounterFact,AlphaEdit,SADR,canonical,1000,GPT-2 XL|CounterFact|AlphaEdit|SADR|canonical|1000,mean_abs_norm_deviation,locality,fixed1000,1000,prompt_last,0.0264966708750745,53.6,locality_mean_abs_norm_deviation,#4477AA,1
GPT-2 XL,CounterFact,AlphaEdit,SADR,canonical,1000,GPT-2 XL|CounterFact|AlphaEdit|SADR|canonical|1000,mean_abs_norm_deviation,rewrite,fixed1000,1000,subject_last,0.292785007340049,53.6,rewrite_mean_abs_norm_deviation,#DD8844,1
GPT-2 XL,CounterFact,AlphaEdit,SPHERE,canonical,50,GPT-2 XL|CounterFact|AlphaEdit|SPHERE|canonical|50,mean_q,locality,fixed1000,1000,prompt_last,0.040561468895354044,96.7,locality_mean_q,#4477AA,1
GPT-2 XL,CounterFact,AlphaEdit,SPHERE,canonical,50,GPT-2 XL|CounterFact|AlphaEdit|SPHERE|canonical|50,mean_q,rewrite,fixed1000,1000,subject_last,0.11249036406056687,96.7,rewrite_mean_q,#DD8844,1
GPT-2 XL,CounterFact,AlphaEdit,SPHERE,canonical,50,GPT-2 XL|CounterFact|AlphaEdit|SPHERE|canonical|50,mean_kappa,locality,fixed1000,1000,prompt_last,1.0021068010460616,96.7,locality_mean_kappa,#4477AA,1
GPT-2 XL,CounterFact,AlphaEdit,SPHERE,canonical,50,GPT-2 XL|CounterFact|AlphaEdit|SPHERE|canonical|50,mean_kappa,rewrite,fixed1000,1000,subject_last,1.006779280269326,96.7,rewrite_mean_kappa,#DD8844,1
GPT-2 XL,CounterFact,AlphaEdit,SPHERE,canonical,50,GPT-2 XL|CounterFact|AlphaEdit|SPHERE|canonical|50,mean_abs_norm_deviation,locality,fixed1000,1000,prompt_last,0.003561490472359078,96.7,locality_mean_abs_norm_deviation,#4477AA,1
GPT-2 XL,CounterFact,AlphaEdit,SPHERE,canonical,50,GPT-2 XL|CounterFact|AlphaEdit|SPHERE|canonical|50,mean_abs_norm_deviation,rewrite,fixed1000,1000,subject_last,0.013652642392825418,96.7,rewrite_mean_abs_norm_deviation,#DD8844,1
GPT-2 XL,CounterFact,AlphaEdit,SPHERE,canonical,100,GPT-2 XL|CounterFact|AlphaEdit|SPHERE|canonical|100,mean_q,locality,fixed1000,1000,prompt_last,0.059054348174560005,93.8,locality_mean_q,#4477AA,1
GPT-2 XL,CounterFact,AlphaEdit,SPHERE,canonical,100,GPT-2 XL|CounterFact|AlphaEdit|SPHERE|canonical|100,mean_q,rewrite,fixed1000,1000,subject_last,0.18245243922147839,93.8,rewrite_mean_q,#DD8844,1
GPT-2 XL,CounterFact,AlphaEdit,SPHERE,canonical,100,GPT-2 XL|CounterFact|AlphaEdit|SPHERE|canonical|100,mean_kappa,locality,fixed1000,1000,prompt_last,1.004692027406439,93.8,locality_mean_kappa,#4477AA,1
GPT-2 XL,CounterFact,AlphaEdit,SPHERE,canonical,100,GPT-2 XL|CounterFact|AlphaEdit|SPHERE|canonical|100,mean_kappa,rewrite,fixed1000,1000,subject_last,1.015371256542168,93.8,rewrite_mean_kappa,#DD8844,1
GPT-2 XL,CounterFact,AlphaEdit,SPHERE,canonical,100,GPT-2 XL|CounterFact|AlphaEdit|SPHERE|canonical|100,mean_abs_norm_deviation,locality,fixed1000,1000,prompt_last,0.00629269695928011,93.8,locality_mean_abs_norm_deviation,#4477AA,1
GPT-2 XL,CounterFact,AlphaEdit,SPHERE,canonical,100,GPT-2 XL|CounterFact|AlphaEdit|SPHERE|canonical|100,mean_abs_norm_deviation,rewrite,fixed1000,1000,subject_last,0.02466957646427994,93.8,rewrite_mean_abs_norm_deviation,#DD8844,1
GPT-2 XL,CounterFact,AlphaEdit,SPHERE,canonical,150,GPT-2 XL|CounterFact|AlphaEdit|SPHERE|canonical|150,mean_q,locality,fixed1000,1000,prompt_last,0.08354205560256174,91.10000000000001,locality_mean_q,#4477AA,1
GPT-2 XL,CounterFact,AlphaEdit,SPHERE,canonical,150,GPT-2 XL|CounterFact|AlphaEdit|SPHERE|canonical|150,mean_q,rewrite,fixed1000,1000,subject_last,0.2445057110130014,91.10000000000001,rewrite_mean_q,#DD8844,1
GPT-2 XL,CounterFact,AlphaEdit,SPHERE,canonical,150,GPT-2 XL|CounterFact|AlphaEdit|SPHERE|canonical|150,mean_kappa,locality,fixed1000,1000,prompt_last,1.007717165788061,91.10000000000001,locality_mean_kappa,#4477AA,1
GPT-2 XL,CounterFact,AlphaEdit,SPHERE,canonical,150,GPT-2 XL|CounterFact|AlphaEdit|SPHERE|canonical|150,mean_kappa,rewrite,fixed1000,1000,subject_last,1.0258394502279211,91.10000000000001,rewrite_mean_kappa,#DD8844,1
GPT-2 XL,CounterFact,AlphaEdit,SPHERE,canonical,150,GPT-2 XL|CounterFact|AlphaEdit|SPHERE|canonical|150,mean_abs_norm_deviation,locality,fixed1000,1000,prompt_last,0.00949001195094291,91.10000000000001,locality_mean_abs_norm_deviation,#4477AA,1
GPT-2 XL,CounterFact,AlphaEdit,SPHERE,canonical,150,GPT-2 XL|CounterFact|AlphaEdit|SPHERE|canonical|150,mean_abs_norm_deviation,rewrite,fixed1000,1000,subject_last,0.03429704943296862,91.10000000000001,rewrite_mean_abs_norm_deviation,#DD8844,1
GPT-2 XL,CounterFact,AlphaEdit,SPHERE,canonical,200,GPT-2 XL|CounterFact|AlphaEdit|SPHERE|canonical|200,mean_q,locality,fixed1000,1000,prompt_last,0.09637149589137725,87.7,locality_mean_q,#4477AA,1
GPT-2 XL,CounterFact,AlphaEdit,SPHERE,canonical,200,GPT-2 XL|CounterFact|AlphaEdit|SPHERE|canonical|200,mean_q,rewrite,fixed1000,1000,subject_last,0.29438970917136703,87.7,rewrite_mean_q,#DD8844,1
GPT-2 XL,CounterFact,AlphaEdit,SPHERE,canonical,200,GPT-2 XL|CounterFact|AlphaEdit|SPHERE|canonical|200,mean_kappa,locality,fixed1000,1000,prompt_last,1.0093476589789532,87.7,locality_mean_kappa,#4477AA,1
GPT-2 XL,CounterFact,AlphaEdit,SPHERE,canonical,200,GPT-2 XL|CounterFact|AlphaEdit|SPHERE|canonical|200,mean_kappa,rewrite,fixed1000,1000,subject_last,1.036585403355392,87.7,rewrite_mean_kappa,#DD8844,1
GPT-2 XL,CounterFact,AlphaEdit,SPHERE,canonical,200,GPT-2 XL|CounterFact|AlphaEdit|SPHERE|canonical|200,mean_abs_norm_deviation,locality,fixed1000,1000,prompt_last,0.011291942733658918,87.7,locality_mean_abs_norm_deviation,#4477AA,1
GPT-2 XL,CounterFact,AlphaEdit,SPHERE,canonical,200,GPT-2 XL|CounterFact|AlphaEdit|SPHERE|canonical|200,mean_abs_norm_deviation,rewrite,fixed1000,1000,subject_last,0.044233165613841885,87.7,rewrite_mean_abs_norm_deviation,#DD8844,1
GPT-2 XL,CounterFact,AlphaEdit,SPHERE,canonical,250,GPT-2 XL|CounterFact|AlphaEdit|SPHERE|canonical|250,mean_q,locality,fixed1000,1000,prompt_last,0.11175406313588655,81.8,locality_mean_q,#4477AA,1
GPT-2 XL,CounterFact,AlphaEdit,SPHERE,canonical,250,GPT-2 XL|CounterFact|AlphaEdit|SPHERE|canonical|250,mean_q,rewrite,fixed1000,1000,subject_last,0.3414148425254182,81.8,rewrite_mean_q,#DD8844,1
GPT-2 XL,CounterFact,AlphaEdit,SPHERE,canonical,250,GPT-2 XL|CounterFact|AlphaEdit|SPHERE|canonical|250,mean_kappa,locality,fixed1000,1000,prompt_last,1.0121108849250562,81.8,locality_mean_kappa,#4477AA,1
GPT-2 XL,CounterFact,AlphaEdit,SPHERE,canonical,250,GPT-2 XL|CounterFact|AlphaEdit|SPHERE|canonical|250,mean_kappa,rewrite,fixed1000,1000,subject_last,1.0484728841751234,81.8,rewrite_mean_kappa,#DD8844,1
GPT-2 XL,CounterFact,AlphaEdit,SPHERE,canonical,250,GPT-2 XL|CounterFact|AlphaEdit|SPHERE|canonical|250,mean_abs_norm_deviation,locality,fixed1000,1000,prompt_last,0.013840654587065598,81.8,locality_mean_abs_norm_deviation,#4477AA,1
GPT-2 XL,CounterFact,AlphaEdit,SPHERE,canonical,250,GPT-2 XL|CounterFact|AlphaEdit|SPHERE|canonical|250,mean_abs_norm_deviation,rewrite,fixed1000,1000,subject_last,0.05478941298569871,81.8,rewrite_mean_abs_norm_deviation,#DD8844,1
GPT-2 XL,CounterFact,AlphaEdit,SPHERE,canonical,300,GPT-2 XL|CounterFact|AlphaEdit|SPHERE|canonical|300,mean_q,locality,fixed1000,1000,prompt_last,0.1278939086153034,78.0,locality_mean_q,#4477AA,1
GPT-2 XL,CounterFact,AlphaEdit,SPHERE,canonical,300,GPT-2 XL|CounterFact|AlphaEdit|SPHERE|canonical|300,mean_q,rewrite,fixed1000,1000,subject_last,0.38774639288465235,78.0,rewrite_mean_q,#DD8844,1
GPT-2 XL,CounterFact,AlphaEdit,SPHERE,canonical,300,GPT-2 XL|CounterFact|AlphaEdit|SPHERE|canonical|300,mean_kappa,locality,fixed1000,1000,prompt_last,1.014686488821975,78.0,locality_mean_kappa,#4477AA,1
GPT-2 XL,CounterFact,AlphaEdit,SPHERE,canonical,300,GPT-2 XL|CounterFact|AlphaEdit|SPHERE|canonical|300,mean_kappa,rewrite,fixed1000,1000,subject_last,1.0607938238573251,78.0,rewrite_mean_kappa,#DD8844,1
GPT-2 XL,CounterFact,AlphaEdit,SPHERE,canonical,300,GPT-2 XL|CounterFact|AlphaEdit|SPHERE|canonical|300,mean_abs_norm_deviation,locality,fixed1000,1000,prompt_last,0.016290739814250308,78.0,locality_mean_abs_norm_deviation,#4477AA,1
GPT-2 XL,CounterFact,AlphaEdit,SPHERE,canonical,300,GPT-2 XL|CounterFact|AlphaEdit|SPHERE|canonical|300,mean_abs_norm_deviation,rewrite,fixed1000,1000,subject_last,0.06571092191047774,78.0,rewrite_mean_abs_norm_deviation,#DD8844,1
GPT-2 XL,CounterFact,AlphaEdit,SPHERE,canonical,500,GPT-2 XL|CounterFact|AlphaEdit|SPHERE|canonical|500,mean_q,locality,fixed1000,1000,prompt_last,0.16646982703828808,65.2,locality_mean_q,#4477AA,1
GPT-2 XL,CounterFact,AlphaEdit,SPHERE,canonical,500,GPT-2 XL|CounterFact|AlphaEdit|SPHERE|canonical|500,mean_q,rewrite,fixed1000,1000,subject_last,0.5246935825444148,65.2,rewrite_mean_q,#DD8844,1
GPT-2 XL,CounterFact,AlphaEdit,SPHERE,canonical,500,GPT-2 XL|CounterFact|AlphaEdit|SPHERE|canonical|500,mean_kappa,locality,fixed1000,1000,prompt_last,1.019739549298243,65.2,locality_mean_kappa,#4477AA,1
GPT-2 XL,CounterFact,AlphaEdit,SPHERE,canonical,500,GPT-2 XL|CounterFact|AlphaEdit|SPHERE|canonical|500,mean_kappa,rewrite,fixed1000,1000,subject_last,1.106067944636344,65.2,rewrite_mean_kappa,#DD8844,1
GPT-2 XL,CounterFact,AlphaEdit,SPHERE,canonical,500,GPT-2 XL|CounterFact|AlphaEdit|SPHERE|canonical|500,mean_abs_norm_deviation,locality,fixed1000,1000,prompt_last,0.021566759604452243,65.2,locality_mean_abs_norm_deviation,#4477AA,1
GPT-2 XL,CounterFact,AlphaEdit,SPHERE,canonical,500,GPT-2 XL|CounterFact|AlphaEdit|SPHERE|canonical|500,mean_abs_norm_deviation,rewrite,fixed1000,1000,subject_last,0.10801694929431205,65.2,rewrite_mean_abs_norm_deviation,#DD8844,1
GPT-2 XL,CounterFact,AlphaEdit,SPHERE,canonical,750,GPT-2 XL|CounterFact|AlphaEdit|SPHERE|canonical|750,mean_q,locality,fixed1000,1000,prompt_last,0.20453009488977883,56.10000000000001,locality_mean_q,#4477AA,1
GPT-2 XL,CounterFact,AlphaEdit,SPHERE,canonical,750,GPT-2 XL|CounterFact|AlphaEdit|SPHERE|canonical|750,mean_q,rewrite,fixed1000,1000,subject_last,0.654901863068586,56.10000000000001,rewrite_mean_q,#DD8844,1
GPT-2 XL,CounterFact,AlphaEdit,SPHERE,canonical,750,GPT-2 XL|CounterFact|AlphaEdit|SPHERE|canonical|750,mean_kappa,locality,fixed1000,1000,prompt_last,1.026445159649945,56.10000000000001,locality_mean_kappa,#4477AA,1
GPT-2 XL,CounterFact,AlphaEdit,SPHERE,canonical,750,GPT-2 XL|CounterFact|AlphaEdit|SPHERE|canonical|750,mean_kappa,rewrite,fixed1000,1000,subject_last,1.1585871726295713,56.10000000000001,rewrite_mean_kappa,#DD8844,1
GPT-2 XL,CounterFact,AlphaEdit,SPHERE,canonical,750,GPT-2 XL|CounterFact|AlphaEdit|SPHERE|canonical|750,mean_abs_norm_deviation,locality,fixed1000,1000,prompt_last,0.0278033253828285,56.10000000000001,locality_mean_abs_norm_deviation,#4477AA,1
GPT-2 XL,CounterFact,AlphaEdit,SPHERE,canonical,750,GPT-2 XL|CounterFact|AlphaEdit|SPHERE|canonical|750,mean_abs_norm_deviation,rewrite,fixed1000,1000,subject_last,0.15912860394896672,56.10000000000001,rewrite_mean_abs_norm_deviation,#DD8844,1
GPT-2 XL,CounterFact,AlphaEdit,SPHERE,canonical,1000,GPT-2 XL|CounterFact|AlphaEdit|SPHERE|canonical|1000,mean_q,locality,fixed1000,1000,prompt_last,0.23396024404571392,51.9,locality_mean_q,#4477AA,1
GPT-2 XL,CounterFact,AlphaEdit,SPHERE,canonical,1000,GPT-2 XL|CounterFact|AlphaEdit|SPHERE|canonical|1000,mean_q,rewrite,fixed1000,1000,subject_last,0.7562130153993192,51.9,rewrite_mean_q,#DD8844,1
GPT-2 XL,CounterFact,AlphaEdit,SPHERE,canonical,1000,GPT-2 XL|CounterFact|AlphaEdit|SPHERE|canonical|1000,mean_kappa,locality,fixed1000,1000,prompt_last,1.0330937533285245,51.9,locality_mean_kappa,#4477AA,1
GPT-2 XL,CounterFact,AlphaEdit,SPHERE,canonical,1000,GPT-2 XL|CounterFact|AlphaEdit|SPHERE|canonical|1000,mean_kappa,rewrite,fixed1000,1000,subject_last,1.2046284130727085,51.9,rewrite_mean_kappa,#DD8844,1
GPT-2 XL,CounterFact,AlphaEdit,SPHERE,canonical,1000,GPT-2 XL|CounterFact|AlphaEdit|SPHERE|canonical|1000,mean_abs_norm_deviation,locality,fixed1000,1000,prompt_last,0.03429222032142197,51.9,locality_mean_abs_norm_deviation,#4477AA,1
GPT-2 XL,CounterFact,AlphaEdit,SPHERE,canonical,1000,GPT-2 XL|CounterFact|AlphaEdit|SPHERE|canonical|1000,mean_abs_norm_deviation,rewrite,fixed1000,1000,subject_last,0.20462889257410385,51.9,rewrite_mean_abs_norm_deviation,#DD8844,1
GPT-2 XL,CounterFact,MEMIT,ENCORE,canonical,50,GPT-2 XL|CounterFact|MEMIT|ENCORE|canonical|50,mean_q,locality,fixed1000,1000,prompt_last,0.0264844569886779,95.0,locality_mean_q,#4477AA,1
GPT-2 XL,CounterFact,MEMIT,ENCORE,canonical,50,GPT-2 XL|CounterFact|MEMIT|ENCORE|canonical|50,mean_q,rewrite,fixed1000,1000,subject_last,0.10086268642155898,95.0,rewrite_mean_q,#DD8844,1
GPT-2 XL,CounterFact,MEMIT,ENCORE,canonical,50,GPT-2 XL|CounterFact|MEMIT|ENCORE|canonical|50,mean_kappa,locality,fixed1000,1000,prompt_last,1.0005282786878436,95.0,locality_mean_kappa,#4477AA,1
GPT-2 XL,CounterFact,MEMIT,ENCORE,canonical,50,GPT-2 XL|CounterFact|MEMIT|ENCORE|canonical|50,mean_kappa,rewrite,fixed1000,1000,subject_last,0.996880131403046,95.0,rewrite_mean_kappa,#DD8844,1
GPT-2 XL,CounterFact,MEMIT,ENCORE,canonical,50,GPT-2 XL|CounterFact|MEMIT|ENCORE|canonical|50,mean_abs_norm_deviation,locality,fixed1000,1000,prompt_last,0.001793623990469,95.0,locality_mean_abs_norm_deviation,#4477AA,1
GPT-2 XL,CounterFact,MEMIT,ENCORE,canonical,50,GPT-2 XL|CounterFact|MEMIT|ENCORE|canonical|50,mean_abs_norm_deviation,rewrite,fixed1000,1000,subject_last,0.00849380460419383,95.0,rewrite_mean_abs_norm_deviation,#DD8844,1
GPT-2 XL,CounterFact,MEMIT,ENCORE,canonical,100,GPT-2 XL|CounterFact|MEMIT|ENCORE|canonical|100,mean_q,locality,fixed1000,1000,prompt_last,0.0462633254484156,88.5,locality_mean_q,#4477AA,1
GPT-2 XL,CounterFact,MEMIT,ENCORE,canonical,100,GPT-2 XL|CounterFact|MEMIT|ENCORE|canonical|100,mean_q,rewrite,fixed1000,1000,subject_last,0.18074944067552304,88.5,rewrite_mean_q,#DD8844,1
GPT-2 XL,CounterFact,MEMIT,ENCORE,canonical,100,GPT-2 XL|CounterFact|MEMIT|ENCORE|canonical|100,mean_kappa,locality,fixed1000,1000,prompt_last,1.0017617008667856,88.5,locality_mean_kappa,#4477AA,1
GPT-2 XL,CounterFact,MEMIT,ENCORE,canonical,100,GPT-2 XL|CounterFact|MEMIT|ENCORE|canonical|100,mean_kappa,rewrite,fixed1000,1000,subject_last,0.9992482128653398,88.5,rewrite_mean_kappa,#DD8844,1
GPT-2 XL,CounterFact,MEMIT,ENCORE,canonical,100,GPT-2 XL|CounterFact|MEMIT|ENCORE|canonical|100,mean_abs_norm_deviation,locality,fixed1000,1000,prompt_last,0.0034592457092371,88.5,locality_mean_abs_norm_deviation,#4477AA,1
GPT-2 XL,CounterFact,MEMIT,ENCORE,canonical,100,GPT-2 XL|CounterFact|MEMIT|ENCORE|canonical|100,mean_abs_norm_deviation,rewrite,fixed1000,1000,subject_last,0.01394208919736558,88.5,rewrite_mean_abs_norm_deviation,#DD8844,1
GPT-2 XL,CounterFact,MEMIT,ENCORE,canonical,150,GPT-2 XL|CounterFact|MEMIT|ENCORE|canonical|150,mean_q,locality,fixed1000,1000,prompt_last,0.0639706894593347,82.39999999999999,locality_mean_q,#4477AA,1
GPT-2 XL,CounterFact,MEMIT,ENCORE,canonical,150,GPT-2 XL|CounterFact|MEMIT|ENCORE|canonical|150,mean_q,rewrite,fixed1000,1000,subject_last,0.23964092547493687,82.39999999999999,rewrite_mean_q,#DD8844,1
GPT-2 XL,CounterFact,MEMIT,ENCORE,canonical,150,GPT-2 XL|CounterFact|MEMIT|ENCORE|canonical|150,mean_kappa,locality,fixed1000,1000,prompt_last,1.0026712109897915,82.39999999999999,locality_mean_kappa,#4477AA,1
GPT-2 XL,CounterFact,MEMIT,ENCORE,canonical,150,GPT-2 XL|CounterFact|MEMIT|ENCORE|canonical|150,mean_kappa,rewrite,fixed1000,1000,subject_last,1.0044770047254046,82.39999999999999,rewrite_mean_kappa,#DD8844,1
GPT-2 XL,CounterFact,MEMIT,ENCORE,canonical,150,GPT-2 XL|CounterFact|MEMIT|ENCORE|canonical|150,mean_abs_norm_deviation,locality,fixed1000,1000,prompt_last,0.0046596447923818,82.39999999999999,locality_mean_abs_norm_deviation,#4477AA,1
GPT-2 XL,CounterFact,MEMIT,ENCORE,canonical,150,GPT-2 XL|CounterFact|MEMIT|ENCORE|canonical|150,mean_abs_norm_deviation,rewrite,fixed1000,1000,subject_last,0.017475545102707435,82.39999999999999,rewrite_mean_abs_norm_deviation,#DD8844,1
GPT-2 XL,CounterFact,MEMIT,ENCORE,canonical,200,GPT-2 XL|CounterFact|MEMIT|ENCORE|canonical|200,mean_q,locality,fixed1000,1000,prompt_last,0.0799827820258217,75.9,locality_mean_q,#4477AA,1
GPT-2 XL,CounterFact,MEMIT,ENCORE,canonical,200,GPT-2 XL|CounterFact|MEMIT|ENCORE|canonical|200,mean_q,rewrite,fixed1000,1000,subject_last,0.2917210650330555,75.9,rewrite_mean_q,#DD8844,1
GPT-2 XL,CounterFact,MEMIT,ENCORE,canonical,200,GPT-2 XL|CounterFact|MEMIT|ENCORE|canonical|200,mean_kappa,locality,fixed1000,1000,prompt_last,1.0035782345405275,75.9,locality_mean_kappa,#4477AA,1
GPT-2 XL,CounterFact,MEMIT,ENCORE,canonical,200,GPT-2 XL|CounterFact|MEMIT|ENCORE|canonical|200,mean_kappa,rewrite,fixed1000,1000,subject_last,1.0118301021218583,75.9,rewrite_mean_kappa,#DD8844,1
GPT-2 XL,CounterFact,MEMIT,ENCORE,canonical,200,GPT-2 XL|CounterFact|MEMIT|ENCORE|canonical|200,mean_abs_norm_deviation,locality,fixed1000,1000,prompt_last,0.0058660914856176,75.9,locality_mean_abs_norm_deviation,#4477AA,1
GPT-2 XL,CounterFact,MEMIT,ENCORE,canonical,200,GPT-2 XL|CounterFact|MEMIT|ENCORE|canonical|200,mean_abs_norm_deviation,rewrite,fixed1000,1000,subject_last,0.022010063192817755,75.9,rewrite_mean_abs_norm_deviation,#DD8844,1
GPT-2 XL,CounterFact,MEMIT,ENCORE,canonical,250,GPT-2 XL|CounterFact|MEMIT|ENCORE|canonical|250,mean_q,locality,fixed1000,1000,prompt_last,0.0958307613873396,70.19999999999999,locality_mean_q,#4477AA,1
GPT-2 XL,CounterFact,MEMIT,ENCORE,canonical,250,GPT-2 XL|CounterFact|MEMIT|ENCORE|canonical|250,mean_q,rewrite,fixed1000,1000,subject_last,0.33674478622706433,70.19999999999999,rewrite_mean_q,#DD8844,1
GPT-2 XL,CounterFact,MEMIT,ENCORE,canonical,250,GPT-2 XL|CounterFact|MEMIT|ENCORE|canonical|250,mean_kappa,locality,fixed1000,1000,prompt_last,1.004711626952521,70.19999999999999,locality_mean_kappa,#4477AA,1
GPT-2 XL,CounterFact,MEMIT,ENCORE,canonical,250,GPT-2 XL|CounterFact|MEMIT|ENCORE|canonical|250,mean_kappa,rewrite,fixed1000,1000,subject_last,1.020215346311499,70.19999999999999,rewrite_mean_kappa,#DD8844,1
GPT-2 XL,CounterFact,MEMIT,ENCORE,canonical,250,GPT-2 XL|CounterFact|MEMIT|ENCORE|canonical|250,mean_abs_norm_deviation,locality,fixed1000,1000,prompt_last,0.0069799038297798,70.19999999999999,locality_mean_abs_norm_deviation,#4477AA,1
GPT-2 XL,CounterFact,MEMIT,ENCORE,canonical,250,GPT-2 XL|CounterFact|MEMIT|ENCORE|canonical|250,mean_abs_norm_deviation,rewrite,fixed1000,1000,subject_last,0.027458097134027512,70.19999999999999,rewrite_mean_abs_norm_deviation,#DD8844,1
GPT-2 XL,CounterFact,MEMIT,ENCORE,canonical,300,GPT-2 XL|CounterFact|MEMIT|ENCORE|canonical|300,mean_q,locality,fixed1000,1000,prompt_last,0.1099507175865266,63.4,locality_mean_q,#4477AA,1
GPT-2 XL,CounterFact,MEMIT,ENCORE,canonical,300,GPT-2 XL|CounterFact|MEMIT|ENCORE|canonical|300,mean_q,rewrite,fixed1000,1000,subject_last,0.3753031626432306,63.4,rewrite_mean_q,#DD8844,1
GPT-2 XL,CounterFact,MEMIT,ENCORE,canonical,300,GPT-2 XL|CounterFact|MEMIT|ENCORE|canonical|300,mean_kappa,locality,fixed1000,1000,prompt_last,1.0058878338837476,63.4,locality_mean_kappa,#4477AA,1
GPT-2 XL,CounterFact,MEMIT,ENCORE,canonical,300,GPT-2 XL|CounterFact|MEMIT|ENCORE|canonical|300,mean_kappa,rewrite,fixed1000,1000,subject_last,1.0279792896670963,63.4,rewrite_mean_kappa,#DD8844,1
GPT-2 XL,CounterFact,MEMIT,ENCORE,canonical,300,GPT-2 XL|CounterFact|MEMIT|ENCORE|canonical|300,mean_abs_norm_deviation,locality,fixed1000,1000,prompt_last,0.0080524106025265,63.4,locality_mean_abs_norm_deviation,#4477AA,1
GPT-2 XL,CounterFact,MEMIT,ENCORE,canonical,300,GPT-2 XL|CounterFact|MEMIT|ENCORE|canonical|300,mean_abs_norm_deviation,rewrite,fixed1000,1000,subject_last,0.03337039385541654,63.4,rewrite_mean_abs_norm_deviation,#DD8844,1
GPT-2 XL,CounterFact,MEMIT,ENCORE,canonical,500,GPT-2 XL|CounterFact|MEMIT|ENCORE|canonical|500,mean_q,locality,fixed1000,1000,prompt_last,0.14201323542391,52.800000000000004,locality_mean_q,#4477AA,1
GPT-2 XL,CounterFact,MEMIT,ENCORE,canonical,500,GPT-2 XL|CounterFact|MEMIT|ENCORE|canonical|500,mean_q,rewrite,fixed1000,1000,subject_last,0.47181829400523945,52.800000000000004,rewrite_mean_q,#DD8844,1
GPT-2 XL,CounterFact,MEMIT,ENCORE,canonical,500,GPT-2 XL|CounterFact|MEMIT|ENCORE|canonical|500,mean_kappa,locality,fixed1000,1000,prompt_last,1.008333745149151,52.800000000000004,locality_mean_kappa,#4477AA,1
GPT-2 XL,CounterFact,MEMIT,ENCORE,canonical,500,GPT-2 XL|CounterFact|MEMIT|ENCORE|canonical|500,mean_kappa,rewrite,fixed1000,1000,subject_last,1.0528586528035822,52.800000000000004,rewrite_mean_kappa,#DD8844,1
GPT-2 XL,CounterFact,MEMIT,ENCORE,canonical,500,GPT-2 XL|CounterFact|MEMIT|ENCORE|canonical|500,mean_abs_norm_deviation,locality,fixed1000,1000,prompt_last,0.0102275828747281,52.800000000000004,locality_mean_abs_norm_deviation,#4477AA,1
GPT-2 XL,CounterFact,MEMIT,ENCORE,canonical,500,GPT-2 XL|CounterFact|MEMIT|ENCORE|canonical|500,mean_abs_norm_deviation,rewrite,fixed1000,1000,subject_last,0.05508345129111775,52.800000000000004,rewrite_mean_abs_norm_deviation,#DD8844,1
GPT-2 XL,CounterFact,MEMIT,ENCORE,canonical,750,GPT-2 XL|CounterFact|MEMIT|ENCORE|canonical|750,mean_q,locality,fixed1000,1000,prompt_last,0.1628196513534409,45.6,locality_mean_q,#4477AA,1
GPT-2 XL,CounterFact,MEMIT,ENCORE,canonical,750,GPT-2 XL|CounterFact|MEMIT|ENCORE|canonical|750,mean_q,rewrite,fixed1000,1000,subject_last,0.5399175577301908,45.6,rewrite_mean_q,#DD8844,1
GPT-2 XL,CounterFact,MEMIT,ENCORE,canonical,750,GPT-2 XL|CounterFact|MEMIT|ENCORE|canonical|750,mean_kappa,locality,fixed1000,1000,prompt_last,1.0103615112210849,45.6,locality_mean_kappa,#4477AA,1
GPT-2 XL,CounterFact,MEMIT,ENCORE,canonical,750,GPT-2 XL|CounterFact|MEMIT|ENCORE|canonical|750,mean_kappa,rewrite,fixed1000,1000,subject_last,1.07433754364589,45.6,rewrite_mean_kappa,#DD8844,1
GPT-2 XL,CounterFact,MEMIT,ENCORE,canonical,750,GPT-2 XL|CounterFact|MEMIT|ENCORE|canonical|750,mean_abs_norm_deviation,locality,fixed1000,1000,prompt_last,0.0120698923056769,45.6,locality_mean_abs_norm_deviation,#4477AA,1
GPT-2 XL,CounterFact,MEMIT,ENCORE,canonical,750,GPT-2 XL|CounterFact|MEMIT|ENCORE|canonical|750,mean_abs_norm_deviation,rewrite,fixed1000,1000,subject_last,0.07534345121620623,45.6,rewrite_mean_abs_norm_deviation,#DD8844,1
GPT-2 XL,CounterFact,MEMIT,ENCORE,canonical,1000,GPT-2 XL|CounterFact|MEMIT|ENCORE|canonical|1000,mean_q,locality,fixed1000,1000,prompt_last,0.179727470086691,39.5,locality_mean_q,#4477AA,1
GPT-2 XL,CounterFact,MEMIT,ENCORE,canonical,1000,GPT-2 XL|CounterFact|MEMIT|ENCORE|canonical|1000,mean_q,rewrite,fixed1000,1000,subject_last,0.5902549119055311,39.5,rewrite_mean_q,#DD8844,1
GPT-2 XL,CounterFact,MEMIT,ENCORE,canonical,1000,GPT-2 XL|CounterFact|MEMIT|ENCORE|canonical|1000,mean_kappa,locality,fixed1000,1000,prompt_last,1.012428866640192,39.5,locality_mean_kappa,#4477AA,1
GPT-2 XL,CounterFact,MEMIT,ENCORE,canonical,1000,GPT-2 XL|CounterFact|MEMIT|ENCORE|canonical|1000,mean_kappa,rewrite,fixed1000,1000,subject_last,1.0931865783607475,39.5,rewrite_mean_kappa,#DD8844,1
GPT-2 XL,CounterFact,MEMIT,ENCORE,canonical,1000,GPT-2 XL|CounterFact|MEMIT|ENCORE|canonical|1000,mean_abs_norm_deviation,locality,fixed1000,1000,prompt_last,0.0140442492653983,39.5,locality_mean_abs_norm_deviation,#4477AA,1
GPT-2 XL,CounterFact,MEMIT,ENCORE,canonical,1000,GPT-2 XL|CounterFact|MEMIT|ENCORE|canonical|1000,mean_abs_norm_deviation,rewrite,fixed1000,1000,subject_last,0.09325441292687388,39.5,rewrite_mean_abs_norm_deviation,#DD8844,1
GPT-2 XL,CounterFact,MEMIT,NAS,canonical,50,GPT-2 XL|CounterFact|MEMIT|NAS|canonical|50,mean_q,locality,fixed1000,1000,prompt_last,0.0279200179848996,94.1,locality_mean_q,#4477AA,1
GPT-2 XL,CounterFact,MEMIT,NAS,canonical,50,GPT-2 XL|CounterFact|MEMIT|NAS|canonical|50,mean_q,rewrite,fixed1000,1000,subject_last,0.11049188362940884,94.1,rewrite_mean_q,#DD8844,1
GPT-2 XL,CounterFact,MEMIT,NAS,canonical,50,GPT-2 XL|CounterFact|MEMIT|NAS|canonical|50,mean_kappa,locality,fixed1000,1000,prompt_last,1.0006208823373648,94.1,locality_mean_kappa,#4477AA,1
GPT-2 XL,CounterFact,MEMIT,NAS,canonical,50,GPT-2 XL|CounterFact|MEMIT|NAS|canonical|50,mean_kappa,rewrite,fixed1000,1000,subject_last,0.9976929204118182,94.1,rewrite_mean_kappa,#DD8844,1
GPT-2 XL,CounterFact,MEMIT,NAS,canonical,50,GPT-2 XL|CounterFact|MEMIT|NAS|canonical|50,mean_abs_norm_deviation,locality,fixed1000,1000,prompt_last,0.0019516444774504,94.1,locality_mean_abs_norm_deviation,#4477AA,1
GPT-2 XL,CounterFact,MEMIT,NAS,canonical,50,GPT-2 XL|CounterFact|MEMIT|NAS|canonical|50,mean_abs_norm_deviation,rewrite,fixed1000,1000,subject_last,0.009050895635419286,94.1,rewrite_mean_abs_norm_deviation,#DD8844,1
GPT-2 XL,CounterFact,MEMIT,NAS,canonical,100,GPT-2 XL|CounterFact|MEMIT|NAS|canonical|100,mean_q,locality,fixed1000,1000,prompt_last,0.0544526731440091,84.3,locality_mean_q,#4477AA,1
GPT-2 XL,CounterFact,MEMIT,NAS,canonical,100,GPT-2 XL|CounterFact|MEMIT|NAS|canonical|100,mean_q,rewrite,fixed1000,1000,subject_last,0.2153164469120733,84.3,rewrite_mean_q,#DD8844,1
GPT-2 XL,CounterFact,MEMIT,NAS,canonical,100,GPT-2 XL|CounterFact|MEMIT|NAS|canonical|100,mean_kappa,locality,fixed1000,1000,prompt_last,1.00239346627229,84.3,locality_mean_kappa,#4477AA,1
GPT-2 XL,CounterFact,MEMIT,NAS,canonical,100,GPT-2 XL|CounterFact|MEMIT|NAS|canonical|100,mean_kappa,rewrite,fixed1000,1000,subject_last,1.0057412308390838,84.3,rewrite_mean_kappa,#DD8844,1
GPT-2 XL,CounterFact,MEMIT,NAS,canonical,100,GPT-2 XL|CounterFact|MEMIT|NAS|canonical|100,mean_abs_norm_deviation,locality,fixed1000,1000,prompt_last,0.0043198950392058,84.3,locality_mean_abs_norm_deviation,#4477AA,1
GPT-2 XL,CounterFact,MEMIT,NAS,canonical,100,GPT-2 XL|CounterFact|MEMIT|NAS|canonical|100,mean_abs_norm_deviation,rewrite,fixed1000,1000,subject_last,0.017234829357036546,84.3,rewrite_mean_abs_norm_deviation,#DD8844,1
GPT-2 XL,CounterFact,MEMIT,NAS,canonical,150,GPT-2 XL|CounterFact|MEMIT|NAS|canonical|150,mean_q,locality,fixed1000,1000,prompt_last,0.0803548845674922,72.1,locality_mean_q,#4477AA,1
GPT-2 XL,CounterFact,MEMIT,NAS,canonical,150,GPT-2 XL|CounterFact|MEMIT|NAS|canonical|150,mean_q,rewrite,fixed1000,1000,subject_last,0.303081377075579,72.1,rewrite_mean_q,#DD8844,1
GPT-2 XL,CounterFact,MEMIT,NAS,canonical,150,GPT-2 XL|CounterFact|MEMIT|NAS|canonical|150,mean_kappa,locality,fixed1000,1000,prompt_last,1.0042876925709183,72.1,locality_mean_kappa,#4477AA,1
GPT-2 XL,CounterFact,MEMIT,NAS,canonical,150,GPT-2 XL|CounterFact|MEMIT|NAS|canonical|150,mean_kappa,rewrite,fixed1000,1000,subject_last,1.0192312923092124,72.1,rewrite_mean_kappa,#DD8844,1
GPT-2 XL,CounterFact,MEMIT,NAS,canonical,150,GPT-2 XL|CounterFact|MEMIT|NAS|canonical|150,mean_abs_norm_deviation,locality,fixed1000,1000,prompt_last,0.0064379969588471,72.1,locality_mean_abs_norm_deviation,#4477AA,1
GPT-2 XL,CounterFact,MEMIT,NAS,canonical,150,GPT-2 XL|CounterFact|MEMIT|NAS|canonical|150,mean_abs_norm_deviation,rewrite,fixed1000,1000,subject_last,0.027131417292739057,72.1,rewrite_mean_abs_norm_deviation,#DD8844,1
GPT-2 XL,CounterFact,MEMIT,NAS,canonical,200,GPT-2 XL|CounterFact|MEMIT|NAS|canonical|200,mean_q,locality,fixed1000,1000,prompt_last,0.1030500153304381,62.9,locality_mean_q,#4477AA,1
GPT-2 XL,CounterFact,MEMIT,NAS,canonical,200,GPT-2 XL|CounterFact|MEMIT|NAS|canonical|200,mean_q,rewrite,fixed1000,1000,subject_last,0.38395685936245166,62.9,rewrite_mean_q,#DD8844,1
GPT-2 XL,CounterFact,MEMIT,NAS,canonical,200,GPT-2 XL|CounterFact|MEMIT|NAS|canonical|200,mean_kappa,locality,fixed1000,1000,prompt_last,1.0060097874937557,62.9,locality_mean_kappa,#4477AA,1
GPT-2 XL,CounterFact,MEMIT,NAS,canonical,200,GPT-2 XL|CounterFact|MEMIT|NAS|canonical|200,mean_kappa,rewrite,fixed1000,1000,subject_last,1.0388167588944193,62.9,rewrite_mean_kappa,#DD8844,1
GPT-2 XL,CounterFact,MEMIT,NAS,canonical,200,GPT-2 XL|CounterFact|MEMIT|NAS|canonical|200,mean_abs_norm_deviation,locality,fixed1000,1000,prompt_last,0.0083283163969717,62.9,locality_mean_abs_norm_deviation,#4477AA,1
GPT-2 XL,CounterFact,MEMIT,NAS,canonical,200,GPT-2 XL|CounterFact|MEMIT|NAS|canonical|200,mean_abs_norm_deviation,rewrite,fixed1000,1000,subject_last,0.04385370122310853,62.9,rewrite_mean_abs_norm_deviation,#DD8844,1
GPT-2 XL,CounterFact,MEMIT,NAS,canonical,250,GPT-2 XL|CounterFact|MEMIT|NAS|canonical|250,mean_q,locality,fixed1000,1000,prompt_last,0.1241326455965051,52.1,locality_mean_q,#4477AA,1
GPT-2 XL,CounterFact,MEMIT,NAS,canonical,250,GPT-2 XL|CounterFact|MEMIT|NAS|canonical|250,mean_q,rewrite,fixed1000,1000,subject_last,0.4548384189056325,52.1,rewrite_mean_q,#DD8844,1
GPT-2 XL,CounterFact,MEMIT,NAS,canonical,250,GPT-2 XL|CounterFact|MEMIT|NAS|canonical|250,mean_kappa,locality,fixed1000,1000,prompt_last,1.007863566932446,52.1,locality_mean_kappa,#4477AA,1
GPT-2 XL,CounterFact,MEMIT,NAS,canonical,250,GPT-2 XL|CounterFact|MEMIT|NAS|canonical|250,mean_kappa,rewrite,fixed1000,1000,subject_last,1.0600918356230813,52.1,rewrite_mean_kappa,#DD8844,1
GPT-2 XL,CounterFact,MEMIT,NAS,canonical,250,GPT-2 XL|CounterFact|MEMIT|NAS|canonical|250,mean_abs_norm_deviation,locality,fixed1000,1000,prompt_last,0.0101905264735052,52.1,locality_mean_abs_norm_deviation,#4477AA,1
GPT-2 XL,CounterFact,MEMIT,NAS,canonical,250,GPT-2 XL|CounterFact|MEMIT|NAS|canonical|250,mean_abs_norm_deviation,rewrite,fixed1000,1000,subject_last,0.06320261987202327,52.1,rewrite_mean_abs_norm_deviation,#DD8844,1
GPT-2 XL,CounterFact,MEMIT,NAS,canonical,300,GPT-2 XL|CounterFact|MEMIT|NAS|canonical|300,mean_q,locality,fixed1000,1000,prompt_last,0.1459809847311301,42.699999999999996,locality_mean_q,#4477AA,1
GPT-2 XL,CounterFact,MEMIT,NAS,canonical,300,GPT-2 XL|CounterFact|MEMIT|NAS|canonical|300,mean_q,rewrite,fixed1000,1000,subject_last,0.5247271286178957,42.699999999999996,rewrite_mean_q,#DD8844,1
GPT-2 XL,CounterFact,MEMIT,NAS,canonical,300,GPT-2 XL|CounterFact|MEMIT|NAS|canonical|300,mean_kappa,locality,fixed1000,1000,prompt_last,1.0107838669728668,42.699999999999996,locality_mean_kappa,#4477AA,1
GPT-2 XL,CounterFact,MEMIT,NAS,canonical,300,GPT-2 XL|CounterFact|MEMIT|NAS|canonical|300,mean_kappa,rewrite,fixed1000,1000,subject_last,1.0875954307149414,42.699999999999996,rewrite_mean_kappa,#DD8844,1
GPT-2 XL,CounterFact,MEMIT,NAS,canonical,300,GPT-2 XL|CounterFact|MEMIT|NAS|canonical|300,mean_abs_norm_deviation,locality,fixed1000,1000,prompt_last,0.0126397579778217,42.699999999999996,locality_mean_abs_norm_deviation,#4477AA,1
GPT-2 XL,CounterFact,MEMIT,NAS,canonical,300,GPT-2 XL|CounterFact|MEMIT|NAS|canonical|300,mean_abs_norm_deviation,rewrite,fixed1000,1000,subject_last,0.08925975713663385,42.699999999999996,rewrite_mean_abs_norm_deviation,#DD8844,1
GPT-2 XL,CounterFact,MEMIT,NAS,canonical,500,GPT-2 XL|CounterFact|MEMIT|NAS|canonical|500,mean_q,locality,fixed1000,1000,prompt_last,0.2285922752111174,21.0,locality_mean_q,#4477AA,1
GPT-2 XL,CounterFact,MEMIT,NAS,canonical,500,GPT-2 XL|CounterFact|MEMIT|NAS|canonical|500,mean_q,rewrite,fixed1000,1000,subject_last,0.8043122971988474,21.0,rewrite_mean_q,#DD8844,1
GPT-2 XL,CounterFact,MEMIT,NAS,canonical,500,GPT-2 XL|CounterFact|MEMIT|NAS|canonical|500,mean_kappa,locality,fixed1000,1000,prompt_last,1.0253284099701128,21.0,locality_mean_kappa,#4477AA,1
GPT-2 XL,CounterFact,MEMIT,NAS,canonical,500,GPT-2 XL|CounterFact|MEMIT|NAS|canonical|500,mean_kappa,rewrite,fixed1000,1000,subject_last,1.238418943170594,21.0,rewrite_mean_kappa,#DD8844,1
GPT-2 XL,CounterFact,MEMIT,NAS,canonical,500,GPT-2 XL|CounterFact|MEMIT|NAS|canonical|500,mean_abs_norm_deviation,locality,fixed1000,1000,prompt_last,0.0259327813061789,21.0,locality_mean_abs_norm_deviation,#4477AA,1
GPT-2 XL,CounterFact,MEMIT,NAS,canonical,500,GPT-2 XL|CounterFact|MEMIT|NAS|canonical|500,mean_abs_norm_deviation,rewrite,fixed1000,1000,subject_last,0.23862422447418744,21.0,rewrite_mean_abs_norm_deviation,#DD8844,1
GPT-2 XL,CounterFact,MEMIT,NAS,canonical,750,GPT-2 XL|CounterFact|MEMIT|NAS|canonical|750,mean_q,locality,fixed1000,1000,prompt_last,0.2988411813638287,19.0,locality_mean_q,#4477AA,1
GPT-2 XL,CounterFact,MEMIT,NAS,canonical,750,GPT-2 XL|CounterFact|MEMIT|NAS|canonical|750,mean_q,rewrite,fixed1000,1000,subject_last,1.010130258888302,19.0,rewrite_mean_q,#DD8844,1
GPT-2 XL,CounterFact,MEMIT,NAS,canonical,750,GPT-2 XL|CounterFact|MEMIT|NAS|canonical|750,mean_kappa,locality,fixed1000,1000,prompt_last,1.0420158017465655,19.0,locality_mean_kappa,#4477AA,1
GPT-2 XL,CounterFact,MEMIT,NAS,canonical,750,GPT-2 XL|CounterFact|MEMIT|NAS|canonical|750,mean_kappa,rewrite,fixed1000,1000,subject_last,1.3737565554425104,19.0,rewrite_mean_kappa,#DD8844,1
GPT-2 XL,CounterFact,MEMIT,NAS,canonical,750,GPT-2 XL|CounterFact|MEMIT|NAS|canonical|750,mean_abs_norm_deviation,locality,fixed1000,1000,prompt_last,0.042318104995199,19.0,locality_mean_abs_norm_deviation,#4477AA,1
GPT-2 XL,CounterFact,MEMIT,NAS,canonical,750,GPT-2 XL|CounterFact|MEMIT|NAS|canonical|750,mean_abs_norm_deviation,rewrite,fixed1000,1000,subject_last,0.3737718777700794,19.0,rewrite_mean_abs_norm_deviation,#DD8844,1
GPT-2 XL,CounterFact,MEMIT,NAS,canonical,1000,GPT-2 XL|CounterFact|MEMIT|NAS|canonical|1000,mean_q,locality,fixed1000,1000,prompt_last,0.3218096556492358,18.4,locality_mean_q,#4477AA,1
GPT-2 XL,CounterFact,MEMIT,NAS,canonical,1000,GPT-2 XL|CounterFact|MEMIT|NAS|canonical|1000,mean_q,rewrite,fixed1000,1000,subject_last,1.063446612161898,18.4,rewrite_mean_q,#DD8844,1
GPT-2 XL,CounterFact,MEMIT,NAS,canonical,1000,GPT-2 XL|CounterFact|MEMIT|NAS|canonical|1000,mean_kappa,locality,fixed1000,1000,prompt_last,1.0452952593538516,18.4,locality_mean_kappa,#4477AA,1
GPT-2 XL,CounterFact,MEMIT,NAS,canonical,1000,GPT-2 XL|CounterFact|MEMIT|NAS|canonical|1000,mean_kappa,rewrite,fixed1000,1000,subject_last,1.4019756316452028,18.4,rewrite_mean_kappa,#DD8844,1
GPT-2 XL,CounterFact,MEMIT,NAS,canonical,1000,GPT-2 XL|CounterFact|MEMIT|NAS|canonical|1000,mean_abs_norm_deviation,locality,fixed1000,1000,prompt_last,0.0455755010852211,18.4,locality_mean_abs_norm_deviation,#4477AA,1
GPT-2 XL,CounterFact,MEMIT,NAS,canonical,1000,GPT-2 XL|CounterFact|MEMIT|NAS|canonical|1000,mean_abs_norm_deviation,rewrite,fixed1000,1000,subject_last,0.401990969590291,18.4,rewrite_mean_abs_norm_deviation,#DD8844,1
GPT-2 XL,CounterFact,MEMIT,Native,canonical,50,GPT-2 XL|CounterFact|MEMIT|Native|canonical|50,mean_q,locality,fixed1000,1000,prompt_last,0.0292362017760301,94.0,locality_mean_q,#4477AA,1
GPT-2 XL,CounterFact,MEMIT,Native,canonical,50,GPT-2 XL|CounterFact|MEMIT|Native|canonical|50,mean_q,rewrite,fixed1000,1000,subject_last,0.1118887569373235,94.0,rewrite_mean_q,#DD8844,1
GPT-2 XL,CounterFact,MEMIT,Native,canonical,50,GPT-2 XL|CounterFact|MEMIT|Native|canonical|50,mean_kappa,locality,fixed1000,1000,prompt_last,1.0006911818516513,94.0,locality_mean_kappa,#4477AA,1
GPT-2 XL,CounterFact,MEMIT,Native,canonical,50,GPT-2 XL|CounterFact|MEMIT|Native|canonical|50,mean_kappa,rewrite,fixed1000,1000,subject_last,0.9978708946899467,94.0,rewrite_mean_kappa,#DD8844,1
GPT-2 XL,CounterFact,MEMIT,Native,canonical,50,GPT-2 XL|CounterFact|MEMIT|Native|canonical|50,mean_abs_norm_deviation,locality,fixed1000,1000,prompt_last,0.0020636435471949,94.0,locality_mean_abs_norm_deviation,#4477AA,1
GPT-2 XL,CounterFact,MEMIT,Native,canonical,50,GPT-2 XL|CounterFact|MEMIT|Native|canonical|50,mean_abs_norm_deviation,rewrite,fixed1000,1000,subject_last,0.008994914295289437,94.0,rewrite_mean_abs_norm_deviation,#DD8844,1
GPT-2 XL,CounterFact,MEMIT,Native,canonical,100,GPT-2 XL|CounterFact|MEMIT|Native|canonical|100,mean_q,locality,fixed1000,1000,prompt_last,0.0563436596601034,83.89999999999999,locality_mean_q,#4477AA,1
GPT-2 XL,CounterFact,MEMIT,Native,canonical,100,GPT-2 XL|CounterFact|MEMIT|Native|canonical|100,mean_q,rewrite,fixed1000,1000,subject_last,0.21837155345984013,83.89999999999999,rewrite_mean_q,#DD8844,1
GPT-2 XL,CounterFact,MEMIT,Native,canonical,100,GPT-2 XL|CounterFact|MEMIT|Native|canonical|100,mean_kappa,locality,fixed1000,1000,prompt_last,1.0026948044786728,83.89999999999999,locality_mean_kappa,#4477AA,1
GPT-2 XL,CounterFact,MEMIT,Native,canonical,100,GPT-2 XL|CounterFact|MEMIT|Native|canonical|100,mean_kappa,rewrite,fixed1000,1000,subject_last,1.006236073095183,83.89999999999999,rewrite_mean_kappa,#DD8844,1
GPT-2 XL,CounterFact,MEMIT,Native,canonical,100,GPT-2 XL|CounterFact|MEMIT|Native|canonical|100,mean_abs_norm_deviation,locality,fixed1000,1000,prompt_last,0.0045063020410331,83.89999999999999,locality_mean_abs_norm_deviation,#4477AA,1
GPT-2 XL,CounterFact,MEMIT,Native,canonical,100,GPT-2 XL|CounterFact|MEMIT|Native|canonical|100,mean_abs_norm_deviation,rewrite,fixed1000,1000,subject_last,0.017376693001790677,83.89999999999999,rewrite_mean_abs_norm_deviation,#DD8844,1
GPT-2 XL,CounterFact,MEMIT,Native,canonical,150,GPT-2 XL|CounterFact|MEMIT|Native|canonical|150,mean_q,locality,fixed1000,1000,prompt_last,0.0837756501016414,70.1,locality_mean_q,#4477AA,1
GPT-2 XL,CounterFact,MEMIT,Native,canonical,150,GPT-2 XL|CounterFact|MEMIT|Native|canonical|150,mean_q,rewrite,fixed1000,1000,subject_last,0.3100944906437424,70.1,rewrite_mean_q,#DD8844,1
GPT-2 XL,CounterFact,MEMIT,Native,canonical,150,GPT-2 XL|CounterFact|MEMIT|Native|canonical|150,mean_kappa,locality,fixed1000,1000,prompt_last,1.0045268271030965,70.1,locality_mean_kappa,#4477AA,1
GPT-2 XL,CounterFact,MEMIT,Native,canonical,150,GPT-2 XL|CounterFact|MEMIT|Native|canonical|150,mean_kappa,rewrite,fixed1000,1000,subject_last,1.0210136856093686,70.1,rewrite_mean_kappa,#DD8844,1
GPT-2 XL,CounterFact,MEMIT,Native,canonical,150,GPT-2 XL|CounterFact|MEMIT|Native|canonical|150,mean_abs_norm_deviation,locality,fixed1000,1000,prompt_last,0.0067161314288759,70.1,locality_mean_abs_norm_deviation,#4477AA,1
GPT-2 XL,CounterFact,MEMIT,Native,canonical,150,GPT-2 XL|CounterFact|MEMIT|Native|canonical|150,mean_abs_norm_deviation,rewrite,fixed1000,1000,subject_last,0.028317185106416554,70.1,rewrite_mean_abs_norm_deviation,#DD8844,1
GPT-2 XL,CounterFact,MEMIT,Native,canonical,200,GPT-2 XL|CounterFact|MEMIT|Native|canonical|200,mean_q,locality,fixed1000,1000,prompt_last,0.108268669736072,61.199999999999996,locality_mean_q,#4477AA,1
GPT-2 XL,CounterFact,MEMIT,Native,canonical,200,GPT-2 XL|CounterFact|MEMIT|Native|canonical|200,mean_q,rewrite,fixed1000,1000,subject_last,0.3911856897698992,61.199999999999996,rewrite_mean_q,#DD8844,1
GPT-2 XL,CounterFact,MEMIT,Native,canonical,200,GPT-2 XL|CounterFact|MEMIT|Native|canonical|200,mean_kappa,locality,fixed1000,1000,prompt_last,1.0064694922747388,61.199999999999996,locality_mean_kappa,#4477AA,1
GPT-2 XL,CounterFact,MEMIT,Native,canonical,200,GPT-2 XL|CounterFact|MEMIT|Native|canonical|200,mean_kappa,rewrite,fixed1000,1000,subject_last,1.0397998301074713,61.199999999999996,rewrite_mean_kappa,#DD8844,1
GPT-2 XL,CounterFact,MEMIT,Native,canonical,200,GPT-2 XL|CounterFact|MEMIT|Native|canonical|200,mean_abs_norm_deviation,locality,fixed1000,1000,prompt_last,0.0088131179140503,61.199999999999996,locality_mean_abs_norm_deviation,#4477AA,1
GPT-2 XL,CounterFact,MEMIT,Native,canonical,200,GPT-2 XL|CounterFact|MEMIT|Native|canonical|200,mean_abs_norm_deviation,rewrite,fixed1000,1000,subject_last,0.044609050170301486,61.199999999999996,rewrite_mean_abs_norm_deviation,#DD8844,1
GPT-2 XL,CounterFact,MEMIT,Native,canonical,250,GPT-2 XL|CounterFact|MEMIT|Native|canonical|250,mean_q,locality,fixed1000,1000,prompt_last,0.13109471155049,50.0,locality_mean_q,#4477AA,1
GPT-2 XL,CounterFact,MEMIT,Native,canonical,250,GPT-2 XL|CounterFact|MEMIT|Native|canonical|250,mean_q,rewrite,fixed1000,1000,subject_last,0.46311919655480493,50.0,rewrite_mean_q,#DD8844,1
GPT-2 XL,CounterFact,MEMIT,Native,canonical,250,GPT-2 XL|CounterFact|MEMIT|Native|canonical|250,mean_kappa,locality,fixed1000,1000,prompt_last,1.008885705788691,50.0,locality_mean_kappa,#4477AA,1
GPT-2 XL,CounterFact,MEMIT,Native,canonical,250,GPT-2 XL|CounterFact|MEMIT|Native|canonical|250,mean_kappa,rewrite,fixed1000,1000,subject_last,1.0610420041344355,50.0,rewrite_mean_kappa,#DD8844,1
GPT-2 XL,CounterFact,MEMIT,Native,canonical,250,GPT-2 XL|CounterFact|MEMIT|Native|canonical|250,mean_abs_norm_deviation,locality,fixed1000,1000,prompt_last,0.011080362447847,50.0,locality_mean_abs_norm_deviation,#4477AA,1
GPT-2 XL,CounterFact,MEMIT,Native,canonical,250,GPT-2 XL|CounterFact|MEMIT|Native|canonical|250,mean_abs_norm_deviation,rewrite,fixed1000,1000,subject_last,0.06389726672301016,50.0,rewrite_mean_abs_norm_deviation,#DD8844,1
GPT-2 XL,CounterFact,MEMIT,Native,canonical,300,GPT-2 XL|CounterFact|MEMIT|Native|canonical|300,mean_q,locality,fixed1000,1000,prompt_last,0.1526106096788567,43.0,locality_mean_q,#4477AA,1
GPT-2 XL,CounterFact,MEMIT,Native,canonical,300,GPT-2 XL|CounterFact|MEMIT|Native|canonical|300,mean_q,rewrite,fixed1000,1000,subject_last,0.5261163247785968,43.0,rewrite_mean_q,#DD8844,1
GPT-2 XL,CounterFact,MEMIT,Native,canonical,300,GPT-2 XL|CounterFact|MEMIT|Native|canonical|300,mean_kappa,locality,fixed1000,1000,prompt_last,1.0115244088238418,43.0,locality_mean_kappa,#4477AA,1
GPT-2 XL,CounterFact,MEMIT,Native,canonical,300,GPT-2 XL|CounterFact|MEMIT|Native|canonical|300,mean_kappa,rewrite,fixed1000,1000,subject_last,1.084000247904071,43.0,rewrite_mean_kappa,#DD8844,1
GPT-2 XL,CounterFact,MEMIT,Native,canonical,300,GPT-2 XL|CounterFact|MEMIT|Native|canonical|300,mean_abs_norm_deviation,locality,fixed1000,1000,prompt_last,0.013441543637283,43.0,locality_mean_abs_norm_deviation,#4477AA,1
GPT-2 XL,CounterFact,MEMIT,Native,canonical,300,GPT-2 XL|CounterFact|MEMIT|Native|canonical|300,mean_abs_norm_deviation,rewrite,fixed1000,1000,subject_last,0.08561289946845795,43.0,rewrite_mean_abs_norm_deviation,#DD8844,1
GPT-2 XL,CounterFact,MEMIT,Native,canonical,500,GPT-2 XL|CounterFact|MEMIT|Native|canonical|500,mean_q,locality,fixed1000,1000,prompt_last,0.2043366418735264,30.0,locality_mean_q,#4477AA,1
GPT-2 XL,CounterFact,MEMIT,Native,canonical,500,GPT-2 XL|CounterFact|MEMIT|Native|canonical|500,mean_q,rewrite,fixed1000,1000,subject_last,0.6822787753786788,30.0,rewrite_mean_q,#DD8844,1
GPT-2 XL,CounterFact,MEMIT,Native,canonical,500,GPT-2 XL|CounterFact|MEMIT|Native|canonical|500,mean_kappa,locality,fixed1000,1000,prompt_last,1.0187534383220398,30.0,locality_mean_kappa,#4477AA,1
GPT-2 XL,CounterFact,MEMIT,Native,canonical,500,GPT-2 XL|CounterFact|MEMIT|Native|canonical|500,mean_kappa,rewrite,fixed1000,1000,subject_last,1.1533081717143459,30.0,rewrite_mean_kappa,#DD8844,1
GPT-2 XL,CounterFact,MEMIT,Native,canonical,500,GPT-2 XL|CounterFact|MEMIT|Native|canonical|500,mean_abs_norm_deviation,locality,fixed1000,1000,prompt_last,0.0198782584546351,30.0,locality_mean_abs_norm_deviation,#4477AA,1
GPT-2 XL,CounterFact,MEMIT,Native,canonical,500,GPT-2 XL|CounterFact|MEMIT|Native|canonical|500,mean_abs_norm_deviation,rewrite,fixed1000,1000,subject_last,0.15363535414880256,30.0,rewrite_mean_abs_norm_deviation,#DD8844,1
GPT-2 XL,CounterFact,MEMIT,Native,canonical,750,GPT-2 XL|CounterFact|MEMIT|Native|canonical|750,mean_q,locality,fixed1000,1000,prompt_last,0.2484191525981379,27.6,locality_mean_q,#4477AA,1
GPT-2 XL,CounterFact,MEMIT,Native,canonical,750,GPT-2 XL|CounterFact|MEMIT|Native|canonical|750,mean_q,rewrite,fixed1000,1000,subject_last,0.8065114409432201,27.6,rewrite_mean_q,#DD8844,1
GPT-2 XL,CounterFact,MEMIT,Native,canonical,750,GPT-2 XL|CounterFact|MEMIT|Native|canonical|750,mean_kappa,locality,fixed1000,1000,prompt_last,1.025662833880721,27.6,locality_mean_kappa,#4477AA,1
GPT-2 XL,CounterFact,MEMIT,Native,canonical,750,GPT-2 XL|CounterFact|MEMIT|Native|canonical|750,mean_kappa,rewrite,fixed1000,1000,subject_last,1.2185048200904935,27.6,rewrite_mean_kappa,#DD8844,1
GPT-2 XL,CounterFact,MEMIT,Native,canonical,750,GPT-2 XL|CounterFact|MEMIT|Native|canonical|750,mean_abs_norm_deviation,locality,fixed1000,1000,prompt_last,0.0266001204915295,27.6,locality_mean_abs_norm_deviation,#4477AA,1
GPT-2 XL,CounterFact,MEMIT,Native,canonical,750,GPT-2 XL|CounterFact|MEMIT|Native|canonical|750,mean_abs_norm_deviation,rewrite,fixed1000,1000,subject_last,0.21857328154049516,27.6,rewrite_mean_abs_norm_deviation,#DD8844,1
GPT-2 XL,CounterFact,MEMIT,Native,canonical,1000,GPT-2 XL|CounterFact|MEMIT|Native|canonical|1000,mean_q,locality,fixed1000,1000,prompt_last,0.2856526914038595,20.599999999999998,locality_mean_q,#4477AA,1
GPT-2 XL,CounterFact,MEMIT,Native,canonical,1000,GPT-2 XL|CounterFact|MEMIT|Native|canonical|1000,mean_q,rewrite,fixed1000,1000,subject_last,0.9193747209843871,20.599999999999998,rewrite_mean_q,#DD8844,1
GPT-2 XL,CounterFact,MEMIT,Native,canonical,1000,GPT-2 XL|CounterFact|MEMIT|Native|canonical|1000,mean_kappa,locality,fixed1000,1000,prompt_last,1.0315754183400232,20.599999999999998,locality_mean_kappa,#4477AA,1
GPT-2 XL,CounterFact,MEMIT,Native,canonical,1000,GPT-2 XL|CounterFact|MEMIT|Native|canonical|1000,mean_kappa,rewrite,fixed1000,1000,subject_last,1.2822235474544128,20.599999999999998,rewrite_mean_kappa,#DD8844,1
GPT-2 XL,CounterFact,MEMIT,Native,canonical,1000,GPT-2 XL|CounterFact|MEMIT|Native|canonical|1000,mean_abs_norm_deviation,locality,fixed1000,1000,prompt_last,0.0324099835149061,20.599999999999998,locality_mean_abs_norm_deviation,#4477AA,1
GPT-2 XL,CounterFact,MEMIT,Native,canonical,1000,GPT-2 XL|CounterFact|MEMIT|Native|canonical|1000,mean_abs_norm_deviation,rewrite,fixed1000,1000,subject_last,0.28222512818256107,20.599999999999998,rewrite_mean_abs_norm_deviation,#DD8844,1
GPT-2 XL,CounterFact,MEMIT,SADR,canonical,50,GPT-2 XL|CounterFact|MEMIT|SADR|canonical|50,mean_q,locality,fixed1000,1000,prompt_last,0.0264686921010092,94.6,locality_mean_q,#4477AA,1
GPT-2 XL,CounterFact,MEMIT,SADR,canonical,50,GPT-2 XL|CounterFact|MEMIT|SADR|canonical|50,mean_q,rewrite,fixed1000,1000,subject_last,0.10805687180313515,94.6,rewrite_mean_q,#DD8844,1
GPT-2 XL,CounterFact,MEMIT,SADR,canonical,50,GPT-2 XL|CounterFact|MEMIT|SADR|canonical|50,mean_kappa,locality,fixed1000,1000,prompt_last,1.0000794560109223,94.6,locality_mean_kappa,#4477AA,1
GPT-2 XL,CounterFact,MEMIT,SADR,canonical,50,GPT-2 XL|CounterFact|MEMIT|SADR|canonical|50,mean_kappa,rewrite,fixed1000,1000,subject_last,1.0018791699216922,94.6,rewrite_mean_kappa,#DD8844,1
GPT-2 XL,CounterFact,MEMIT,SADR,canonical,50,GPT-2 XL|CounterFact|MEMIT|SADR|canonical|50,mean_abs_norm_deviation,locality,fixed1000,1000,prompt_last,0.0013088225879552,94.6,locality_mean_abs_norm_deviation,#4477AA,1
GPT-2 XL,CounterFact,MEMIT,SADR,canonical,50,GPT-2 XL|CounterFact|MEMIT|SADR|canonical|50,mean_abs_norm_deviation,rewrite,fixed1000,1000,subject_last,0.0075997846567081055,94.6,rewrite_mean_abs_norm_deviation,#DD8844,1
GPT-2 XL,CounterFact,MEMIT,SADR,canonical,100,GPT-2 XL|CounterFact|MEMIT|SADR|canonical|100,mean_q,locality,fixed1000,1000,prompt_last,0.0410710021247115,86.5,locality_mean_q,#4477AA,1
GPT-2 XL,CounterFact,MEMIT,SADR,canonical,100,GPT-2 XL|CounterFact|MEMIT|SADR|canonical|100,mean_q,rewrite,fixed1000,1000,subject_last,0.20931393622729894,86.5,rewrite_mean_q,#DD8844,1
GPT-2 XL,CounterFact,MEMIT,SADR,canonical,100,GPT-2 XL|CounterFact|MEMIT|SADR|canonical|100,mean_kappa,locality,fixed1000,1000,prompt_last,1.000164485839029,86.5,locality_mean_kappa,#4477AA,1
GPT-2 XL,CounterFact,MEMIT,SADR,canonical,100,GPT-2 XL|CounterFact|MEMIT|SADR|canonical|100,mean_kappa,rewrite,fixed1000,1000,subject_last,1.0146619180172927,86.5,rewrite_mean_kappa,#DD8844,1
GPT-2 XL,CounterFact,MEMIT,SADR,canonical,100,GPT-2 XL|CounterFact|MEMIT|SADR|canonical|100,mean_abs_norm_deviation,locality,fixed1000,1000,prompt_last,0.0021941107751339,86.5,locality_mean_abs_norm_deviation,#4477AA,1
GPT-2 XL,CounterFact,MEMIT,SADR,canonical,100,GPT-2 XL|CounterFact|MEMIT|SADR|canonical|100,mean_abs_norm_deviation,rewrite,fixed1000,1000,subject_last,0.019213332022280736,86.5,rewrite_mean_abs_norm_deviation,#DD8844,1
GPT-2 XL,CounterFact,MEMIT,SADR,canonical,150,GPT-2 XL|CounterFact|MEMIT|SADR|canonical|150,mean_q,locality,fixed1000,1000,prompt_last,0.0564494394715464,75.2,locality_mean_q,#4477AA,1
GPT-2 XL,CounterFact,MEMIT,SADR,canonical,150,GPT-2 XL|CounterFact|MEMIT|SADR|canonical|150,mean_q,rewrite,fixed1000,1000,subject_last,0.29535500886649013,75.2,rewrite_mean_q,#DD8844,1
GPT-2 XL,CounterFact,MEMIT,SADR,canonical,150,GPT-2 XL|CounterFact|MEMIT|SADR|canonical|150,mean_kappa,locality,fixed1000,1000,prompt_last,1.0004172980543424,75.2,locality_mean_kappa,#4477AA,1
GPT-2 XL,CounterFact,MEMIT,SADR,canonical,150,GPT-2 XL|CounterFact|MEMIT|SADR|canonical|150,mean_kappa,rewrite,fixed1000,1000,subject_last,1.0316260745875026,75.2,rewrite_mean_kappa,#DD8844,1
GPT-2 XL,CounterFact,MEMIT,SADR,canonical,150,GPT-2 XL|CounterFact|MEMIT|SADR|canonical|150,mean_abs_norm_deviation,locality,fixed1000,1000,prompt_last,0.0031363183527079,75.2,locality_mean_abs_norm_deviation,#4477AA,1
GPT-2 XL,CounterFact,MEMIT,SADR,canonical,150,GPT-2 XL|CounterFact|MEMIT|SADR|canonical|150,mean_abs_norm_deviation,rewrite,fixed1000,1000,subject_last,0.03544230738322267,75.2,rewrite_mean_abs_norm_deviation,#DD8844,1
GPT-2 XL,CounterFact,MEMIT,SADR,canonical,200,GPT-2 XL|CounterFact|MEMIT|SADR|canonical|200,mean_q,locality,fixed1000,1000,prompt_last,0.0694492201854699,64.5,locality_mean_q,#4477AA,1
GPT-2 XL,CounterFact,MEMIT,SADR,canonical,200,GPT-2 XL|CounterFact|MEMIT|SADR|canonical|200,mean_q,rewrite,fixed1000,1000,subject_last,0.37620112319271515,64.5,rewrite_mean_q,#DD8844,1
GPT-2 XL,CounterFact,MEMIT,SADR,canonical,200,GPT-2 XL|CounterFact|MEMIT|SADR|canonical|200,mean_kappa,locality,fixed1000,1000,prompt_last,1.0008596200158666,64.5,locality_mean_kappa,#4477AA,1
GPT-2 XL,CounterFact,MEMIT,SADR,canonical,200,GPT-2 XL|CounterFact|MEMIT|SADR|canonical|200,mean_kappa,rewrite,fixed1000,1000,subject_last,1.0547485339662908,64.5,rewrite_mean_kappa,#DD8844,1
GPT-2 XL,CounterFact,MEMIT,SADR,canonical,200,GPT-2 XL|CounterFact|MEMIT|SADR|canonical|200,mean_abs_norm_deviation,locality,fixed1000,1000,prompt_last,0.0038435533321302,64.5,locality_mean_abs_norm_deviation,#4477AA,1
GPT-2 XL,CounterFact,MEMIT,SADR,canonical,200,GPT-2 XL|CounterFact|MEMIT|SADR|canonical|200,mean_abs_norm_deviation,rewrite,fixed1000,1000,subject_last,0.057540257876993225,64.5,rewrite_mean_abs_norm_deviation,#DD8844,1
GPT-2 XL,CounterFact,MEMIT,SADR,canonical,250,GPT-2 XL|CounterFact|MEMIT|SADR|canonical|250,mean_q,locality,fixed1000,1000,prompt_last,0.0844813637440893,51.4,locality_mean_q,#4477AA,1
GPT-2 XL,CounterFact,MEMIT,SADR,canonical,250,GPT-2 XL|CounterFact|MEMIT|SADR|canonical|250,mean_q,rewrite,fixed1000,1000,subject_last,0.4543481554105738,51.4,rewrite_mean_q,#DD8844,1
GPT-2 XL,CounterFact,MEMIT,SADR,canonical,250,GPT-2 XL|CounterFact|MEMIT|SADR|canonical|250,mean_kappa,locality,fixed1000,1000,prompt_last,1.0016627774578637,51.4,locality_mean_kappa,#4477AA,1
GPT-2 XL,CounterFact,MEMIT,SADR,canonical,250,GPT-2 XL|CounterFact|MEMIT|SADR|canonical|250,mean_kappa,rewrite,fixed1000,1000,subject_last,1.0831516560395922,51.4,rewrite_mean_kappa,#DD8844,1
GPT-2 XL,CounterFact,MEMIT,SADR,canonical,250,GPT-2 XL|CounterFact|MEMIT|SADR|canonical|250,mean_abs_norm_deviation,locality,fixed1000,1000,prompt_last,0.004871458181922,51.4,locality_mean_abs_norm_deviation,#4477AA,1
GPT-2 XL,CounterFact,MEMIT,SADR,canonical,250,GPT-2 XL|CounterFact|MEMIT|SADR|canonical|250,mean_abs_norm_deviation,rewrite,fixed1000,1000,subject_last,0.08503083808801588,51.4,rewrite_mean_abs_norm_deviation,#DD8844,1
GPT-2 XL,CounterFact,MEMIT,SADR,canonical,300,GPT-2 XL|CounterFact|MEMIT|SADR|canonical|300,mean_q,locality,fixed1000,1000,prompt_last,0.100135740734081,41.6,locality_mean_q,#4477AA,1
GPT-2 XL,CounterFact,MEMIT,SADR,canonical,300,GPT-2 XL|CounterFact|MEMIT|SADR|canonical|300,mean_q,rewrite,fixed1000,1000,subject_last,0.5263524663454138,41.6,rewrite_mean_q,#DD8844,1
GPT-2 XL,CounterFact,MEMIT,SADR,canonical,300,GPT-2 XL|CounterFact|MEMIT|SADR|canonical|300,mean_kappa,locality,fixed1000,1000,prompt_last,1.0033007350060403,41.6,locality_mean_kappa,#4477AA,1
GPT-2 XL,CounterFact,MEMIT,SADR,canonical,300,GPT-2 XL|CounterFact|MEMIT|SADR|canonical|300,mean_kappa,rewrite,fixed1000,1000,subject_last,1.111054324919012,41.6,rewrite_mean_kappa,#DD8844,1
GPT-2 XL,CounterFact,MEMIT,SADR,canonical,300,GPT-2 XL|CounterFact|MEMIT|SADR|canonical|300,mean_abs_norm_deviation,locality,fixed1000,1000,prompt_last,0.0061858237303987,41.6,locality_mean_abs_norm_deviation,#4477AA,1
GPT-2 XL,CounterFact,MEMIT,SADR,canonical,300,GPT-2 XL|CounterFact|MEMIT|SADR|canonical|300,mean_abs_norm_deviation,rewrite,fixed1000,1000,subject_last,0.11243462174991839,41.6,rewrite_mean_abs_norm_deviation,#DD8844,1
GPT-2 XL,CounterFact,MEMIT,SADR,canonical,500,GPT-2 XL|CounterFact|MEMIT|SADR|canonical|500,mean_q,locality,fixed1000,1000,prompt_last,0.1421144555646333,26.700000000000003,locality_mean_q,#4477AA,1
GPT-2 XL,CounterFact,MEMIT,SADR,canonical,500,GPT-2 XL|CounterFact|MEMIT|SADR|canonical|500,mean_q,rewrite,fixed1000,1000,subject_last,0.7237444194209866,26.700000000000003,rewrite_mean_q,#DD8844,1
GPT-2 XL,CounterFact,MEMIT,SADR,canonical,500,GPT-2 XL|CounterFact|MEMIT|SADR|canonical|500,mean_kappa,locality,fixed1000,1000,prompt_last,1.0081717229331366,26.700000000000003,locality_mean_kappa,#4477AA,1
GPT-2 XL,CounterFact,MEMIT,SADR,canonical,500,GPT-2 XL|CounterFact|MEMIT|SADR|canonical|500,mean_kappa,rewrite,fixed1000,1000,subject_last,1.2076094769820618,26.700000000000003,rewrite_mean_kappa,#DD8844,1
GPT-2 XL,CounterFact,MEMIT,SADR,canonical,500,GPT-2 XL|CounterFact|MEMIT|SADR|canonical|500,mean_abs_norm_deviation,locality,fixed1000,1000,prompt_last,0.0105702802697686,26.700000000000003,locality_mean_abs_norm_deviation,#4477AA,1
GPT-2 XL,CounterFact,MEMIT,SADR,canonical,500,GPT-2 XL|CounterFact|MEMIT|SADR|canonical|500,mean_abs_norm_deviation,rewrite,fixed1000,1000,subject_last,0.20808929836233245,26.700000000000003,rewrite_mean_abs_norm_deviation,#DD8844,1
GPT-2 XL,CounterFact,MEMIT,SADR,canonical,750,GPT-2 XL|CounterFact|MEMIT|SADR|canonical|750,mean_q,locality,fixed1000,1000,prompt_last,0.1799172478282131,20.5,locality_mean_q,#4477AA,1
GPT-2 XL,CounterFact,MEMIT,SADR,canonical,750,GPT-2 XL|CounterFact|MEMIT|SADR|canonical|750,mean_q,rewrite,fixed1000,1000,subject_last,0.9239884244265623,20.5,rewrite_mean_q,#DD8844,1
GPT-2 XL,CounterFact,MEMIT,SADR,canonical,750,GPT-2 XL|CounterFact|MEMIT|SADR|canonical|750,mean_kappa,locality,fixed1000,1000,prompt_last,1.0132172305757678,20.5,locality_mean_kappa,#4477AA,1
GPT-2 XL,CounterFact,MEMIT,SADR,canonical,750,GPT-2 XL|CounterFact|MEMIT|SADR|canonical|750,mean_kappa,rewrite,fixed1000,1000,subject_last,1.325029104063308,20.5,rewrite_mean_kappa,#DD8844,1
GPT-2 XL,CounterFact,MEMIT,SADR,canonical,750,GPT-2 XL|CounterFact|MEMIT|SADR|canonical|750,mean_abs_norm_deviation,locality,fixed1000,1000,prompt_last,0.0151603704250483,20.5,locality_mean_abs_norm_deviation,#4477AA,1
GPT-2 XL,CounterFact,MEMIT,SADR,canonical,750,GPT-2 XL|CounterFact|MEMIT|SADR|canonical|750,mean_abs_norm_deviation,rewrite,fixed1000,1000,subject_last,0.3251891916066602,20.5,rewrite_mean_abs_norm_deviation,#DD8844,1
GPT-2 XL,CounterFact,MEMIT,SADR,canonical,1000,GPT-2 XL|CounterFact|MEMIT|SADR|canonical|1000,mean_q,locality,fixed1000,1000,prompt_last,0.2076183990603926,14.099999999999998,locality_mean_q,#4477AA,1
GPT-2 XL,CounterFact,MEMIT,SADR,canonical,1000,GPT-2 XL|CounterFact|MEMIT|SADR|canonical|1000,mean_q,rewrite,fixed1000,1000,subject_last,1.1397855834833,14.099999999999998,rewrite_mean_q,#DD8844,1
GPT-2 XL,CounterFact,MEMIT,SADR,canonical,1000,GPT-2 XL|CounterFact|MEMIT|SADR|canonical|1000,mean_kappa,locality,fixed1000,1000,prompt_last,1.0161027243140273,14.099999999999998,locality_mean_kappa,#4477AA,1
GPT-2 XL,CounterFact,MEMIT,SADR,canonical,1000,GPT-2 XL|CounterFact|MEMIT|SADR|canonical|1000,mean_kappa,rewrite,fixed1000,1000,subject_last,1.473218786231651,14.099999999999998,rewrite_mean_kappa,#DD8844,1
GPT-2 XL,CounterFact,MEMIT,SADR,canonical,1000,GPT-2 XL|CounterFact|MEMIT|SADR|canonical|1000,mean_abs_norm_deviation,locality,fixed1000,1000,prompt_last,0.017900725440819,14.099999999999998,locality_mean_abs_norm_deviation,#4477AA,1
GPT-2 XL,CounterFact,MEMIT,SADR,canonical,1000,GPT-2 XL|CounterFact|MEMIT|SADR|canonical|1000,mean_abs_norm_deviation,rewrite,fixed1000,1000,subject_last,0.4732190994630454,14.099999999999998,rewrite_mean_abs_norm_deviation,#DD8844,1
GPT-2 XL,CounterFact,MEMIT,SPHERE,canonical,50,GPT-2 XL|CounterFact|MEMIT|SPHERE|canonical|50,mean_q,locality,fixed1000,1000,prompt_last,0.0183167683257017,97.8,locality_mean_q,#4477AA,1
GPT-2 XL,CounterFact,MEMIT,SPHERE,canonical,50,GPT-2 XL|CounterFact|MEMIT|SPHERE|canonical|50,mean_q,rewrite,fixed1000,1000,subject_last,0.06745408387176255,97.8,rewrite_mean_q,#DD8844,1
GPT-2 XL,CounterFact,MEMIT,SPHERE,canonical,50,GPT-2 XL|CounterFact|MEMIT|SPHERE|canonical|50,mean_kappa,locality,fixed1000,1000,prompt_last,0.99991403840863,97.8,locality_mean_kappa,#4477AA,1
GPT-2 XL,CounterFact,MEMIT,SPHERE,canonical,50,GPT-2 XL|CounterFact|MEMIT|SPHERE|canonical|50,mean_kappa,rewrite,fixed1000,1000,subject_last,0.9955984075079363,97.8,rewrite_mean_kappa,#DD8844,1
GPT-2 XL,CounterFact,MEMIT,SPHERE,canonical,50,GPT-2 XL|CounterFact|MEMIT|SPHERE|canonical|50,mean_abs_norm_deviation,locality,fixed1000,1000,prompt_last,0.0012775803176873,97.8,locality_mean_abs_norm_deviation,#4477AA,1
GPT-2 XL,CounterFact,MEMIT,SPHERE,canonical,50,GPT-2 XL|CounterFact|MEMIT|SPHERE|canonical|50,mean_abs_norm_deviation,rewrite,fixed1000,1000,subject_last,0.006259071532881345,97.8,rewrite_mean_abs_norm_deviation,#DD8844,1
GPT-2 XL,CounterFact,MEMIT,SPHERE,canonical,100,GPT-2 XL|CounterFact|MEMIT|SPHERE|canonical|100,mean_q,locality,fixed1000,1000,prompt_last,0.0278439609122861,97.2,locality_mean_q,#4477AA,1
GPT-2 XL,CounterFact,MEMIT,SPHERE,canonical,100,GPT-2 XL|CounterFact|MEMIT|SPHERE|canonical|100,mean_q,rewrite,fixed1000,1000,subject_last,0.11113226360761454,97.2,rewrite_mean_q,#DD8844,1
GPT-2 XL,CounterFact,MEMIT,SPHERE,canonical,100,GPT-2 XL|CounterFact|MEMIT|SPHERE|canonical|100,mean_kappa,locality,fixed1000,1000,prompt_last,1.000260982110413,97.2,locality_mean_kappa,#4477AA,1
GPT-2 XL,CounterFact,MEMIT,SPHERE,canonical,100,GPT-2 XL|CounterFact|MEMIT|SPHERE|canonical|100,mean_kappa,rewrite,fixed1000,1000,subject_last,0.9937543904276381,97.2,rewrite_mean_kappa,#DD8844,1
GPT-2 XL,CounterFact,MEMIT,SPHERE,canonical,100,GPT-2 XL|CounterFact|MEMIT|SPHERE|canonical|100,mean_abs_norm_deviation,locality,fixed1000,1000,prompt_last,0.0019828814733568,97.2,locality_mean_abs_norm_deviation,#4477AA,1
GPT-2 XL,CounterFact,MEMIT,SPHERE,canonical,100,GPT-2 XL|CounterFact|MEMIT|SPHERE|canonical|100,mean_abs_norm_deviation,rewrite,fixed1000,1000,subject_last,0.010003758999761261,97.2,rewrite_mean_abs_norm_deviation,#DD8844,1
GPT-2 XL,CounterFact,MEMIT,SPHERE,canonical,150,GPT-2 XL|CounterFact|MEMIT|SPHERE|canonical|150,mean_q,locality,fixed1000,1000,prompt_last,0.0361564121423224,95.39999999999999,locality_mean_q,#4477AA,1
GPT-2 XL,CounterFact,MEMIT,SPHERE,canonical,150,GPT-2 XL|CounterFact|MEMIT|SPHERE|canonical|150,mean_q,rewrite,fixed1000,1000,subject_last,0.14414969059293475,95.39999999999999,rewrite_mean_q,#DD8844,1
GPT-2 XL,CounterFact,MEMIT,SPHERE,canonical,150,GPT-2 XL|CounterFact|MEMIT|SPHERE|canonical|150,mean_kappa,locality,fixed1000,1000,prompt_last,1.0004049590129185,95.39999999999999,locality_mean_kappa,#4477AA,1
GPT-2 XL,CounterFact,MEMIT,SPHERE,canonical,150,GPT-2 XL|CounterFact|MEMIT|SPHERE|canonical|150,mean_kappa,rewrite,fixed1000,1000,subject_last,0.9930605086608659,95.39999999999999,rewrite_mean_kappa,#DD8844,1
GPT-2 XL,CounterFact,MEMIT,SPHERE,canonical,150,GPT-2 XL|CounterFact|MEMIT|SPHERE|canonical|150,mean_abs_norm_deviation,locality,fixed1000,1000,prompt_last,0.0025985898873596,95.39999999999999,locality_mean_abs_norm_deviation,#4477AA,1
GPT-2 XL,CounterFact,MEMIT,SPHERE,canonical,150,GPT-2 XL|CounterFact|MEMIT|SPHERE|canonical|150,mean_abs_norm_deviation,rewrite,fixed1000,1000,subject_last,0.012354911900031173,95.39999999999999,rewrite_mean_abs_norm_deviation,#DD8844,1
GPT-2 XL,CounterFact,MEMIT,SPHERE,canonical,200,GPT-2 XL|CounterFact|MEMIT|SPHERE|canonical|200,mean_q,locality,fixed1000,1000,prompt_last,0.0430709924097379,94.0,locality_mean_q,#4477AA,1
GPT-2 XL,CounterFact,MEMIT,SPHERE,canonical,200,GPT-2 XL|CounterFact|MEMIT|SPHERE|canonical|200,mean_q,rewrite,fixed1000,1000,subject_last,0.1744562818643807,94.0,rewrite_mean_q,#DD8844,1
GPT-2 XL,CounterFact,MEMIT,SPHERE,canonical,200,GPT-2 XL|CounterFact|MEMIT|SPHERE|canonical|200,mean_kappa,locality,fixed1000,1000,prompt_last,1.0005590254219732,94.0,locality_mean_kappa,#4477AA,1
GPT-2 XL,CounterFact,MEMIT,SPHERE,canonical,200,GPT-2 XL|CounterFact|MEMIT|SPHERE|canonical|200,mean_kappa,rewrite,fixed1000,1000,subject_last,0.9941531997910803,94.0,rewrite_mean_kappa,#DD8844,1
GPT-2 XL,CounterFact,MEMIT,SPHERE,canonical,200,GPT-2 XL|CounterFact|MEMIT|SPHERE|canonical|200,mean_abs_norm_deviation,locality,fixed1000,1000,prompt_last,0.0031194138303716,94.0,locality_mean_abs_norm_deviation,#4477AA,1
GPT-2 XL,CounterFact,MEMIT,SPHERE,canonical,200,GPT-2 XL|CounterFact|MEMIT|SPHERE|canonical|200,mean_abs_norm_deviation,rewrite,fixed1000,1000,subject_last,0.013886889380205372,94.0,rewrite_mean_abs_norm_deviation,#DD8844,1
GPT-2 XL,CounterFact,MEMIT,SPHERE,canonical,250,GPT-2 XL|CounterFact|MEMIT|SPHERE|canonical|250,mean_q,locality,fixed1000,1000,prompt_last,0.0515480937566815,90.9,locality_mean_q,#4477AA,1
GPT-2 XL,CounterFact,MEMIT,SPHERE,canonical,250,GPT-2 XL|CounterFact|MEMIT|SPHERE|canonical|250,mean_q,rewrite,fixed1000,1000,subject_last,0.20483881488049357,90.9,rewrite_mean_q,#DD8844,1
GPT-2 XL,CounterFact,MEMIT,SPHERE,canonical,250,GPT-2 XL|CounterFact|MEMIT|SPHERE|canonical|250,mean_kappa,locality,fixed1000,1000,prompt_last,1.0009544072271883,90.9,locality_mean_kappa,#4477AA,1
GPT-2 XL,CounterFact,MEMIT,SPHERE,canonical,250,GPT-2 XL|CounterFact|MEMIT|SPHERE|canonical|250,mean_kappa,rewrite,fixed1000,1000,subject_last,0.995120347694261,90.9,rewrite_mean_kappa,#DD8844,1
GPT-2 XL,CounterFact,MEMIT,SPHERE,canonical,250,GPT-2 XL|CounterFact|MEMIT|SPHERE|canonical|250,mean_abs_norm_deviation,locality,fixed1000,1000,prompt_last,0.0036854198701929,90.9,locality_mean_abs_norm_deviation,#4477AA,1
GPT-2 XL,CounterFact,MEMIT,SPHERE,canonical,250,GPT-2 XL|CounterFact|MEMIT|SPHERE|canonical|250,mean_abs_norm_deviation,rewrite,fixed1000,1000,subject_last,0.015560566627731209,90.9,rewrite_mean_abs_norm_deviation,#DD8844,1
GPT-2 XL,CounterFact,MEMIT,SPHERE,canonical,300,GPT-2 XL|CounterFact|MEMIT|SPHERE|canonical|300,mean_q,locality,fixed1000,1000,prompt_last,0.0606936834837781,87.8,locality_mean_q,#4477AA,1
GPT-2 XL,CounterFact,MEMIT,SPHERE,canonical,300,GPT-2 XL|CounterFact|MEMIT|SPHERE|canonical|300,mean_q,rewrite,fixed1000,1000,subject_last,0.2352501350549965,87.8,rewrite_mean_q,#DD8844,1
GPT-2 XL,CounterFact,MEMIT,SPHERE,canonical,300,GPT-2 XL|CounterFact|MEMIT|SPHERE|canonical|300,mean_kappa,locality,fixed1000,1000,prompt_last,1.0015888808951878,87.8,locality_mean_kappa,#4477AA,1
GPT-2 XL,CounterFact,MEMIT,SPHERE,canonical,300,GPT-2 XL|CounterFact|MEMIT|SPHERE|canonical|300,mean_kappa,rewrite,fixed1000,1000,subject_last,0.9974980847734789,87.8,rewrite_mean_kappa,#DD8844,1
GPT-2 XL,CounterFact,MEMIT,SPHERE,canonical,300,GPT-2 XL|CounterFact|MEMIT|SPHERE|canonical|300,mean_abs_norm_deviation,locality,fixed1000,1000,prompt_last,0.0043443272792258,87.8,locality_mean_abs_norm_deviation,#4477AA,1
GPT-2 XL,CounterFact,MEMIT,SPHERE,canonical,300,GPT-2 XL|CounterFact|MEMIT|SPHERE|canonical|300,mean_abs_norm_deviation,rewrite,fixed1000,1000,subject_last,0.01642979663014352,87.8,rewrite_mean_abs_norm_deviation,#DD8844,1
GPT-2 XL,CounterFact,MEMIT,SPHERE,canonical,500,GPT-2 XL|CounterFact|MEMIT|SPHERE|canonical|500,mean_q,locality,fixed1000,1000,prompt_last,0.0904260454095252,74.5,locality_mean_q,#4477AA,1
GPT-2 XL,CounterFact,MEMIT,SPHERE,canonical,500,GPT-2 XL|CounterFact|MEMIT|SPHERE|canonical|500,mean_q,rewrite,fixed1000,1000,subject_last,0.3397499869585849,74.5,rewrite_mean_q,#DD8844,1
GPT-2 XL,CounterFact,MEMIT,SPHERE,canonical,500,GPT-2 XL|CounterFact|MEMIT|SPHERE|canonical|500,mean_kappa,locality,fixed1000,1000,prompt_last,1.003017158732458,74.5,locality_mean_kappa,#4477AA,1
GPT-2 XL,CounterFact,MEMIT,SPHERE,canonical,500,GPT-2 XL|CounterFact|MEMIT|SPHERE|canonical|500,mean_kappa,rewrite,fixed1000,1000,subject_last,1.0121942517540066,74.5,rewrite_mean_kappa,#DD8844,1
GPT-2 XL,CounterFact,MEMIT,SPHERE,canonical,500,GPT-2 XL|CounterFact|MEMIT|SPHERE|canonical|500,mean_abs_norm_deviation,locality,fixed1000,1000,prompt_last,0.0063720833571737,74.5,locality_mean_abs_norm_deviation,#4477AA,1
GPT-2 XL,CounterFact,MEMIT,SPHERE,canonical,500,GPT-2 XL|CounterFact|MEMIT|SPHERE|canonical|500,mean_abs_norm_deviation,rewrite,fixed1000,1000,subject_last,0.022155278262181236,74.5,rewrite_mean_abs_norm_deviation,#DD8844,1
GPT-2 XL,CounterFact,MEMIT,SPHERE,canonical,750,GPT-2 XL|CounterFact|MEMIT|SPHERE|canonical|750,mean_q,locality,fixed1000,1000,prompt_last,0.1178751211317233,59.599999999999994,locality_mean_q,#4477AA,1
GPT-2 XL,CounterFact,MEMIT,SPHERE,canonical,750,GPT-2 XL|CounterFact|MEMIT|SPHERE|canonical|750,mean_q,rewrite,fixed1000,1000,subject_last,0.4412513768139505,59.599999999999994,rewrite_mean_q,#DD8844,1
GPT-2 XL,CounterFact,MEMIT,SPHERE,canonical,750,GPT-2 XL|CounterFact|MEMIT|SPHERE|canonical|750,mean_kappa,locality,fixed1000,1000,prompt_last,1.0052053539847876,59.599999999999994,locality_mean_kappa,#4477AA,1
GPT-2 XL,CounterFact,MEMIT,SPHERE,canonical,750,GPT-2 XL|CounterFact|MEMIT|SPHERE|canonical|750,mean_kappa,rewrite,fixed1000,1000,subject_last,1.038847602028893,59.599999999999994,rewrite_mean_kappa,#DD8844,1
GPT-2 XL,CounterFact,MEMIT,SPHERE,canonical,750,GPT-2 XL|CounterFact|MEMIT|SPHERE|canonical|750,mean_abs_norm_deviation,locality,fixed1000,1000,prompt_last,0.0083093623961544,59.599999999999994,locality_mean_abs_norm_deviation,#4477AA,1
GPT-2 XL,CounterFact,MEMIT,SPHERE,canonical,750,GPT-2 XL|CounterFact|MEMIT|SPHERE|canonical|750,mean_abs_norm_deviation,rewrite,fixed1000,1000,subject_last,0.0417941313408664,59.599999999999994,rewrite_mean_abs_norm_deviation,#DD8844,1
GPT-2 XL,CounterFact,MEMIT,SPHERE,canonical,1000,GPT-2 XL|CounterFact|MEMIT|SPHERE|canonical|1000,mean_q,locality,fixed1000,1000,prompt_last,0.1372815220944593,46.400000000000006,locality_mean_q,#4477AA,1
GPT-2 XL,CounterFact,MEMIT,SPHERE,canonical,1000,GPT-2 XL|CounterFact|MEMIT|SPHERE|canonical|1000,mean_q,rewrite,fixed1000,1000,subject_last,0.5161737875872322,46.400000000000006,rewrite_mean_q,#DD8844,1
GPT-2 XL,CounterFact,MEMIT,SPHERE,canonical,1000,GPT-2 XL|CounterFact|MEMIT|SPHERE|canonical|1000,mean_kappa,locality,fixed1000,1000,prompt_last,1.0069580617106495,46.400000000000006,locality_mean_kappa,#4477AA,1
GPT-2 XL,CounterFact,MEMIT,SPHERE,canonical,1000,GPT-2 XL|CounterFact|MEMIT|SPHERE|canonical|1000,mean_kappa,rewrite,fixed1000,1000,subject_last,1.0641819993197714,46.400000000000006,rewrite_mean_kappa,#DD8844,1
GPT-2 XL,CounterFact,MEMIT,SPHERE,canonical,1000,GPT-2 XL|CounterFact|MEMIT|SPHERE|canonical|1000,mean_abs_norm_deviation,locality,fixed1000,1000,prompt_last,0.0100075813962107,46.400000000000006,locality_mean_abs_norm_deviation,#4477AA,1
GPT-2 XL,CounterFact,MEMIT,SPHERE,canonical,1000,GPT-2 XL|CounterFact|MEMIT|SPHERE|canonical|1000,mean_abs_norm_deviation,rewrite,fixed1000,1000,subject_last,0.06475836654612838,46.400000000000006,rewrite_mean_abs_norm_deviation,#DD8844,1
GPT-2 XL,zsRE,AlphaEdit,ENCORE,canonical,50,GPT-2 XL|zsRE|AlphaEdit|ENCORE|canonical|50,mean_q,locality,fixed1000,1000,prompt_last,0.0641608792353598,93.73957775237956,locality_mean_q,#4477AA,1
GPT-2 XL,zsRE,AlphaEdit,ENCORE,canonical,50,GPT-2 XL|zsRE|AlphaEdit|ENCORE|canonical|50,mean_q,rewrite,fixed1000,1000,subject_last,0.1357758363316793,93.73957775237956,rewrite_mean_q,#DD8844,1
GPT-2 XL,zsRE,AlphaEdit,ENCORE,canonical,50,GPT-2 XL|zsRE|AlphaEdit|ENCORE|canonical|50,mean_kappa,locality,fixed1000,1000,prompt_last,0.9952380871398157,93.73957775237956,locality_mean_kappa,#4477AA,1
GPT-2 XL,zsRE,AlphaEdit,ENCORE,canonical,50,GPT-2 XL|zsRE|AlphaEdit|ENCORE|canonical|50,mean_kappa,rewrite,fixed1000,1000,subject_last,1.0042536418156292,93.73957775237956,rewrite_mean_kappa,#DD8844,1
GPT-2 XL,zsRE,AlphaEdit,ENCORE,canonical,50,GPT-2 XL|zsRE|AlphaEdit|ENCORE|canonical|50,mean_abs_norm_deviation,locality,fixed1000,1000,prompt_last,0.006235759089879,93.73957775237956,locality_mean_abs_norm_deviation,#4477AA,1
GPT-2 XL,zsRE,AlphaEdit,ENCORE,canonical,50,GPT-2 XL|zsRE|AlphaEdit|ENCORE|canonical|50,mean_abs_norm_deviation,rewrite,fixed1000,1000,subject_last,0.020136810307648537,93.73957775237956,rewrite_mean_abs_norm_deviation,#DD8844,1
GPT-2 XL,zsRE,AlphaEdit,ENCORE,canonical,100,GPT-2 XL|zsRE|AlphaEdit|ENCORE|canonical|100,mean_q,locality,fixed1000,1000,prompt_last,0.094323315180474,90.9150392139196,locality_mean_q,#4477AA,1
GPT-2 XL,zsRE,AlphaEdit,ENCORE,canonical,100,GPT-2 XL|zsRE|AlphaEdit|ENCORE|canonical|100,mean_q,rewrite,fixed1000,1000,subject_last,0.21596245745046883,90.9150392139196,rewrite_mean_q,#DD8844,1
GPT-2 XL,zsRE,AlphaEdit,ENCORE,canonical,100,GPT-2 XL|zsRE|AlphaEdit|ENCORE|canonical|100,mean_kappa,locality,fixed1000,1000,prompt_last,0.9933612635827892,90.9150392139196,locality_mean_kappa,#4477AA,1
GPT-2 XL,zsRE,AlphaEdit,ENCORE,canonical,100,GPT-2 XL|zsRE|AlphaEdit|ENCORE|canonical|100,mean_kappa,rewrite,fixed1000,1000,subject_last,1.0119584029386284,90.9150392139196,rewrite_mean_kappa,#DD8844,1
GPT-2 XL,zsRE,AlphaEdit,ENCORE,canonical,100,GPT-2 XL|zsRE|AlphaEdit|ENCORE|canonical|100,mean_abs_norm_deviation,locality,fixed1000,1000,prompt_last,0.0088416252325384,90.9150392139196,locality_mean_abs_norm_deviation,#4477AA,1
GPT-2 XL,zsRE,AlphaEdit,ENCORE,canonical,100,GPT-2 XL|zsRE|AlphaEdit|ENCORE|canonical|100,mean_abs_norm_deviation,rewrite,fixed1000,1000,subject_last,0.03335232326147259,90.9150392139196,rewrite_mean_abs_norm_deviation,#DD8844,1
GPT-2 XL,zsRE,AlphaEdit,ENCORE,canonical,150,GPT-2 XL|zsRE|AlphaEdit|ENCORE|canonical|150,mean_q,locality,fixed1000,1000,prompt_last,0.1142202896816425,89.27777699771303,locality_mean_q,#4477AA,1
GPT-2 XL,zsRE,AlphaEdit,ENCORE,canonical,150,GPT-2 XL|zsRE|AlphaEdit|ENCORE|canonical|150,mean_q,rewrite,fixed1000,1000,subject_last,0.28117529143132003,89.27777699771303,rewrite_mean_q,#DD8844,1
GPT-2 XL,zsRE,AlphaEdit,ENCORE,canonical,150,GPT-2 XL|zsRE|AlphaEdit|ENCORE|canonical|150,mean_kappa,locality,fixed1000,1000,prompt_last,0.9926533413552094,89.27777699771303,locality_mean_kappa,#4477AA,1
GPT-2 XL,zsRE,AlphaEdit,ENCORE,canonical,150,GPT-2 XL|zsRE|AlphaEdit|ENCORE|canonical|150,mean_kappa,rewrite,fixed1000,1000,subject_last,1.023538112978852,89.27777699771303,rewrite_mean_kappa,#DD8844,1
GPT-2 XL,zsRE,AlphaEdit,ENCORE,canonical,150,GPT-2 XL|zsRE|AlphaEdit|ENCORE|canonical|150,mean_abs_norm_deviation,locality,fixed1000,1000,prompt_last,0.010243034796735,89.27777699771303,locality_mean_abs_norm_deviation,#4477AA,1
GPT-2 XL,zsRE,AlphaEdit,ENCORE,canonical,150,GPT-2 XL|zsRE|AlphaEdit|ENCORE|canonical|150,mean_abs_norm_deviation,rewrite,fixed1000,1000,subject_last,0.043273621672372385,89.27777699771303,rewrite_mean_abs_norm_deviation,#DD8844,1
GPT-2 XL,zsRE,AlphaEdit,ENCORE,canonical,200,GPT-2 XL|zsRE|AlphaEdit|ENCORE|canonical|200,mean_q,locality,fixed1000,1000,prompt_last,0.1298704754363336,88.01041703053518,locality_mean_q,#4477AA,1
GPT-2 XL,zsRE,AlphaEdit,ENCORE,canonical,200,GPT-2 XL|zsRE|AlphaEdit|ENCORE|canonical|200,mean_q,rewrite,fixed1000,1000,subject_last,0.33749040495863164,88.01041703053518,rewrite_mean_q,#DD8844,1
GPT-2 XL,zsRE,AlphaEdit,ENCORE,canonical,200,GPT-2 XL|zsRE|AlphaEdit|ENCORE|canonical|200,mean_kappa,locality,fixed1000,1000,prompt_last,0.9920197171228456,88.01041703053518,locality_mean_kappa,#4477AA,1
GPT-2 XL,zsRE,AlphaEdit,ENCORE,canonical,200,GPT-2 XL|zsRE|AlphaEdit|ENCORE|canonical|200,mean_kappa,rewrite,fixed1000,1000,subject_last,1.0359353075343498,88.01041703053518,rewrite_mean_kappa,#DD8844,1
GPT-2 XL,zsRE,AlphaEdit,ENCORE,canonical,200,GPT-2 XL|zsRE|AlphaEdit|ENCORE|canonical|200,mean_abs_norm_deviation,locality,fixed1000,1000,prompt_last,0.0113968842550996,88.01041703053518,locality_mean_abs_norm_deviation,#4477AA,1
GPT-2 XL,zsRE,AlphaEdit,ENCORE,canonical,200,GPT-2 XL|zsRE|AlphaEdit|ENCORE|canonical|200,mean_abs_norm_deviation,rewrite,fixed1000,1000,subject_last,0.05369640437052125,88.01041703053518,rewrite_mean_abs_norm_deviation,#DD8844,1
GPT-2 XL,zsRE,AlphaEdit,ENCORE,canonical,250,GPT-2 XL|zsRE|AlphaEdit|ENCORE|canonical|250,mean_q,locality,fixed1000,1000,prompt_last,0.1486569816471442,86.38915059387709,locality_mean_q,#4477AA,1
GPT-2 XL,zsRE,AlphaEdit,ENCORE,canonical,250,GPT-2 XL|zsRE|AlphaEdit|ENCORE|canonical|250,mean_q,rewrite,fixed1000,1000,subject_last,0.38352772083705505,86.38915059387709,rewrite_mean_q,#DD8844,1
GPT-2 XL,zsRE,AlphaEdit,ENCORE,canonical,250,GPT-2 XL|zsRE|AlphaEdit|ENCORE|canonical|250,mean_kappa,locality,fixed1000,1000,prompt_last,0.9919448790500028,86.38915059387709,locality_mean_kappa,#4477AA,1
GPT-2 XL,zsRE,AlphaEdit,ENCORE,canonical,250,GPT-2 XL|zsRE|AlphaEdit|ENCORE|canonical|250,mean_kappa,rewrite,fixed1000,1000,subject_last,1.0488404401957567,86.38915059387709,rewrite_mean_kappa,#DD8844,1
GPT-2 XL,zsRE,AlphaEdit,ENCORE,canonical,250,GPT-2 XL|zsRE|AlphaEdit|ENCORE|canonical|250,mean_abs_norm_deviation,locality,fixed1000,1000,prompt_last,0.0118197329684521,86.38915059387709,locality_mean_abs_norm_deviation,#4477AA,1
GPT-2 XL,zsRE,AlphaEdit,ENCORE,canonical,250,GPT-2 XL|zsRE|AlphaEdit|ENCORE|canonical|250,mean_abs_norm_deviation,rewrite,fixed1000,1000,subject_last,0.06260509509203548,86.38915059387709,rewrite_mean_abs_norm_deviation,#DD8844,1
GPT-2 XL,zsRE,AlphaEdit,ENCORE,canonical,300,GPT-2 XL|zsRE|AlphaEdit|ENCORE|canonical|300,mean_q,locality,fixed1000,1000,prompt_last,0.1632436422558679,84.68675312440992,locality_mean_q,#4477AA,1
GPT-2 XL,zsRE,AlphaEdit,ENCORE,canonical,300,GPT-2 XL|zsRE|AlphaEdit|ENCORE|canonical|300,mean_q,rewrite,fixed1000,1000,subject_last,0.42141288944358324,84.68675312440992,rewrite_mean_q,#DD8844,1
GPT-2 XL,zsRE,AlphaEdit,ENCORE,canonical,300,GPT-2 XL|zsRE|AlphaEdit|ENCORE|canonical|300,mean_kappa,locality,fixed1000,1000,prompt_last,0.991379527837145,84.68675312440992,locality_mean_kappa,#4477AA,1
GPT-2 XL,zsRE,AlphaEdit,ENCORE,canonical,300,GPT-2 XL|zsRE|AlphaEdit|ENCORE|canonical|300,mean_kappa,rewrite,fixed1000,1000,subject_last,1.0601704056442123,84.68675312440992,rewrite_mean_kappa,#DD8844,1
GPT-2 XL,zsRE,AlphaEdit,ENCORE,canonical,300,GPT-2 XL|zsRE|AlphaEdit|ENCORE|canonical|300,mean_abs_norm_deviation,locality,fixed1000,1000,prompt_last,0.0126984217859997,84.68675312440992,locality_mean_abs_norm_deviation,#4477AA,1
GPT-2 XL,zsRE,AlphaEdit,ENCORE,canonical,300,GPT-2 XL|zsRE|AlphaEdit|ENCORE|canonical|300,mean_abs_norm_deviation,rewrite,fixed1000,1000,subject_last,0.07139379576033728,84.68675312440992,rewrite_mean_abs_norm_deviation,#DD8844,1
GPT-2 XL,zsRE,AlphaEdit,ENCORE,canonical,500,GPT-2 XL|zsRE|AlphaEdit|ENCORE|canonical|500,mean_q,locality,fixed1000,1000,prompt_last,0.2017843220421874,80.30877344706863,locality_mean_q,#4477AA,1
GPT-2 XL,zsRE,AlphaEdit,ENCORE,canonical,500,GPT-2 XL|zsRE|AlphaEdit|ENCORE|canonical|500,mean_q,rewrite,fixed1000,1000,subject_last,0.5403387243210594,80.30877344706863,rewrite_mean_q,#DD8844,1
GPT-2 XL,zsRE,AlphaEdit,ENCORE,canonical,500,GPT-2 XL|zsRE|AlphaEdit|ENCORE|canonical|500,mean_kappa,locality,fixed1000,1000,prompt_last,0.9947157337321316,80.30877344706863,locality_mean_kappa,#4477AA,1
GPT-2 XL,zsRE,AlphaEdit,ENCORE,canonical,500,GPT-2 XL|zsRE|AlphaEdit|ENCORE|canonical|500,mean_kappa,rewrite,fixed1000,1000,subject_last,1.1022009612927672,80.30877344706863,rewrite_mean_kappa,#DD8844,1
GPT-2 XL,zsRE,AlphaEdit,ENCORE,canonical,500,GPT-2 XL|zsRE|AlphaEdit|ENCORE|canonical|500,mean_abs_norm_deviation,locality,fixed1000,1000,prompt_last,0.0141303282686644,80.30877344706863,locality_mean_abs_norm_deviation,#4477AA,1
GPT-2 XL,zsRE,AlphaEdit,ENCORE,canonical,500,GPT-2 XL|zsRE|AlphaEdit|ENCORE|canonical|500,mean_abs_norm_deviation,rewrite,fixed1000,1000,subject_last,0.10717618993775334,80.30877344706863,rewrite_mean_abs_norm_deviation,#DD8844,1
GPT-2 XL,zsRE,AlphaEdit,ENCORE,canonical,750,GPT-2 XL|zsRE|AlphaEdit|ENCORE|canonical|750,mean_q,locality,fixed1000,1000,prompt_last,0.2357351987822867,76.67341433098971,locality_mean_q,#4477AA,1
GPT-2 XL,zsRE,AlphaEdit,ENCORE,canonical,750,GPT-2 XL|zsRE|AlphaEdit|ENCORE|canonical|750,mean_q,rewrite,fixed1000,1000,subject_last,0.6506947908979137,76.67341433098971,rewrite_mean_q,#DD8844,1
GPT-2 XL,zsRE,AlphaEdit,ENCORE,canonical,750,GPT-2 XL|zsRE|AlphaEdit|ENCORE|canonical|750,mean_kappa,locality,fixed1000,1000,prompt_last,1.000035352443183,76.67341433098971,locality_mean_kappa,#4477AA,1
GPT-2 XL,zsRE,AlphaEdit,ENCORE,canonical,750,GPT-2 XL|zsRE|AlphaEdit|ENCORE|canonical|750,mean_kappa,rewrite,fixed1000,1000,subject_last,1.1493381781285843,76.67341433098971,rewrite_mean_kappa,#DD8844,1
GPT-2 XL,zsRE,AlphaEdit,ENCORE,canonical,750,GPT-2 XL|zsRE|AlphaEdit|ENCORE|canonical|750,mean_abs_norm_deviation,locality,fixed1000,1000,prompt_last,0.015803378705441,76.67341433098971,locality_mean_abs_norm_deviation,#4477AA,1
GPT-2 XL,zsRE,AlphaEdit,ENCORE,canonical,750,GPT-2 XL|zsRE|AlphaEdit|ENCORE|canonical|750,mean_abs_norm_deviation,rewrite,fixed1000,1000,subject_last,0.15085998381157578,76.67341433098971,rewrite_mean_abs_norm_deviation,#DD8844,1
GPT-2 XL,zsRE,AlphaEdit,ENCORE,canonical,1000,GPT-2 XL|zsRE|AlphaEdit|ENCORE|canonical|1000,mean_q,locality,fixed1000,1000,prompt_last,0.2669203255666912,73.61362153818581,locality_mean_q,#4477AA,1
GPT-2 XL,zsRE,AlphaEdit,ENCORE,canonical,1000,GPT-2 XL|zsRE|AlphaEdit|ENCORE|canonical|1000,mean_q,rewrite,fixed1000,1000,subject_last,0.7423994928869185,73.61362153818581,rewrite_mean_q,#DD8844,1
GPT-2 XL,zsRE,AlphaEdit,ENCORE,canonical,1000,GPT-2 XL|zsRE|AlphaEdit|ENCORE|canonical|1000,mean_kappa,locality,fixed1000,1000,prompt_last,1.004641809107084,73.61362153818581,locality_mean_kappa,#4477AA,1
GPT-2 XL,zsRE,AlphaEdit,ENCORE,canonical,1000,GPT-2 XL|zsRE|AlphaEdit|ENCORE|canonical|1000,mean_kappa,rewrite,fixed1000,1000,subject_last,1.1914656381406494,73.61362153818581,rewrite_mean_kappa,#DD8844,1
GPT-2 XL,zsRE,AlphaEdit,ENCORE,canonical,1000,GPT-2 XL|zsRE|AlphaEdit|ENCORE|canonical|1000,mean_abs_norm_deviation,locality,fixed1000,1000,prompt_last,0.0175680421513523,73.61362153818581,locality_mean_abs_norm_deviation,#4477AA,1
GPT-2 XL,zsRE,AlphaEdit,ENCORE,canonical,1000,GPT-2 XL|zsRE|AlphaEdit|ENCORE|canonical|1000,mean_abs_norm_deviation,rewrite,fixed1000,1000,subject_last,0.19146563814064926,73.61362153818581,rewrite_mean_abs_norm_deviation,#DD8844,1
GPT-2 XL,zsRE,AlphaEdit,NAS,canonical,50,GPT-2 XL|zsRE|AlphaEdit|NAS|canonical|50,mean_q,locality,fixed1000,1000,prompt_last,0.0642716654205314,94.78062325895,locality_mean_q,#4477AA,1
GPT-2 XL,zsRE,AlphaEdit,NAS,canonical,50,GPT-2 XL|zsRE|AlphaEdit|NAS|canonical|50,mean_q,rewrite,fixed1000,1000,subject_last,0.13874192517156925,94.78062325895,rewrite_mean_q,#DD8844,1
GPT-2 XL,zsRE,AlphaEdit,NAS,canonical,50,GPT-2 XL|zsRE|AlphaEdit|NAS|canonical|50,mean_kappa,locality,fixed1000,1000,prompt_last,0.994656301808839,94.78062325895,locality_mean_kappa,#4477AA,1
GPT-2 XL,zsRE,AlphaEdit,NAS,canonical,50,GPT-2 XL|zsRE|AlphaEdit|NAS|canonical|50,mean_kappa,rewrite,fixed1000,1000,subject_last,1.004885932129493,94.78062325895,rewrite_mean_kappa,#DD8844,1
GPT-2 XL,zsRE,AlphaEdit,NAS,canonical,50,GPT-2 XL|zsRE|AlphaEdit|NAS|canonical|50,mean_abs_norm_deviation,locality,fixed1000,1000,prompt_last,0.0068313472754218,94.78062325895,locality_mean_abs_norm_deviation,#4477AA,1
GPT-2 XL,zsRE,AlphaEdit,NAS,canonical,50,GPT-2 XL|zsRE|AlphaEdit|NAS|canonical|50,mean_abs_norm_deviation,rewrite,fixed1000,1000,subject_last,0.02127526835714088,94.78062325895,rewrite_mean_abs_norm_deviation,#DD8844,1
GPT-2 XL,zsRE,AlphaEdit,NAS,canonical,100,GPT-2 XL|zsRE|AlphaEdit|NAS|canonical|100,mean_q,locality,fixed1000,1000,prompt_last,0.0941230059589576,92.3116711665007,locality_mean_q,#4477AA,1
GPT-2 XL,zsRE,AlphaEdit,NAS,canonical,100,GPT-2 XL|zsRE|AlphaEdit|NAS|canonical|100,mean_q,rewrite,fixed1000,1000,subject_last,0.2233333092725103,92.3116711665007,rewrite_mean_q,#DD8844,1
GPT-2 XL,zsRE,AlphaEdit,NAS,canonical,100,GPT-2 XL|zsRE|AlphaEdit|NAS|canonical|100,mean_kappa,locality,fixed1000,1000,prompt_last,0.9933306737668685,92.3116711665007,locality_mean_kappa,#4477AA,1
GPT-2 XL,zsRE,AlphaEdit,NAS,canonical,100,GPT-2 XL|zsRE|AlphaEdit|NAS|canonical|100,mean_kappa,rewrite,fixed1000,1000,subject_last,1.014716234347243,92.3116711665007,rewrite_mean_kappa,#DD8844,1
GPT-2 XL,zsRE,AlphaEdit,NAS,canonical,100,GPT-2 XL|zsRE|AlphaEdit|NAS|canonical|100,mean_abs_norm_deviation,locality,fixed1000,1000,prompt_last,0.0091397193436598,92.3116711665007,locality_mean_abs_norm_deviation,#4477AA,1
GPT-2 XL,zsRE,AlphaEdit,NAS,canonical,100,GPT-2 XL|zsRE|AlphaEdit|NAS|canonical|100,mean_abs_norm_deviation,rewrite,fixed1000,1000,subject_last,0.03532208099983432,92.3116711665007,rewrite_mean_abs_norm_deviation,#DD8844,1
GPT-2 XL,zsRE,AlphaEdit,NAS,canonical,150,GPT-2 XL|zsRE|AlphaEdit|NAS|canonical|150,mean_q,locality,fixed1000,1000,prompt_last,0.116552162983932,90.17931764241928,locality_mean_q,#4477AA,1
GPT-2 XL,zsRE,AlphaEdit,NAS,canonical,150,GPT-2 XL|zsRE|AlphaEdit|NAS|canonical|150,mean_q,rewrite,fixed1000,1000,subject_last,0.3001350920212982,90.17931764241928,rewrite_mean_q,#DD8844,1
GPT-2 XL,zsRE,AlphaEdit,NAS,canonical,150,GPT-2 XL|zsRE|AlphaEdit|NAS|canonical|150,mean_kappa,locality,fixed1000,1000,prompt_last,0.9922874669624698,90.17931764241928,locality_mean_kappa,#4477AA,1
GPT-2 XL,zsRE,AlphaEdit,NAS,canonical,150,GPT-2 XL|zsRE|AlphaEdit|NAS|canonical|150,mean_kappa,rewrite,fixed1000,1000,subject_last,1.0304022549515786,90.17931764241928,rewrite_mean_kappa,#DD8844,1
GPT-2 XL,zsRE,AlphaEdit,NAS,canonical,150,GPT-2 XL|zsRE|AlphaEdit|NAS|canonical|150,mean_abs_norm_deviation,locality,fixed1000,1000,prompt_last,0.0108890411695279,90.17931764241928,locality_mean_abs_norm_deviation,#4477AA,1
GPT-2 XL,zsRE,AlphaEdit,NAS,canonical,150,GPT-2 XL|zsRE|AlphaEdit|NAS|canonical|150,mean_abs_norm_deviation,rewrite,fixed1000,1000,subject_last,0.0483291140328758,90.17931764241928,rewrite_mean_abs_norm_deviation,#DD8844,1
GPT-2 XL,zsRE,AlphaEdit,NAS,canonical,200,GPT-2 XL|zsRE|AlphaEdit|NAS|canonical|200,mean_q,locality,fixed1000,1000,prompt_last,0.1343964812212793,88.32126895100649,locality_mean_q,#4477AA,1
GPT-2 XL,zsRE,AlphaEdit,NAS,canonical,200,GPT-2 XL|zsRE|AlphaEdit|NAS|canonical|200,mean_q,rewrite,fixed1000,1000,subject_last,0.3658906758075729,88.32126895100649,rewrite_mean_q,#DD8844,1
GPT-2 XL,zsRE,AlphaEdit,NAS,canonical,200,GPT-2 XL|zsRE|AlphaEdit|NAS|canonical|200,mean_kappa,locality,fixed1000,1000,prompt_last,0.9920757095963344,88.32126895100649,locality_mean_kappa,#4477AA,1
GPT-2 XL,zsRE,AlphaEdit,NAS,canonical,200,GPT-2 XL|zsRE|AlphaEdit|NAS|canonical|200,mean_kappa,rewrite,fixed1000,1000,subject_last,1.046698476272066,88.32126895100649,rewrite_mean_kappa,#DD8844,1
GPT-2 XL,zsRE,AlphaEdit,NAS,canonical,200,GPT-2 XL|zsRE|AlphaEdit|NAS|canonical|200,mean_abs_norm_deviation,locality,fixed1000,1000,prompt_last,0.011762036722881,88.32126895100649,locality_mean_abs_norm_deviation,#4477AA,1
GPT-2 XL,zsRE,AlphaEdit,NAS,canonical,200,GPT-2 XL|zsRE|AlphaEdit|NAS|canonical|200,mean_abs_norm_deviation,rewrite,fixed1000,1000,subject_last,0.06201527833286637,88.32126895100649,rewrite_mean_abs_norm_deviation,#DD8844,1
GPT-2 XL,zsRE,AlphaEdit,NAS,canonical,250,GPT-2 XL|zsRE|AlphaEdit|NAS|canonical|250,mean_q,locality,fixed1000,1000,prompt_last,0.1578379732747469,86.36067853160648,locality_mean_q,#4477AA,1
GPT-2 XL,zsRE,AlphaEdit,NAS,canonical,250,GPT-2 XL|zsRE|AlphaEdit|NAS|canonical|250,mean_q,rewrite,fixed1000,1000,subject_last,0.4230616483872327,86.36067853160648,rewrite_mean_q,#DD8844,1
GPT-2 XL,zsRE,AlphaEdit,NAS,canonical,250,GPT-2 XL|zsRE|AlphaEdit|NAS|canonical|250,mean_kappa,locality,fixed1000,1000,prompt_last,0.993030734040459,86.36067853160648,locality_mean_kappa,#4477AA,1
GPT-2 XL,zsRE,AlphaEdit,NAS,canonical,250,GPT-2 XL|zsRE|AlphaEdit|NAS|canonical|250,mean_kappa,rewrite,fixed1000,1000,subject_last,1.066261981024295,86.36067853160648,rewrite_mean_kappa,#DD8844,1
GPT-2 XL,zsRE,AlphaEdit,NAS,canonical,250,GPT-2 XL|zsRE|AlphaEdit|NAS|canonical|250,mean_abs_norm_deviation,locality,fixed1000,1000,prompt_last,0.0118840518608334,86.36067853160648,locality_mean_abs_norm_deviation,#4477AA,1
GPT-2 XL,zsRE,AlphaEdit,NAS,canonical,250,GPT-2 XL|zsRE|AlphaEdit|NAS|canonical|250,mean_abs_norm_deviation,rewrite,fixed1000,1000,subject_last,0.0764971693127155,86.36067853160648,rewrite_mean_abs_norm_deviation,#DD8844,1
GPT-2 XL,zsRE,AlphaEdit,NAS,canonical,300,GPT-2 XL|zsRE|AlphaEdit|NAS|canonical|300,mean_q,locality,fixed1000,1000,prompt_last,0.1756878305493977,84.86659949803867,locality_mean_q,#4477AA,1
GPT-2 XL,zsRE,AlphaEdit,NAS,canonical,300,GPT-2 XL|zsRE|AlphaEdit|NAS|canonical|300,mean_q,rewrite,fixed1000,1000,subject_last,0.47094857535677875,84.86659949803867,rewrite_mean_q,#DD8844,1
GPT-2 XL,zsRE,AlphaEdit,NAS,canonical,300,GPT-2 XL|zsRE|AlphaEdit|NAS|canonical|300,mean_kappa,locality,fixed1000,1000,prompt_last,0.9931926747112824,84.86659949803867,locality_mean_kappa,#4477AA,1
GPT-2 XL,zsRE,AlphaEdit,NAS,canonical,300,GPT-2 XL|zsRE|AlphaEdit|NAS|canonical|300,mean_kappa,rewrite,fixed1000,1000,subject_last,1.0841187443338618,84.86659949803867,rewrite_mean_kappa,#DD8844,1
GPT-2 XL,zsRE,AlphaEdit,NAS,canonical,300,GPT-2 XL|zsRE|AlphaEdit|NAS|canonical|300,mean_abs_norm_deviation,locality,fixed1000,1000,prompt_last,0.0124775923114504,84.86659949803867,locality_mean_abs_norm_deviation,#4477AA,1
GPT-2 XL,zsRE,AlphaEdit,NAS,canonical,300,GPT-2 XL|zsRE|AlphaEdit|NAS|canonical|300,mean_abs_norm_deviation,rewrite,fixed1000,1000,subject_last,0.09175718769701519,84.86659949803867,rewrite_mean_abs_norm_deviation,#DD8844,1
GPT-2 XL,zsRE,AlphaEdit,NAS,canonical,500,GPT-2 XL|zsRE|AlphaEdit|NAS|canonical|500,mean_q,locality,fixed1000,1000,prompt_last,0.2210183350939443,79.05482402258677,locality_mean_q,#4477AA,1
GPT-2 XL,zsRE,AlphaEdit,NAS,canonical,500,GPT-2 XL|zsRE|AlphaEdit|NAS|canonical|500,mean_q,rewrite,fixed1000,1000,subject_last,0.6243697646279318,79.05482402258677,rewrite_mean_q,#DD8844,1
GPT-2 XL,zsRE,AlphaEdit,NAS,canonical,500,GPT-2 XL|zsRE|AlphaEdit|NAS|canonical|500,mean_kappa,locality,fixed1000,1000,prompt_last,0.9977763637765548,79.05482402258677,locality_mean_kappa,#4477AA,1
GPT-2 XL,zsRE,AlphaEdit,NAS,canonical,500,GPT-2 XL|zsRE|AlphaEdit|NAS|canonical|500,mean_kappa,rewrite,fixed1000,1000,subject_last,1.1477146195967456,79.05482402258677,rewrite_mean_kappa,#DD8844,1
GPT-2 XL,zsRE,AlphaEdit,NAS,canonical,500,GPT-2 XL|zsRE|AlphaEdit|NAS|canonical|500,mean_abs_norm_deviation,locality,fixed1000,1000,prompt_last,0.0140880524110927,79.05482402258677,locality_mean_abs_norm_deviation,#4477AA,1
GPT-2 XL,zsRE,AlphaEdit,NAS,canonical,500,GPT-2 XL|zsRE|AlphaEdit|NAS|canonical|500,mean_abs_norm_deviation,rewrite,fixed1000,1000,subject_last,0.150010722270144,79.05482402258677,rewrite_mean_abs_norm_deviation,#DD8844,1
GPT-2 XL,zsRE,AlphaEdit,NAS,canonical,750,GPT-2 XL|zsRE|AlphaEdit|NAS|canonical|750,mean_q,locality,fixed1000,1000,prompt_last,0.2615268794658136,75.12191176146825,locality_mean_q,#4477AA,1
GPT-2 XL,zsRE,AlphaEdit,NAS,canonical,750,GPT-2 XL|zsRE|AlphaEdit|NAS|canonical|750,mean_q,rewrite,fixed1000,1000,subject_last,0.7691359589063713,75.12191176146825,rewrite_mean_q,#DD8844,1
GPT-2 XL,zsRE,AlphaEdit,NAS,canonical,750,GPT-2 XL|zsRE|AlphaEdit|NAS|canonical|750,mean_kappa,locality,fixed1000,1000,prompt_last,1.00506711925507,75.12191176146825,locality_mean_kappa,#4477AA,1
GPT-2 XL,zsRE,AlphaEdit,NAS,canonical,750,GPT-2 XL|zsRE|AlphaEdit|NAS|canonical|750,mean_kappa,rewrite,fixed1000,1000,subject_last,1.2193490335934896,75.12191176146825,rewrite_mean_kappa,#DD8844,1
GPT-2 XL,zsRE,AlphaEdit,NAS,canonical,750,GPT-2 XL|zsRE|AlphaEdit|NAS|canonical|750,mean_abs_norm_deviation,locality,fixed1000,1000,prompt_last,0.0175443787870427,75.12191176146825,locality_mean_abs_norm_deviation,#4477AA,1
GPT-2 XL,zsRE,AlphaEdit,NAS,canonical,750,GPT-2 XL|zsRE|AlphaEdit|NAS|canonical|750,mean_abs_norm_deviation,rewrite,fixed1000,1000,subject_last,0.2200874439846862,75.12191176146825,rewrite_mean_abs_norm_deviation,#DD8844,1
GPT-2 XL,zsRE,AlphaEdit,NAS,canonical,1000,GPT-2 XL|zsRE|AlphaEdit|NAS|canonical|1000,mean_q,locality,fixed1000,1000,prompt_last,0.3005371765491915,71.57744566584532,locality_mean_q,#4477AA,1
GPT-2 XL,zsRE,AlphaEdit,NAS,canonical,1000,GPT-2 XL|zsRE|AlphaEdit|NAS|canonical|1000,mean_q,rewrite,fixed1000,1000,subject_last,0.8848815715380465,71.57744566584532,rewrite_mean_q,#DD8844,1
GPT-2 XL,zsRE,AlphaEdit,NAS,canonical,1000,GPT-2 XL|zsRE|AlphaEdit|NAS|canonical|1000,mean_kappa,locality,fixed1000,1000,prompt_last,1.013658023569858,71.57744566584532,locality_mean_kappa,#4477AA,1
GPT-2 XL,zsRE,AlphaEdit,NAS,canonical,1000,GPT-2 XL|zsRE|AlphaEdit|NAS|canonical|1000,mean_kappa,rewrite,fixed1000,1000,subject_last,1.2805505593229562,71.57744566584532,rewrite_mean_kappa,#DD8844,1
GPT-2 XL,zsRE,AlphaEdit,NAS,canonical,1000,GPT-2 XL|zsRE|AlphaEdit|NAS|canonical|1000,mean_abs_norm_deviation,locality,fixed1000,1000,prompt_last,0.0220192693931121,71.57744566584532,locality_mean_abs_norm_deviation,#4477AA,1
GPT-2 XL,zsRE,AlphaEdit,NAS,canonical,1000,GPT-2 XL|zsRE|AlphaEdit|NAS|canonical|1000,mean_abs_norm_deviation,rewrite,fixed1000,1000,subject_last,0.2805505593229562,71.57744566584532,rewrite_mean_abs_norm_deviation,#DD8844,1
GPT-2 XL,zsRE,AlphaEdit,Native,canonical,50,GPT-2 XL|zsRE|AlphaEdit|Native|canonical|50,mean_q,locality,fixed1000,1000,prompt_last,0.0652075847771052,94.33550728651882,locality_mean_q,#4477AA,1
GPT-2 XL,zsRE,AlphaEdit,Native,canonical,50,GPT-2 XL|zsRE|AlphaEdit|Native|canonical|50,mean_q,rewrite,fixed1000,1000,subject_last,0.13868709762112855,94.33550728651882,rewrite_mean_q,#DD8844,1
GPT-2 XL,zsRE,AlphaEdit,Native,canonical,50,GPT-2 XL|zsRE|AlphaEdit|Native|canonical|50,mean_kappa,locality,fixed1000,1000,prompt_last,0.9944029479239516,94.33550728651882,locality_mean_kappa,#4477AA,1
GPT-2 XL,zsRE,AlphaEdit,Native,canonical,50,GPT-2 XL|zsRE|AlphaEdit|Native|canonical|50,mean_kappa,rewrite,fixed1000,1000,subject_last,1.0042970604108739,94.33550728651882,rewrite_mean_kappa,#DD8844,1
GPT-2 XL,zsRE,AlphaEdit,Native,canonical,50,GPT-2 XL|zsRE|AlphaEdit|Native|canonical|50,mean_abs_norm_deviation,locality,fixed1000,1000,prompt_last,0.006972949892352,94.33550728651882,locality_mean_abs_norm_deviation,#4477AA,1
GPT-2 XL,zsRE,AlphaEdit,Native,canonical,50,GPT-2 XL|zsRE|AlphaEdit|Native|canonical|50,mean_abs_norm_deviation,rewrite,fixed1000,1000,subject_last,0.020786226589288654,94.33550728651882,rewrite_mean_abs_norm_deviation,#DD8844,1
GPT-2 XL,zsRE,AlphaEdit,Native,canonical,100,GPT-2 XL|zsRE|AlphaEdit|Native|canonical|100,mean_q,locality,fixed1000,1000,prompt_last,0.0960910130092114,91.760572680427,locality_mean_q,#4477AA,1
GPT-2 XL,zsRE,AlphaEdit,Native,canonical,100,GPT-2 XL|zsRE|AlphaEdit|Native|canonical|100,mean_q,rewrite,fixed1000,1000,subject_last,0.22337292484411864,91.760572680427,rewrite_mean_q,#DD8844,1
GPT-2 XL,zsRE,AlphaEdit,Native,canonical,100,GPT-2 XL|zsRE|AlphaEdit|Native|canonical|100,mean_kappa,locality,fixed1000,1000,prompt_last,0.9925038545863172,91.760572680427,locality_mean_kappa,#4477AA,1
GPT-2 XL,zsRE,AlphaEdit,Native,canonical,100,GPT-2 XL|zsRE|AlphaEdit|Native|canonical|100,mean_kappa,rewrite,fixed1000,1000,subject_last,1.0130974081002233,91.760572680427,rewrite_mean_kappa,#DD8844,1
GPT-2 XL,zsRE,AlphaEdit,Native,canonical,100,GPT-2 XL|zsRE|AlphaEdit|Native|canonical|100,mean_abs_norm_deviation,locality,fixed1000,1000,prompt_last,0.0098189624700829,91.760572680427,locality_mean_abs_norm_deviation,#4477AA,1
GPT-2 XL,zsRE,AlphaEdit,Native,canonical,100,GPT-2 XL|zsRE|AlphaEdit|Native|canonical|100,mean_abs_norm_deviation,rewrite,fixed1000,1000,subject_last,0.03505004963296213,91.760572680427,rewrite_mean_abs_norm_deviation,#DD8844,1
GPT-2 XL,zsRE,AlphaEdit,Native,canonical,150,GPT-2 XL|zsRE|AlphaEdit|Native|canonical|150,mean_q,locality,fixed1000,1000,prompt_last,0.119179515226799,89.34524270798603,locality_mean_q,#4477AA,1
GPT-2 XL,zsRE,AlphaEdit,Native,canonical,150,GPT-2 XL|zsRE|AlphaEdit|Native|canonical|150,mean_q,rewrite,fixed1000,1000,subject_last,0.2978260434291191,89.34524270798603,rewrite_mean_q,#DD8844,1
GPT-2 XL,zsRE,AlphaEdit,Native,canonical,150,GPT-2 XL|zsRE|AlphaEdit|Native|canonical|150,mean_kappa,locality,fixed1000,1000,prompt_last,0.991593986728556,89.34524270798603,locality_mean_kappa,#4477AA,1
GPT-2 XL,zsRE,AlphaEdit,Native,canonical,150,GPT-2 XL|zsRE|AlphaEdit|Native|canonical|150,mean_kappa,rewrite,fixed1000,1000,subject_last,1.0281270942147918,89.34524270798603,rewrite_mean_kappa,#DD8844,1
GPT-2 XL,zsRE,AlphaEdit,Native,canonical,150,GPT-2 XL|zsRE|AlphaEdit|Native|canonical|150,mean_abs_norm_deviation,locality,fixed1000,1000,prompt_last,0.0113148895915576,89.34524270798603,locality_mean_abs_norm_deviation,#4477AA,1
GPT-2 XL,zsRE,AlphaEdit,Native,canonical,150,GPT-2 XL|zsRE|AlphaEdit|Native|canonical|150,mean_abs_norm_deviation,rewrite,fixed1000,1000,subject_last,0.04738035390412468,89.34524270798603,rewrite_mean_abs_norm_deviation,#DD8844,1
GPT-2 XL,zsRE,AlphaEdit,Native,canonical,200,GPT-2 XL|zsRE|AlphaEdit|Native|canonical|200,mean_q,locality,fixed1000,1000,prompt_last,0.1362874534792667,87.68046096292396,locality_mean_q,#4477AA,1
GPT-2 XL,zsRE,AlphaEdit,Native,canonical,200,GPT-2 XL|zsRE|AlphaEdit|Native|canonical|200,mean_q,rewrite,fixed1000,1000,subject_last,0.3621587468752855,87.68046096292396,rewrite_mean_q,#DD8844,1
GPT-2 XL,zsRE,AlphaEdit,Native,canonical,200,GPT-2 XL|zsRE|AlphaEdit|Native|canonical|200,mean_kappa,locality,fixed1000,1000,prompt_last,0.9911129273075536,87.68046096292396,locality_mean_kappa,#4477AA,1
GPT-2 XL,zsRE,AlphaEdit,Native,canonical,200,GPT-2 XL|zsRE|AlphaEdit|Native|canonical|200,mean_kappa,rewrite,fixed1000,1000,subject_last,1.0432004403464692,87.68046096292396,rewrite_mean_kappa,#DD8844,1
GPT-2 XL,zsRE,AlphaEdit,Native,canonical,200,GPT-2 XL|zsRE|AlphaEdit|Native|canonical|200,mean_abs_norm_deviation,locality,fixed1000,1000,prompt_last,0.0122333723166651,87.68046096292396,locality_mean_abs_norm_deviation,#4477AA,1
GPT-2 XL,zsRE,AlphaEdit,Native,canonical,200,GPT-2 XL|zsRE|AlphaEdit|Native|canonical|200,mean_abs_norm_deviation,rewrite,fixed1000,1000,subject_last,0.06038711651912168,87.68046096292396,rewrite_mean_abs_norm_deviation,#DD8844,1
GPT-2 XL,zsRE,AlphaEdit,Native,canonical,250,GPT-2 XL|zsRE|AlphaEdit|Native|canonical|250,mean_q,locality,fixed1000,1000,prompt_last,0.1588790121290079,86.31169809242306,locality_mean_q,#4477AA,1
GPT-2 XL,zsRE,AlphaEdit,Native,canonical,250,GPT-2 XL|zsRE|AlphaEdit|Native|canonical|250,mean_q,rewrite,fixed1000,1000,subject_last,0.416280525989472,86.31169809242306,rewrite_mean_q,#DD8844,1
GPT-2 XL,zsRE,AlphaEdit,Native,canonical,250,GPT-2 XL|zsRE|AlphaEdit|Native|canonical|250,mean_kappa,locality,fixed1000,1000,prompt_last,0.9914750581690632,86.31169809242306,locality_mean_kappa,#4477AA,1
GPT-2 XL,zsRE,AlphaEdit,Native,canonical,250,GPT-2 XL|zsRE|AlphaEdit|Native|canonical|250,mean_kappa,rewrite,fixed1000,1000,subject_last,1.0603485416446874,86.31169809242306,rewrite_mean_kappa,#DD8844,1
GPT-2 XL,zsRE,AlphaEdit,Native,canonical,250,GPT-2 XL|zsRE|AlphaEdit|Native|canonical|250,mean_abs_norm_deviation,locality,fixed1000,1000,prompt_last,0.0125391941938183,86.31169809242306,locality_mean_abs_norm_deviation,#4477AA,1
GPT-2 XL,zsRE,AlphaEdit,Native,canonical,250,GPT-2 XL|zsRE|AlphaEdit|Native|canonical|250,mean_abs_norm_deviation,rewrite,fixed1000,1000,subject_last,0.07217064297535937,86.31169809242306,rewrite_mean_abs_norm_deviation,#DD8844,1
GPT-2 XL,zsRE,AlphaEdit,Native,canonical,300,GPT-2 XL|zsRE|AlphaEdit|Native|canonical|300,mean_q,locality,fixed1000,1000,prompt_last,0.1772146985026285,83.19877163853432,locality_mean_q,#4477AA,1
GPT-2 XL,zsRE,AlphaEdit,Native,canonical,300,GPT-2 XL|zsRE|AlphaEdit|Native|canonical|300,mean_q,rewrite,fixed1000,1000,subject_last,0.46321137600374507,83.19877163853432,rewrite_mean_q,#DD8844,1
GPT-2 XL,zsRE,AlphaEdit,Native,canonical,300,GPT-2 XL|zsRE|AlphaEdit|Native|canonical|300,mean_kappa,locality,fixed1000,1000,prompt_last,0.991864312835808,83.19877163853432,locality_mean_kappa,#4477AA,1
GPT-2 XL,zsRE,AlphaEdit,Native,canonical,300,GPT-2 XL|zsRE|AlphaEdit|Native|canonical|300,mean_kappa,rewrite,fixed1000,1000,subject_last,1.0761472854177008,83.19877163853432,rewrite_mean_kappa,#DD8844,1
GPT-2 XL,zsRE,AlphaEdit,Native,canonical,300,GPT-2 XL|zsRE|AlphaEdit|Native|canonical|300,mean_abs_norm_deviation,locality,fixed1000,1000,prompt_last,0.0130728439431716,83.19877163853432,locality_mean_abs_norm_deviation,#4477AA,1
GPT-2 XL,zsRE,AlphaEdit,Native,canonical,300,GPT-2 XL|zsRE|AlphaEdit|Native|canonical|300,mean_abs_norm_deviation,rewrite,fixed1000,1000,subject_last,0.08534440051781131,83.19877163853432,rewrite_mean_abs_norm_deviation,#DD8844,1
GPT-2 XL,zsRE,AlphaEdit,Native,canonical,500,GPT-2 XL|zsRE|AlphaEdit|Native|canonical|500,mean_q,locality,fixed1000,1000,prompt_last,0.224612138881079,78.36033075409226,locality_mean_q,#4477AA,1
GPT-2 XL,zsRE,AlphaEdit,Native,canonical,500,GPT-2 XL|zsRE|AlphaEdit|Native|canonical|500,mean_q,rewrite,fixed1000,1000,subject_last,0.6087815597781662,78.36033075409226,rewrite_mean_q,#DD8844,1
GPT-2 XL,zsRE,AlphaEdit,Native,canonical,500,GPT-2 XL|zsRE|AlphaEdit|Native|canonical|500,mean_kappa,locality,fixed1000,1000,prompt_last,0.9968217227356656,78.36033075409226,locality_mean_kappa,#4477AA,1
GPT-2 XL,zsRE,AlphaEdit,Native,canonical,500,GPT-2 XL|zsRE|AlphaEdit|Native|canonical|500,mean_kappa,rewrite,fixed1000,1000,subject_last,1.1348456510731113,78.36033075409226,rewrite_mean_kappa,#DD8844,1
GPT-2 XL,zsRE,AlphaEdit,Native,canonical,500,GPT-2 XL|zsRE|AlphaEdit|Native|canonical|500,mean_abs_norm_deviation,locality,fixed1000,1000,prompt_last,0.0143865337560914,78.36033075409226,locality_mean_abs_norm_deviation,#4477AA,1
GPT-2 XL,zsRE,AlphaEdit,Native,canonical,500,GPT-2 XL|zsRE|AlphaEdit|Native|canonical|500,mean_abs_norm_deviation,rewrite,fixed1000,1000,subject_last,0.13801239231865414,78.36033075409226,rewrite_mean_abs_norm_deviation,#DD8844,1
GPT-2 XL,zsRE,AlphaEdit,Native,canonical,750,GPT-2 XL|zsRE|AlphaEdit|Native|canonical|750,mean_q,locality,fixed1000,1000,prompt_last,0.2685170511811718,73.37608199277854,locality_mean_q,#4477AA,1
GPT-2 XL,zsRE,AlphaEdit,Native,canonical,750,GPT-2 XL|zsRE|AlphaEdit|Native|canonical|750,mean_q,rewrite,fixed1000,1000,subject_last,0.7479325026428864,73.37608199277854,rewrite_mean_q,#DD8844,1
GPT-2 XL,zsRE,AlphaEdit,Native,canonical,750,GPT-2 XL|zsRE|AlphaEdit|Native|canonical|750,mean_kappa,locality,fixed1000,1000,prompt_last,1.0058133581517077,73.37608199277854,locality_mean_kappa,#4477AA,1
GPT-2 XL,zsRE,AlphaEdit,Native,canonical,750,GPT-2 XL|zsRE|AlphaEdit|Native|canonical|750,mean_kappa,rewrite,fixed1000,1000,subject_last,1.2023145629750984,73.37608199277854,rewrite_mean_kappa,#DD8844,1
GPT-2 XL,zsRE,AlphaEdit,Native,canonical,750,GPT-2 XL|zsRE|AlphaEdit|Native|canonical|750,mean_abs_norm_deviation,locality,fixed1000,1000,prompt_last,0.0178922772840976,73.37608199277854,locality_mean_abs_norm_deviation,#4477AA,1
GPT-2 XL,zsRE,AlphaEdit,Native,canonical,750,GPT-2 XL|zsRE|AlphaEdit|Native|canonical|750,mean_abs_norm_deviation,rewrite,fixed1000,1000,subject_last,0.20310782556207296,73.37608199277854,rewrite_mean_abs_norm_deviation,#DD8844,1
GPT-2 XL,zsRE,AlphaEdit,Native,canonical,1000,GPT-2 XL|zsRE|AlphaEdit|Native|canonical|1000,mean_q,locality,fixed1000,1000,prompt_last,0.3086853508081536,68.81093778696157,locality_mean_q,#4477AA,1
GPT-2 XL,zsRE,AlphaEdit,Native,canonical,1000,GPT-2 XL|zsRE|AlphaEdit|Native|canonical|1000,mean_q,rewrite,fixed1000,1000,subject_last,0.8631130716715395,68.81093778696157,rewrite_mean_q,#DD8844,1
GPT-2 XL,zsRE,AlphaEdit,Native,canonical,1000,GPT-2 XL|zsRE|AlphaEdit|Native|canonical|1000,mean_kappa,locality,fixed1000,1000,prompt_last,1.0152473439607084,68.81093778696157,locality_mean_kappa,#4477AA,1
GPT-2 XL,zsRE,AlphaEdit,Native,canonical,1000,GPT-2 XL|zsRE|AlphaEdit|Native|canonical|1000,mean_kappa,rewrite,fixed1000,1000,subject_last,1.261944770397498,68.81093778696157,rewrite_mean_kappa,#DD8844,1
GPT-2 XL,zsRE,AlphaEdit,Native,canonical,1000,GPT-2 XL|zsRE|AlphaEdit|Native|canonical|1000,mean_abs_norm_deviation,locality,fixed1000,1000,prompt_last,0.0228899331913361,68.81093778696157,locality_mean_abs_norm_deviation,#4477AA,1
GPT-2 XL,zsRE,AlphaEdit,Native,canonical,1000,GPT-2 XL|zsRE|AlphaEdit|Native|canonical|1000,mean_abs_norm_deviation,rewrite,fixed1000,1000,subject_last,0.26194477039749775,68.81093778696157,rewrite_mean_abs_norm_deviation,#DD8844,1
GPT-2 XL,zsRE,AlphaEdit,SADR,canonical,50,GPT-2 XL|zsRE|AlphaEdit|SADR|canonical|50,mean_q,locality,fixed1000,1000,prompt_last,0.0619906136430784,94.79583406702616,locality_mean_q,#4477AA,1
GPT-2 XL,zsRE,AlphaEdit,SADR,canonical,50,GPT-2 XL|zsRE|AlphaEdit|SADR|canonical|50,mean_q,rewrite,fixed1000,1000,subject_last,0.13280056831393078,94.79583406702616,rewrite_mean_q,#DD8844,1
GPT-2 XL,zsRE,AlphaEdit,SADR,canonical,50,GPT-2 XL|zsRE|AlphaEdit|SADR|canonical|50,mean_kappa,locality,fixed1000,1000,prompt_last,0.995718276995142,94.79583406702616,locality_mean_kappa,#4477AA,1
GPT-2 XL,zsRE,AlphaEdit,SADR,canonical,50,GPT-2 XL|zsRE|AlphaEdit|SADR|canonical|50,mean_kappa,rewrite,fixed1000,1000,subject_last,1.0072555877927554,94.79583406702616,rewrite_mean_kappa,#DD8844,1
GPT-2 XL,zsRE,AlphaEdit,SADR,canonical,50,GPT-2 XL|zsRE|AlphaEdit|SADR|canonical|50,mean_abs_norm_deviation,locality,fixed1000,1000,prompt_last,0.0051418438581573,94.79583406702616,locality_mean_abs_norm_deviation,#4477AA,1
GPT-2 XL,zsRE,AlphaEdit,SADR,canonical,50,GPT-2 XL|zsRE|AlphaEdit|SADR|canonical|50,mean_abs_norm_deviation,rewrite,fixed1000,1000,subject_last,0.01831107748447112,94.79583406702616,rewrite_mean_abs_norm_deviation,#DD8844,1
GPT-2 XL,zsRE,AlphaEdit,SADR,canonical,100,GPT-2 XL|zsRE|AlphaEdit|SADR|canonical|100,mean_q,locality,fixed1000,1000,prompt_last,0.092522520830555,92.6392577451561,locality_mean_q,#4477AA,1
GPT-2 XL,zsRE,AlphaEdit,SADR,canonical,100,GPT-2 XL|zsRE|AlphaEdit|SADR|canonical|100,mean_q,rewrite,fixed1000,1000,subject_last,0.21380682453048405,92.6392577451561,rewrite_mean_q,#DD8844,1
GPT-2 XL,zsRE,AlphaEdit,SADR,canonical,100,GPT-2 XL|zsRE|AlphaEdit|SADR|canonical|100,mean_kappa,locality,fixed1000,1000,prompt_last,0.9947737379336212,92.6392577451561,locality_mean_kappa,#4477AA,1
GPT-2 XL,zsRE,AlphaEdit,SADR,canonical,100,GPT-2 XL|zsRE|AlphaEdit|SADR|canonical|100,mean_kappa,rewrite,fixed1000,1000,subject_last,1.0180498053678404,92.6392577451561,rewrite_mean_kappa,#DD8844,1
GPT-2 XL,zsRE,AlphaEdit,SADR,canonical,100,GPT-2 XL|zsRE|AlphaEdit|SADR|canonical|100,mean_abs_norm_deviation,locality,fixed1000,1000,prompt_last,0.0070838474920272,92.6392577451561,locality_mean_abs_norm_deviation,#4477AA,1
GPT-2 XL,zsRE,AlphaEdit,SADR,canonical,100,GPT-2 XL|zsRE|AlphaEdit|SADR|canonical|100,mean_abs_norm_deviation,rewrite,fixed1000,1000,subject_last,0.032195625900539204,92.6392577451561,rewrite_mean_abs_norm_deviation,#DD8844,1
GPT-2 XL,zsRE,AlphaEdit,SADR,canonical,150,GPT-2 XL|zsRE|AlphaEdit|SADR|canonical|150,mean_q,locality,fixed1000,1000,prompt_last,0.1139442009093089,90.83023706725429,locality_mean_q,#4477AA,1
GPT-2 XL,zsRE,AlphaEdit,SADR,canonical,150,GPT-2 XL|zsRE|AlphaEdit|SADR|canonical|150,mean_q,rewrite,fixed1000,1000,subject_last,0.2852970761442966,90.83023706725429,rewrite_mean_q,#DD8844,1
GPT-2 XL,zsRE,AlphaEdit,SADR,canonical,150,GPT-2 XL|zsRE|AlphaEdit|SADR|canonical|150,mean_kappa,locality,fixed1000,1000,prompt_last,0.9950385281001064,90.83023706725429,locality_mean_kappa,#4477AA,1
GPT-2 XL,zsRE,AlphaEdit,SADR,canonical,150,GPT-2 XL|zsRE|AlphaEdit|SADR|canonical|150,mean_kappa,rewrite,fixed1000,1000,subject_last,1.0344191993488279,90.83023706725429,rewrite_mean_kappa,#DD8844,1
GPT-2 XL,zsRE,AlphaEdit,SADR,canonical,150,GPT-2 XL|zsRE|AlphaEdit|SADR|canonical|150,mean_abs_norm_deviation,locality,fixed1000,1000,prompt_last,0.0075998645604849,90.83023706725429,locality_mean_abs_norm_deviation,#4477AA,1
GPT-2 XL,zsRE,AlphaEdit,SADR,canonical,150,GPT-2 XL|zsRE|AlphaEdit|SADR|canonical|150,mean_abs_norm_deviation,rewrite,fixed1000,1000,subject_last,0.0453595332061184,90.83023706725429,rewrite_mean_abs_norm_deviation,#DD8844,1
GPT-2 XL,zsRE,AlphaEdit,SADR,canonical,200,GPT-2 XL|zsRE|AlphaEdit|SADR|canonical|200,mean_q,locality,fixed1000,1000,prompt_last,0.1308239841285562,89.78763659626735,locality_mean_q,#4477AA,1
GPT-2 XL,zsRE,AlphaEdit,SADR,canonical,200,GPT-2 XL|zsRE|AlphaEdit|SADR|canonical|200,mean_q,rewrite,fixed1000,1000,subject_last,0.348423280360335,89.78763659626735,rewrite_mean_q,#DD8844,1
GPT-2 XL,zsRE,AlphaEdit,SADR,canonical,200,GPT-2 XL|zsRE|AlphaEdit|SADR|canonical|200,mean_kappa,locality,fixed1000,1000,prompt_last,0.9951056367753006,89.78763659626735,locality_mean_kappa,#4477AA,1
GPT-2 XL,zsRE,AlphaEdit,SADR,canonical,200,GPT-2 XL|zsRE|AlphaEdit|SADR|canonical|200,mean_kappa,rewrite,fixed1000,1000,subject_last,1.0500183482695153,89.78763659626735,rewrite_mean_kappa,#DD8844,1
GPT-2 XL,zsRE,AlphaEdit,SADR,canonical,200,GPT-2 XL|zsRE|AlphaEdit|SADR|canonical|200,mean_abs_norm_deviation,locality,fixed1000,1000,prompt_last,0.0080858294763818,89.78763659626735,locality_mean_abs_norm_deviation,#4477AA,1
GPT-2 XL,zsRE,AlphaEdit,SADR,canonical,200,GPT-2 XL|zsRE|AlphaEdit|SADR|canonical|200,mean_abs_norm_deviation,rewrite,fixed1000,1000,subject_last,0.060034304237041675,89.78763659626735,rewrite_mean_abs_norm_deviation,#DD8844,1
GPT-2 XL,zsRE,AlphaEdit,SADR,canonical,250,GPT-2 XL|zsRE|AlphaEdit|SADR|canonical|250,mean_q,locality,fixed1000,1000,prompt_last,0.1505798837707747,86.83337443602709,locality_mean_q,#4477AA,1
GPT-2 XL,zsRE,AlphaEdit,SADR,canonical,250,GPT-2 XL|zsRE|AlphaEdit|SADR|canonical|250,mean_q,rewrite,fixed1000,1000,subject_last,0.40156823555811555,86.83337443602709,rewrite_mean_q,#DD8844,1
GPT-2 XL,zsRE,AlphaEdit,SADR,canonical,250,GPT-2 XL|zsRE|AlphaEdit|SADR|canonical|250,mean_kappa,locality,fixed1000,1000,prompt_last,0.9958689200789496,86.83337443602709,locality_mean_kappa,#4477AA,1
GPT-2 XL,zsRE,AlphaEdit,SADR,canonical,250,GPT-2 XL|zsRE|AlphaEdit|SADR|canonical|250,mean_kappa,rewrite,fixed1000,1000,subject_last,1.0669203182909224,86.83337443602709,rewrite_mean_kappa,#DD8844,1
GPT-2 XL,zsRE,AlphaEdit,SADR,canonical,250,GPT-2 XL|zsRE|AlphaEdit|SADR|canonical|250,mean_abs_norm_deviation,locality,fixed1000,1000,prompt_last,0.0088040171733648,86.83337443602709,locality_mean_abs_norm_deviation,#4477AA,1
GPT-2 XL,zsRE,AlphaEdit,SADR,canonical,250,GPT-2 XL|zsRE|AlphaEdit|SADR|canonical|250,mean_abs_norm_deviation,rewrite,fixed1000,1000,subject_last,0.07423328009423077,86.83337443602709,rewrite_mean_abs_norm_deviation,#DD8844,1
GPT-2 XL,zsRE,AlphaEdit,SADR,canonical,300,GPT-2 XL|zsRE|AlphaEdit|SADR|canonical|300,mean_q,locality,fixed1000,1000,prompt_last,0.1657074358648794,85.77180232596359,locality_mean_q,#4477AA,1
GPT-2 XL,zsRE,AlphaEdit,SADR,canonical,300,GPT-2 XL|zsRE|AlphaEdit|SADR|canonical|300,mean_q,rewrite,fixed1000,1000,subject_last,0.44995704943908366,85.77180232596359,rewrite_mean_q,#DD8844,1
GPT-2 XL,zsRE,AlphaEdit,SADR,canonical,300,GPT-2 XL|zsRE|AlphaEdit|SADR|canonical|300,mean_kappa,locality,fixed1000,1000,prompt_last,0.9962010819541212,85.77180232596359,locality_mean_kappa,#4477AA,1
GPT-2 XL,zsRE,AlphaEdit,SADR,canonical,300,GPT-2 XL|zsRE|AlphaEdit|SADR|canonical|300,mean_kappa,rewrite,fixed1000,1000,subject_last,1.084616860642011,85.77180232596359,rewrite_mean_kappa,#DD8844,1
GPT-2 XL,zsRE,AlphaEdit,SADR,canonical,300,GPT-2 XL|zsRE|AlphaEdit|SADR|canonical|300,mean_abs_norm_deviation,locality,fixed1000,1000,prompt_last,0.0096773000756266,85.77180232596359,locality_mean_abs_norm_deviation,#4477AA,1
GPT-2 XL,zsRE,AlphaEdit,SADR,canonical,300,GPT-2 XL|zsRE|AlphaEdit|SADR|canonical|300,mean_abs_norm_deviation,rewrite,fixed1000,1000,subject_last,0.0902501928424584,85.77180232596359,rewrite_mean_abs_norm_deviation,#DD8844,1
GPT-2 XL,zsRE,AlphaEdit,SADR,canonical,500,GPT-2 XL|zsRE|AlphaEdit|SADR|canonical|500,mean_q,locality,fixed1000,1000,prompt_last,0.2096622846846003,82.3177854533509,locality_mean_q,#4477AA,1
GPT-2 XL,zsRE,AlphaEdit,SADR,canonical,500,GPT-2 XL|zsRE|AlphaEdit|SADR|canonical|500,mean_q,rewrite,fixed1000,1000,subject_last,0.6059355116018765,82.3177854533509,rewrite_mean_q,#DD8844,1
GPT-2 XL,zsRE,AlphaEdit,SADR,canonical,500,GPT-2 XL|zsRE|AlphaEdit|SADR|canonical|500,mean_kappa,locality,fixed1000,1000,prompt_last,0.9997950342779692,82.3177854533509,locality_mean_kappa,#4477AA,1
GPT-2 XL,zsRE,AlphaEdit,SADR,canonical,500,GPT-2 XL|zsRE|AlphaEdit|SADR|canonical|500,mean_kappa,rewrite,fixed1000,1000,subject_last,1.148210687835358,82.3177854533509,rewrite_mean_kappa,#DD8844,1
GPT-2 XL,zsRE,AlphaEdit,SADR,canonical,500,GPT-2 XL|zsRE|AlphaEdit|SADR|canonical|500,mean_abs_norm_deviation,locality,fixed1000,1000,prompt_last,0.0113143733667799,82.3177854533509,locality_mean_abs_norm_deviation,#4477AA,1
GPT-2 XL,zsRE,AlphaEdit,SADR,canonical,500,GPT-2 XL|zsRE|AlphaEdit|SADR|canonical|500,mean_abs_norm_deviation,rewrite,fixed1000,1000,subject_last,0.1501767804084938,82.3177854533509,rewrite_mean_abs_norm_deviation,#DD8844,1
GPT-2 XL,zsRE,AlphaEdit,SADR,canonical,750,GPT-2 XL|zsRE|AlphaEdit|SADR|canonical|750,mean_q,locality,fixed1000,1000,prompt_last,0.2517279352300642,78.44896695621489,locality_mean_q,#4477AA,1
GPT-2 XL,zsRE,AlphaEdit,SADR,canonical,750,GPT-2 XL|zsRE|AlphaEdit|SADR|canonical|750,mean_q,rewrite,fixed1000,1000,subject_last,0.7641479514976907,78.44896695621489,rewrite_mean_q,#DD8844,1
GPT-2 XL,zsRE,AlphaEdit,SADR,canonical,750,GPT-2 XL|zsRE|AlphaEdit|SADR|canonical|750,mean_kappa,locality,fixed1000,1000,prompt_last,1.0074482078884135,78.44896695621489,locality_mean_kappa,#4477AA,1
GPT-2 XL,zsRE,AlphaEdit,SADR,canonical,750,GPT-2 XL|zsRE|AlphaEdit|SADR|canonical|750,mean_kappa,rewrite,fixed1000,1000,subject_last,1.226003056387799,78.44896695621489,rewrite_mean_kappa,#DD8844,1
GPT-2 XL,zsRE,AlphaEdit,SADR,canonical,750,GPT-2 XL|zsRE|AlphaEdit|SADR|canonical|750,mean_abs_norm_deviation,locality,fixed1000,1000,prompt_last,0.015658050640222,78.44896695621489,locality_mean_abs_norm_deviation,#4477AA,1
GPT-2 XL,zsRE,AlphaEdit,SADR,canonical,750,GPT-2 XL|zsRE|AlphaEdit|SADR|canonical|750,mean_abs_norm_deviation,rewrite,fixed1000,1000,subject_last,0.22650418073540443,78.44896695621489,rewrite_mean_abs_norm_deviation,#DD8844,1
GPT-2 XL,zsRE,AlphaEdit,SADR,canonical,1000,GPT-2 XL|zsRE|AlphaEdit|SADR|canonical|1000,mean_q,locality,fixed1000,1000,prompt_last,0.2883272476875633,76.4055877573447,locality_mean_q,#4477AA,1
GPT-2 XL,zsRE,AlphaEdit,SADR,canonical,1000,GPT-2 XL|zsRE|AlphaEdit|SADR|canonical|1000,mean_q,rewrite,fixed1000,1000,subject_last,0.8954348454547364,76.4055877573447,rewrite_mean_q,#DD8844,1
GPT-2 XL,zsRE,AlphaEdit,SADR,canonical,1000,GPT-2 XL|zsRE|AlphaEdit|SADR|canonical|1000,mean_kappa,locality,fixed1000,1000,prompt_last,1.0156402100341757,76.4055877573447,locality_mean_kappa,#4477AA,1
GPT-2 XL,zsRE,AlphaEdit,SADR,canonical,1000,GPT-2 XL|zsRE|AlphaEdit|SADR|canonical|1000,mean_kappa,rewrite,fixed1000,1000,subject_last,1.2955644602812042,76.4055877573447,rewrite_mean_kappa,#DD8844,1
GPT-2 XL,zsRE,AlphaEdit,SADR,canonical,1000,GPT-2 XL|zsRE|AlphaEdit|SADR|canonical|1000,mean_abs_norm_deviation,locality,fixed1000,1000,prompt_last,0.0208461215568554,76.4055877573447,locality_mean_abs_norm_deviation,#4477AA,1
GPT-2 XL,zsRE,AlphaEdit,SADR,canonical,1000,GPT-2 XL|zsRE|AlphaEdit|SADR|canonical|1000,mean_abs_norm_deviation,rewrite,fixed1000,1000,subject_last,0.2955644602812041,76.4055877573447,rewrite_mean_abs_norm_deviation,#DD8844,1
GPT-2 XL,zsRE,AlphaEdit,SPHERE,canonical,50,GPT-2 XL|zsRE|AlphaEdit|SPHERE|canonical|50,mean_q,locality,fixed1000,1000,prompt_last,0.05777180060575415,95.26412969096859,locality_mean_q,#4477AA,1
GPT-2 XL,zsRE,AlphaEdit,SPHERE,canonical,50,GPT-2 XL|zsRE|AlphaEdit|SPHERE|canonical|50,mean_q,rewrite,fixed1000,1000,subject_last,0.12626752482862183,95.26412969096859,rewrite_mean_q,#DD8844,1
GPT-2 XL,zsRE,AlphaEdit,SPHERE,canonical,50,GPT-2 XL|zsRE|AlphaEdit|SPHERE|canonical|50,mean_kappa,locality,fixed1000,1000,prompt_last,0.9961159667197172,95.26412969096859,locality_mean_kappa,#4477AA,1
GPT-2 XL,zsRE,AlphaEdit,SPHERE,canonical,50,GPT-2 XL|zsRE|AlphaEdit|SPHERE|canonical|50,mean_kappa,rewrite,fixed1000,1000,subject_last,1.0025341047289302,95.26412969096859,rewrite_mean_kappa,#DD8844,1
GPT-2 XL,zsRE,AlphaEdit,SPHERE,canonical,50,GPT-2 XL|zsRE|AlphaEdit|SPHERE|canonical|50,mean_abs_norm_deviation,locality,fixed1000,1000,prompt_last,0.005030944589606196,95.26412969096859,locality_mean_abs_norm_deviation,#4477AA,1
GPT-2 XL,zsRE,AlphaEdit,SPHERE,canonical,50,GPT-2 XL|zsRE|AlphaEdit|SPHERE|canonical|50,mean_abs_norm_deviation,rewrite,fixed1000,1000,subject_last,0.016349372522761068,95.26412969096859,rewrite_mean_abs_norm_deviation,#DD8844,1
GPT-2 XL,zsRE,AlphaEdit,SPHERE,canonical,100,GPT-2 XL|zsRE|AlphaEdit|SPHERE|canonical|100,mean_q,locality,fixed1000,1000,prompt_last,0.08377310644702346,93.04026636941992,locality_mean_q,#4477AA,1
GPT-2 XL,zsRE,AlphaEdit,SPHERE,canonical,100,GPT-2 XL|zsRE|AlphaEdit|SPHERE|canonical|100,mean_q,rewrite,fixed1000,1000,subject_last,0.20116574351674205,93.04026636941992,rewrite_mean_q,#DD8844,1
GPT-2 XL,zsRE,AlphaEdit,SPHERE,canonical,100,GPT-2 XL|zsRE|AlphaEdit|SPHERE|canonical|100,mean_kappa,locality,fixed1000,1000,prompt_last,0.994377725130171,93.04026636941992,locality_mean_kappa,#4477AA,1
GPT-2 XL,zsRE,AlphaEdit,SPHERE,canonical,100,GPT-2 XL|zsRE|AlphaEdit|SPHERE|canonical|100,mean_kappa,rewrite,fixed1000,1000,subject_last,1.0086517467159783,93.04026636941992,rewrite_mean_kappa,#DD8844,1
GPT-2 XL,zsRE,AlphaEdit,SPHERE,canonical,100,GPT-2 XL|zsRE|AlphaEdit|SPHERE|canonical|100,mean_abs_norm_deviation,locality,fixed1000,1000,prompt_last,0.00724310108956981,93.04026636941992,locality_mean_abs_norm_deviation,#4477AA,1
GPT-2 XL,zsRE,AlphaEdit,SPHERE,canonical,100,GPT-2 XL|zsRE|AlphaEdit|SPHERE|canonical|100,mean_abs_norm_deviation,rewrite,fixed1000,1000,subject_last,0.02767503758992548,93.04026636941992,rewrite_mean_abs_norm_deviation,#DD8844,1
GPT-2 XL,zsRE,AlphaEdit,SPHERE,canonical,150,GPT-2 XL|zsRE|AlphaEdit|SPHERE|canonical|150,mean_q,locality,fixed1000,1000,prompt_last,0.1028785158128277,91.26656306710984,locality_mean_q,#4477AA,1
GPT-2 XL,zsRE,AlphaEdit,SPHERE,canonical,150,GPT-2 XL|zsRE|AlphaEdit|SPHERE|canonical|150,mean_q,rewrite,fixed1000,1000,subject_last,0.2653818023979452,91.26656306710984,rewrite_mean_q,#DD8844,1
GPT-2 XL,zsRE,AlphaEdit,SPHERE,canonical,150,GPT-2 XL|zsRE|AlphaEdit|SPHERE|canonical|150,mean_kappa,locality,fixed1000,1000,prompt_last,0.9935080396670035,91.26656306710984,locality_mean_kappa,#4477AA,1
GPT-2 XL,zsRE,AlphaEdit,SPHERE,canonical,150,GPT-2 XL|zsRE|AlphaEdit|SPHERE|canonical|150,mean_kappa,rewrite,fixed1000,1000,subject_last,1.0194943600419435,91.26656306710984,rewrite_mean_kappa,#DD8844,1
GPT-2 XL,zsRE,AlphaEdit,SPHERE,canonical,150,GPT-2 XL|zsRE|AlphaEdit|SPHERE|canonical|150,mean_abs_norm_deviation,locality,fixed1000,1000,prompt_last,0.0084284162911375,91.26656306710984,locality_mean_abs_norm_deviation,#4477AA,1
GPT-2 XL,zsRE,AlphaEdit,SPHERE,canonical,150,GPT-2 XL|zsRE|AlphaEdit|SPHERE|canonical|150,mean_abs_norm_deviation,rewrite,fixed1000,1000,subject_last,0.03706659193016714,91.26656306710984,rewrite_mean_abs_norm_deviation,#DD8844,1
GPT-2 XL,zsRE,AlphaEdit,SPHERE,canonical,200,GPT-2 XL|zsRE|AlphaEdit|SPHERE|canonical|200,mean_q,locality,fixed1000,1000,prompt_last,0.11694023248963817,90.04135266942646,locality_mean_q,#4477AA,1
GPT-2 XL,zsRE,AlphaEdit,SPHERE,canonical,200,GPT-2 XL|zsRE|AlphaEdit|SPHERE|canonical|200,mean_q,rewrite,fixed1000,1000,subject_last,0.3221623104560918,90.04135266942646,rewrite_mean_q,#DD8844,1
GPT-2 XL,zsRE,AlphaEdit,SPHERE,canonical,200,GPT-2 XL|zsRE|AlphaEdit|SPHERE|canonical|200,mean_kappa,locality,fixed1000,1000,prompt_last,0.9933121127505827,90.04135266942646,locality_mean_kappa,#4477AA,1
GPT-2 XL,zsRE,AlphaEdit,SPHERE,canonical,200,GPT-2 XL|zsRE|AlphaEdit|SPHERE|canonical|200,mean_kappa,rewrite,fixed1000,1000,subject_last,1.0314922918909897,90.04135266942646,rewrite_mean_kappa,#DD8844,1
GPT-2 XL,zsRE,AlphaEdit,SPHERE,canonical,200,GPT-2 XL|zsRE|AlphaEdit|SPHERE|canonical|200,mean_abs_norm_deviation,locality,fixed1000,1000,prompt_last,0.008906845480994687,90.04135266942646,locality_mean_abs_norm_deviation,#4477AA,1
GPT-2 XL,zsRE,AlphaEdit,SPHERE,canonical,200,GPT-2 XL|zsRE|AlphaEdit|SPHERE|canonical|200,mean_abs_norm_deviation,rewrite,fixed1000,1000,subject_last,0.04650050135990065,90.04135266942646,rewrite_mean_abs_norm_deviation,#DD8844,1
GPT-2 XL,zsRE,AlphaEdit,SPHERE,canonical,250,GPT-2 XL|zsRE|AlphaEdit|SPHERE|canonical|250,mean_q,locality,fixed1000,1000,prompt_last,0.13568353604267325,88.11862555412408,locality_mean_q,#4477AA,1
GPT-2 XL,zsRE,AlphaEdit,SPHERE,canonical,250,GPT-2 XL|zsRE|AlphaEdit|SPHERE|canonical|250,mean_q,rewrite,fixed1000,1000,subject_last,0.36919244119914923,88.11862555412408,rewrite_mean_q,#DD8844,1
GPT-2 XL,zsRE,AlphaEdit,SPHERE,canonical,250,GPT-2 XL|zsRE|AlphaEdit|SPHERE|canonical|250,mean_kappa,locality,fixed1000,1000,prompt_last,0.9935914255160316,88.11862555412408,locality_mean_kappa,#4477AA,1
GPT-2 XL,zsRE,AlphaEdit,SPHERE,canonical,250,GPT-2 XL|zsRE|AlphaEdit|SPHERE|canonical|250,mean_kappa,rewrite,fixed1000,1000,subject_last,1.0439993991645204,88.11862555412408,rewrite_mean_kappa,#DD8844,1
GPT-2 XL,zsRE,AlphaEdit,SPHERE,canonical,250,GPT-2 XL|zsRE|AlphaEdit|SPHERE|canonical|250,mean_abs_norm_deviation,locality,fixed1000,1000,prompt_last,0.009412311304021023,88.11862555412408,locality_mean_abs_norm_deviation,#4477AA,1
GPT-2 XL,zsRE,AlphaEdit,SPHERE,canonical,250,GPT-2 XL|zsRE|AlphaEdit|SPHERE|canonical|250,mean_abs_norm_deviation,rewrite,fixed1000,1000,subject_last,0.05565519144993343,88.11862555412408,rewrite_mean_abs_norm_deviation,#DD8844,1
GPT-2 XL,zsRE,AlphaEdit,SPHERE,canonical,300,GPT-2 XL|zsRE|AlphaEdit|SPHERE|canonical|300,mean_q,locality,fixed1000,1000,prompt_last,0.15069582958179906,86.73423316312491,locality_mean_q,#4477AA,1
GPT-2 XL,zsRE,AlphaEdit,SPHERE,canonical,300,GPT-2 XL|zsRE|AlphaEdit|SPHERE|canonical|300,mean_q,rewrite,fixed1000,1000,subject_last,0.4097410231890401,86.73423316312491,rewrite_mean_q,#DD8844,1
GPT-2 XL,zsRE,AlphaEdit,SPHERE,canonical,300,GPT-2 XL|zsRE|AlphaEdit|SPHERE|canonical|300,mean_kappa,locality,fixed1000,1000,prompt_last,0.9935719506493937,86.73423316312491,locality_mean_kappa,#4477AA,1
GPT-2 XL,zsRE,AlphaEdit,SPHERE,canonical,300,GPT-2 XL|zsRE|AlphaEdit|SPHERE|canonical|300,mean_kappa,rewrite,fixed1000,1000,subject_last,1.0557434383391349,86.73423316312491,rewrite_mean_kappa,#DD8844,1
GPT-2 XL,zsRE,AlphaEdit,SPHERE,canonical,300,GPT-2 XL|zsRE|AlphaEdit|SPHERE|canonical|300,mean_abs_norm_deviation,locality,fixed1000,1000,prompt_last,0.010058394525368936,86.73423316312491,locality_mean_abs_norm_deviation,#4477AA,1
GPT-2 XL,zsRE,AlphaEdit,SPHERE,canonical,300,GPT-2 XL|zsRE|AlphaEdit|SPHERE|canonical|300,mean_abs_norm_deviation,rewrite,fixed1000,1000,subject_last,0.06512646834224803,86.73423316312491,rewrite_mean_abs_norm_deviation,#DD8844,1
GPT-2 XL,zsRE,AlphaEdit,SPHERE,canonical,500,GPT-2 XL|zsRE|AlphaEdit|SPHERE|canonical|500,mean_q,locality,fixed1000,1000,prompt_last,0.1885902633370021,81.36899902914172,locality_mean_q,#4477AA,1
GPT-2 XL,zsRE,AlphaEdit,SPHERE,canonical,500,GPT-2 XL|zsRE|AlphaEdit|SPHERE|canonical|500,mean_q,rewrite,fixed1000,1000,subject_last,0.5401796053396128,81.36899902914172,rewrite_mean_q,#DD8844,1
GPT-2 XL,zsRE,AlphaEdit,SPHERE,canonical,500,GPT-2 XL|zsRE|AlphaEdit|SPHERE|canonical|500,mean_kappa,locality,fixed1000,1000,prompt_last,0.9948141921220668,81.36899902914172,locality_mean_kappa,#4477AA,1
GPT-2 XL,zsRE,AlphaEdit,SPHERE,canonical,500,GPT-2 XL|zsRE|AlphaEdit|SPHERE|canonical|500,mean_kappa,rewrite,fixed1000,1000,subject_last,1.1005644373331511,81.36899902914172,rewrite_mean_kappa,#DD8844,1
GPT-2 XL,zsRE,AlphaEdit,SPHERE,canonical,500,GPT-2 XL|zsRE|AlphaEdit|SPHERE|canonical|500,mean_abs_norm_deviation,locality,fixed1000,1000,prompt_last,0.011580663805343956,81.36899902914172,locality_mean_abs_norm_deviation,#4477AA,1
GPT-2 XL,zsRE,AlphaEdit,SPHERE,canonical,500,GPT-2 XL|zsRE|AlphaEdit|SPHERE|canonical|500,mean_abs_norm_deviation,rewrite,fixed1000,1000,subject_last,0.1043989972499881,81.36899902914172,rewrite_mean_abs_norm_deviation,#DD8844,1
GPT-2 XL,zsRE,AlphaEdit,SPHERE,canonical,750,GPT-2 XL|zsRE|AlphaEdit|SPHERE|canonical|750,mean_q,locality,fixed1000,1000,prompt_last,0.22156432630031214,77.41942233903173,locality_mean_q,#4477AA,1
GPT-2 XL,zsRE,AlphaEdit,SPHERE,canonical,750,GPT-2 XL|zsRE|AlphaEdit|SPHERE|canonical|750,mean_q,rewrite,fixed1000,1000,subject_last,0.6628409176578728,77.41942233903173,rewrite_mean_q,#DD8844,1
GPT-2 XL,zsRE,AlphaEdit,SPHERE,canonical,750,GPT-2 XL|zsRE|AlphaEdit|SPHERE|canonical|750,mean_kappa,locality,fixed1000,1000,prompt_last,0.999445823514553,77.41942233903173,locality_mean_kappa,#4477AA,1
GPT-2 XL,zsRE,AlphaEdit,SPHERE,canonical,750,GPT-2 XL|zsRE|AlphaEdit|SPHERE|canonical|750,mean_kappa,rewrite,fixed1000,1000,subject_last,1.1528099187210974,77.41942233903173,rewrite_mean_kappa,#DD8844,1
GPT-2 XL,zsRE,AlphaEdit,SPHERE,canonical,750,GPT-2 XL|zsRE|AlphaEdit|SPHERE|canonical|750,mean_abs_norm_deviation,locality,fixed1000,1000,prompt_last,0.012730686510128441,77.41942233903173,locality_mean_abs_norm_deviation,#4477AA,1
GPT-2 XL,zsRE,AlphaEdit,SPHERE,canonical,750,GPT-2 XL|zsRE|AlphaEdit|SPHERE|canonical|750,mean_abs_norm_deviation,rewrite,fixed1000,1000,subject_last,0.1539021301196822,77.41942233903173,rewrite_mean_abs_norm_deviation,#DD8844,1
GPT-2 XL,zsRE,AlphaEdit,SPHERE,canonical,1000,GPT-2 XL|zsRE|AlphaEdit|SPHERE|canonical|1000,mean_q,locality,fixed1000,1000,prompt_last,0.2542567632591487,73.22690548737927,locality_mean_q,#4477AA,1
GPT-2 XL,zsRE,AlphaEdit,SPHERE,canonical,1000,GPT-2 XL|zsRE|AlphaEdit|SPHERE|canonical|1000,mean_q,rewrite,fixed1000,1000,subject_last,0.7648965492161988,73.22690548737927,rewrite_mean_q,#DD8844,1
GPT-2 XL,zsRE,AlphaEdit,SPHERE,canonical,1000,GPT-2 XL|zsRE|AlphaEdit|SPHERE|canonical|1000,mean_kappa,locality,fixed1000,1000,prompt_last,1.0052376620899723,73.22690548737927,locality_mean_kappa,#4477AA,1
GPT-2 XL,zsRE,AlphaEdit,SPHERE,canonical,1000,GPT-2 XL|zsRE|AlphaEdit|SPHERE|canonical|1000,mean_kappa,rewrite,fixed1000,1000,subject_last,1.199803896768724,73.22690548737927,rewrite_mean_kappa,#DD8844,1
GPT-2 XL,zsRE,AlphaEdit,SPHERE,canonical,1000,GPT-2 XL|zsRE|AlphaEdit|SPHERE|canonical|1000,mean_abs_norm_deviation,locality,fixed1000,1000,prompt_last,0.015028327321633186,73.22690548737927,locality_mean_abs_norm_deviation,#4477AA,1
GPT-2 XL,zsRE,AlphaEdit,SPHERE,canonical,1000,GPT-2 XL|zsRE|AlphaEdit|SPHERE|canonical|1000,mean_abs_norm_deviation,rewrite,fixed1000,1000,subject_last,0.19980389676872373,73.22690548737927,rewrite_mean_abs_norm_deviation,#DD8844,1
GPT-2 XL,zsRE,MEMIT,ENCORE,canonical,50,GPT-2 XL|zsRE|MEMIT|ENCORE|canonical|50,mean_q,locality,fixed1000,1000,prompt_last,0.0470074837875497,95.27604949986146,locality_mean_q,#4477AA,1
GPT-2 XL,zsRE,MEMIT,ENCORE,canonical,50,GPT-2 XL|zsRE|MEMIT|ENCORE|canonical|50,mean_q,rewrite,fixed1000,1000,subject_last,0.1122936116037658,95.27604949986146,rewrite_mean_q,#DD8844,1
GPT-2 XL,zsRE,MEMIT,ENCORE,canonical,50,GPT-2 XL|zsRE|MEMIT|ENCORE|canonical|50,mean_kappa,locality,fixed1000,1000,prompt_last,0.9952522832005904,95.27604949986146,locality_mean_kappa,#4477AA,1
GPT-2 XL,zsRE,MEMIT,ENCORE,canonical,50,GPT-2 XL|zsRE|MEMIT|ENCORE|canonical|50,mean_kappa,rewrite,fixed1000,1000,subject_last,0.9915908357569599,95.27604949986146,rewrite_mean_kappa,#DD8844,1
GPT-2 XL,zsRE,MEMIT,ENCORE,canonical,50,GPT-2 XL|zsRE|MEMIT|ENCORE|canonical|50,mean_abs_norm_deviation,locality,fixed1000,1000,prompt_last,0.0048717640552782,95.27604949986146,locality_mean_abs_norm_deviation,#4477AA,1
GPT-2 XL,zsRE,MEMIT,ENCORE,canonical,50,GPT-2 XL|zsRE|MEMIT|ENCORE|canonical|50,mean_abs_norm_deviation,rewrite,fixed1000,1000,subject_last,0.012085024882747533,95.27604949986146,rewrite_mean_abs_norm_deviation,#DD8844,1
GPT-2 XL,zsRE,MEMIT,ENCORE,canonical,100,GPT-2 XL|zsRE|MEMIT|ENCORE|canonical|100,mean_q,locality,fixed1000,1000,prompt_last,0.0777075152560457,91.424439011107,locality_mean_q,#4477AA,1
GPT-2 XL,zsRE,MEMIT,ENCORE,canonical,100,GPT-2 XL|zsRE|MEMIT|ENCORE|canonical|100,mean_q,rewrite,fixed1000,1000,subject_last,0.1918076567486037,91.424439011107,rewrite_mean_q,#DD8844,1
GPT-2 XL,zsRE,MEMIT,ENCORE,canonical,100,GPT-2 XL|zsRE|MEMIT|ENCORE|canonical|100,mean_kappa,locality,fixed1000,1000,prompt_last,0.9917167658116754,91.424439011107,locality_mean_kappa,#4477AA,1
GPT-2 XL,zsRE,MEMIT,ENCORE,canonical,100,GPT-2 XL|zsRE|MEMIT|ENCORE|canonical|100,mean_kappa,rewrite,fixed1000,1000,subject_last,0.9900262189955683,91.424439011107,rewrite_mean_kappa,#DD8844,1
GPT-2 XL,zsRE,MEMIT,ENCORE,canonical,100,GPT-2 XL|zsRE|MEMIT|ENCORE|canonical|100,mean_abs_norm_deviation,locality,fixed1000,1000,prompt_last,0.008419321996384,91.424439011107,locality_mean_abs_norm_deviation,#4477AA,1
GPT-2 XL,zsRE,MEMIT,ENCORE,canonical,100,GPT-2 XL|zsRE|MEMIT|ENCORE|canonical|100,mean_abs_norm_deviation,rewrite,fixed1000,1000,subject_last,0.01781088998821417,91.424439011107,rewrite_mean_abs_norm_deviation,#DD8844,1
GPT-2 XL,zsRE,MEMIT,ENCORE,canonical,150,GPT-2 XL|zsRE|MEMIT|ENCORE|canonical|150,mean_q,locality,fixed1000,1000,prompt_last,0.1003138995594034,88.4083289914151,locality_mean_q,#4477AA,1
GPT-2 XL,zsRE,MEMIT,ENCORE,canonical,150,GPT-2 XL|zsRE|MEMIT|ENCORE|canonical|150,mean_q,rewrite,fixed1000,1000,subject_last,0.2609842357035039,88.4083289914151,rewrite_mean_q,#DD8844,1
GPT-2 XL,zsRE,MEMIT,ENCORE,canonical,150,GPT-2 XL|zsRE|MEMIT|ENCORE|canonical|150,mean_kappa,locality,fixed1000,1000,prompt_last,0.9902356229213009,88.4083289914151,locality_mean_kappa,#4477AA,1
GPT-2 XL,zsRE,MEMIT,ENCORE,canonical,150,GPT-2 XL|zsRE|MEMIT|ENCORE|canonical|150,mean_kappa,rewrite,fixed1000,1000,subject_last,0.9954306435818614,88.4083289914151,rewrite_mean_kappa,#DD8844,1
GPT-2 XL,zsRE,MEMIT,ENCORE,canonical,150,GPT-2 XL|zsRE|MEMIT|ENCORE|canonical|150,mean_abs_norm_deviation,locality,fixed1000,1000,prompt_last,0.0099996347554031,88.4083289914151,locality_mean_abs_norm_deviation,#4477AA,1
GPT-2 XL,zsRE,MEMIT,ENCORE,canonical,150,GPT-2 XL|zsRE|MEMIT|ENCORE|canonical|150,mean_abs_norm_deviation,rewrite,fixed1000,1000,subject_last,0.01911780722492859,88.4083289914151,rewrite_mean_abs_norm_deviation,#DD8844,1
GPT-2 XL,zsRE,MEMIT,ENCORE,canonical,200,GPT-2 XL|zsRE|MEMIT|ENCORE|canonical|200,mean_q,locality,fixed1000,1000,prompt_last,0.1171043206976967,85.66692206685343,locality_mean_q,#4477AA,1
GPT-2 XL,zsRE,MEMIT,ENCORE,canonical,200,GPT-2 XL|zsRE|MEMIT|ENCORE|canonical|200,mean_q,rewrite,fixed1000,1000,subject_last,0.3157799067789247,85.66692206685343,rewrite_mean_q,#DD8844,1
GPT-2 XL,zsRE,MEMIT,ENCORE,canonical,200,GPT-2 XL|zsRE|MEMIT|ENCORE|canonical|200,mean_kappa,locality,fixed1000,1000,prompt_last,0.9898459896276292,85.66692206685343,locality_mean_kappa,#4477AA,1
GPT-2 XL,zsRE,MEMIT,ENCORE,canonical,200,GPT-2 XL|zsRE|MEMIT|ENCORE|canonical|200,mean_kappa,rewrite,fixed1000,1000,subject_last,1.0035632408763904,85.66692206685343,rewrite_mean_kappa,#DD8844,1
GPT-2 XL,zsRE,MEMIT,ENCORE,canonical,200,GPT-2 XL|zsRE|MEMIT|ENCORE|canonical|200,mean_abs_norm_deviation,locality,fixed1000,1000,prompt_last,0.0105182833145531,85.66692206685343,locality_mean_abs_norm_deviation,#4477AA,1
GPT-2 XL,zsRE,MEMIT,ENCORE,canonical,200,GPT-2 XL|zsRE|MEMIT|ENCORE|canonical|200,mean_abs_norm_deviation,rewrite,fixed1000,1000,subject_last,0.020819240403819633,85.66692206685343,rewrite_mean_abs_norm_deviation,#DD8844,1
GPT-2 XL,zsRE,MEMIT,ENCORE,canonical,250,GPT-2 XL|zsRE|MEMIT|ENCORE|canonical|250,mean_q,locality,fixed1000,1000,prompt_last,0.1338553485081501,82.80766057923502,locality_mean_q,#4477AA,1
GPT-2 XL,zsRE,MEMIT,ENCORE,canonical,250,GPT-2 XL|zsRE|MEMIT|ENCORE|canonical|250,mean_q,rewrite,fixed1000,1000,subject_last,0.358940448410312,82.80766057923502,rewrite_mean_q,#DD8844,1
GPT-2 XL,zsRE,MEMIT,ENCORE,canonical,250,GPT-2 XL|zsRE|MEMIT|ENCORE|canonical|250,mean_kappa,locality,fixed1000,1000,prompt_last,0.9898305741925244,82.80766057923502,locality_mean_kappa,#4477AA,1
GPT-2 XL,zsRE,MEMIT,ENCORE,canonical,250,GPT-2 XL|zsRE|MEMIT|ENCORE|canonical|250,mean_kappa,rewrite,fixed1000,1000,subject_last,1.01359372251731,82.80766057923502,rewrite_mean_kappa,#DD8844,1
GPT-2 XL,zsRE,MEMIT,ENCORE,canonical,250,GPT-2 XL|zsRE|MEMIT|ENCORE|canonical|250,mean_abs_norm_deviation,locality,fixed1000,1000,prompt_last,0.0108477273991655,82.80766057923502,locality_mean_abs_norm_deviation,#4477AA,1
GPT-2 XL,zsRE,MEMIT,ENCORE,canonical,250,GPT-2 XL|zsRE|MEMIT|ENCORE|canonical|250,mean_abs_norm_deviation,rewrite,fixed1000,1000,subject_last,0.0245746098981745,82.80766057923502,rewrite_mean_abs_norm_deviation,#DD8844,1
GPT-2 XL,zsRE,MEMIT,ENCORE,canonical,300,GPT-2 XL|zsRE|MEMIT|ENCORE|canonical|300,mean_q,locality,fixed1000,1000,prompt_last,0.1501366277378191,80.41617843389521,locality_mean_q,#4477AA,1
GPT-2 XL,zsRE,MEMIT,ENCORE,canonical,300,GPT-2 XL|zsRE|MEMIT|ENCORE|canonical|300,mean_q,rewrite,fixed1000,1000,subject_last,0.39347943737854424,80.41617843389521,rewrite_mean_q,#DD8844,1
GPT-2 XL,zsRE,MEMIT,ENCORE,canonical,300,GPT-2 XL|zsRE|MEMIT|ENCORE|canonical|300,mean_kappa,locality,fixed1000,1000,prompt_last,0.9892639916144064,80.41617843389521,locality_mean_kappa,#4477AA,1
GPT-2 XL,zsRE,MEMIT,ENCORE,canonical,300,GPT-2 XL|zsRE|MEMIT|ENCORE|canonical|300,mean_kappa,rewrite,fixed1000,1000,subject_last,1.0217855403399903,80.41617843389521,rewrite_mean_kappa,#DD8844,1
GPT-2 XL,zsRE,MEMIT,ENCORE,canonical,300,GPT-2 XL|zsRE|MEMIT|ENCORE|canonical|300,mean_abs_norm_deviation,locality,fixed1000,1000,prompt_last,0.0116949786597142,80.41617843389521,locality_mean_abs_norm_deviation,#4477AA,1
GPT-2 XL,zsRE,MEMIT,ENCORE,canonical,300,GPT-2 XL|zsRE|MEMIT|ENCORE|canonical|300,mean_abs_norm_deviation,rewrite,fixed1000,1000,subject_last,0.02954745393177774,80.41617843389521,rewrite_mean_abs_norm_deviation,#DD8844,1
GPT-2 XL,zsRE,MEMIT,ENCORE,canonical,500,GPT-2 XL|zsRE|MEMIT|ENCORE|canonical|500,mean_q,locality,fixed1000,1000,prompt_last,0.1896054220209759,71.04961738897101,locality_mean_q,#4477AA,1
GPT-2 XL,zsRE,MEMIT,ENCORE,canonical,500,GPT-2 XL|zsRE|MEMIT|ENCORE|canonical|500,mean_q,rewrite,fixed1000,1000,subject_last,0.48479629363489357,71.04961738897101,rewrite_mean_q,#DD8844,1
GPT-2 XL,zsRE,MEMIT,ENCORE,canonical,500,GPT-2 XL|zsRE|MEMIT|ENCORE|canonical|500,mean_kappa,locality,fixed1000,1000,prompt_last,0.9903811244597172,71.04961738897101,locality_mean_kappa,#4477AA,1
GPT-2 XL,zsRE,MEMIT,ENCORE,canonical,500,GPT-2 XL|zsRE|MEMIT|ENCORE|canonical|500,mean_kappa,rewrite,fixed1000,1000,subject_last,1.0469994073311795,71.04961738897101,rewrite_mean_kappa,#DD8844,1
GPT-2 XL,zsRE,MEMIT,ENCORE,canonical,500,GPT-2 XL|zsRE|MEMIT|ENCORE|canonical|500,mean_abs_norm_deviation,locality,fixed1000,1000,prompt_last,0.0125590029370486,71.04961738897101,locality_mean_abs_norm_deviation,#4477AA,1
GPT-2 XL,zsRE,MEMIT,ENCORE,canonical,500,GPT-2 XL|zsRE|MEMIT|ENCORE|canonical|500,mean_abs_norm_deviation,rewrite,fixed1000,1000,subject_last,0.0498487896960506,71.04961738897101,rewrite_mean_abs_norm_deviation,#DD8844,1
GPT-2 XL,zsRE,MEMIT,ENCORE,canonical,750,GPT-2 XL|zsRE|MEMIT|ENCORE|canonical|750,mean_q,locality,fixed1000,1000,prompt_last,0.2181283739867387,64.52686774129262,locality_mean_q,#4477AA,1
GPT-2 XL,zsRE,MEMIT,ENCORE,canonical,750,GPT-2 XL|zsRE|MEMIT|ENCORE|canonical|750,mean_q,rewrite,fixed1000,1000,subject_last,0.559744746005183,64.52686774129262,rewrite_mean_q,#DD8844,1
GPT-2 XL,zsRE,MEMIT,ENCORE,canonical,750,GPT-2 XL|zsRE|MEMIT|ENCORE|canonical|750,mean_kappa,locality,fixed1000,1000,prompt_last,0.9929937891662112,64.52686774129262,locality_mean_kappa,#4477AA,1
GPT-2 XL,zsRE,MEMIT,ENCORE,canonical,750,GPT-2 XL|zsRE|MEMIT|ENCORE|canonical|750,mean_kappa,rewrite,fixed1000,1000,subject_last,1.0735904057653578,64.52686774129262,rewrite_mean_kappa,#DD8844,1
GPT-2 XL,zsRE,MEMIT,ENCORE,canonical,750,GPT-2 XL|zsRE|MEMIT|ENCORE|canonical|750,mean_abs_norm_deviation,locality,fixed1000,1000,prompt_last,0.0131297462739632,64.52686774129262,locality_mean_abs_norm_deviation,#4477AA,1
GPT-2 XL,zsRE,MEMIT,ENCORE,canonical,750,GPT-2 XL|zsRE|MEMIT|ENCORE|canonical|750,mean_abs_norm_deviation,rewrite,fixed1000,1000,subject_last,0.07458033665787983,64.52686774129262,rewrite_mean_abs_norm_deviation,#DD8844,1
GPT-2 XL,zsRE,MEMIT,ENCORE,canonical,1000,GPT-2 XL|zsRE|MEMIT|ENCORE|canonical|1000,mean_q,locality,fixed1000,1000,prompt_last,0.2427686185931271,59.4735881589224,locality_mean_q,#4477AA,1
GPT-2 XL,zsRE,MEMIT,ENCORE,canonical,1000,GPT-2 XL|zsRE|MEMIT|ENCORE|canonical|1000,mean_q,rewrite,fixed1000,1000,subject_last,0.6155557382733527,59.4735881589224,rewrite_mean_q,#DD8844,1
GPT-2 XL,zsRE,MEMIT,ENCORE,canonical,1000,GPT-2 XL|zsRE|MEMIT|ENCORE|canonical|1000,mean_kappa,locality,fixed1000,1000,prompt_last,0.9962618403125012,59.4735881589224,locality_mean_kappa,#4477AA,1
GPT-2 XL,zsRE,MEMIT,ENCORE,canonical,1000,GPT-2 XL|zsRE|MEMIT|ENCORE|canonical|1000,mean_kappa,rewrite,fixed1000,1000,subject_last,1.0952186943464512,59.4735881589224,rewrite_mean_kappa,#DD8844,1
GPT-2 XL,zsRE,MEMIT,ENCORE,canonical,1000,GPT-2 XL|zsRE|MEMIT|ENCORE|canonical|1000,mean_abs_norm_deviation,locality,fixed1000,1000,prompt_last,0.0134716194841471,59.4735881589224,locality_mean_abs_norm_deviation,#4477AA,1
GPT-2 XL,zsRE,MEMIT,ENCORE,canonical,1000,GPT-2 XL|zsRE|MEMIT|ENCORE|canonical|1000,mean_abs_norm_deviation,rewrite,fixed1000,1000,subject_last,0.0952563740756921,59.4735881589224,rewrite_mean_abs_norm_deviation,#DD8844,1
GPT-2 XL,zsRE,MEMIT,NAS,canonical,50,GPT-2 XL|zsRE|MEMIT|NAS|canonical|50,mean_q,locality,fixed1000,1000,prompt_last,0.0524383122185171,94.79802019583215,locality_mean_q,#4477AA,1
GPT-2 XL,zsRE,MEMIT,NAS,canonical,50,GPT-2 XL|zsRE|MEMIT|NAS|canonical|50,mean_q,rewrite,fixed1000,1000,subject_last,0.12394022181379373,94.79802019583215,rewrite_mean_q,#DD8844,1
GPT-2 XL,zsRE,MEMIT,NAS,canonical,50,GPT-2 XL|zsRE|MEMIT|NAS|canonical|50,mean_kappa,locality,fixed1000,1000,prompt_last,0.994606873387092,94.79802019583215,locality_mean_kappa,#4477AA,1
GPT-2 XL,zsRE,MEMIT,NAS,canonical,50,GPT-2 XL|zsRE|MEMIT|NAS|canonical|50,mean_kappa,rewrite,fixed1000,1000,subject_last,0.9922261923518672,94.79802019583215,rewrite_mean_kappa,#DD8844,1
GPT-2 XL,zsRE,MEMIT,NAS,canonical,50,GPT-2 XL|zsRE|MEMIT|NAS|canonical|50,mean_abs_norm_deviation,locality,fixed1000,1000,prompt_last,0.0055469963556423,94.79802019583215,locality_mean_abs_norm_deviation,#4477AA,1
GPT-2 XL,zsRE,MEMIT,NAS,canonical,50,GPT-2 XL|zsRE|MEMIT|NAS|canonical|50,mean_abs_norm_deviation,rewrite,fixed1000,1000,subject_last,0.013262963464803644,94.79802019583215,rewrite_mean_abs_norm_deviation,#DD8844,1
GPT-2 XL,zsRE,MEMIT,NAS,canonical,100,GPT-2 XL|zsRE|MEMIT|NAS|canonical|100,mean_q,locality,fixed1000,1000,prompt_last,0.0907320568583168,90.32862963472488,locality_mean_q,#4477AA,1
GPT-2 XL,zsRE,MEMIT,NAS,canonical,100,GPT-2 XL|zsRE|MEMIT|NAS|canonical|100,mean_q,rewrite,fixed1000,1000,subject_last,0.22261076587646647,90.32862963472488,rewrite_mean_q,#DD8844,1
GPT-2 XL,zsRE,MEMIT,NAS,canonical,100,GPT-2 XL|zsRE|MEMIT|NAS|canonical|100,mean_kappa,locality,fixed1000,1000,prompt_last,0.9910886077580248,90.32862963472488,locality_mean_kappa,#4477AA,1
GPT-2 XL,zsRE,MEMIT,NAS,canonical,100,GPT-2 XL|zsRE|MEMIT|NAS|canonical|100,mean_kappa,rewrite,fixed1000,1000,subject_last,0.9945463583324389,90.32862963472488,rewrite_mean_kappa,#DD8844,1
GPT-2 XL,zsRE,MEMIT,NAS,canonical,100,GPT-2 XL|zsRE|MEMIT|NAS|canonical|100,mean_abs_norm_deviation,locality,fixed1000,1000,prompt_last,0.0092140207808856,90.32862963472488,locality_mean_abs_norm_deviation,#4477AA,1
GPT-2 XL,zsRE,MEMIT,NAS,canonical,100,GPT-2 XL|zsRE|MEMIT|NAS|canonical|100,mean_abs_norm_deviation,rewrite,fixed1000,1000,subject_last,0.018919912324349596,90.32862963472488,rewrite_mean_abs_norm_deviation,#DD8844,1
GPT-2 XL,zsRE,MEMIT,NAS,canonical,150,GPT-2 XL|zsRE|MEMIT|NAS|canonical|150,mean_q,locality,fixed1000,1000,prompt_last,0.1263921642335411,84.93678592951296,locality_mean_q,#4477AA,1
GPT-2 XL,zsRE,MEMIT,NAS,canonical,150,GPT-2 XL|zsRE|MEMIT|NAS|canonical|150,mean_q,rewrite,fixed1000,1000,subject_last,0.3210604057446955,84.93678592951296,rewrite_mean_q,#DD8844,1
GPT-2 XL,zsRE,MEMIT,NAS,canonical,150,GPT-2 XL|zsRE|MEMIT|NAS|canonical|150,mean_kappa,locality,fixed1000,1000,prompt_last,0.9903965842317876,84.93678592951296,locality_mean_kappa,#4477AA,1
GPT-2 XL,zsRE,MEMIT,NAS,canonical,150,GPT-2 XL|zsRE|MEMIT|NAS|canonical|150,mean_kappa,rewrite,fixed1000,1000,subject_last,1.0088245970250198,84.93678592951296,rewrite_mean_kappa,#DD8844,1
GPT-2 XL,zsRE,MEMIT,NAS,canonical,150,GPT-2 XL|zsRE|MEMIT|NAS|canonical|150,mean_abs_norm_deviation,locality,fixed1000,1000,prompt_last,0.0103774275229876,84.93678592951296,locality_mean_abs_norm_deviation,#4477AA,1
GPT-2 XL,zsRE,MEMIT,NAS,canonical,150,GPT-2 XL|zsRE|MEMIT|NAS|canonical|150,mean_abs_norm_deviation,rewrite,fixed1000,1000,subject_last,0.0231753838247912,84.93678592951296,rewrite_mean_abs_norm_deviation,#DD8844,1
GPT-2 XL,zsRE,MEMIT,NAS,canonical,200,GPT-2 XL|zsRE|MEMIT|NAS|canonical|200,mean_q,locality,fixed1000,1000,prompt_last,0.1570003539793484,78.78179999571351,locality_mean_q,#4477AA,1
GPT-2 XL,zsRE,MEMIT,NAS,canonical,200,GPT-2 XL|zsRE|MEMIT|NAS|canonical|200,mean_q,rewrite,fixed1000,1000,subject_last,0.4056519375301491,78.78179999571351,rewrite_mean_q,#DD8844,1
GPT-2 XL,zsRE,MEMIT,NAS,canonical,200,GPT-2 XL|zsRE|MEMIT|NAS|canonical|200,mean_kappa,locality,fixed1000,1000,prompt_last,0.9914775264288908,78.78179999571351,locality_mean_kappa,#4477AA,1
GPT-2 XL,zsRE,MEMIT,NAS,canonical,200,GPT-2 XL|zsRE|MEMIT|NAS|canonical|200,mean_kappa,rewrite,fixed1000,1000,subject_last,1.0300796274640154,78.78179999571351,rewrite_mean_kappa,#DD8844,1
GPT-2 XL,zsRE,MEMIT,NAS,canonical,200,GPT-2 XL|zsRE|MEMIT|NAS|canonical|200,mean_abs_norm_deviation,locality,fixed1000,1000,prompt_last,0.010624288533159,78.78179999571351,locality_mean_abs_norm_deviation,#4477AA,1
GPT-2 XL,zsRE,MEMIT,NAS,canonical,200,GPT-2 XL|zsRE|MEMIT|NAS|canonical|200,mean_abs_norm_deviation,rewrite,fixed1000,1000,subject_last,0.03632990099839523,78.78179999571351,rewrite_mean_abs_norm_deviation,#DD8844,1
GPT-2 XL,zsRE,MEMIT,NAS,canonical,250,GPT-2 XL|zsRE|MEMIT|NAS|canonical|250,mean_q,locality,fixed1000,1000,prompt_last,0.1857382913475715,72.53154188303938,locality_mean_q,#4477AA,1
GPT-2 XL,zsRE,MEMIT,NAS,canonical,250,GPT-2 XL|zsRE|MEMIT|NAS|canonical|250,mean_q,rewrite,fixed1000,1000,subject_last,0.477096509360332,72.53154188303938,rewrite_mean_q,#DD8844,1
GPT-2 XL,zsRE,MEMIT,NAS,canonical,250,GPT-2 XL|zsRE|MEMIT|NAS|canonical|250,mean_kappa,locality,fixed1000,1000,prompt_last,0.9931929043402786,72.53154188303938,locality_mean_kappa,#4477AA,1
GPT-2 XL,zsRE,MEMIT,NAS,canonical,250,GPT-2 XL|zsRE|MEMIT|NAS|canonical|250,mean_kappa,rewrite,fixed1000,1000,subject_last,1.0562957235923576,72.53154188303938,rewrite_mean_kappa,#DD8844,1
GPT-2 XL,zsRE,MEMIT,NAS,canonical,250,GPT-2 XL|zsRE|MEMIT|NAS|canonical|250,mean_abs_norm_deviation,locality,fixed1000,1000,prompt_last,0.0113132608286062,72.53154188303938,locality_mean_abs_norm_deviation,#4477AA,1
GPT-2 XL,zsRE,MEMIT,NAS,canonical,250,GPT-2 XL|zsRE|MEMIT|NAS|canonical|250,mean_abs_norm_deviation,rewrite,fixed1000,1000,subject_last,0.05891231547848258,72.53154188303938,rewrite_mean_abs_norm_deviation,#DD8844,1
GPT-2 XL,zsRE,MEMIT,NAS,canonical,300,GPT-2 XL|zsRE|MEMIT|NAS|canonical|300,mean_q,locality,fixed1000,1000,prompt_last,0.206845877645097,68.16602210680203,locality_mean_q,#4477AA,1
GPT-2 XL,zsRE,MEMIT,NAS,canonical,300,GPT-2 XL|zsRE|MEMIT|NAS|canonical|300,mean_q,rewrite,fixed1000,1000,subject_last,0.5291043785348253,68.16602210680203,rewrite_mean_q,#DD8844,1
GPT-2 XL,zsRE,MEMIT,NAS,canonical,300,GPT-2 XL|zsRE|MEMIT|NAS|canonical|300,mean_kappa,locality,fixed1000,1000,prompt_last,0.9937164826189946,68.16602210680203,locality_mean_kappa,#4477AA,1
GPT-2 XL,zsRE,MEMIT,NAS,canonical,300,GPT-2 XL|zsRE|MEMIT|NAS|canonical|300,mean_kappa,rewrite,fixed1000,1000,subject_last,1.0763499675701151,68.16602210680203,rewrite_mean_kappa,#DD8844,1
GPT-2 XL,zsRE,MEMIT,NAS,canonical,300,GPT-2 XL|zsRE|MEMIT|NAS|canonical|300,mean_abs_norm_deviation,locality,fixed1000,1000,prompt_last,0.0125498858755948,68.16602210680203,locality_mean_abs_norm_deviation,#4477AA,1
GPT-2 XL,zsRE,MEMIT,NAS,canonical,300,GPT-2 XL|zsRE|MEMIT|NAS|canonical|300,mean_abs_norm_deviation,rewrite,fixed1000,1000,subject_last,0.07800803262034599,68.16602210680203,rewrite_mean_abs_norm_deviation,#DD8844,1
GPT-2 XL,zsRE,MEMIT,NAS,canonical,500,GPT-2 XL|zsRE|MEMIT|NAS|canonical|500,mean_q,locality,fixed1000,1000,prompt_last,0.2974246611871695,52.45534388467563,locality_mean_q,#4477AA,1
GPT-2 XL,zsRE,MEMIT,NAS,canonical,500,GPT-2 XL|zsRE|MEMIT|NAS|canonical|500,mean_q,rewrite,fixed1000,1000,subject_last,0.7310028028906463,52.45534388467563,rewrite_mean_q,#DD8844,1
GPT-2 XL,zsRE,MEMIT,NAS,canonical,500,GPT-2 XL|zsRE|MEMIT|NAS|canonical|500,mean_kappa,locality,fixed1000,1000,prompt_last,1.009261169260954,52.45534388467563,locality_mean_kappa,#4477AA,1
GPT-2 XL,zsRE,MEMIT,NAS,canonical,500,GPT-2 XL|zsRE|MEMIT|NAS|canonical|500,mean_kappa,rewrite,fixed1000,1000,subject_last,1.1751391075979463,52.45534388467563,rewrite_mean_kappa,#DD8844,1
GPT-2 XL,zsRE,MEMIT,NAS,canonical,500,GPT-2 XL|zsRE|MEMIT|NAS|canonical|500,mean_abs_norm_deviation,locality,fixed1000,1000,prompt_last,0.0202299881864603,52.45534388467563,locality_mean_abs_norm_deviation,#4477AA,1
GPT-2 XL,zsRE,MEMIT,NAS,canonical,500,GPT-2 XL|zsRE|MEMIT|NAS|canonical|500,mean_abs_norm_deviation,rewrite,fixed1000,1000,subject_last,0.17543618685870507,52.45534388467563,rewrite_mean_abs_norm_deviation,#DD8844,1
GPT-2 XL,zsRE,MEMIT,NAS,canonical,750,GPT-2 XL|zsRE|MEMIT|NAS|canonical|750,mean_q,locality,fixed1000,1000,prompt_last,0.3438278752201902,47.530493452330056,locality_mean_q,#4477AA,1
GPT-2 XL,zsRE,MEMIT,NAS,canonical,750,GPT-2 XL|zsRE|MEMIT|NAS|canonical|750,mean_q,rewrite,fixed1000,1000,subject_last,0.8616611730577145,47.530493452330056,rewrite_mean_q,#DD8844,1
GPT-2 XL,zsRE,MEMIT,NAS,canonical,750,GPT-2 XL|zsRE|MEMIT|NAS|canonical|750,mean_kappa,locality,fixed1000,1000,prompt_last,1.0209577501159193,47.530493452330056,locality_mean_kappa,#4477AA,1
GPT-2 XL,zsRE,MEMIT,NAS,canonical,750,GPT-2 XL|zsRE|MEMIT|NAS|canonical|750,mean_kappa,rewrite,fixed1000,1000,subject_last,1.2485198347650777,47.530493452330056,rewrite_mean_kappa,#DD8844,1
GPT-2 XL,zsRE,MEMIT,NAS,canonical,750,GPT-2 XL|zsRE|MEMIT|NAS|canonical|750,mean_abs_norm_deviation,locality,fixed1000,1000,prompt_last,0.0283271361412965,47.530493452330056,locality_mean_abs_norm_deviation,#4477AA,1
GPT-2 XL,zsRE,MEMIT,NAS,canonical,750,GPT-2 XL|zsRE|MEMIT|NAS|canonical|750,mean_abs_norm_deviation,rewrite,fixed1000,1000,subject_last,0.2485744210116443,47.530493452330056,rewrite_mean_abs_norm_deviation,#DD8844,1
GPT-2 XL,zsRE,MEMIT,NAS,canonical,1000,GPT-2 XL|zsRE|MEMIT|NAS|canonical|1000,mean_q,locality,fixed1000,1000,prompt_last,0.3640348508136367,47.743355934570495,locality_mean_q,#4477AA,1
GPT-2 XL,zsRE,MEMIT,NAS,canonical,1000,GPT-2 XL|zsRE|MEMIT|NAS|canonical|1000,mean_q,rewrite,fixed1000,1000,subject_last,0.9112686405188026,47.743355934570495,rewrite_mean_q,#DD8844,1
GPT-2 XL,zsRE,MEMIT,NAS,canonical,1000,GPT-2 XL|zsRE|MEMIT|NAS|canonical|1000,mean_kappa,locality,fixed1000,1000,prompt_last,1.021576623197748,47.743355934570495,locality_mean_kappa,#4477AA,1
GPT-2 XL,zsRE,MEMIT,NAS,canonical,1000,GPT-2 XL|zsRE|MEMIT|NAS|canonical|1000,mean_kappa,rewrite,fixed1000,1000,subject_last,1.2691024457749314,47.743355934570495,rewrite_mean_kappa,#DD8844,1
GPT-2 XL,zsRE,MEMIT,NAS,canonical,1000,GPT-2 XL|zsRE|MEMIT|NAS|canonical|1000,mean_abs_norm_deviation,locality,fixed1000,1000,prompt_last,0.0303181553106981,47.743355934570495,locality_mean_abs_norm_deviation,#4477AA,1
GPT-2 XL,zsRE,MEMIT,NAS,canonical,1000,GPT-2 XL|zsRE|MEMIT|NAS|canonical|1000,mean_abs_norm_deviation,rewrite,fixed1000,1000,subject_last,0.2691024457749313,47.743355934570495,rewrite_mean_abs_norm_deviation,#DD8844,1
GPT-2 XL,zsRE,MEMIT,Native,canonical,50,GPT-2 XL|zsRE|MEMIT|Native|canonical|50,mean_q,locality,fixed1000,1000,prompt_last,0.0540982561473866,94.74501741429997,locality_mean_q,#4477AA,1
GPT-2 XL,zsRE,MEMIT,Native,canonical,50,GPT-2 XL|zsRE|MEMIT|Native|canonical|50,mean_q,rewrite,fixed1000,1000,subject_last,0.12462023689119242,94.74501741429997,rewrite_mean_q,#DD8844,1
GPT-2 XL,zsRE,MEMIT,Native,canonical,50,GPT-2 XL|zsRE|MEMIT|Native|canonical|50,mean_kappa,locality,fixed1000,1000,prompt_last,0.994731674432462,94.74501741429997,locality_mean_kappa,#4477AA,1
GPT-2 XL,zsRE,MEMIT,Native,canonical,50,GPT-2 XL|zsRE|MEMIT|Native|canonical|50,mean_kappa,rewrite,fixed1000,1000,subject_last,0.9927389194519506,94.74501741429997,rewrite_mean_kappa,#DD8844,1
GPT-2 XL,zsRE,MEMIT,Native,canonical,50,GPT-2 XL|zsRE|MEMIT|Native|canonical|50,mean_abs_norm_deviation,locality,fixed1000,1000,prompt_last,0.0054392383731221,94.74501741429997,locality_mean_abs_norm_deviation,#4477AA,1
GPT-2 XL,zsRE,MEMIT,Native,canonical,50,GPT-2 XL|zsRE|MEMIT|Native|canonical|50,mean_abs_norm_deviation,rewrite,fixed1000,1000,subject_last,0.012717266091758205,94.74501741429997,rewrite_mean_abs_norm_deviation,#DD8844,1
GPT-2 XL,zsRE,MEMIT,Native,canonical,100,GPT-2 XL|zsRE|MEMIT|Native|canonical|100,mean_q,locality,fixed1000,1000,prompt_last,0.0954612014023183,89.90191888881809,locality_mean_q,#4477AA,1
GPT-2 XL,zsRE,MEMIT,Native,canonical,100,GPT-2 XL|zsRE|MEMIT|Native|canonical|100,mean_q,rewrite,fixed1000,1000,subject_last,0.22657632568576422,89.90191888881809,rewrite_mean_q,#DD8844,1
GPT-2 XL,zsRE,MEMIT,Native,canonical,100,GPT-2 XL|zsRE|MEMIT|Native|canonical|100,mean_kappa,locality,fixed1000,1000,prompt_last,0.9910417472864048,89.90191888881809,locality_mean_kappa,#4477AA,1
GPT-2 XL,zsRE,MEMIT,Native,canonical,100,GPT-2 XL|zsRE|MEMIT|Native|canonical|100,mean_kappa,rewrite,fixed1000,1000,subject_last,0.9950775677705356,89.90191888881809,rewrite_mean_kappa,#DD8844,1
GPT-2 XL,zsRE,MEMIT,Native,canonical,100,GPT-2 XL|zsRE|MEMIT|Native|canonical|100,mean_abs_norm_deviation,locality,fixed1000,1000,prompt_last,0.0093339895165751,89.90191888881809,locality_mean_abs_norm_deviation,#4477AA,1
GPT-2 XL,zsRE,MEMIT,Native,canonical,100,GPT-2 XL|zsRE|MEMIT|Native|canonical|100,mean_abs_norm_deviation,rewrite,fixed1000,1000,subject_last,0.01865666424027371,89.90191888881809,rewrite_mean_abs_norm_deviation,#DD8844,1
GPT-2 XL,zsRE,MEMIT,Native,canonical,150,GPT-2 XL|zsRE|MEMIT|Native|canonical|150,mean_q,locality,fixed1000,1000,prompt_last,0.1313888898400611,84.1919677280819,locality_mean_q,#4477AA,1
GPT-2 XL,zsRE,MEMIT,Native,canonical,150,GPT-2 XL|zsRE|MEMIT|Native|canonical|150,mean_q,rewrite,fixed1000,1000,subject_last,0.3226108543168507,84.1919677280819,rewrite_mean_q,#DD8844,1
GPT-2 XL,zsRE,MEMIT,Native,canonical,150,GPT-2 XL|zsRE|MEMIT|Native|canonical|150,mean_kappa,locality,fixed1000,1000,prompt_last,0.9907526850247492,84.1919677280819,locality_mean_kappa,#4477AA,1
GPT-2 XL,zsRE,MEMIT,Native,canonical,150,GPT-2 XL|zsRE|MEMIT|Native|canonical|150,mean_kappa,rewrite,fixed1000,1000,subject_last,1.0096330980381185,84.1919677280819,rewrite_mean_kappa,#DD8844,1
GPT-2 XL,zsRE,MEMIT,Native,canonical,150,GPT-2 XL|zsRE|MEMIT|Native|canonical|150,mean_abs_norm_deviation,locality,fixed1000,1000,prompt_last,0.0102506876108582,84.1919677280819,locality_mean_abs_norm_deviation,#4477AA,1
GPT-2 XL,zsRE,MEMIT,Native,canonical,150,GPT-2 XL|zsRE|MEMIT|Native|canonical|150,mean_abs_norm_deviation,rewrite,fixed1000,1000,subject_last,0.02308538041318362,84.1919677280819,rewrite_mean_abs_norm_deviation,#DD8844,1
GPT-2 XL,zsRE,MEMIT,Native,canonical,200,GPT-2 XL|zsRE|MEMIT|Native|canonical|200,mean_q,locality,fixed1000,1000,prompt_last,0.1609049447475054,77.53316487051879,locality_mean_q,#4477AA,1
GPT-2 XL,zsRE,MEMIT,Native,canonical,200,GPT-2 XL|zsRE|MEMIT|Native|canonical|200,mean_q,rewrite,fixed1000,1000,subject_last,0.40188835318508415,77.53316487051879,rewrite_mean_q,#DD8844,1
GPT-2 XL,zsRE,MEMIT,Native,canonical,200,GPT-2 XL|zsRE|MEMIT|Native|canonical|200,mean_kappa,locality,fixed1000,1000,prompt_last,0.9918599355713824,77.53316487051879,locality_mean_kappa,#4477AA,1
GPT-2 XL,zsRE,MEMIT,Native,canonical,200,GPT-2 XL|zsRE|MEMIT|Native|canonical|200,mean_kappa,rewrite,fixed1000,1000,subject_last,1.028920893429994,77.53316487051879,rewrite_mean_kappa,#DD8844,1
GPT-2 XL,zsRE,MEMIT,Native,canonical,200,GPT-2 XL|zsRE|MEMIT|Native|canonical|200,mean_abs_norm_deviation,locality,fixed1000,1000,prompt_last,0.0105261434517864,77.53316487051879,locality_mean_abs_norm_deviation,#4477AA,1
GPT-2 XL,zsRE,MEMIT,Native,canonical,200,GPT-2 XL|zsRE|MEMIT|Native|canonical|200,mean_abs_norm_deviation,rewrite,fixed1000,1000,subject_last,0.03497280174834572,77.53316487051879,rewrite_mean_abs_norm_deviation,#DD8844,1
GPT-2 XL,zsRE,MEMIT,Native,canonical,250,GPT-2 XL|zsRE|MEMIT|Native|canonical|250,mean_q,locality,fixed1000,1000,prompt_last,0.1918516729147621,71.46568857045533,locality_mean_q,#4477AA,1
GPT-2 XL,zsRE,MEMIT,Native,canonical,250,GPT-2 XL|zsRE|MEMIT|Native|canonical|250,mean_q,rewrite,fixed1000,1000,subject_last,0.4708376028124586,71.46568857045533,rewrite_mean_q,#DD8844,1
GPT-2 XL,zsRE,MEMIT,Native,canonical,250,GPT-2 XL|zsRE|MEMIT|Native|canonical|250,mean_kappa,locality,fixed1000,1000,prompt_last,0.9942604113905184,71.46568857045533,locality_mean_kappa,#4477AA,1
GPT-2 XL,zsRE,MEMIT,Native,canonical,250,GPT-2 XL|zsRE|MEMIT|Native|canonical|250,mean_kappa,rewrite,fixed1000,1000,subject_last,1.0542073093590425,71.46568857045533,rewrite_mean_kappa,#DD8844,1
GPT-2 XL,zsRE,MEMIT,Native,canonical,250,GPT-2 XL|zsRE|MEMIT|Native|canonical|250,mean_abs_norm_deviation,locality,fixed1000,1000,prompt_last,0.0110581384198227,71.46568857045533,locality_mean_abs_norm_deviation,#4477AA,1
GPT-2 XL,zsRE,MEMIT,Native,canonical,250,GPT-2 XL|zsRE|MEMIT|Native|canonical|250,mean_abs_norm_deviation,rewrite,fixed1000,1000,subject_last,0.0565583878769123,71.46568857045533,rewrite_mean_abs_norm_deviation,#DD8844,1
GPT-2 XL,zsRE,MEMIT,Native,canonical,300,GPT-2 XL|zsRE|MEMIT|Native|canonical|300,mean_q,locality,fixed1000,1000,prompt_last,0.219038467873069,66.30853757404078,locality_mean_q,#4477AA,1
GPT-2 XL,zsRE,MEMIT,Native,canonical,300,GPT-2 XL|zsRE|MEMIT|Native|canonical|300,mean_q,rewrite,fixed1000,1000,subject_last,0.5306563234125483,66.30853757404078,rewrite_mean_q,#DD8844,1
GPT-2 XL,zsRE,MEMIT,Native,canonical,300,GPT-2 XL|zsRE|MEMIT|Native|canonical|300,mean_kappa,locality,fixed1000,1000,prompt_last,0.9960380846713764,66.30853757404078,locality_mean_kappa,#4477AA,1
GPT-2 XL,zsRE,MEMIT,Native,canonical,300,GPT-2 XL|zsRE|MEMIT|Native|canonical|300,mean_kappa,rewrite,fixed1000,1000,subject_last,1.077412355056159,66.30853757404078,rewrite_mean_kappa,#DD8844,1
GPT-2 XL,zsRE,MEMIT,Native,canonical,300,GPT-2 XL|zsRE|MEMIT|Native|canonical|300,mean_abs_norm_deviation,locality,fixed1000,1000,prompt_last,0.012498238064957,66.30853757404078,locality_mean_abs_norm_deviation,#4477AA,1
GPT-2 XL,zsRE,MEMIT,Native,canonical,300,GPT-2 XL|zsRE|MEMIT|Native|canonical|300,mean_abs_norm_deviation,rewrite,fixed1000,1000,subject_last,0.07881761609222829,66.30853757404078,rewrite_mean_abs_norm_deviation,#DD8844,1
GPT-2 XL,zsRE,MEMIT,Native,canonical,500,GPT-2 XL|zsRE|MEMIT|Native|canonical|500,mean_q,locality,fixed1000,1000,prompt_last,0.3126648733941509,52.17373528083945,locality_mean_q,#4477AA,1
GPT-2 XL,zsRE,MEMIT,Native,canonical,500,GPT-2 XL|zsRE|MEMIT|Native|canonical|500,mean_q,rewrite,fixed1000,1000,subject_last,0.7301108430475656,52.17373528083945,rewrite_mean_q,#DD8844,1
GPT-2 XL,zsRE,MEMIT,Native,canonical,500,GPT-2 XL|zsRE|MEMIT|Native|canonical|500,mean_kappa,locality,fixed1000,1000,prompt_last,1.0128984619347905,52.17373528083945,locality_mean_kappa,#4477AA,1
GPT-2 XL,zsRE,MEMIT,Native,canonical,500,GPT-2 XL|zsRE|MEMIT|Native|canonical|500,mean_kappa,rewrite,fixed1000,1000,subject_last,1.1732104197062112,52.17373528083945,rewrite_mean_kappa,#DD8844,1
GPT-2 XL,zsRE,MEMIT,Native,canonical,500,GPT-2 XL|zsRE|MEMIT|Native|canonical|500,mean_abs_norm_deviation,locality,fixed1000,1000,prompt_last,0.0225332445669239,52.17373528083945,locality_mean_abs_norm_deviation,#4477AA,1
GPT-2 XL,zsRE,MEMIT,Native,canonical,500,GPT-2 XL|zsRE|MEMIT|Native|canonical|500,mean_abs_norm_deviation,rewrite,fixed1000,1000,subject_last,0.1734213591360302,52.17373528083945,rewrite_mean_abs_norm_deviation,#DD8844,1
GPT-2 XL,zsRE,MEMIT,Native,canonical,750,GPT-2 XL|zsRE|MEMIT|Native|canonical|750,mean_q,locality,fixed1000,1000,prompt_last,0.4041322515005497,45.310220428114874,locality_mean_q,#4477AA,1
GPT-2 XL,zsRE,MEMIT,Native,canonical,750,GPT-2 XL|zsRE|MEMIT|Native|canonical|750,mean_q,rewrite,fixed1000,1000,subject_last,0.9412040775517696,45.310220428114874,rewrite_mean_q,#DD8844,1
GPT-2 XL,zsRE,MEMIT,Native,canonical,750,GPT-2 XL|zsRE|MEMIT|Native|canonical|750,mean_kappa,locality,fixed1000,1000,prompt_last,1.039821431552174,45.310220428114874,locality_mean_kappa,#4477AA,1
GPT-2 XL,zsRE,MEMIT,Native,canonical,750,GPT-2 XL|zsRE|MEMIT|Native|canonical|750,mean_kappa,rewrite,fixed1000,1000,subject_last,1.302533382989705,45.310220428114874,rewrite_mean_kappa,#DD8844,1
GPT-2 XL,zsRE,MEMIT,Native,canonical,750,GPT-2 XL|zsRE|MEMIT|Native|canonical|750,mean_abs_norm_deviation,locality,fixed1000,1000,prompt_last,0.0443544624029126,45.310220428114874,locality_mean_abs_norm_deviation,#4477AA,1
GPT-2 XL,zsRE,MEMIT,Native,canonical,750,GPT-2 XL|zsRE|MEMIT|Native|canonical|750,mean_abs_norm_deviation,rewrite,fixed1000,1000,subject_last,0.30254877258882623,45.310220428114874,rewrite_mean_abs_norm_deviation,#DD8844,1
GPT-2 XL,zsRE,MEMIT,Native,canonical,1000,GPT-2 XL|zsRE|MEMIT|Native|canonical|1000,mean_q,locality,fixed1000,1000,prompt_last,0.518054489471453,36.57507449808773,locality_mean_q,#4477AA,1
GPT-2 XL,zsRE,MEMIT,Native,canonical,1000,GPT-2 XL|zsRE|MEMIT|Native|canonical|1000,mean_q,rewrite,fixed1000,1000,subject_last,1.1718240070335715,36.57507449808773,rewrite_mean_q,#DD8844,1
GPT-2 XL,zsRE,MEMIT,Native,canonical,1000,GPT-2 XL|zsRE|MEMIT|Native|canonical|1000,mean_kappa,locality,fixed1000,1000,prompt_last,1.076888977819978,36.57507449808773,locality_mean_kappa,#4477AA,1
GPT-2 XL,zsRE,MEMIT,Native,canonical,1000,GPT-2 XL|zsRE|MEMIT|Native|canonical|1000,mean_kappa,rewrite,fixed1000,1000,subject_last,1.4537059885052763,36.57507449808773,rewrite_mean_kappa,#DD8844,1
GPT-2 XL,zsRE,MEMIT,Native,canonical,1000,GPT-2 XL|zsRE|MEMIT|Native|canonical|1000,mean_abs_norm_deviation,locality,fixed1000,1000,prompt_last,0.0801768352401103,36.57507449808773,locality_mean_abs_norm_deviation,#4477AA,1
GPT-2 XL,zsRE,MEMIT,Native,canonical,1000,GPT-2 XL|zsRE|MEMIT|Native|canonical|1000,mean_abs_norm_deviation,rewrite,fixed1000,1000,subject_last,0.4537059885052766,36.57507449808773,rewrite_mean_abs_norm_deviation,#DD8844,1
GPT-2 XL,zsRE,MEMIT,SADR,canonical,50,GPT-2 XL|zsRE|MEMIT|SADR|canonical|50,mean_q,locality,fixed1000,1000,prompt_last,0.0545535834744418,95.01209868760182,locality_mean_q,#4477AA,1
GPT-2 XL,zsRE,MEMIT,SADR,canonical,50,GPT-2 XL|zsRE|MEMIT|SADR|canonical|50,mean_q,rewrite,fixed1000,1000,subject_last,0.12020359900880893,95.01209868760182,rewrite_mean_q,#DD8844,1
GPT-2 XL,zsRE,MEMIT,SADR,canonical,50,GPT-2 XL|zsRE|MEMIT|SADR|canonical|50,mean_kappa,locality,fixed1000,1000,prompt_last,0.9960241048198978,95.01209868760182,locality_mean_kappa,#4477AA,1
GPT-2 XL,zsRE,MEMIT,SADR,canonical,50,GPT-2 XL|zsRE|MEMIT|SADR|canonical|50,mean_kappa,rewrite,fixed1000,1000,subject_last,0.9960924363211848,95.01209868760182,rewrite_mean_kappa,#DD8844,1
GPT-2 XL,zsRE,MEMIT,SADR,canonical,50,GPT-2 XL|zsRE|MEMIT|SADR|canonical|50,mean_abs_norm_deviation,locality,fixed1000,1000,prompt_last,0.004076631126088,95.01209868760182,locality_mean_abs_norm_deviation,#4477AA,1
GPT-2 XL,zsRE,MEMIT,SADR,canonical,50,GPT-2 XL|zsRE|MEMIT|SADR|canonical|50,mean_abs_norm_deviation,rewrite,fixed1000,1000,subject_last,0.010648803405407224,95.01209868760182,rewrite_mean_abs_norm_deviation,#DD8844,1
GPT-2 XL,zsRE,MEMIT,SADR,canonical,100,GPT-2 XL|zsRE|MEMIT|SADR|canonical|100,mean_q,locality,fixed1000,1000,prompt_last,0.093576587651073,91.59343106214162,locality_mean_q,#4477AA,1
GPT-2 XL,zsRE,MEMIT,SADR,canonical,100,GPT-2 XL|zsRE|MEMIT|SADR|canonical|100,mean_q,rewrite,fixed1000,1000,subject_last,0.21527374078310565,91.59343106214162,rewrite_mean_q,#DD8844,1
GPT-2 XL,zsRE,MEMIT,SADR,canonical,100,GPT-2 XL|zsRE|MEMIT|SADR|canonical|100,mean_kappa,locality,fixed1000,1000,prompt_last,0.9944024155606156,91.59343106214162,locality_mean_kappa,#4477AA,1
GPT-2 XL,zsRE,MEMIT,SADR,canonical,100,GPT-2 XL|zsRE|MEMIT|SADR|canonical|100,mean_kappa,rewrite,fixed1000,1000,subject_last,1.0018205485370546,91.59343106214162,rewrite_mean_kappa,#DD8844,1
GPT-2 XL,zsRE,MEMIT,SADR,canonical,100,GPT-2 XL|zsRE|MEMIT|SADR|canonical|100,mean_abs_norm_deviation,locality,fixed1000,1000,prompt_last,0.0063467841251949,91.59343106214162,locality_mean_abs_norm_deviation,#4477AA,1
GPT-2 XL,zsRE,MEMIT,SADR,canonical,100,GPT-2 XL|zsRE|MEMIT|SADR|canonical|100,mean_abs_norm_deviation,rewrite,fixed1000,1000,subject_last,0.015822874738718802,91.59343106214162,rewrite_mean_abs_norm_deviation,#DD8844,1
GPT-2 XL,zsRE,MEMIT,SADR,canonical,150,GPT-2 XL|zsRE|MEMIT|SADR|canonical|150,mean_q,locality,fixed1000,1000,prompt_last,0.1273837024172985,87.62941970301121,locality_mean_q,#4477AA,1
GPT-2 XL,zsRE,MEMIT,SADR,canonical,150,GPT-2 XL|zsRE|MEMIT|SADR|canonical|150,mean_q,rewrite,fixed1000,1000,subject_last,0.3046484529367486,87.62941970301121,rewrite_mean_q,#DD8844,1
GPT-2 XL,zsRE,MEMIT,SADR,canonical,150,GPT-2 XL|zsRE|MEMIT|SADR|canonical|150,mean_kappa,locality,fixed1000,1000,prompt_last,0.9953511963206914,87.62941970301121,locality_mean_kappa,#4477AA,1
GPT-2 XL,zsRE,MEMIT,SADR,canonical,150,GPT-2 XL|zsRE|MEMIT|SADR|canonical|150,mean_kappa,rewrite,fixed1000,1000,subject_last,1.0177063489723062,87.62941970301121,rewrite_mean_kappa,#DD8844,1
GPT-2 XL,zsRE,MEMIT,SADR,canonical,150,GPT-2 XL|zsRE|MEMIT|SADR|canonical|150,mean_abs_norm_deviation,locality,fixed1000,1000,prompt_last,0.0072403386950269,87.62941970301121,locality_mean_abs_norm_deviation,#4477AA,1
GPT-2 XL,zsRE,MEMIT,SADR,canonical,150,GPT-2 XL|zsRE|MEMIT|SADR|canonical|150,mean_abs_norm_deviation,rewrite,fixed1000,1000,subject_last,0.02467443286181269,87.62941970301121,rewrite_mean_abs_norm_deviation,#DD8844,1
GPT-2 XL,zsRE,MEMIT,SADR,canonical,200,GPT-2 XL|zsRE|MEMIT|SADR|canonical|200,mean_q,locality,fixed1000,1000,prompt_last,0.15650755023023,83.81908933520428,locality_mean_q,#4477AA,1
GPT-2 XL,zsRE,MEMIT,SADR,canonical,200,GPT-2 XL|zsRE|MEMIT|SADR|canonical|200,mean_q,rewrite,fixed1000,1000,subject_last,0.3860682679101169,83.81908933520428,rewrite_mean_q,#DD8844,1
GPT-2 XL,zsRE,MEMIT,SADR,canonical,200,GPT-2 XL|zsRE|MEMIT|SADR|canonical|200,mean_kappa,locality,fixed1000,1000,prompt_last,0.997018401945637,83.81908933520428,locality_mean_kappa,#4477AA,1
GPT-2 XL,zsRE,MEMIT,SADR,canonical,200,GPT-2 XL|zsRE|MEMIT|SADR|canonical|200,mean_kappa,rewrite,fixed1000,1000,subject_last,1.0391768307299332,83.81908933520428,rewrite_mean_kappa,#DD8844,1
GPT-2 XL,zsRE,MEMIT,SADR,canonical,200,GPT-2 XL|zsRE|MEMIT|SADR|canonical|200,mean_abs_norm_deviation,locality,fixed1000,1000,prompt_last,0.0082714471117425,83.81908933520428,locality_mean_abs_norm_deviation,#4477AA,1
GPT-2 XL,zsRE,MEMIT,SADR,canonical,200,GPT-2 XL|zsRE|MEMIT|SADR|canonical|200,mean_abs_norm_deviation,rewrite,fixed1000,1000,subject_last,0.04224189857300072,83.81908933520428,rewrite_mean_abs_norm_deviation,#DD8844,1
GPT-2 XL,zsRE,MEMIT,SADR,canonical,250,GPT-2 XL|zsRE|MEMIT|SADR|canonical|250,mean_q,locality,fixed1000,1000,prompt_last,0.1815992679110062,78.75302346220546,locality_mean_q,#4477AA,1
GPT-2 XL,zsRE,MEMIT,SADR,canonical,250,GPT-2 XL|zsRE|MEMIT|SADR|canonical|250,mean_q,rewrite,fixed1000,1000,subject_last,0.4539490493299087,78.75302346220546,rewrite_mean_q,#DD8844,1
GPT-2 XL,zsRE,MEMIT,SADR,canonical,250,GPT-2 XL|zsRE|MEMIT|SADR|canonical|250,mean_kappa,locality,fixed1000,1000,prompt_last,0.9999623505757328,78.75302346220546,locality_mean_kappa,#4477AA,1
GPT-2 XL,zsRE,MEMIT,SADR,canonical,250,GPT-2 XL|zsRE|MEMIT|SADR|canonical|250,mean_kappa,rewrite,fixed1000,1000,subject_last,1.0644746560542715,78.75302346220546,rewrite_mean_kappa,#DD8844,1
GPT-2 XL,zsRE,MEMIT,SADR,canonical,250,GPT-2 XL|zsRE|MEMIT|SADR|canonical|250,mean_abs_norm_deviation,locality,fixed1000,1000,prompt_last,0.0094814236846248,78.75302346220546,locality_mean_abs_norm_deviation,#4477AA,1
GPT-2 XL,zsRE,MEMIT,SADR,canonical,250,GPT-2 XL|zsRE|MEMIT|SADR|canonical|250,mean_abs_norm_deviation,rewrite,fixed1000,1000,subject_last,0.06574356724208319,78.75302346220546,rewrite_mean_abs_norm_deviation,#DD8844,1
GPT-2 XL,zsRE,MEMIT,SADR,canonical,300,GPT-2 XL|zsRE|MEMIT|SADR|canonical|300,mean_q,locality,fixed1000,1000,prompt_last,0.20393091332316,75.8162051240458,locality_mean_q,#4477AA,1
GPT-2 XL,zsRE,MEMIT,SADR,canonical,300,GPT-2 XL|zsRE|MEMIT|SADR|canonical|300,mean_q,rewrite,fixed1000,1000,subject_last,0.5133428490932117,75.8162051240458,rewrite_mean_q,#DD8844,1
GPT-2 XL,zsRE,MEMIT,SADR,canonical,300,GPT-2 XL|zsRE|MEMIT|SADR|canonical|300,mean_kappa,locality,fixed1000,1000,prompt_last,1.00413562741441,75.8162051240458,locality_mean_kappa,#4477AA,1
GPT-2 XL,zsRE,MEMIT,SADR,canonical,300,GPT-2 XL|zsRE|MEMIT|SADR|canonical|300,mean_kappa,rewrite,fixed1000,1000,subject_last,1.090467342980246,75.8162051240458,rewrite_mean_kappa,#DD8844,1
GPT-2 XL,zsRE,MEMIT,SADR,canonical,300,GPT-2 XL|zsRE|MEMIT|SADR|canonical|300,mean_abs_norm_deviation,locality,fixed1000,1000,prompt_last,0.0112549657691264,75.8162051240458,locality_mean_abs_norm_deviation,#4477AA,1
GPT-2 XL,zsRE,MEMIT,SADR,canonical,300,GPT-2 XL|zsRE|MEMIT|SADR|canonical|300,mean_abs_norm_deviation,rewrite,fixed1000,1000,subject_last,0.09108114384612774,75.8162051240458,rewrite_mean_abs_norm_deviation,#DD8844,1
GPT-2 XL,zsRE,MEMIT,SADR,canonical,500,GPT-2 XL|zsRE|MEMIT|SADR|canonical|500,mean_q,locality,fixed1000,1000,prompt_last,0.2930184274464781,61.5828058152347,locality_mean_q,#4477AA,1
GPT-2 XL,zsRE,MEMIT,SADR,canonical,500,GPT-2 XL|zsRE|MEMIT|SADR|canonical|500,mean_q,rewrite,fixed1000,1000,subject_last,0.7429623824696889,61.5828058152347,rewrite_mean_q,#DD8844,1
GPT-2 XL,zsRE,MEMIT,SADR,canonical,500,GPT-2 XL|zsRE|MEMIT|SADR|canonical|500,mean_kappa,locality,fixed1000,1000,prompt_last,1.0213633391933734,61.5828058152347,locality_mean_kappa,#4477AA,1
GPT-2 XL,zsRE,MEMIT,SADR,canonical,500,GPT-2 XL|zsRE|MEMIT|SADR|canonical|500,mean_kappa,rewrite,fixed1000,1000,subject_last,1.2027844300901134,61.5828058152347,rewrite_mean_kappa,#DD8844,1
GPT-2 XL,zsRE,MEMIT,SADR,canonical,500,GPT-2 XL|zsRE|MEMIT|SADR|canonical|500,mean_abs_norm_deviation,locality,fixed1000,1000,prompt_last,0.0254580810101356,61.5828058152347,locality_mean_abs_norm_deviation,#4477AA,1
GPT-2 XL,zsRE,MEMIT,SADR,canonical,500,GPT-2 XL|zsRE|MEMIT|SADR|canonical|500,mean_abs_norm_deviation,rewrite,fixed1000,1000,subject_last,0.20285738817529853,61.5828058152347,rewrite_mean_abs_norm_deviation,#DD8844,1
GPT-2 XL,zsRE,MEMIT,SADR,canonical,750,GPT-2 XL|zsRE|MEMIT|SADR|canonical|750,mean_q,locality,fixed1000,1000,prompt_last,0.4212214748328232,47.70617559855364,locality_mean_q,#4477AA,1
GPT-2 XL,zsRE,MEMIT,SADR,canonical,750,GPT-2 XL|zsRE|MEMIT|SADR|canonical|750,mean_q,rewrite,fixed1000,1000,subject_last,1.064690703882787,47.70617559855364,rewrite_mean_q,#DD8844,1
GPT-2 XL,zsRE,MEMIT,SADR,canonical,750,GPT-2 XL|zsRE|MEMIT|SADR|canonical|750,mean_kappa,locality,fixed1000,1000,prompt_last,1.0610042868332226,47.70617559855364,locality_mean_kappa,#4477AA,1
GPT-2 XL,zsRE,MEMIT,SADR,canonical,750,GPT-2 XL|zsRE|MEMIT|SADR|canonical|750,mean_kappa,rewrite,fixed1000,1000,subject_last,1.411097943178596,47.70617559855364,rewrite_mean_kappa,#DD8844,1
GPT-2 XL,zsRE,MEMIT,SADR,canonical,750,GPT-2 XL|zsRE|MEMIT|SADR|canonical|750,mean_abs_norm_deviation,locality,fixed1000,1000,prompt_last,0.0630326921046093,47.70617559855364,locality_mean_abs_norm_deviation,#4477AA,1
GPT-2 XL,zsRE,MEMIT,SADR,canonical,750,GPT-2 XL|zsRE|MEMIT|SADR|canonical|750,mean_abs_norm_deviation,rewrite,fixed1000,1000,subject_last,0.41113006086458403,47.70617559855364,rewrite_mean_abs_norm_deviation,#DD8844,1
GPT-2 XL,zsRE,MEMIT,SADR,canonical,1000,GPT-2 XL|zsRE|MEMIT|SADR|canonical|1000,mean_q,locality,fixed1000,1000,prompt_last,0.6703764685679379,27.611048634664947,locality_mean_q,#4477AA,1
GPT-2 XL,zsRE,MEMIT,SADR,canonical,1000,GPT-2 XL|zsRE|MEMIT|SADR|canonical|1000,mean_q,rewrite,fixed1000,1000,subject_last,1.7013578928847302,27.611048634664947,rewrite_mean_q,#DD8844,1
GPT-2 XL,zsRE,MEMIT,SADR,canonical,1000,GPT-2 XL|zsRE|MEMIT|SADR|canonical|1000,mean_kappa,locality,fixed1000,1000,prompt_last,1.1741347110420484,27.611048634664947,locality_mean_kappa,#4477AA,1
GPT-2 XL,zsRE,MEMIT,SADR,canonical,1000,GPT-2 XL|zsRE|MEMIT|SADR|canonical|1000,mean_kappa,rewrite,fixed1000,1000,subject_last,1.914494060068215,27.611048634664947,rewrite_mean_kappa,#DD8844,1
GPT-2 XL,zsRE,MEMIT,SADR,canonical,1000,GPT-2 XL|zsRE|MEMIT|SADR|canonical|1000,mean_abs_norm_deviation,locality,fixed1000,1000,prompt_last,0.1752138715708524,27.611048634664947,locality_mean_abs_norm_deviation,#4477AA,1
GPT-2 XL,zsRE,MEMIT,SADR,canonical,1000,GPT-2 XL|zsRE|MEMIT|SADR|canonical|1000,mean_abs_norm_deviation,rewrite,fixed1000,1000,subject_last,0.914494060068215,27.611048634664947,rewrite_mean_abs_norm_deviation,#DD8844,1
GPT-2 XL,zsRE,MEMIT,SPHERE,canonical,50,GPT-2 XL|zsRE|MEMIT|SPHERE|canonical|50,mean_q,locality,fixed1000,1000,prompt_last,0.0353188067958743,97.07655098727427,locality_mean_q,#4477AA,1
GPT-2 XL,zsRE,MEMIT,SPHERE,canonical,50,GPT-2 XL|zsRE|MEMIT|SPHERE|canonical|50,mean_q,rewrite,fixed1000,1000,subject_last,0.08129993875699174,97.07655098727427,rewrite_mean_q,#DD8844,1
GPT-2 XL,zsRE,MEMIT,SPHERE,canonical,50,GPT-2 XL|zsRE|MEMIT|SPHERE|canonical|50,mean_kappa,locality,fixed1000,1000,prompt_last,0.9962281641292984,97.07655098727427,locality_mean_kappa,#4477AA,1
GPT-2 XL,zsRE,MEMIT,SPHERE,canonical,50,GPT-2 XL|zsRE|MEMIT|SPHERE|canonical|50,mean_kappa,rewrite,fixed1000,1000,subject_last,0.993321359296347,97.07655098727427,rewrite_mean_kappa,#DD8844,1
GPT-2 XL,zsRE,MEMIT,SPHERE,canonical,50,GPT-2 XL|zsRE|MEMIT|SPHERE|canonical|50,mean_abs_norm_deviation,locality,fixed1000,1000,prompt_last,0.0038597717828871,97.07655098727427,locality_mean_abs_norm_deviation,#4477AA,1
GPT-2 XL,zsRE,MEMIT,SPHERE,canonical,50,GPT-2 XL|zsRE|MEMIT|SPHERE|canonical|50,mean_abs_norm_deviation,rewrite,fixed1000,1000,subject_last,0.008547043707735501,97.07655098727427,rewrite_mean_abs_norm_deviation,#DD8844,1
GPT-2 XL,zsRE,MEMIT,SPHERE,canonical,100,GPT-2 XL|zsRE|MEMIT|SPHERE|canonical|100,mean_q,locality,fixed1000,1000,prompt_last,0.0540206280939824,95.70092838992522,locality_mean_q,#4477AA,1
GPT-2 XL,zsRE,MEMIT,SPHERE,canonical,100,GPT-2 XL|zsRE|MEMIT|SPHERE|canonical|100,mean_q,rewrite,fixed1000,1000,subject_last,0.1283207216308215,95.70092838992522,rewrite_mean_q,#DD8844,1
GPT-2 XL,zsRE,MEMIT,SPHERE,canonical,100,GPT-2 XL|zsRE|MEMIT|SPHERE|canonical|100,mean_kappa,locality,fixed1000,1000,prompt_last,0.9933026765229008,95.70092838992522,locality_mean_kappa,#4477AA,1
GPT-2 XL,zsRE,MEMIT,SPHERE,canonical,100,GPT-2 XL|zsRE|MEMIT|SPHERE|canonical|100,mean_kappa,rewrite,fixed1000,1000,subject_last,0.9896403216430011,95.70092838992522,rewrite_mean_kappa,#DD8844,1
GPT-2 XL,zsRE,MEMIT,SPHERE,canonical,100,GPT-2 XL|zsRE|MEMIT|SPHERE|canonical|100,mean_abs_norm_deviation,locality,fixed1000,1000,prompt_last,0.0067739763246707,95.70092838992522,locality_mean_abs_norm_deviation,#4477AA,1
GPT-2 XL,zsRE,MEMIT,SPHERE,canonical,100,GPT-2 XL|zsRE|MEMIT|SPHERE|canonical|100,mean_abs_norm_deviation,rewrite,fixed1000,1000,subject_last,0.013782932127116834,95.70092838992522,rewrite_mean_abs_norm_deviation,#DD8844,1
GPT-2 XL,zsRE,MEMIT,SPHERE,canonical,150,GPT-2 XL|zsRE|MEMIT|SPHERE|canonical|150,mean_q,locality,fixed1000,1000,prompt_last,0.0664767654220297,94.19300963953869,locality_mean_q,#4477AA,1
GPT-2 XL,zsRE,MEMIT,SPHERE,canonical,150,GPT-2 XL|zsRE|MEMIT|SPHERE|canonical|150,mean_q,rewrite,fixed1000,1000,subject_last,0.16824193555381176,94.19300963953869,rewrite_mean_q,#DD8844,1
GPT-2 XL,zsRE,MEMIT,SPHERE,canonical,150,GPT-2 XL|zsRE|MEMIT|SPHERE|canonical|150,mean_kappa,locality,fixed1000,1000,prompt_last,0.9913998785356224,94.19300963953869,locality_mean_kappa,#4477AA,1
GPT-2 XL,zsRE,MEMIT,SPHERE,canonical,150,GPT-2 XL|zsRE|MEMIT|SPHERE|canonical|150,mean_kappa,rewrite,fixed1000,1000,subject_last,0.9876362967852599,94.19300963953869,rewrite_mean_kappa,#DD8844,1
GPT-2 XL,zsRE,MEMIT,SPHERE,canonical,150,GPT-2 XL|zsRE|MEMIT|SPHERE|canonical|150,mean_abs_norm_deviation,locality,fixed1000,1000,prompt_last,0.0086829733368388,94.19300963953869,locality_mean_abs_norm_deviation,#4477AA,1
GPT-2 XL,zsRE,MEMIT,SPHERE,canonical,150,GPT-2 XL|zsRE|MEMIT|SPHERE|canonical|150,mean_abs_norm_deviation,rewrite,fixed1000,1000,subject_last,0.01691418583620774,94.19300963953869,rewrite_mean_abs_norm_deviation,#DD8844,1
GPT-2 XL,zsRE,MEMIT,SPHERE,canonical,200,GPT-2 XL|zsRE|MEMIT|SPHERE|canonical|200,mean_q,locality,fixed1000,1000,prompt_last,0.0760851585285797,93.20379599522649,locality_mean_q,#4477AA,1
GPT-2 XL,zsRE,MEMIT,SPHERE,canonical,200,GPT-2 XL|zsRE|MEMIT|SPHERE|canonical|200,mean_q,rewrite,fixed1000,1000,subject_last,0.20305196477176385,93.20379599522649,rewrite_mean_q,#DD8844,1
GPT-2 XL,zsRE,MEMIT,SPHERE,canonical,200,GPT-2 XL|zsRE|MEMIT|SPHERE|canonical|200,mean_kappa,locality,fixed1000,1000,prompt_last,0.990317640302904,93.20379599522649,locality_mean_kappa,#4477AA,1
GPT-2 XL,zsRE,MEMIT,SPHERE,canonical,200,GPT-2 XL|zsRE|MEMIT|SPHERE|canonical|200,mean_kappa,rewrite,fixed1000,1000,subject_last,0.9890313744385651,93.20379599522649,rewrite_mean_kappa,#DD8844,1
GPT-2 XL,zsRE,MEMIT,SPHERE,canonical,200,GPT-2 XL|zsRE|MEMIT|SPHERE|canonical|200,mean_abs_norm_deviation,locality,fixed1000,1000,prompt_last,0.0097737057672173,93.20379599522649,locality_mean_abs_norm_deviation,#4477AA,1
GPT-2 XL,zsRE,MEMIT,SPHERE,canonical,200,GPT-2 XL|zsRE|MEMIT|SPHERE|canonical|200,mean_abs_norm_deviation,rewrite,fixed1000,1000,subject_last,0.01768537279205627,93.20379599522649,rewrite_mean_abs_norm_deviation,#DD8844,1
GPT-2 XL,zsRE,MEMIT,SPHERE,canonical,250,GPT-2 XL|zsRE|MEMIT|SPHERE|canonical|250,mean_q,locality,fixed1000,1000,prompt_last,0.0883258218408953,91.57365301076949,locality_mean_q,#4477AA,1
GPT-2 XL,zsRE,MEMIT,SPHERE,canonical,250,GPT-2 XL|zsRE|MEMIT|SPHERE|canonical|250,mean_q,rewrite,fixed1000,1000,subject_last,0.23417748703904237,91.57365301076949,rewrite_mean_q,#DD8844,1
GPT-2 XL,zsRE,MEMIT,SPHERE,canonical,250,GPT-2 XL|zsRE|MEMIT|SPHERE|canonical|250,mean_kappa,locality,fixed1000,1000,prompt_last,0.9892624055986384,91.57365301076949,locality_mean_kappa,#4477AA,1
GPT-2 XL,zsRE,MEMIT,SPHERE,canonical,250,GPT-2 XL|zsRE|MEMIT|SPHERE|canonical|250,mean_kappa,rewrite,fixed1000,1000,subject_last,0.9914639413400061,91.57365301076949,rewrite_mean_kappa,#DD8844,1
GPT-2 XL,zsRE,MEMIT,SPHERE,canonical,250,GPT-2 XL|zsRE|MEMIT|SPHERE|canonical|250,mean_abs_norm_deviation,locality,fixed1000,1000,prompt_last,0.0108464356643223,91.57365301076949,locality_mean_abs_norm_deviation,#4477AA,1
GPT-2 XL,zsRE,MEMIT,SPHERE,canonical,250,GPT-2 XL|zsRE|MEMIT|SPHERE|canonical|250,mean_abs_norm_deviation,rewrite,fixed1000,1000,subject_last,0.018079582133628796,91.57365301076949,rewrite_mean_abs_norm_deviation,#DD8844,1
GPT-2 XL,zsRE,MEMIT,SPHERE,canonical,300,GPT-2 XL|zsRE|MEMIT|SPHERE|canonical|300,mean_q,locality,fixed1000,1000,prompt_last,0.0991145675432944,90.35693129103231,locality_mean_q,#4477AA,1
GPT-2 XL,zsRE,MEMIT,SPHERE,canonical,300,GPT-2 XL|zsRE|MEMIT|SPHERE|canonical|300,mean_q,rewrite,fixed1000,1000,subject_last,0.2628785370859183,90.35693129103231,rewrite_mean_q,#DD8844,1
GPT-2 XL,zsRE,MEMIT,SPHERE,canonical,300,GPT-2 XL|zsRE|MEMIT|SPHERE|canonical|300,mean_kappa,locality,fixed1000,1000,prompt_last,0.9875846548834564,90.35693129103231,locality_mean_kappa,#4477AA,1
GPT-2 XL,zsRE,MEMIT,SPHERE,canonical,300,GPT-2 XL|zsRE|MEMIT|SPHERE|canonical|300,mean_kappa,rewrite,fixed1000,1000,subject_last,0.9934500263051839,90.35693129103231,rewrite_mean_kappa,#DD8844,1
GPT-2 XL,zsRE,MEMIT,SPHERE,canonical,300,GPT-2 XL|zsRE|MEMIT|SPHERE|canonical|300,mean_abs_norm_deviation,locality,fixed1000,1000,prompt_last,0.01252280107138,90.35693129103231,locality_mean_abs_norm_deviation,#4477AA,1
GPT-2 XL,zsRE,MEMIT,SPHERE,canonical,300,GPT-2 XL|zsRE|MEMIT|SPHERE|canonical|300,mean_abs_norm_deviation,rewrite,fixed1000,1000,subject_last,0.01884305486864453,90.35693129103231,rewrite_mean_abs_norm_deviation,#DD8844,1
GPT-2 XL,zsRE,MEMIT,SPHERE,canonical,500,GPT-2 XL|zsRE|MEMIT|SPHERE|canonical|500,mean_q,locality,fixed1000,1000,prompt_last,0.1351873058309647,85.37938286689497,locality_mean_q,#4477AA,1
GPT-2 XL,zsRE,MEMIT,SPHERE,canonical,500,GPT-2 XL|zsRE|MEMIT|SPHERE|canonical|500,mean_q,rewrite,fixed1000,1000,subject_last,0.3602077468247524,85.37938286689497,rewrite_mean_q,#DD8844,1
GPT-2 XL,zsRE,MEMIT,SPHERE,canonical,500,GPT-2 XL|zsRE|MEMIT|SPHERE|canonical|500,mean_kappa,locality,fixed1000,1000,prompt_last,0.9850259599399804,85.37938286689497,locality_mean_kappa,#4477AA,1
GPT-2 XL,zsRE,MEMIT,SPHERE,canonical,500,GPT-2 XL|zsRE|MEMIT|SPHERE|canonical|500,mean_kappa,rewrite,fixed1000,1000,subject_last,1.0064405783199595,85.37938286689497,rewrite_mean_kappa,#DD8844,1
GPT-2 XL,zsRE,MEMIT,SPHERE,canonical,500,GPT-2 XL|zsRE|MEMIT|SPHERE|canonical|500,mean_abs_norm_deviation,locality,fixed1000,1000,prompt_last,0.0153229744227765,85.37938286689497,locality_mean_abs_norm_deviation,#4477AA,1
GPT-2 XL,zsRE,MEMIT,SPHERE,canonical,500,GPT-2 XL|zsRE|MEMIT|SPHERE|canonical|500,mean_abs_norm_deviation,rewrite,fixed1000,1000,subject_last,0.02279823067566483,85.37938286689497,rewrite_mean_abs_norm_deviation,#DD8844,1
GPT-2 XL,zsRE,MEMIT,SPHERE,canonical,750,GPT-2 XL|zsRE|MEMIT|SPHERE|canonical|750,mean_q,locality,fixed1000,1000,prompt_last,0.1693963356183946,78.5609777363145,locality_mean_q,#4477AA,1
GPT-2 XL,zsRE,MEMIT,SPHERE,canonical,750,GPT-2 XL|zsRE|MEMIT|SPHERE|canonical|750,mean_q,rewrite,fixed1000,1000,subject_last,0.45723514175919683,78.5609777363145,rewrite_mean_q,#DD8844,1
GPT-2 XL,zsRE,MEMIT,SPHERE,canonical,750,GPT-2 XL|zsRE|MEMIT|SPHERE|canonical|750,mean_kappa,locality,fixed1000,1000,prompt_last,0.9861199685805904,78.5609777363145,locality_mean_kappa,#4477AA,1
GPT-2 XL,zsRE,MEMIT,SPHERE,canonical,750,GPT-2 XL|zsRE|MEMIT|SPHERE|canonical|750,mean_kappa,rewrite,fixed1000,1000,subject_last,1.0349973749165937,78.5609777363145,rewrite_mean_kappa,#DD8844,1
GPT-2 XL,zsRE,MEMIT,SPHERE,canonical,750,GPT-2 XL|zsRE|MEMIT|SPHERE|canonical|750,mean_abs_norm_deviation,locality,fixed1000,1000,prompt_last,0.0149328965263878,78.5609777363145,locality_mean_abs_norm_deviation,#4477AA,1
GPT-2 XL,zsRE,MEMIT,SPHERE,canonical,750,GPT-2 XL|zsRE|MEMIT|SPHERE|canonical|750,mean_abs_norm_deviation,rewrite,fixed1000,1000,subject_last,0.039423733967963795,78.5609777363145,rewrite_mean_abs_norm_deviation,#DD8844,1
GPT-2 XL,zsRE,MEMIT,SPHERE,canonical,1000,GPT-2 XL|zsRE|MEMIT|SPHERE|canonical|1000,mean_q,locality,fixed1000,1000,prompt_last,0.1998459297896275,72.20772863631807,locality_mean_q,#4477AA,1
GPT-2 XL,zsRE,MEMIT,SPHERE,canonical,1000,GPT-2 XL|zsRE|MEMIT|SPHERE|canonical|1000,mean_q,rewrite,fixed1000,1000,subject_last,0.5361663004958717,72.20772863631807,rewrite_mean_q,#DD8844,1
GPT-2 XL,zsRE,MEMIT,SPHERE,canonical,1000,GPT-2 XL|zsRE|MEMIT|SPHERE|canonical|1000,mean_kappa,locality,fixed1000,1000,prompt_last,0.9878780545139364,72.20772863631807,locality_mean_kappa,#4477AA,1
GPT-2 XL,zsRE,MEMIT,SPHERE,canonical,1000,GPT-2 XL|zsRE|MEMIT|SPHERE|canonical|1000,mean_kappa,rewrite,fixed1000,1000,subject_last,1.0605518561384144,72.20772863631807,rewrite_mean_kappa,#DD8844,1
GPT-2 XL,zsRE,MEMIT,SPHERE,canonical,1000,GPT-2 XL|zsRE|MEMIT|SPHERE|canonical|1000,mean_abs_norm_deviation,locality,fixed1000,1000,prompt_last,0.0147459860934529,72.20772863631807,locality_mean_abs_norm_deviation,#4477AA,1
GPT-2 XL,zsRE,MEMIT,SPHERE,canonical,1000,GPT-2 XL|zsRE|MEMIT|SPHERE|canonical|1000,mean_abs_norm_deviation,rewrite,fixed1000,1000,subject_last,0.061337041472609696,72.20772863631807,rewrite_mean_abs_norm_deviation,#DD8844,1
Llama,CounterFact,AlphaEdit,NAS,canonical,50,Llama|CounterFact|AlphaEdit|NAS|canonical|50,mean_q,locality,fixed1000,1000,prompt_last,0.1229467152866924,75.0,locality_mean_q,#4477AA,1
Llama,CounterFact,AlphaEdit,NAS,canonical,50,Llama|CounterFact|AlphaEdit|NAS|canonical|50,mean_q,rewrite,fixed1000,1000,subject_last,0.42608449550068656,75.0,rewrite_mean_q,#DD8844,1
Llama,CounterFact,AlphaEdit,NAS,canonical,50,Llama|CounterFact|AlphaEdit|NAS|canonical|50,mean_kappa,locality,fixed1000,1000,prompt_last,0.9945738638247557,75.0,locality_mean_kappa,#4477AA,1
Llama,CounterFact,AlphaEdit,NAS,canonical,50,Llama|CounterFact|AlphaEdit|NAS|canonical|50,mean_kappa,rewrite,fixed1000,1000,subject_last,1.0738074328233183,75.0,rewrite_mean_kappa,#DD8844,1
Llama,CounterFact,AlphaEdit,NAS,canonical,50,Llama|CounterFact|AlphaEdit|NAS|canonical|50,mean_abs_norm_deviation,locality,fixed1000,1000,prompt_last,0.0072836701889189,75.0,locality_mean_abs_norm_deviation,#4477AA,1
Llama,CounterFact,AlphaEdit,NAS,canonical,50,Llama|CounterFact|AlphaEdit|NAS|canonical|50,mean_abs_norm_deviation,rewrite,fixed1000,1000,subject_last,0.0746116005973912,75.0,rewrite_mean_abs_norm_deviation,#DD8844,1
Llama,CounterFact,AlphaEdit,NAS,canonical,100,Llama|CounterFact|AlphaEdit|NAS|canonical|100,mean_q,locality,fixed1000,1000,prompt_last,0.1701727052450065,56.6,locality_mean_q,#4477AA,1
Llama,CounterFact,AlphaEdit,NAS,canonical,100,Llama|CounterFact|AlphaEdit|NAS|canonical|100,mean_q,rewrite,fixed1000,1000,subject_last,0.5822094929842307,56.6,rewrite_mean_q,#DD8844,1
Llama,CounterFact,AlphaEdit,NAS,canonical,100,Llama|CounterFact|AlphaEdit|NAS|canonical|100,mean_kappa,locality,fixed1000,1000,prompt_last,0.996228831636318,56.6,locality_mean_kappa,#4477AA,1
Llama,CounterFact,AlphaEdit,NAS,canonical,100,Llama|CounterFact|AlphaEdit|NAS|canonical|100,mean_kappa,rewrite,fixed1000,1000,subject_last,1.129218520146667,56.6,rewrite_mean_kappa,#DD8844,1
Llama,CounterFact,AlphaEdit,NAS,canonical,100,Llama|CounterFact|AlphaEdit|NAS|canonical|100,mean_abs_norm_deviation,locality,fixed1000,1000,prompt_last,0.0080584018609455,56.6,locality_mean_abs_norm_deviation,#4477AA,1
Llama,CounterFact,AlphaEdit,NAS,canonical,100,Llama|CounterFact|AlphaEdit|NAS|canonical|100,mean_abs_norm_deviation,rewrite,fixed1000,1000,subject_last,0.12941373062934505,56.6,rewrite_mean_abs_norm_deviation,#DD8844,1
Llama,CounterFact,AlphaEdit,NAS,canonical,150,Llama|CounterFact|AlphaEdit|NAS|canonical|150,mean_q,locality,fixed1000,1000,prompt_last,0.2053121626941228,47.75,locality_mean_q,#4477AA,1
Llama,CounterFact,AlphaEdit,NAS,canonical,150,Llama|CounterFact|AlphaEdit|NAS|canonical|150,mean_q,rewrite,fixed1000,1000,subject_last,0.6619284230247867,47.75,rewrite_mean_q,#DD8844,1
Llama,CounterFact,AlphaEdit,NAS,canonical,150,Llama|CounterFact|AlphaEdit|NAS|canonical|150,mean_kappa,locality,fixed1000,1000,prompt_last,1.000692430914108,47.75,locality_mean_kappa,#4477AA,1
Llama,CounterFact,AlphaEdit,NAS,canonical,150,Llama|CounterFact|AlphaEdit|NAS|canonical|150,mean_kappa,rewrite,fixed1000,1000,subject_last,1.165741205096273,47.75,rewrite_mean_kappa,#DD8844,1
Llama,CounterFact,AlphaEdit,NAS,canonical,150,Llama|CounterFact|AlphaEdit|NAS|canonical|150,mean_abs_norm_deviation,locality,fixed1000,1000,prompt_last,0.0093304269467029,47.75,locality_mean_abs_norm_deviation,#4477AA,1
Llama,CounterFact,AlphaEdit,NAS,canonical,150,Llama|CounterFact|AlphaEdit|NAS|canonical|150,mean_abs_norm_deviation,rewrite,fixed1000,1000,subject_last,0.16576432031354046,47.75,rewrite_mean_abs_norm_deviation,#DD8844,1
Llama,CounterFact,AlphaEdit,NAS,canonical,200,Llama|CounterFact|AlphaEdit|NAS|canonical|200,mean_q,locality,fixed1000,1000,prompt_last,0.2350326125320651,41.3,locality_mean_q,#4477AA,1
Llama,CounterFact,AlphaEdit,NAS,canonical,200,Llama|CounterFact|AlphaEdit|NAS|canonical|200,mean_q,rewrite,fixed1000,1000,subject_last,0.7147601538044125,41.3,rewrite_mean_q,#DD8844,1
Llama,CounterFact,AlphaEdit,NAS,canonical,200,Llama|CounterFact|AlphaEdit|NAS|canonical|200,mean_kappa,locality,fixed1000,1000,prompt_last,1.0024518438937036,41.3,locality_mean_kappa,#4477AA,1
Llama,CounterFact,AlphaEdit,NAS,canonical,200,Llama|CounterFact|AlphaEdit|NAS|canonical|200,mean_kappa,rewrite,fixed1000,1000,subject_last,1.1885709199063468,41.3,rewrite_mean_kappa,#DD8844,1
Llama,CounterFact,AlphaEdit,NAS,canonical,200,Llama|CounterFact|AlphaEdit|NAS|canonical|200,mean_abs_norm_deviation,locality,fixed1000,1000,prompt_last,0.0107624880803584,41.3,locality_mean_abs_norm_deviation,#4477AA,1
Llama,CounterFact,AlphaEdit,NAS,canonical,200,Llama|CounterFact|AlphaEdit|NAS|canonical|200,mean_abs_norm_deviation,rewrite,fixed1000,1000,subject_last,0.188577509851714,41.3,rewrite_mean_abs_norm_deviation,#DD8844,1
Llama,CounterFact,AlphaEdit,NAS,canonical,250,Llama|CounterFact|AlphaEdit|NAS|canonical|250,mean_q,locality,fixed1000,1000,prompt_last,0.2530487791577276,38.9,locality_mean_q,#4477AA,1
Llama,CounterFact,AlphaEdit,NAS,canonical,250,Llama|CounterFact|AlphaEdit|NAS|canonical|250,mean_q,rewrite,fixed1000,1000,subject_last,0.7496655276579605,38.9,rewrite_mean_q,#DD8844,1
Llama,CounterFact,AlphaEdit,NAS,canonical,250,Llama|CounterFact|AlphaEdit|NAS|canonical|250,mean_kappa,locality,fixed1000,1000,prompt_last,1.0061623752079094,38.9,locality_mean_kappa,#4477AA,1
Llama,CounterFact,AlphaEdit,NAS,canonical,250,Llama|CounterFact|AlphaEdit|NAS|canonical|250,mean_kappa,rewrite,fixed1000,1000,subject_last,1.2056859017215067,38.9,rewrite_mean_kappa,#DD8844,1
Llama,CounterFact,AlphaEdit,NAS,canonical,250,Llama|CounterFact|AlphaEdit|NAS|canonical|250,mean_abs_norm_deviation,locality,fixed1000,1000,prompt_last,0.0122822211879167,38.9,locality_mean_abs_norm_deviation,#4477AA,1
Llama,CounterFact,AlphaEdit,NAS,canonical,250,Llama|CounterFact|AlphaEdit|NAS|canonical|250,mean_abs_norm_deviation,rewrite,fixed1000,1000,subject_last,0.2056859017215066,38.9,rewrite_mean_abs_norm_deviation,#DD8844,1
Llama,CounterFact,AlphaEdit,NAS,canonical,300,Llama|CounterFact|AlphaEdit|NAS|canonical|300,mean_q,locality,fixed1000,1000,prompt_last,0.2702450020872288,35.7,locality_mean_q,#4477AA,1
Llama,CounterFact,AlphaEdit,NAS,canonical,300,Llama|CounterFact|AlphaEdit|NAS|canonical|300,mean_q,rewrite,fixed1000,1000,subject_last,0.7836688400416416,35.7,rewrite_mean_q,#DD8844,1
Llama,CounterFact,AlphaEdit,NAS,canonical,300,Llama|CounterFact|AlphaEdit|NAS|canonical|300,mean_kappa,locality,fixed1000,1000,prompt_last,1.0082037521537837,35.7,locality_mean_kappa,#4477AA,1
Llama,CounterFact,AlphaEdit,NAS,canonical,300,Llama|CounterFact|AlphaEdit|NAS|canonical|300,mean_kappa,rewrite,fixed1000,1000,subject_last,1.2230303879460676,35.7,rewrite_mean_kappa,#DD8844,1
Llama,CounterFact,AlphaEdit,NAS,canonical,300,Llama|CounterFact|AlphaEdit|NAS|canonical|300,mean_abs_norm_deviation,locality,fixed1000,1000,prompt_last,0.0138760888379037,35.7,locality_mean_abs_norm_deviation,#4477AA,1
Llama,CounterFact,AlphaEdit,NAS,canonical,300,Llama|CounterFact|AlphaEdit|NAS|canonical|300,mean_abs_norm_deviation,rewrite,fixed1000,1000,subject_last,0.2230303879460675,35.7,rewrite_mean_abs_norm_deviation,#DD8844,1
Llama,CounterFact,AlphaEdit,NAS,canonical,500,Llama|CounterFact|AlphaEdit|NAS|canonical|500,mean_q,locality,fixed1000,1000,prompt_last,0.3022030897597101,28.65,locality_mean_q,#4477AA,1
Llama,CounterFact,AlphaEdit,NAS,canonical,500,Llama|CounterFact|AlphaEdit|NAS|canonical|500,mean_q,rewrite,fixed1000,1000,subject_last,0.8632834224758184,28.65,rewrite_mean_q,#DD8844,1
Llama,CounterFact,AlphaEdit,NAS,canonical,500,Llama|CounterFact|AlphaEdit|NAS|canonical|500,mean_kappa,locality,fixed1000,1000,prompt_last,1.0145994174963506,28.65,locality_mean_kappa,#4477AA,1
Llama,CounterFact,AlphaEdit,NAS,canonical,500,Llama|CounterFact|AlphaEdit|NAS|canonical|500,mean_kappa,rewrite,fixed1000,1000,subject_last,1.2589257442507924,28.65,rewrite_mean_kappa,#DD8844,1
Llama,CounterFact,AlphaEdit,NAS,canonical,500,Llama|CounterFact|AlphaEdit|NAS|canonical|500,mean_abs_norm_deviation,locality,fixed1000,1000,prompt_last,0.0184009048565003,28.65,locality_mean_abs_norm_deviation,#4477AA,1
Llama,CounterFact,AlphaEdit,NAS,canonical,500,Llama|CounterFact|AlphaEdit|NAS|canonical|500,mean_abs_norm_deviation,rewrite,fixed1000,1000,subject_last,0.2589257442507925,28.65,rewrite_mean_abs_norm_deviation,#DD8844,1
Llama,CounterFact,AlphaEdit,NAS,canonical,750,Llama|CounterFact|AlphaEdit|NAS|canonical|750,mean_q,locality,fixed1000,1000,prompt_last,0.3336409384793558,28.4,locality_mean_q,#4477AA,1
Llama,CounterFact,AlphaEdit,NAS,canonical,750,Llama|CounterFact|AlphaEdit|NAS|canonical|750,mean_q,rewrite,fixed1000,1000,subject_last,0.9253722795557844,28.4,rewrite_mean_q,#DD8844,1
Llama,CounterFact,AlphaEdit,NAS,canonical,750,Llama|CounterFact|AlphaEdit|NAS|canonical|750,mean_kappa,locality,fixed1000,1000,prompt_last,1.0207626472088025,28.4,locality_mean_kappa,#4477AA,1
Llama,CounterFact,AlphaEdit,NAS,canonical,750,Llama|CounterFact|AlphaEdit|NAS|canonical|750,mean_kappa,rewrite,fixed1000,1000,subject_last,1.2829898167035025,28.4,rewrite_mean_kappa,#DD8844,1
Llama,CounterFact,AlphaEdit,NAS,canonical,750,Llama|CounterFact|AlphaEdit|NAS|canonical|750,mean_abs_norm_deviation,locality,fixed1000,1000,prompt_last,0.0232608752640684,28.4,locality_mean_abs_norm_deviation,#4477AA,1
Llama,CounterFact,AlphaEdit,NAS,canonical,750,Llama|CounterFact|AlphaEdit|NAS|canonical|750,mean_abs_norm_deviation,rewrite,fixed1000,1000,subject_last,0.2829898167035025,28.4,rewrite_mean_abs_norm_deviation,#DD8844,1
Llama,CounterFact,AlphaEdit,NAS,canonical,1000,Llama|CounterFact|AlphaEdit|NAS|canonical|1000,mean_q,locality,fixed1000,1000,prompt_last,0.3559768156703405,24.45,locality_mean_q,#4477AA,1
Llama,CounterFact,AlphaEdit,NAS,canonical,1000,Llama|CounterFact|AlphaEdit|NAS|canonical|1000,mean_q,rewrite,fixed1000,1000,subject_last,0.9636615207804493,24.45,rewrite_mean_q,#DD8844,1
Llama,CounterFact,AlphaEdit,NAS,canonical,1000,Llama|CounterFact|AlphaEdit|NAS|canonical|1000,mean_kappa,locality,fixed1000,1000,prompt_last,1.0227099436402631,24.45,locality_mean_kappa,#4477AA,1
Llama,CounterFact,AlphaEdit,NAS,canonical,1000,Llama|CounterFact|AlphaEdit|NAS|canonical|1000,mean_kappa,rewrite,fixed1000,1000,subject_last,1.2922897828178812,24.45,rewrite_mean_kappa,#DD8844,1
Llama,CounterFact,AlphaEdit,NAS,canonical,1000,Llama|CounterFact|AlphaEdit|NAS|canonical|1000,mean_abs_norm_deviation,locality,fixed1000,1000,prompt_last,0.0251877642905577,24.45,locality_mean_abs_norm_deviation,#4477AA,1
Llama,CounterFact,AlphaEdit,NAS,canonical,1000,Llama|CounterFact|AlphaEdit|NAS|canonical|1000,mean_abs_norm_deviation,rewrite,fixed1000,1000,subject_last,0.2922897828178813,24.45,rewrite_mean_abs_norm_deviation,#DD8844,1
Llama,CounterFact,AlphaEdit,Native,canonical,50,Llama|CounterFact|AlphaEdit|Native|canonical|50,mean_q,locality,fixed1000,1000,prompt_last,0.1257051416636143,69.55,locality_mean_q,#4477AA,1
Llama,CounterFact,AlphaEdit,Native,canonical,50,Llama|CounterFact|AlphaEdit|Native|canonical|50,mean_q,rewrite,fixed1000,1000,subject_last,0.4612063635373558,69.55,rewrite_mean_q,#DD8844,1
Llama,CounterFact,AlphaEdit,Native,canonical,50,Llama|CounterFact|AlphaEdit|Native|canonical|50,mean_kappa,locality,fixed1000,1000,prompt_last,0.9948080588698888,69.55,locality_mean_kappa,#4477AA,1
Llama,CounterFact,AlphaEdit,Native,canonical,50,Llama|CounterFact|AlphaEdit|Native|canonical|50,mean_kappa,rewrite,fixed1000,1000,subject_last,1.0978952760859537,69.55,rewrite_mean_kappa,#DD8844,1
Llama,CounterFact,AlphaEdit,Native,canonical,50,Llama|CounterFact|AlphaEdit|Native|canonical|50,mean_abs_norm_deviation,locality,fixed1000,1000,prompt_last,0.0071653838130343,69.55,locality_mean_abs_norm_deviation,#4477AA,1
Llama,CounterFact,AlphaEdit,Native,canonical,50,Llama|CounterFact|AlphaEdit|Native|canonical|50,mean_abs_norm_deviation,rewrite,fixed1000,1000,subject_last,0.09836633228875206,69.55,rewrite_mean_abs_norm_deviation,#DD8844,1
Llama,CounterFact,AlphaEdit,Native,canonical,100,Llama|CounterFact|AlphaEdit|Native|canonical|100,mean_q,locality,fixed1000,1000,prompt_last,0.1856175896409888,52.2,locality_mean_q,#4477AA,1
Llama,CounterFact,AlphaEdit,Native,canonical,100,Llama|CounterFact|AlphaEdit|Native|canonical|100,mean_q,rewrite,fixed1000,1000,subject_last,0.68785117725711,52.2,rewrite_mean_q,#DD8844,1
Llama,CounterFact,AlphaEdit,Native,canonical,100,Llama|CounterFact|AlphaEdit|Native|canonical|100,mean_kappa,locality,fixed1000,1000,prompt_last,1.0018325225300189,52.2,locality_mean_kappa,#4477AA,1
Llama,CounterFact,AlphaEdit,Native,canonical,100,Llama|CounterFact|AlphaEdit|Native|canonical|100,mean_kappa,rewrite,fixed1000,1000,subject_last,1.215626182314955,52.2,rewrite_mean_kappa,#DD8844,1
Llama,CounterFact,AlphaEdit,Native,canonical,100,Llama|CounterFact|AlphaEdit|Native|canonical|100,mean_abs_norm_deviation,locality,fixed1000,1000,prompt_last,0.008625523304614,52.2,locality_mean_abs_norm_deviation,#4477AA,1
Llama,CounterFact,AlphaEdit,Native,canonical,100,Llama|CounterFact|AlphaEdit|Native|canonical|100,mean_abs_norm_deviation,rewrite,fixed1000,1000,subject_last,0.2156386335086036,52.2,rewrite_mean_abs_norm_deviation,#DD8844,1
Llama,CounterFact,AlphaEdit,Native,canonical,150,Llama|CounterFact|AlphaEdit|Native|canonical|150,mean_q,locality,fixed1000,1000,prompt_last,0.2338622051710706,39.95,locality_mean_q,#4477AA,1
Llama,CounterFact,AlphaEdit,Native,canonical,150,Llama|CounterFact|AlphaEdit|Native|canonical|150,mean_q,rewrite,fixed1000,1000,subject_last,0.8346327921461992,39.95,rewrite_mean_q,#DD8844,1
Llama,CounterFact,AlphaEdit,Native,canonical,150,Llama|CounterFact|AlphaEdit|Native|canonical|150,mean_kappa,locality,fixed1000,1000,prompt_last,1.0115364872918915,39.95,locality_mean_kappa,#4477AA,1
Llama,CounterFact,AlphaEdit,Native,canonical,150,Llama|CounterFact|AlphaEdit|Native|canonical|150,mean_kappa,rewrite,fixed1000,1000,subject_last,1.3155641866400662,39.95,rewrite_mean_kappa,#DD8844,1
Llama,CounterFact,AlphaEdit,Native,canonical,150,Llama|CounterFact|AlphaEdit|Native|canonical|150,mean_abs_norm_deviation,locality,fixed1000,1000,prompt_last,0.0151685793975449,39.95,locality_mean_abs_norm_deviation,#4477AA,1
Llama,CounterFact,AlphaEdit,Native,canonical,150,Llama|CounterFact|AlphaEdit|Native|canonical|150,mean_abs_norm_deviation,rewrite,fixed1000,1000,subject_last,0.3155641866400663,39.95,rewrite_mean_abs_norm_deviation,#DD8844,1
Llama,CounterFact,AlphaEdit,Native,canonical,200,Llama|CounterFact|AlphaEdit|Native|canonical|200,mean_q,locality,fixed1000,1000,prompt_last,0.2737737524090235,33.15,locality_mean_q,#4477AA,1
Llama,CounterFact,AlphaEdit,Native,canonical,200,Llama|CounterFact|AlphaEdit|Native|canonical|200,mean_q,rewrite,fixed1000,1000,subject_last,0.947408628883156,33.15,rewrite_mean_q,#DD8844,1
Llama,CounterFact,AlphaEdit,Native,canonical,200,Llama|CounterFact|AlphaEdit|Native|canonical|200,mean_kappa,locality,fixed1000,1000,prompt_last,1.0200721069680092,33.15,locality_mean_kappa,#4477AA,1
Llama,CounterFact,AlphaEdit,Native,canonical,200,Llama|CounterFact|AlphaEdit|Native|canonical|200,mean_kappa,rewrite,fixed1000,1000,subject_last,1.396690761950008,33.15,rewrite_mean_kappa,#DD8844,1
Llama,CounterFact,AlphaEdit,Native,canonical,200,Llama|CounterFact|AlphaEdit|Native|canonical|200,mean_abs_norm_deviation,locality,fixed1000,1000,prompt_last,0.0224042631368053,33.15,locality_mean_abs_norm_deviation,#4477AA,1
Llama,CounterFact,AlphaEdit,Native,canonical,200,Llama|CounterFact|AlphaEdit|Native|canonical|200,mean_abs_norm_deviation,rewrite,fixed1000,1000,subject_last,0.39669076195000785,33.15,rewrite_mean_abs_norm_deviation,#DD8844,1
Llama,CounterFact,AlphaEdit,Native,canonical,250,Llama|CounterFact|AlphaEdit|Native|canonical|250,mean_q,locality,fixed1000,1000,prompt_last,0.3031517405006294,29.9,locality_mean_q,#4477AA,1
Llama,CounterFact,AlphaEdit,Native,canonical,250,Llama|CounterFact|AlphaEdit|Native|canonical|250,mean_q,rewrite,fixed1000,1000,subject_last,1.047513841025249,29.9,rewrite_mean_q,#DD8844,1
Llama,CounterFact,AlphaEdit,Native,canonical,250,Llama|CounterFact|AlphaEdit|Native|canonical|250,mean_kappa,locality,fixed1000,1000,prompt_last,1.0306223308363438,29.9,locality_mean_kappa,#4477AA,1
Llama,CounterFact,AlphaEdit,Native,canonical,250,Llama|CounterFact|AlphaEdit|Native|canonical|250,mean_kappa,rewrite,fixed1000,1000,subject_last,1.4740569046349987,29.9,rewrite_mean_kappa,#DD8844,1
Llama,CounterFact,AlphaEdit,Native,canonical,250,Llama|CounterFact|AlphaEdit|Native|canonical|250,mean_abs_norm_deviation,locality,fixed1000,1000,prompt_last,0.0318309695828279,29.9,locality_mean_abs_norm_deviation,#4477AA,1
Llama,CounterFact,AlphaEdit,Native,canonical,250,Llama|CounterFact|AlphaEdit|Native|canonical|250,mean_abs_norm_deviation,rewrite,fixed1000,1000,subject_last,0.4740569046349988,29.9,rewrite_mean_abs_norm_deviation,#DD8844,1
Llama,CounterFact,AlphaEdit,Native,canonical,300,Llama|CounterFact|AlphaEdit|Native|canonical|300,mean_q,locality,fixed1000,1000,prompt_last,0.3307282882753778,27.15,locality_mean_q,#4477AA,1
Llama,CounterFact,AlphaEdit,Native,canonical,300,Llama|CounterFact|AlphaEdit|Native|canonical|300,mean_q,rewrite,fixed1000,1000,subject_last,1.1375271482408673,27.15,rewrite_mean_q,#DD8844,1
Llama,CounterFact,AlphaEdit,Native,canonical,300,Llama|CounterFact|AlphaEdit|Native|canonical|300,mean_kappa,locality,fixed1000,1000,prompt_last,1.0384761042264294,27.15,locality_mean_kappa,#4477AA,1
Llama,CounterFact,AlphaEdit,Native,canonical,300,Llama|CounterFact|AlphaEdit|Native|canonical|300,mean_kappa,rewrite,fixed1000,1000,subject_last,1.5421481533552468,27.15,rewrite_mean_kappa,#DD8844,1
Llama,CounterFact,AlphaEdit,Native,canonical,300,Llama|CounterFact|AlphaEdit|Native|canonical|300,mean_abs_norm_deviation,locality,fixed1000,1000,prompt_last,0.039430567989901,27.15,locality_mean_abs_norm_deviation,#4477AA,1
Llama,CounterFact,AlphaEdit,Native,canonical,300,Llama|CounterFact|AlphaEdit|Native|canonical|300,mean_abs_norm_deviation,rewrite,fixed1000,1000,subject_last,0.5421481533552468,27.15,rewrite_mean_abs_norm_deviation,#DD8844,1
Llama,CounterFact,AlphaEdit,Native,canonical,500,Llama|CounterFact|AlphaEdit|Native|canonical|500,mean_q,locality,fixed1000,1000,prompt_last,0.4272186198972992,16.8,locality_mean_q,#4477AA,1
Llama,CounterFact,AlphaEdit,Native,canonical,500,Llama|CounterFact|AlphaEdit|Native|canonical|500,mean_q,rewrite,fixed1000,1000,subject_last,1.4795591985106384,16.8,rewrite_mean_q,#DD8844,1
Llama,CounterFact,AlphaEdit,Native,canonical,500,Llama|CounterFact|AlphaEdit|Native|canonical|500,mean_kappa,locality,fixed1000,1000,prompt_last,1.0744742670704286,16.8,locality_mean_kappa,#4477AA,1
Llama,CounterFact,AlphaEdit,Native,canonical,500,Llama|CounterFact|AlphaEdit|Native|canonical|500,mean_kappa,rewrite,fixed1000,1000,subject_last,1.8341748759848455,16.8,rewrite_mean_kappa,#DD8844,1
Llama,CounterFact,AlphaEdit,Native,canonical,500,Llama|CounterFact|AlphaEdit|Native|canonical|500,mean_abs_norm_deviation,locality,fixed1000,1000,prompt_last,0.0746394708196546,16.8,locality_mean_abs_norm_deviation,#4477AA,1
Llama,CounterFact,AlphaEdit,Native,canonical,500,Llama|CounterFact|AlphaEdit|Native|canonical|500,mean_abs_norm_deviation,rewrite,fixed1000,1000,subject_last,0.8341748759848457,16.8,rewrite_mean_abs_norm_deviation,#DD8844,1
Llama,CounterFact,AlphaEdit,Native,canonical,750,Llama|CounterFact|AlphaEdit|Native|canonical|750,mean_q,locality,fixed1000,1000,prompt_last,0.5766282846024373,14.85,locality_mean_q,#4477AA,1
Llama,CounterFact,AlphaEdit,Native,canonical,750,Llama|CounterFact|AlphaEdit|Native|canonical|750,mean_q,rewrite,fixed1000,1000,subject_last,1.9001037619741978,14.85,rewrite_mean_q,#DD8844,1
Llama,CounterFact,AlphaEdit,Native,canonical,750,Llama|CounterFact|AlphaEdit|Native|canonical|750,mean_kappa,locality,fixed1000,1000,prompt_last,1.1459683769283306,14.85,locality_mean_kappa,#4477AA,1
Llama,CounterFact,AlphaEdit,Native,canonical,750,Llama|CounterFact|AlphaEdit|Native|canonical|750,mean_kappa,rewrite,fixed1000,1000,subject_last,2.21829807256189,14.85,rewrite_mean_kappa,#DD8844,1
Llama,CounterFact,AlphaEdit,Native,canonical,750,Llama|CounterFact|AlphaEdit|Native|canonical|750,mean_abs_norm_deviation,locality,fixed1000,1000,prompt_last,0.1459683769283305,14.85,locality_mean_abs_norm_deviation,#4477AA,1
Llama,CounterFact,AlphaEdit,Native,canonical,750,Llama|CounterFact|AlphaEdit|Native|canonical|750,mean_abs_norm_deviation,rewrite,fixed1000,1000,subject_last,1.2182980725618897,14.85,rewrite_mean_abs_norm_deviation,#DD8844,1
Llama,CounterFact,AlphaEdit,Native,canonical,1000,Llama|CounterFact|AlphaEdit|Native|canonical|1000,mean_q,locality,fixed1000,1000,prompt_last,0.7836642094708312,12.3,locality_mean_q,#4477AA,1
Llama,CounterFact,AlphaEdit,Native,canonical,1000,Llama|CounterFact|AlphaEdit|Native|canonical|1000,mean_q,rewrite,fixed1000,1000,subject_last,2.406031746771498,12.3,rewrite_mean_q,#DD8844,1
Llama,CounterFact,AlphaEdit,Native,canonical,1000,Llama|CounterFact|AlphaEdit|Native|canonical|1000,mean_kappa,locality,fixed1000,1000,prompt_last,1.2750656115204284,12.3,locality_mean_kappa,#4477AA,1
Llama,CounterFact,AlphaEdit,Native,canonical,1000,Llama|CounterFact|AlphaEdit|Native|canonical|1000,mean_kappa,rewrite,fixed1000,1000,subject_last,2.703884316051017,12.3,rewrite_mean_kappa,#DD8844,1
Llama,CounterFact,AlphaEdit,Native,canonical,1000,Llama|CounterFact|AlphaEdit|Native|canonical|1000,mean_abs_norm_deviation,locality,fixed1000,1000,prompt_last,0.2750656115204284,12.3,locality_mean_abs_norm_deviation,#4477AA,1
Llama,CounterFact,AlphaEdit,Native,canonical,1000,Llama|CounterFact|AlphaEdit|Native|canonical|1000,mean_abs_norm_deviation,rewrite,fixed1000,1000,subject_last,1.7038843160510169,12.3,rewrite_mean_abs_norm_deviation,#DD8844,1
Llama,CounterFact,AlphaEdit,SADR,canonical,50,Llama|CounterFact|AlphaEdit|SADR|canonical|50,mean_q,locality,fixed1000,1000,prompt_last,0.114450437869971,78.35,locality_mean_q,#4477AA,1
Llama,CounterFact,AlphaEdit,SADR,canonical,50,Llama|CounterFact|AlphaEdit|SADR|canonical|50,mean_q,rewrite,fixed1000,1000,subject_last,0.4504434057515053,78.35,rewrite_mean_q,#DD8844,1
Llama,CounterFact,AlphaEdit,SADR,canonical,50,Llama|CounterFact|AlphaEdit|SADR|canonical|50,mean_kappa,locality,fixed1000,1000,prompt_last,0.9974141567295466,78.35,locality_mean_kappa,#4477AA,1
Llama,CounterFact,AlphaEdit,SADR,canonical,50,Llama|CounterFact|AlphaEdit|SADR|canonical|50,mean_kappa,rewrite,fixed1000,1000,subject_last,1.0979508272997223,78.35,rewrite_mean_kappa,#DD8844,1
Llama,CounterFact,AlphaEdit,SADR,canonical,50,Llama|CounterFact|AlphaEdit|SADR|canonical|50,mean_abs_norm_deviation,locality,fixed1000,1000,prompt_last,0.0059497637243607,78.35,locality_mean_abs_norm_deviation,#4477AA,1
Llama,CounterFact,AlphaEdit,SADR,canonical,50,Llama|CounterFact|AlphaEdit|SADR|canonical|50,mean_abs_norm_deviation,rewrite,fixed1000,1000,subject_last,0.09810792797040435,78.35,rewrite_mean_abs_norm_deviation,#DD8844,1
Llama,CounterFact,AlphaEdit,SADR,canonical,100,Llama|CounterFact|AlphaEdit|SADR|canonical|100,mean_q,locality,fixed1000,1000,prompt_last,0.1726809723574728,59.1,locality_mean_q,#4477AA,1
Llama,CounterFact,AlphaEdit,SADR,canonical,100,Llama|CounterFact|AlphaEdit|SADR|canonical|100,mean_q,rewrite,fixed1000,1000,subject_last,0.6875504293511483,59.1,rewrite_mean_q,#DD8844,1
Llama,CounterFact,AlphaEdit,SADR,canonical,100,Llama|CounterFact|AlphaEdit|SADR|canonical|100,mean_kappa,locality,fixed1000,1000,prompt_last,0.9992341231684376,59.1,locality_mean_kappa,#4477AA,1
Llama,CounterFact,AlphaEdit,SADR,canonical,100,Llama|CounterFact|AlphaEdit|SADR|canonical|100,mean_kappa,rewrite,fixed1000,1000,subject_last,1.213759121392662,59.1,rewrite_mean_kappa,#DD8844,1
Llama,CounterFact,AlphaEdit,SADR,canonical,100,Llama|CounterFact|AlphaEdit|SADR|canonical|100,mean_abs_norm_deviation,locality,fixed1000,1000,prompt_last,0.0084921272975205,59.1,locality_mean_abs_norm_deviation,#4477AA,1
Llama,CounterFact,AlphaEdit,SADR,canonical,100,Llama|CounterFact|AlphaEdit|SADR|canonical|100,mean_abs_norm_deviation,rewrite,fixed1000,1000,subject_last,0.21375912139266184,59.1,rewrite_mean_abs_norm_deviation,#DD8844,1
Llama,CounterFact,AlphaEdit,SADR,canonical,150,Llama|CounterFact|AlphaEdit|SADR|canonical|150,mean_q,locality,fixed1000,1000,prompt_last,0.2159602071208843,49.65,locality_mean_q,#4477AA,1
Llama,CounterFact,AlphaEdit,SADR,canonical,150,Llama|CounterFact|AlphaEdit|SADR|canonical|150,mean_q,rewrite,fixed1000,1000,subject_last,0.8322140015628878,49.65,rewrite_mean_q,#DD8844,1
Llama,CounterFact,AlphaEdit,SADR,canonical,150,Llama|CounterFact|AlphaEdit|SADR|canonical|150,mean_kappa,locality,fixed1000,1000,prompt_last,1.0082124959141223,49.65,locality_mean_kappa,#4477AA,1
Llama,CounterFact,AlphaEdit,SADR,canonical,150,Llama|CounterFact|AlphaEdit|SADR|canonical|150,mean_kappa,rewrite,fixed1000,1000,subject_last,1.3074481481700118,49.65,rewrite_mean_kappa,#DD8844,1
Llama,CounterFact,AlphaEdit,SADR,canonical,150,Llama|CounterFact|AlphaEdit|SADR|canonical|150,mean_abs_norm_deviation,locality,fixed1000,1000,prompt_last,0.0123738569366798,49.65,locality_mean_abs_norm_deviation,#4477AA,1
Llama,CounterFact,AlphaEdit,SADR,canonical,150,Llama|CounterFact|AlphaEdit|SADR|canonical|150,mean_abs_norm_deviation,rewrite,fixed1000,1000,subject_last,0.3074481481700119,49.65,rewrite_mean_abs_norm_deviation,#DD8844,1
Llama,CounterFact,AlphaEdit,SADR,canonical,200,Llama|CounterFact|AlphaEdit|SADR|canonical|200,mean_q,locality,fixed1000,1000,prompt_last,0.2541430045995812,41.55,locality_mean_q,#4477AA,1
Llama,CounterFact,AlphaEdit,SADR,canonical,200,Llama|CounterFact|AlphaEdit|SADR|canonical|200,mean_q,rewrite,fixed1000,1000,subject_last,0.948839105679079,41.55,rewrite_mean_q,#DD8844,1
Llama,CounterFact,AlphaEdit,SADR,canonical,200,Llama|CounterFact|AlphaEdit|SADR|canonical|200,mean_kappa,locality,fixed1000,1000,prompt_last,1.0151667764098684,41.55,locality_mean_kappa,#4477AA,1
Llama,CounterFact,AlphaEdit,SADR,canonical,200,Llama|CounterFact|AlphaEdit|SADR|canonical|200,mean_kappa,rewrite,fixed1000,1000,subject_last,1.3912519276933706,41.55,rewrite_mean_kappa,#DD8844,1
Llama,CounterFact,AlphaEdit,SADR,canonical,200,Llama|CounterFact|AlphaEdit|SADR|canonical|200,mean_abs_norm_deviation,locality,fixed1000,1000,prompt_last,0.0180667736558655,41.55,locality_mean_abs_norm_deviation,#4477AA,1
Llama,CounterFact,AlphaEdit,SADR,canonical,200,Llama|CounterFact|AlphaEdit|SADR|canonical|200,mean_abs_norm_deviation,rewrite,fixed1000,1000,subject_last,0.3912519276933707,41.55,rewrite_mean_abs_norm_deviation,#DD8844,1
Llama,CounterFact,AlphaEdit,SADR,canonical,250,Llama|CounterFact|AlphaEdit|SADR|canonical|250,mean_q,locality,fixed1000,1000,prompt_last,0.2821015189429043,39.75,locality_mean_q,#4477AA,1
Llama,CounterFact,AlphaEdit,SADR,canonical,250,Llama|CounterFact|AlphaEdit|SADR|canonical|250,mean_q,rewrite,fixed1000,1000,subject_last,1.0495742886796227,39.75,rewrite_mean_q,#DD8844,1
Llama,CounterFact,AlphaEdit,SADR,canonical,250,Llama|CounterFact|AlphaEdit|SADR|canonical|250,mean_kappa,locality,fixed1000,1000,prompt_last,1.024032757995049,39.75,locality_mean_kappa,#4477AA,1
Llama,CounterFact,AlphaEdit,SADR,canonical,250,Llama|CounterFact|AlphaEdit|SADR|canonical|250,mean_kappa,rewrite,fixed1000,1000,subject_last,1.467871497204503,39.75,rewrite_mean_kappa,#DD8844,1
Llama,CounterFact,AlphaEdit,SADR,canonical,250,Llama|CounterFact|AlphaEdit|SADR|canonical|250,mean_abs_norm_deviation,locality,fixed1000,1000,prompt_last,0.025599431480935,39.75,locality_mean_abs_norm_deviation,#4477AA,1
Llama,CounterFact,AlphaEdit,SADR,canonical,250,Llama|CounterFact|AlphaEdit|SADR|canonical|250,mean_abs_norm_deviation,rewrite,fixed1000,1000,subject_last,0.46787149720450316,39.75,rewrite_mean_abs_norm_deviation,#DD8844,1
Llama,CounterFact,AlphaEdit,SADR,canonical,300,Llama|CounterFact|AlphaEdit|SADR|canonical|300,mean_q,locality,fixed1000,1000,prompt_last,0.306120119540043,36.55,locality_mean_q,#4477AA,1
Llama,CounterFact,AlphaEdit,SADR,canonical,300,Llama|CounterFact|AlphaEdit|SADR|canonical|300,mean_q,rewrite,fixed1000,1000,subject_last,1.1374081300840797,36.55,rewrite_mean_q,#DD8844,1
Llama,CounterFact,AlphaEdit,SADR,canonical,300,Llama|CounterFact|AlphaEdit|SADR|canonical|300,mean_kappa,locality,fixed1000,1000,prompt_last,1.032018093778322,36.55,locality_mean_kappa,#4477AA,1
Llama,CounterFact,AlphaEdit,SADR,canonical,300,Llama|CounterFact|AlphaEdit|SADR|canonical|300,mean_kappa,rewrite,fixed1000,1000,subject_last,1.5360497390041725,36.55,rewrite_mean_kappa,#DD8844,1
Llama,CounterFact,AlphaEdit,SADR,canonical,300,Llama|CounterFact|AlphaEdit|SADR|canonical|300,mean_abs_norm_deviation,locality,fixed1000,1000,prompt_last,0.0328988277539392,36.55,locality_mean_abs_norm_deviation,#4477AA,1
Llama,CounterFact,AlphaEdit,SADR,canonical,300,Llama|CounterFact|AlphaEdit|SADR|canonical|300,mean_abs_norm_deviation,rewrite,fixed1000,1000,subject_last,0.5360497390041726,36.55,rewrite_mean_abs_norm_deviation,#DD8844,1
Llama,CounterFact,AlphaEdit,SADR,canonical,500,Llama|CounterFact|AlphaEdit|SADR|canonical|500,mean_q,locality,fixed1000,1000,prompt_last,0.4095150633805008,25.05,locality_mean_q,#4477AA,1
Llama,CounterFact,AlphaEdit,SADR,canonical,500,Llama|CounterFact|AlphaEdit|SADR|canonical|500,mean_q,rewrite,fixed1000,1000,subject_last,1.4947625848229016,25.05,rewrite_mean_q,#DD8844,1
Llama,CounterFact,AlphaEdit,SADR,canonical,500,Llama|CounterFact|AlphaEdit|SADR|canonical|500,mean_kappa,locality,fixed1000,1000,prompt_last,1.0731025780042651,25.05,locality_mean_kappa,#4477AA,1
Llama,CounterFact,AlphaEdit,SADR,canonical,500,Llama|CounterFact|AlphaEdit|SADR|canonical|500,mean_kappa,rewrite,fixed1000,1000,subject_last,1.839036387998894,25.05,rewrite_mean_kappa,#DD8844,1
Llama,CounterFact,AlphaEdit,SADR,canonical,500,Llama|CounterFact|AlphaEdit|SADR|canonical|500,mean_abs_norm_deviation,locality,fixed1000,1000,prompt_last,0.0731604539599931,25.05,locality_mean_abs_norm_deviation,#4477AA,1
Llama,CounterFact,AlphaEdit,SADR,canonical,500,Llama|CounterFact|AlphaEdit|SADR|canonical|500,mean_abs_norm_deviation,rewrite,fixed1000,1000,subject_last,0.8390363879988938,25.05,rewrite_mean_abs_norm_deviation,#DD8844,1
Llama,CounterFact,AlphaEdit,SADR,canonical,750,Llama|CounterFact|AlphaEdit|SADR|canonical|750,mean_q,locality,fixed1000,1000,prompt_last,0.5685949081370765,17.849999999999998,locality_mean_q,#4477AA,1
Llama,CounterFact,AlphaEdit,SADR,canonical,750,Llama|CounterFact|AlphaEdit|SADR|canonical|750,mean_q,rewrite,fixed1000,1000,subject_last,1.9083074774899933,17.849999999999998,rewrite_mean_q,#DD8844,1
Llama,CounterFact,AlphaEdit,SADR,canonical,750,Llama|CounterFact|AlphaEdit|SADR|canonical|750,mean_kappa,locality,fixed1000,1000,prompt_last,1.1514514627059749,17.849999999999998,locality_mean_kappa,#4477AA,1
Llama,CounterFact,AlphaEdit,SADR,canonical,750,Llama|CounterFact|AlphaEdit|SADR|canonical|750,mean_kappa,rewrite,fixed1000,1000,subject_last,2.213542673591316,17.849999999999998,rewrite_mean_kappa,#DD8844,1
Llama,CounterFact,AlphaEdit,SADR,canonical,750,Llama|CounterFact|AlphaEdit|SADR|canonical|750,mean_abs_norm_deviation,locality,fixed1000,1000,prompt_last,0.1514514627059746,17.849999999999998,locality_mean_abs_norm_deviation,#4477AA,1
Llama,CounterFact,AlphaEdit,SADR,canonical,750,Llama|CounterFact|AlphaEdit|SADR|canonical|750,mean_abs_norm_deviation,rewrite,fixed1000,1000,subject_last,1.2135426735913162,17.849999999999998,rewrite_mean_abs_norm_deviation,#DD8844,1
Llama,CounterFact,AlphaEdit,SADR,canonical,1000,Llama|CounterFact|AlphaEdit|SADR|canonical|1000,mean_q,locality,fixed1000,1000,prompt_last,0.8199636803591268,15.8,locality_mean_q,#4477AA,1
Llama,CounterFact,AlphaEdit,SADR,canonical,1000,Llama|CounterFact|AlphaEdit|SADR|canonical|1000,mean_q,rewrite,fixed1000,1000,subject_last,2.47031083661678,15.8,rewrite_mean_q,#DD8844,1
Llama,CounterFact,AlphaEdit,SADR,canonical,1000,Llama|CounterFact|AlphaEdit|SADR|canonical|1000,mean_kappa,locality,fixed1000,1000,prompt_last,1.310667690150106,15.8,locality_mean_kappa,#4477AA,1
Llama,CounterFact,AlphaEdit,SADR,canonical,1000,Llama|CounterFact|AlphaEdit|SADR|canonical|1000,mean_kappa,rewrite,fixed1000,1000,subject_last,2.7488266609834544,15.8,rewrite_mean_kappa,#DD8844,1
Llama,CounterFact,AlphaEdit,SADR,canonical,1000,Llama|CounterFact|AlphaEdit|SADR|canonical|1000,mean_abs_norm_deviation,locality,fixed1000,1000,prompt_last,0.310667690150106,15.8,locality_mean_abs_norm_deviation,#4477AA,1
Llama,CounterFact,AlphaEdit,SADR,canonical,1000,Llama|CounterFact|AlphaEdit|SADR|canonical|1000,mean_abs_norm_deviation,rewrite,fixed1000,1000,subject_last,1.7488266609834549,15.8,rewrite_mean_abs_norm_deviation,#DD8844,1
Llama,CounterFact,AlphaEdit,SPHERE,canonical,50,Llama|CounterFact|AlphaEdit|SPHERE|canonical|50,mean_q,locality,fixed1000,1000,prompt_last,0.12192712032367783,74.8,locality_mean_q,#4477AA,1
Llama,CounterFact,AlphaEdit,SPHERE,canonical,50,Llama|CounterFact|AlphaEdit|SPHERE|canonical|50,mean_q,rewrite,fixed1000,1000,subject_last,0.42884626928746217,74.8,rewrite_mean_q,#DD8844,1
Llama,CounterFact,AlphaEdit,SPHERE,canonical,50,Llama|CounterFact|AlphaEdit|SPHERE|canonical|50,mean_kappa,locality,fixed1000,1000,prompt_last,0.9941862917341068,74.8,locality_mean_kappa,#4477AA,1
Llama,CounterFact,AlphaEdit,SPHERE,canonical,50,Llama|CounterFact|AlphaEdit|SPHERE|canonical|50,mean_kappa,rewrite,fixed1000,1000,subject_last,1.0792641191112702,74.8,rewrite_mean_kappa,#DD8844,1
Llama,CounterFact,AlphaEdit,SPHERE,canonical,50,Llama|CounterFact|AlphaEdit|SPHERE|canonical|50,mean_abs_norm_deviation,locality,fixed1000,1000,prompt_last,0.007465473895220086,74.8,locality_mean_abs_norm_deviation,#4477AA,1
Llama,CounterFact,AlphaEdit,SPHERE,canonical,50,Llama|CounterFact|AlphaEdit|SPHERE|canonical|50,mean_abs_norm_deviation,rewrite,fixed1000,1000,subject_last,0.07988531026548282,74.8,rewrite_mean_abs_norm_deviation,#DD8844,1
Llama,CounterFact,AlphaEdit,SPHERE,canonical,100,Llama|CounterFact|AlphaEdit|SPHERE|canonical|100,mean_q,locality,fixed1000,1000,prompt_last,0.177620094163028,56.89999999999999,locality_mean_q,#4477AA,1
Llama,CounterFact,AlphaEdit,SPHERE,canonical,100,Llama|CounterFact|AlphaEdit|SPHERE|canonical|100,mean_q,rewrite,fixed1000,1000,subject_last,0.6379166157906317,56.89999999999999,rewrite_mean_q,#DD8844,1
Llama,CounterFact,AlphaEdit,SPHERE,canonical,100,Llama|CounterFact|AlphaEdit|SPHERE|canonical|100,mean_kappa,locality,fixed1000,1000,prompt_last,0.9974773881325583,56.89999999999999,locality_mean_kappa,#4477AA,1
Llama,CounterFact,AlphaEdit,SPHERE,canonical,100,Llama|CounterFact|AlphaEdit|SPHERE|canonical|100,mean_kappa,rewrite,fixed1000,1000,subject_last,1.1756622860538664,56.89999999999999,rewrite_mean_kappa,#DD8844,1
Llama,CounterFact,AlphaEdit,SPHERE,canonical,100,Llama|CounterFact|AlphaEdit|SPHERE|canonical|100,mean_abs_norm_deviation,locality,fixed1000,1000,prompt_last,0.008351315547545507,56.89999999999999,locality_mean_abs_norm_deviation,#4477AA,1
Llama,CounterFact,AlphaEdit,SPHERE,canonical,100,Llama|CounterFact|AlphaEdit|SPHERE|canonical|100,mean_abs_norm_deviation,rewrite,fixed1000,1000,subject_last,0.17572333935230497,56.89999999999999,rewrite_mean_abs_norm_deviation,#DD8844,1
Llama,CounterFact,AlphaEdit,SPHERE,canonical,150,Llama|CounterFact|AlphaEdit|SPHERE|canonical|150,mean_q,locality,fixed1000,1000,prompt_last,0.22182613725657263,47.4,locality_mean_q,#4477AA,1
Llama,CounterFact,AlphaEdit,SPHERE,canonical,150,Llama|CounterFact|AlphaEdit|SPHERE|canonical|150,mean_q,rewrite,fixed1000,1000,subject_last,0.7612456955992345,47.4,rewrite_mean_q,#DD8844,1
Llama,CounterFact,AlphaEdit,SPHERE,canonical,150,Llama|CounterFact|AlphaEdit|SPHERE|canonical|150,mean_kappa,locality,fixed1000,1000,prompt_last,1.00413320701491,47.4,locality_mean_kappa,#4477AA,1
Llama,CounterFact,AlphaEdit,SPHERE,canonical,150,Llama|CounterFact|AlphaEdit|SPHERE|canonical|150,mean_kappa,rewrite,fixed1000,1000,subject_last,1.2478083399833235,47.4,rewrite_mean_kappa,#DD8844,1
Llama,CounterFact,AlphaEdit,SPHERE,canonical,150,Llama|CounterFact|AlphaEdit|SPHERE|canonical|150,mean_abs_norm_deviation,locality,fixed1000,1000,prompt_last,0.011149563017163237,47.4,locality_mean_abs_norm_deviation,#4477AA,1
Llama,CounterFact,AlphaEdit,SPHERE,canonical,150,Llama|CounterFact|AlphaEdit|SPHERE|canonical|150,mean_abs_norm_deviation,rewrite,fixed1000,1000,subject_last,0.24782900205171784,47.4,rewrite_mean_abs_norm_deviation,#DD8844,1
Llama,CounterFact,AlphaEdit,SPHERE,canonical,200,Llama|CounterFact|AlphaEdit|SPHERE|canonical|200,mean_q,locality,fixed1000,1000,prompt_last,0.25747530265500007,37.75,locality_mean_q,#4477AA,1
Llama,CounterFact,AlphaEdit,SPHERE,canonical,200,Llama|CounterFact|AlphaEdit|SPHERE|canonical|200,mean_q,rewrite,fixed1000,1000,subject_last,0.8554685054141116,37.75,rewrite_mean_q,#DD8844,1
Llama,CounterFact,AlphaEdit,SPHERE,canonical,200,Llama|CounterFact|AlphaEdit|SPHERE|canonical|200,mean_kappa,locality,fixed1000,1000,prompt_last,1.0090702268986038,37.75,locality_mean_kappa,#4477AA,1
Llama,CounterFact,AlphaEdit,SPHERE,canonical,200,Llama|CounterFact|AlphaEdit|SPHERE|canonical|200,mean_kappa,rewrite,fixed1000,1000,subject_last,1.3094253245242644,37.75,rewrite_mean_kappa,#DD8844,1
Llama,CounterFact,AlphaEdit,SPHERE,canonical,200,Llama|CounterFact|AlphaEdit|SPHERE|canonical|200,mean_abs_norm_deviation,locality,fixed1000,1000,prompt_last,0.014111445922060067,37.75,locality_mean_abs_norm_deviation,#4477AA,1
Llama,CounterFact,AlphaEdit,SPHERE,canonical,200,Llama|CounterFact|AlphaEdit|SPHERE|canonical|200,mean_abs_norm_deviation,rewrite,fixed1000,1000,subject_last,0.30943053859641156,37.75,rewrite_mean_abs_norm_deviation,#DD8844,1
Llama,CounterFact,AlphaEdit,SPHERE,canonical,250,Llama|CounterFact|AlphaEdit|SPHERE|canonical|250,mean_q,locality,fixed1000,1000,prompt_last,0.2796770731771691,35.949999999999996,locality_mean_q,#4477AA,1
Llama,CounterFact,AlphaEdit,SPHERE,canonical,250,Llama|CounterFact|AlphaEdit|SPHERE|canonical|250,mean_q,rewrite,fixed1000,1000,subject_last,0.9316099607230683,35.949999999999996,rewrite_mean_q,#DD8844,1
Llama,CounterFact,AlphaEdit,SPHERE,canonical,250,Llama|CounterFact|AlphaEdit|SPHERE|canonical|250,mean_kappa,locality,fixed1000,1000,prompt_last,1.0164539898619616,35.949999999999996,locality_mean_kappa,#4477AA,1
Llama,CounterFact,AlphaEdit,SPHERE,canonical,250,Llama|CounterFact|AlphaEdit|SPHERE|canonical|250,mean_kappa,rewrite,fixed1000,1000,subject_last,1.3635781539715386,35.949999999999996,rewrite_mean_kappa,#DD8844,1
Llama,CounterFact,AlphaEdit,SPHERE,canonical,250,Llama|CounterFact|AlphaEdit|SPHERE|canonical|250,mean_abs_norm_deviation,locality,fixed1000,1000,prompt_last,0.019488639070567238,35.949999999999996,locality_mean_abs_norm_deviation,#4477AA,1
Llama,CounterFact,AlphaEdit,SPHERE,canonical,250,Llama|CounterFact|AlphaEdit|SPHERE|canonical|250,mean_abs_norm_deviation,rewrite,fixed1000,1000,subject_last,0.36357815397153864,35.949999999999996,rewrite_mean_abs_norm_deviation,#DD8844,1
Llama,CounterFact,AlphaEdit,SPHERE,canonical,300,Llama|CounterFact|AlphaEdit|SPHERE|canonical|300,mean_q,locality,fixed1000,1000,prompt_last,0.30292243471120367,32.75,locality_mean_q,#4477AA,1
Llama,CounterFact,AlphaEdit,SPHERE,canonical,300,Llama|CounterFact|AlphaEdit|SPHERE|canonical|300,mean_q,rewrite,fixed1000,1000,subject_last,1.0009496244408567,32.75,rewrite_mean_q,#DD8844,1
Llama,CounterFact,AlphaEdit,SPHERE,canonical,300,Llama|CounterFact|AlphaEdit|SPHERE|canonical|300,mean_kappa,locality,fixed1000,1000,prompt_last,1.021905510662363,32.75,locality_mean_kappa,#4477AA,1
Llama,CounterFact,AlphaEdit,SPHERE,canonical,300,Llama|CounterFact|AlphaEdit|SPHERE|canonical|300,mean_kappa,rewrite,fixed1000,1000,subject_last,1.4126563262021996,32.75,rewrite_mean_kappa,#DD8844,1
Llama,CounterFact,AlphaEdit,SPHERE,canonical,300,Llama|CounterFact|AlphaEdit|SPHERE|canonical|300,mean_abs_norm_deviation,locality,fixed1000,1000,prompt_last,0.023981584849171653,32.75,locality_mean_abs_norm_deviation,#4477AA,1
Llama,CounterFact,AlphaEdit,SPHERE,canonical,300,Llama|CounterFact|AlphaEdit|SPHERE|canonical|300,mean_abs_norm_deviation,rewrite,fixed1000,1000,subject_last,0.41265632620219966,32.75,rewrite_mean_abs_norm_deviation,#DD8844,1
Llama,CounterFact,AlphaEdit,SPHERE,canonical,500,Llama|CounterFact|AlphaEdit|SPHERE|canonical|500,mean_q,locality,fixed1000,1000,prompt_last,0.38119231883601357,22.05,locality_mean_q,#4477AA,1
Llama,CounterFact,AlphaEdit,SPHERE,canonical,500,Llama|CounterFact|AlphaEdit|SPHERE|canonical|500,mean_q,rewrite,fixed1000,1000,subject_last,1.2382980921527587,22.05,rewrite_mean_q,#DD8844,1
Llama,CounterFact,AlphaEdit,SPHERE,canonical,500,Llama|CounterFact|AlphaEdit|SPHERE|canonical|500,mean_kappa,locality,fixed1000,1000,prompt_last,1.04917127100885,22.05,locality_mean_kappa,#4477AA,1
Llama,CounterFact,AlphaEdit,SPHERE,canonical,500,Llama|CounterFact|AlphaEdit|SPHERE|canonical|500,mean_kappa,rewrite,fixed1000,1000,subject_last,1.5992777646258982,22.05,rewrite_mean_kappa,#DD8844,1
Llama,CounterFact,AlphaEdit,SPHERE,canonical,500,Llama|CounterFact|AlphaEdit|SPHERE|canonical|500,mean_abs_norm_deviation,locality,fixed1000,1000,prompt_last,0.04955728461844794,22.05,locality_mean_abs_norm_deviation,#4477AA,1
Llama,CounterFact,AlphaEdit,SPHERE,canonical,500,Llama|CounterFact|AlphaEdit|SPHERE|canonical|500,mean_abs_norm_deviation,rewrite,fixed1000,1000,subject_last,0.5992777646258983,22.05,rewrite_mean_abs_norm_deviation,#DD8844,1
Llama,CounterFact,AlphaEdit,SPHERE,canonical,750,Llama|CounterFact|AlphaEdit|SPHERE|canonical|750,mean_q,locality,fixed1000,1000,prompt_last,0.4693782465523063,19.75,locality_mean_q,#4477AA,1
Llama,CounterFact,AlphaEdit,SPHERE,canonical,750,Llama|CounterFact|AlphaEdit|SPHERE|canonical|750,mean_q,rewrite,fixed1000,1000,subject_last,1.4531480118822597,19.75,rewrite_mean_q,#DD8844,1
Llama,CounterFact,AlphaEdit,SPHERE,canonical,750,Llama|CounterFact|AlphaEdit|SPHERE|canonical|750,mean_kappa,locality,fixed1000,1000,prompt_last,1.083022785291258,19.75,locality_mean_kappa,#4477AA,1
Llama,CounterFact,AlphaEdit,SPHERE,canonical,750,Llama|CounterFact|AlphaEdit|SPHERE|canonical|750,mean_kappa,rewrite,fixed1000,1000,subject_last,1.779947618369995,19.75,rewrite_mean_kappa,#DD8844,1
Llama,CounterFact,AlphaEdit,SPHERE,canonical,750,Llama|CounterFact|AlphaEdit|SPHERE|canonical|750,mean_abs_norm_deviation,locality,fixed1000,1000,prompt_last,0.08310455493944045,19.75,locality_mean_abs_norm_deviation,#4477AA,1
Llama,CounterFact,AlphaEdit,SPHERE,canonical,750,Llama|CounterFact|AlphaEdit|SPHERE|canonical|750,mean_abs_norm_deviation,rewrite,fixed1000,1000,subject_last,0.7799476183699948,19.75,rewrite_mean_abs_norm_deviation,#DD8844,1
Llama,CounterFact,AlphaEdit,SPHERE,canonical,1000,Llama|CounterFact|AlphaEdit|SPHERE|canonical|1000,mean_q,locality,fixed1000,1000,prompt_last,0.5574525733907351,16.75,locality_mean_q,#4477AA,1
Llama,CounterFact,AlphaEdit,SPHERE,canonical,1000,Llama|CounterFact|AlphaEdit|SPHERE|canonical|1000,mean_q,rewrite,fixed1000,1000,subject_last,1.6329309927925966,16.75,rewrite_mean_q,#DD8844,1
Llama,CounterFact,AlphaEdit,SPHERE,canonical,1000,Llama|CounterFact|AlphaEdit|SPHERE|canonical|1000,mean_kappa,locality,fixed1000,1000,prompt_last,1.1235216508236243,16.75,locality_mean_kappa,#4477AA,1
Llama,CounterFact,AlphaEdit,SPHERE,canonical,1000,Llama|CounterFact|AlphaEdit|SPHERE|canonical|1000,mean_kappa,rewrite,fixed1000,1000,subject_last,1.934387283504826,16.75,rewrite_mean_kappa,#DD8844,1
Llama,CounterFact,AlphaEdit,SPHERE,canonical,1000,Llama|CounterFact|AlphaEdit|SPHERE|canonical|1000,mean_abs_norm_deviation,locality,fixed1000,1000,prompt_last,0.12355869360110805,16.75,locality_mean_abs_norm_deviation,#4477AA,1
Llama,CounterFact,AlphaEdit,SPHERE,canonical,1000,Llama|CounterFact|AlphaEdit|SPHERE|canonical|1000,mean_abs_norm_deviation,rewrite,fixed1000,1000,subject_last,0.9343872835048257,16.75,rewrite_mean_abs_norm_deviation,#DD8844,1
Llama,CounterFact,MEMIT,NAS,canonical,50,Llama|CounterFact|MEMIT|NAS|canonical|50,mean_q,locality,fixed1000,1000,prompt_last,0.0516476855185356,95.2,locality_mean_q,#4477AA,1
Llama,CounterFact,MEMIT,NAS,canonical,50,Llama|CounterFact|MEMIT|NAS|canonical|50,mean_q,rewrite,fixed1000,1000,subject_last,0.1944534526729579,95.2,rewrite_mean_q,#DD8844,1
Llama,CounterFact,MEMIT,NAS,canonical,50,Llama|CounterFact|MEMIT|NAS|canonical|50,mean_kappa,locality,fixed1000,1000,prompt_last,0.9986445091211776,95.2,locality_mean_kappa,#4477AA,1
Llama,CounterFact,MEMIT,NAS,canonical,50,Llama|CounterFact|MEMIT|NAS|canonical|50,mean_kappa,rewrite,fixed1000,1000,subject_last,1.0300157982806077,95.2,rewrite_mean_kappa,#DD8844,1
Llama,CounterFact,MEMIT,NAS,canonical,50,Llama|CounterFact|MEMIT|NAS|canonical|50,mean_abs_norm_deviation,locality,fixed1000,1000,prompt_last,0.0030075151959257,95.2,locality_mean_abs_norm_deviation,#4477AA,1
Llama,CounterFact,MEMIT,NAS,canonical,50,Llama|CounterFact|MEMIT|NAS|canonical|50,mean_abs_norm_deviation,rewrite,fixed1000,1000,subject_last,0.030682435746520034,95.2,rewrite_mean_abs_norm_deviation,#DD8844,1
Llama,CounterFact,MEMIT,NAS,canonical,100,Llama|CounterFact|MEMIT|NAS|canonical|100,mean_q,locality,fixed1000,1000,prompt_last,0.0768963629803672,84.7,locality_mean_q,#4477AA,1
Llama,CounterFact,MEMIT,NAS,canonical,100,Llama|CounterFact|MEMIT|NAS|canonical|100,mean_q,rewrite,fixed1000,1000,subject_last,0.37011922231086214,84.7,rewrite_mean_q,#DD8844,1
Llama,CounterFact,MEMIT,NAS,canonical,100,Llama|CounterFact|MEMIT|NAS|canonical|100,mean_kappa,locality,fixed1000,1000,prompt_last,0.9986892071074716,84.7,locality_mean_kappa,#4477AA,1
Llama,CounterFact,MEMIT,NAS,canonical,100,Llama|CounterFact|MEMIT|NAS|canonical|100,mean_kappa,rewrite,fixed1000,1000,subject_last,1.0903925921693831,84.7,rewrite_mean_kappa,#DD8844,1
Llama,CounterFact,MEMIT,NAS,canonical,100,Llama|CounterFact|MEMIT|NAS|canonical|100,mean_abs_norm_deviation,locality,fixed1000,1000,prompt_last,0.0044846557216079,84.7,locality_mean_abs_norm_deviation,#4477AA,1
Llama,CounterFact,MEMIT,NAS,canonical,100,Llama|CounterFact|MEMIT|NAS|canonical|100,mean_abs_norm_deviation,rewrite,fixed1000,1000,subject_last,0.0905841758284187,84.7,rewrite_mean_abs_norm_deviation,#DD8844,1
Llama,CounterFact,MEMIT,NAS,canonical,150,Llama|CounterFact|MEMIT|NAS|canonical|150,mean_q,locality,fixed1000,1000,prompt_last,0.1023725090632246,62.64999999999999,locality_mean_q,#4477AA,1
Llama,CounterFact,MEMIT,NAS,canonical,150,Llama|CounterFact|MEMIT|NAS|canonical|150,mean_q,rewrite,fixed1000,1000,subject_last,0.5236248077641453,62.64999999999999,rewrite_mean_q,#DD8844,1
Llama,CounterFact,MEMIT,NAS,canonical,150,Llama|CounterFact|MEMIT|NAS|canonical|150,mean_kappa,locality,fixed1000,1000,prompt_last,0.9980338643571666,62.64999999999999,locality_mean_kappa,#4477AA,1
Llama,CounterFact,MEMIT,NAS,canonical,150,Llama|CounterFact|MEMIT|NAS|canonical|150,mean_kappa,rewrite,fixed1000,1000,subject_last,1.1517630143885094,62.64999999999999,rewrite_mean_kappa,#DD8844,1
Llama,CounterFact,MEMIT,NAS,canonical,150,Llama|CounterFact|MEMIT|NAS|canonical|150,mean_abs_norm_deviation,locality,fixed1000,1000,prompt_last,0.0060696413756592,62.64999999999999,locality_mean_abs_norm_deviation,#4477AA,1
Llama,CounterFact,MEMIT,NAS,canonical,150,Llama|CounterFact|MEMIT|NAS|canonical|150,mean_abs_norm_deviation,rewrite,fixed1000,1000,subject_last,0.15188723179298427,62.64999999999999,rewrite_mean_abs_norm_deviation,#DD8844,1
Llama,CounterFact,MEMIT,NAS,canonical,200,Llama|CounterFact|MEMIT|NAS|canonical|200,mean_q,locality,fixed1000,1000,prompt_last,0.1215725677715006,53.45,locality_mean_q,#4477AA,1
Llama,CounterFact,MEMIT,NAS,canonical,200,Llama|CounterFact|MEMIT|NAS|canonical|200,mean_q,rewrite,fixed1000,1000,subject_last,0.6358906267800539,53.45,rewrite_mean_q,#DD8844,1
Llama,CounterFact,MEMIT,NAS,canonical,200,Llama|CounterFact|MEMIT|NAS|canonical|200,mean_kappa,locality,fixed1000,1000,prompt_last,0.9989221654278012,53.45,locality_mean_kappa,#4477AA,1
Llama,CounterFact,MEMIT,NAS,canonical,200,Llama|CounterFact|MEMIT|NAS|canonical|200,mean_kappa,rewrite,fixed1000,1000,subject_last,1.205516766262753,53.45,rewrite_mean_kappa,#DD8844,1
Llama,CounterFact,MEMIT,NAS,canonical,200,Llama|CounterFact|MEMIT|NAS|canonical|200,mean_abs_norm_deviation,locality,fixed1000,1000,prompt_last,0.006874946671275,53.45,locality_mean_abs_norm_deviation,#4477AA,1
Llama,CounterFact,MEMIT,NAS,canonical,200,Llama|CounterFact|MEMIT|NAS|canonical|200,mean_abs_norm_deviation,rewrite,fixed1000,1000,subject_last,0.20557838997468209,53.45,rewrite_mean_abs_norm_deviation,#DD8844,1
Llama,CounterFact,MEMIT,NAS,canonical,250,Llama|CounterFact|MEMIT|NAS|canonical|250,mean_q,locality,fixed1000,1000,prompt_last,0.1376757602040436,45.6,locality_mean_q,#4477AA,1
Llama,CounterFact,MEMIT,NAS,canonical,250,Llama|CounterFact|MEMIT|NAS|canonical|250,mean_q,rewrite,fixed1000,1000,subject_last,0.7345230654146067,45.6,rewrite_mean_q,#DD8844,1
Llama,CounterFact,MEMIT,NAS,canonical,250,Llama|CounterFact|MEMIT|NAS|canonical|250,mean_kappa,locality,fixed1000,1000,prompt_last,1.000139958249056,45.6,locality_mean_kappa,#4477AA,1
Llama,CounterFact,MEMIT,NAS,canonical,250,Llama|CounterFact|MEMIT|NAS|canonical|250,mean_kappa,rewrite,fixed1000,1000,subject_last,1.2524159008640992,45.6,rewrite_mean_kappa,#DD8844,1
Llama,CounterFact,MEMIT,NAS,canonical,250,Llama|CounterFact|MEMIT|NAS|canonical|250,mean_abs_norm_deviation,locality,fixed1000,1000,prompt_last,0.0076966676189487,45.6,locality_mean_abs_norm_deviation,#4477AA,1
Llama,CounterFact,MEMIT,NAS,canonical,250,Llama|CounterFact|MEMIT|NAS|canonical|250,mean_abs_norm_deviation,rewrite,fixed1000,1000,subject_last,0.25245867292337787,45.6,rewrite_mean_abs_norm_deviation,#DD8844,1
Llama,CounterFact,MEMIT,NAS,canonical,300,Llama|CounterFact|MEMIT|NAS|canonical|300,mean_q,locality,fixed1000,1000,prompt_last,0.1503952454305609,38.65,locality_mean_q,#4477AA,1
Llama,CounterFact,MEMIT,NAS,canonical,300,Llama|CounterFact|MEMIT|NAS|canonical|300,mean_q,rewrite,fixed1000,1000,subject_last,0.8150080602554401,38.65,rewrite_mean_q,#DD8844,1
Llama,CounterFact,MEMIT,NAS,canonical,300,Llama|CounterFact|MEMIT|NAS|canonical|300,mean_kappa,locality,fixed1000,1000,prompt_last,1.0010266747325602,38.65,locality_mean_kappa,#4477AA,1
Llama,CounterFact,MEMIT,NAS,canonical,300,Llama|CounterFact|MEMIT|NAS|canonical|300,mean_kappa,rewrite,fixed1000,1000,subject_last,1.2932549172753731,38.65,rewrite_mean_kappa,#DD8844,1
Llama,CounterFact,MEMIT,NAS,canonical,300,Llama|CounterFact|MEMIT|NAS|canonical|300,mean_abs_norm_deviation,locality,fixed1000,1000,prompt_last,0.0082519069227215,38.65,locality_mean_abs_norm_deviation,#4477AA,1
Llama,CounterFact,MEMIT,NAS,canonical,300,Llama|CounterFact|MEMIT|NAS|canonical|300,mean_abs_norm_deviation,rewrite,fixed1000,1000,subject_last,0.29326122820683975,38.65,rewrite_mean_abs_norm_deviation,#DD8844,1
Llama,CounterFact,MEMIT,NAS,canonical,500,Llama|CounterFact|MEMIT|NAS|canonical|500,mean_q,locality,fixed1000,1000,prompt_last,0.1832274818639565,27.05,locality_mean_q,#4477AA,1
Llama,CounterFact,MEMIT,NAS,canonical,500,Llama|CounterFact|MEMIT|NAS|canonical|500,mean_q,rewrite,fixed1000,1000,subject_last,1.0375617821301162,27.05,rewrite_mean_q,#DD8844,1
Llama,CounterFact,MEMIT,NAS,canonical,500,Llama|CounterFact|MEMIT|NAS|canonical|500,mean_kappa,locality,fixed1000,1000,prompt_last,1.0064856658285095,27.05,locality_mean_kappa,#4477AA,1
Llama,CounterFact,MEMIT,NAS,canonical,500,Llama|CounterFact|MEMIT|NAS|canonical|500,mean_kappa,rewrite,fixed1000,1000,subject_last,1.4170436612069717,27.05,rewrite_mean_kappa,#DD8844,1
Llama,CounterFact,MEMIT,NAS,canonical,500,Llama|CounterFact|MEMIT|NAS|canonical|500,mean_abs_norm_deviation,locality,fixed1000,1000,prompt_last,0.011622441698506,27.05,locality_mean_abs_norm_deviation,#4477AA,1
Llama,CounterFact,MEMIT,NAS,canonical,500,Llama|CounterFact|MEMIT|NAS|canonical|500,mean_abs_norm_deviation,rewrite,fixed1000,1000,subject_last,0.41704366120697156,27.05,rewrite_mean_abs_norm_deviation,#DD8844,1
Llama,CounterFact,MEMIT,NAS,canonical,750,Llama|CounterFact|MEMIT|NAS|canonical|750,mean_q,locality,fixed1000,1000,prompt_last,0.2114611618182595,25.6,locality_mean_q,#4477AA,1
Llama,CounterFact,MEMIT,NAS,canonical,750,Llama|CounterFact|MEMIT|NAS|canonical|750,mean_q,rewrite,fixed1000,1000,subject_last,1.1598794183012697,25.6,rewrite_mean_q,#DD8844,1
Llama,CounterFact,MEMIT,NAS,canonical,750,Llama|CounterFact|MEMIT|NAS|canonical|750,mean_kappa,locality,fixed1000,1000,prompt_last,1.0062561550619982,25.6,locality_mean_kappa,#4477AA,1
Llama,CounterFact,MEMIT,NAS,canonical,750,Llama|CounterFact|MEMIT|NAS|canonical|750,mean_kappa,rewrite,fixed1000,1000,subject_last,1.4650948971502684,25.6,rewrite_mean_kappa,#DD8844,1
Llama,CounterFact,MEMIT,NAS,canonical,750,Llama|CounterFact|MEMIT|NAS|canonical|750,mean_abs_norm_deviation,locality,fixed1000,1000,prompt_last,0.0142134865481641,25.6,locality_mean_abs_norm_deviation,#4477AA,1
Llama,CounterFact,MEMIT,NAS,canonical,750,Llama|CounterFact|MEMIT|NAS|canonical|750,mean_abs_norm_deviation,rewrite,fixed1000,1000,subject_last,0.4651049605187425,25.6,rewrite_mean_abs_norm_deviation,#DD8844,1
Llama,CounterFact,MEMIT,NAS,canonical,1000,Llama|CounterFact|MEMIT|NAS|canonical|1000,mean_q,locality,fixed1000,1000,prompt_last,0.2317583231549949,21.5,locality_mean_q,#4477AA,1
Llama,CounterFact,MEMIT,NAS,canonical,1000,Llama|CounterFact|MEMIT|NAS|canonical|1000,mean_q,rewrite,fixed1000,1000,subject_last,1.2393370199861662,21.5,rewrite_mean_q,#DD8844,1
Llama,CounterFact,MEMIT,NAS,canonical,1000,Llama|CounterFact|MEMIT|NAS|canonical|1000,mean_kappa,locality,fixed1000,1000,prompt_last,1.0028453034594822,21.5,locality_mean_kappa,#4477AA,1
Llama,CounterFact,MEMIT,NAS,canonical,1000,Llama|CounterFact|MEMIT|NAS|canonical|1000,mean_kappa,rewrite,fixed1000,1000,subject_last,1.4930506557442045,21.5,rewrite_mean_kappa,#DD8844,1
Llama,CounterFact,MEMIT,NAS,canonical,1000,Llama|CounterFact|MEMIT|NAS|canonical|1000,mean_abs_norm_deviation,locality,fixed1000,1000,prompt_last,0.0162250539469643,21.5,locality_mean_abs_norm_deviation,#4477AA,1
Llama,CounterFact,MEMIT,NAS,canonical,1000,Llama|CounterFact|MEMIT|NAS|canonical|1000,mean_abs_norm_deviation,rewrite,fixed1000,1000,subject_last,0.49305065574420437,21.5,rewrite_mean_abs_norm_deviation,#DD8844,1
Llama,CounterFact,MEMIT,Native,canonical,50,Llama|CounterFact|MEMIT|Native|canonical|50,mean_q,locality,fixed1000,1000,prompt_last,0.0522140126813848,94.7,locality_mean_q,#4477AA,1
Llama,CounterFact,MEMIT,Native,canonical,50,Llama|CounterFact|MEMIT|Native|canonical|50,mean_q,rewrite,fixed1000,1000,subject_last,0.19855851324458906,94.7,rewrite_mean_q,#DD8844,1
Llama,CounterFact,MEMIT,Native,canonical,50,Llama|CounterFact|MEMIT|Native|canonical|50,mean_kappa,locality,fixed1000,1000,prompt_last,0.9982447344554316,94.7,locality_mean_kappa,#4477AA,1
Llama,CounterFact,MEMIT,Native,canonical,50,Llama|CounterFact|MEMIT|Native|canonical|50,mean_kappa,rewrite,fixed1000,1000,subject_last,1.0329902958962935,94.7,rewrite_mean_kappa,#DD8844,1
Llama,CounterFact,MEMIT,Native,canonical,50,Llama|CounterFact|MEMIT|Native|canonical|50,mean_abs_norm_deviation,locality,fixed1000,1000,prompt_last,0.0030699369018426,94.7,locality_mean_abs_norm_deviation,#4477AA,1
Llama,CounterFact,MEMIT,Native,canonical,50,Llama|CounterFact|MEMIT|Native|canonical|50,mean_abs_norm_deviation,rewrite,fixed1000,1000,subject_last,0.03368692239391091,94.7,rewrite_mean_abs_norm_deviation,#DD8844,1
Llama,CounterFact,MEMIT,Native,canonical,100,Llama|CounterFact|MEMIT|Native|canonical|100,mean_q,locality,fixed1000,1000,prompt_last,0.085550527798308,78.60000000000001,locality_mean_q,#4477AA,1
Llama,CounterFact,MEMIT,Native,canonical,100,Llama|CounterFact|MEMIT|Native|canonical|100,mean_q,rewrite,fixed1000,1000,subject_last,0.44033056025615086,78.60000000000001,rewrite_mean_q,#DD8844,1
Llama,CounterFact,MEMIT,Native,canonical,100,Llama|CounterFact|MEMIT|Native|canonical|100,mean_kappa,locality,fixed1000,1000,prompt_last,0.9989405117713824,78.60000000000001,locality_mean_kappa,#4477AA,1
Llama,CounterFact,MEMIT,Native,canonical,100,Llama|CounterFact|MEMIT|Native|canonical|100,mean_kappa,rewrite,fixed1000,1000,subject_last,1.1391675131708368,78.60000000000001,rewrite_mean_kappa,#DD8844,1
Llama,CounterFact,MEMIT,Native,canonical,100,Llama|CounterFact|MEMIT|Native|canonical|100,mean_abs_norm_deviation,locality,fixed1000,1000,prompt_last,0.0049678893910313,78.60000000000001,locality_mean_abs_norm_deviation,#4477AA,1
Llama,CounterFact,MEMIT,Native,canonical,100,Llama|CounterFact|MEMIT|Native|canonical|100,mean_abs_norm_deviation,rewrite,fixed1000,1000,subject_last,0.13931950918674757,78.60000000000001,rewrite_mean_abs_norm_deviation,#DD8844,1
Llama,CounterFact,MEMIT,Native,canonical,150,Llama|CounterFact|MEMIT|Native|canonical|150,mean_q,locality,fixed1000,1000,prompt_last,0.1244976363401035,50.9,locality_mean_q,#4477AA,1
Llama,CounterFact,MEMIT,Native,canonical,150,Llama|CounterFact|MEMIT|Native|canonical|150,mean_q,rewrite,fixed1000,1000,subject_last,0.7304587913800733,50.9,rewrite_mean_q,#DD8844,1
Llama,CounterFact,MEMIT,Native,canonical,150,Llama|CounterFact|MEMIT|Native|canonical|150,mean_kappa,locality,fixed1000,1000,prompt_last,1.0017825508950875,50.9,locality_mean_kappa,#4477AA,1
Llama,CounterFact,MEMIT,Native,canonical,150,Llama|CounterFact|MEMIT|Native|canonical|150,mean_kappa,rewrite,fixed1000,1000,subject_last,1.3203960467031348,50.9,rewrite_mean_kappa,#DD8844,1
Llama,CounterFact,MEMIT,Native,canonical,150,Llama|CounterFact|MEMIT|Native|canonical|150,mean_abs_norm_deviation,locality,fixed1000,1000,prompt_last,0.0087179164959514,50.9,locality_mean_abs_norm_deviation,#4477AA,1
Llama,CounterFact,MEMIT,Native,canonical,150,Llama|CounterFact|MEMIT|Native|canonical|150,mean_abs_norm_deviation,rewrite,fixed1000,1000,subject_last,0.32043417503835775,50.9,rewrite_mean_abs_norm_deviation,#DD8844,1
Llama,CounterFact,MEMIT,Native,canonical,200,Llama|CounterFact|MEMIT|Native|canonical|200,mean_q,locality,fixed1000,1000,prompt_last,0.1773670582399026,31.8,locality_mean_q,#4477AA,1
Llama,CounterFact,MEMIT,Native,canonical,200,Llama|CounterFact|MEMIT|Native|canonical|200,mean_q,rewrite,fixed1000,1000,subject_last,1.2102374785270613,31.8,rewrite_mean_q,#DD8844,1
Llama,CounterFact,MEMIT,Native,canonical,200,Llama|CounterFact|MEMIT|Native|canonical|200,mean_kappa,locality,fixed1000,1000,prompt_last,1.0138404306646105,31.8,locality_mean_kappa,#4477AA,1
Llama,CounterFact,MEMIT,Native,canonical,200,Llama|CounterFact|MEMIT|Native|canonical|200,mean_kappa,rewrite,fixed1000,1000,subject_last,1.729430304008279,31.8,rewrite_mean_kappa,#DD8844,1
Llama,CounterFact,MEMIT,Native,canonical,200,Llama|CounterFact|MEMIT|Native|canonical|200,mean_abs_norm_deviation,locality,fixed1000,1000,prompt_last,0.0187731437284275,31.8,locality_mean_abs_norm_deviation,#4477AA,1
Llama,CounterFact,MEMIT,Native,canonical,200,Llama|CounterFact|MEMIT|Native|canonical|200,mean_abs_norm_deviation,rewrite,fixed1000,1000,subject_last,0.7294303040082794,31.8,rewrite_mean_abs_norm_deviation,#DD8844,1
Llama,CounterFact,MEMIT,SADR,canonical,50,Llama|CounterFact|MEMIT|SADR|canonical|50,mean_q,locality,fixed1000,1000,prompt_last,0.047956139337952,94.8,locality_mean_q,#4477AA,1
Llama,CounterFact,MEMIT,SADR,canonical,50,Llama|CounterFact|MEMIT|SADR|canonical|50,mean_q,rewrite,fixed1000,1000,subject_last,0.19183975869335634,94.8,rewrite_mean_q,#DD8844,1
Llama,CounterFact,MEMIT,SADR,canonical,50,Llama|CounterFact|MEMIT|SADR|canonical|50,mean_kappa,locality,fixed1000,1000,prompt_last,0.9988317588354048,94.8,locality_mean_kappa,#4477AA,1
Llama,CounterFact,MEMIT,SADR,canonical,50,Llama|CounterFact|MEMIT|SADR|canonical|50,mean_kappa,rewrite,fixed1000,1000,subject_last,1.0313285244602337,94.8,rewrite_mean_kappa,#DD8844,1
Llama,CounterFact,MEMIT,SADR,canonical,50,Llama|CounterFact|MEMIT|SADR|canonical|50,mean_abs_norm_deviation,locality,fixed1000,1000,prompt_last,0.0028187906269034,94.8,locality_mean_abs_norm_deviation,#4477AA,1
Llama,CounterFact,MEMIT,SADR,canonical,50,Llama|CounterFact|MEMIT|SADR|canonical|50,mean_abs_norm_deviation,rewrite,fixed1000,1000,subject_last,0.031827873519144956,94.8,rewrite_mean_abs_norm_deviation,#DD8844,1
Llama,CounterFact,MEMIT,SADR,canonical,100,Llama|CounterFact|MEMIT|SADR|canonical|100,mean_q,locality,fixed1000,1000,prompt_last,0.0757753540125779,86.6,locality_mean_q,#4477AA,1
Llama,CounterFact,MEMIT,SADR,canonical,100,Llama|CounterFact|MEMIT|SADR|canonical|100,mean_q,rewrite,fixed1000,1000,subject_last,0.41801739578542246,86.6,rewrite_mean_q,#DD8844,1
Llama,CounterFact,MEMIT,SADR,canonical,100,Llama|CounterFact|MEMIT|SADR|canonical|100,mean_kappa,locality,fixed1000,1000,prompt_last,0.9999901728394824,86.6,locality_mean_kappa,#4477AA,1
Llama,CounterFact,MEMIT,SADR,canonical,100,Llama|CounterFact|MEMIT|SADR|canonical|100,mean_kappa,rewrite,fixed1000,1000,subject_last,1.1287858413312948,86.6,rewrite_mean_kappa,#DD8844,1
Llama,CounterFact,MEMIT,SADR,canonical,100,Llama|CounterFact|MEMIT|SADR|canonical|100,mean_abs_norm_deviation,locality,fixed1000,1000,prompt_last,0.0043920181505387,86.6,locality_mean_abs_norm_deviation,#4477AA,1
Llama,CounterFact,MEMIT,SADR,canonical,100,Llama|CounterFact|MEMIT|SADR|canonical|100,mean_abs_norm_deviation,rewrite,fixed1000,1000,subject_last,0.12888092011770305,86.6,rewrite_mean_abs_norm_deviation,#DD8844,1
Llama,CounterFact,MEMIT,SADR,canonical,150,Llama|CounterFact|MEMIT|SADR|canonical|150,mean_q,locality,fixed1000,1000,prompt_last,0.1082769933114005,64.5,locality_mean_q,#4477AA,1
Llama,CounterFact,MEMIT,SADR,canonical,150,Llama|CounterFact|MEMIT|SADR|canonical|150,mean_q,rewrite,fixed1000,1000,subject_last,0.6938567769032435,64.5,rewrite_mean_q,#DD8844,1
Llama,CounterFact,MEMIT,SADR,canonical,150,Llama|CounterFact|MEMIT|SADR|canonical|150,mean_kappa,locality,fixed1000,1000,prompt_last,1.0019952719098202,64.5,locality_mean_kappa,#4477AA,1
Llama,CounterFact,MEMIT,SADR,canonical,150,Llama|CounterFact|MEMIT|SADR|canonical|150,mean_kappa,rewrite,fixed1000,1000,subject_last,1.2951074619255705,64.5,rewrite_mean_kappa,#DD8844,1
Llama,CounterFact,MEMIT,SADR,canonical,150,Llama|CounterFact|MEMIT|SADR|canonical|150,mean_abs_norm_deviation,locality,fixed1000,1000,prompt_last,0.0071616557326175,64.5,locality_mean_abs_norm_deviation,#4477AA,1
Llama,CounterFact,MEMIT,SADR,canonical,150,Llama|CounterFact|MEMIT|SADR|canonical|150,mean_abs_norm_deviation,rewrite,fixed1000,1000,subject_last,0.29513284631792497,64.5,rewrite_mean_abs_norm_deviation,#DD8844,1
Llama,CounterFact,MEMIT,SADR,canonical,200,Llama|CounterFact|MEMIT|SADR|canonical|200,mean_q,locality,fixed1000,1000,prompt_last,0.1465578841677539,46.3,locality_mean_q,#4477AA,1
Llama,CounterFact,MEMIT,SADR,canonical,200,Llama|CounterFact|MEMIT|SADR|canonical|200,mean_q,rewrite,fixed1000,1000,subject_last,1.1089715574762917,46.3,rewrite_mean_q,#DD8844,1
Llama,CounterFact,MEMIT,SADR,canonical,200,Llama|CounterFact|MEMIT|SADR|canonical|200,mean_kappa,locality,fixed1000,1000,prompt_last,1.0102828684786658,46.3,locality_mean_kappa,#4477AA,1
Llama,CounterFact,MEMIT,SADR,canonical,200,Llama|CounterFact|MEMIT|SADR|canonical|200,mean_kappa,rewrite,fixed1000,1000,subject_last,1.6405355633908312,46.3,rewrite_mean_kappa,#DD8844,1
Llama,CounterFact,MEMIT,SADR,canonical,200,Llama|CounterFact|MEMIT|SADR|canonical|200,mean_abs_norm_deviation,locality,fixed1000,1000,prompt_last,0.0138794077283002,46.3,locality_mean_abs_norm_deviation,#4477AA,1
Llama,CounterFact,MEMIT,SADR,canonical,200,Llama|CounterFact|MEMIT|SADR|canonical|200,mean_abs_norm_deviation,rewrite,fixed1000,1000,subject_last,0.6405355633908312,46.3,rewrite_mean_abs_norm_deviation,#DD8844,1
Llama,CounterFact,MEMIT,SADR,canonical,250,Llama|CounterFact|MEMIT|SADR|canonical|250,mean_q,locality,fixed1000,1000,prompt_last,0.2496613236488835,35.7,locality_mean_q,#4477AA,1
Llama,CounterFact,MEMIT,SADR,canonical,250,Llama|CounterFact|MEMIT|SADR|canonical|250,mean_q,rewrite,fixed1000,1000,subject_last,2.1979730127337453,35.7,rewrite_mean_q,#DD8844,1
Llama,CounterFact,MEMIT,SADR,canonical,250,Llama|CounterFact|MEMIT|SADR|canonical|250,mean_kappa,locality,fixed1000,1000,prompt_last,1.0477441804689271,35.7,locality_mean_kappa,#4477AA,1
Llama,CounterFact,MEMIT,SADR,canonical,250,Llama|CounterFact|MEMIT|SADR|canonical|250,mean_kappa,rewrite,fixed1000,1000,subject_last,2.6757321017764597,35.7,rewrite_mean_kappa,#DD8844,1
Llama,CounterFact,MEMIT,SADR,canonical,250,Llama|CounterFact|MEMIT|SADR|canonical|250,mean_abs_norm_deviation,locality,fixed1000,1000,prompt_last,0.0495442907881972,35.7,locality_mean_abs_norm_deviation,#4477AA,1
Llama,CounterFact,MEMIT,SADR,canonical,250,Llama|CounterFact|MEMIT|SADR|canonical|250,mean_abs_norm_deviation,rewrite,fixed1000,1000,subject_last,1.6757321017764597,35.7,rewrite_mean_abs_norm_deviation,#DD8844,1
Llama,CounterFact,MEMIT,SPHERE,canonical,50,Llama|CounterFact|MEMIT|SPHERE|canonical|50,mean_q,locality,fixed1000,1000,prompt_last,0.0479617072813516,95.35,locality_mean_q,#4477AA,1
Llama,CounterFact,MEMIT,SPHERE,canonical,50,Llama|CounterFact|MEMIT|SPHERE|canonical|50,mean_q,rewrite,fixed1000,1000,subject_last,0.16599878028374201,95.35,rewrite_mean_q,#DD8844,1
Llama,CounterFact,MEMIT,SPHERE,canonical,50,Llama|CounterFact|MEMIT|SPHERE|canonical|50,mean_kappa,locality,fixed1000,1000,prompt_last,0.9978714930343447,95.35,locality_mean_kappa,#4477AA,1
Llama,CounterFact,MEMIT,SPHERE,canonical,50,Llama|CounterFact|MEMIT|SPHERE|canonical|50,mean_kappa,rewrite,fixed1000,1000,subject_last,1.0230497221887902,95.35,rewrite_mean_kappa,#DD8844,1
Llama,CounterFact,MEMIT,SPHERE,canonical,50,Llama|CounterFact|MEMIT|SPHERE|canonical|50,mean_abs_norm_deviation,locality,fixed1000,1000,prompt_last,0.003176149960033,95.35,locality_mean_abs_norm_deviation,#4477AA,1
Llama,CounterFact,MEMIT,SPHERE,canonical,50,Llama|CounterFact|MEMIT|SPHERE|canonical|50,mean_abs_norm_deviation,rewrite,fixed1000,1000,subject_last,0.024068708016936242,95.35,rewrite_mean_abs_norm_deviation,#DD8844,1
Llama,CounterFact,MEMIT,SPHERE,canonical,100,Llama|CounterFact|MEMIT|SPHERE|canonical|100,mean_q,locality,fixed1000,1000,prompt_last,0.073240783443147,90.35,locality_mean_q,#4477AA,1
Llama,CounterFact,MEMIT,SPHERE,canonical,100,Llama|CounterFact|MEMIT|SPHERE|canonical|100,mean_q,rewrite,fixed1000,1000,subject_last,0.3117392047898453,90.35,rewrite_mean_q,#DD8844,1
Llama,CounterFact,MEMIT,SPHERE,canonical,100,Llama|CounterFact|MEMIT|SPHERE|canonical|100,mean_kappa,locality,fixed1000,1000,prompt_last,0.9976690662962252,90.35,locality_mean_kappa,#4477AA,1
Llama,CounterFact,MEMIT,SPHERE,canonical,100,Llama|CounterFact|MEMIT|SPHERE|canonical|100,mean_kappa,rewrite,fixed1000,1000,subject_last,1.0690583874155417,90.35,rewrite_mean_kappa,#DD8844,1
Llama,CounterFact,MEMIT,SPHERE,canonical,100,Llama|CounterFact|MEMIT|SPHERE|canonical|100,mean_abs_norm_deviation,locality,fixed1000,1000,prompt_last,0.0042983269258819,90.35,locality_mean_abs_norm_deviation,#4477AA,1
Llama,CounterFact,MEMIT,SPHERE,canonical,100,Llama|CounterFact|MEMIT|SPHERE|canonical|100,mean_abs_norm_deviation,rewrite,fixed1000,1000,subject_last,0.06944324755238168,90.35,rewrite_mean_abs_norm_deviation,#DD8844,1
Llama,CounterFact,MEMIT,SPHERE,canonical,150,Llama|CounterFact|MEMIT|SPHERE|canonical|150,mean_q,locality,fixed1000,1000,prompt_last,0.1008226216882694,75.75,locality_mean_q,#4477AA,1
Llama,CounterFact,MEMIT,SPHERE,canonical,150,Llama|CounterFact|MEMIT|SPHERE|canonical|150,mean_q,rewrite,fixed1000,1000,subject_last,0.4506461149256762,75.75,rewrite_mean_q,#DD8844,1
Llama,CounterFact,MEMIT,SPHERE,canonical,150,Llama|CounterFact|MEMIT|SPHERE|canonical|150,mean_kappa,locality,fixed1000,1000,prompt_last,0.9972054218515688,75.75,locality_mean_kappa,#4477AA,1
Llama,CounterFact,MEMIT,SPHERE,canonical,150,Llama|CounterFact|MEMIT|SPHERE|canonical|150,mean_kappa,rewrite,fixed1000,1000,subject_last,1.1211087098833301,75.75,rewrite_mean_kappa,#DD8844,1
Llama,CounterFact,MEMIT,SPHERE,canonical,150,Llama|CounterFact|MEMIT|SPHERE|canonical|150,mean_abs_norm_deviation,locality,fixed1000,1000,prompt_last,0.0060312685101488,75.75,locality_mean_abs_norm_deviation,#4477AA,1
Llama,CounterFact,MEMIT,SPHERE,canonical,150,Llama|CounterFact|MEMIT|SPHERE|canonical|150,mean_abs_norm_deviation,rewrite,fixed1000,1000,subject_last,0.12138542613204938,75.75,rewrite_mean_abs_norm_deviation,#DD8844,1
Llama,CounterFact,MEMIT,SPHERE,canonical,200,Llama|CounterFact|MEMIT|SPHERE|canonical|200,mean_q,locality,fixed1000,1000,prompt_last,0.1226264278716204,62.35000000000001,locality_mean_q,#4477AA,1
Llama,CounterFact,MEMIT,SPHERE,canonical,200,Llama|CounterFact|MEMIT|SPHERE|canonical|200,mean_q,rewrite,fixed1000,1000,subject_last,0.571307675138678,62.35000000000001,rewrite_mean_q,#DD8844,1
Llama,CounterFact,MEMIT,SPHERE,canonical,200,Llama|CounterFact|MEMIT|SPHERE|canonical|200,mean_kappa,locality,fixed1000,1000,prompt_last,0.99765618616815,62.35000000000001,locality_mean_kappa,#4477AA,1
Llama,CounterFact,MEMIT,SPHERE,canonical,200,Llama|CounterFact|MEMIT|SPHERE|canonical|200,mean_kappa,rewrite,fixed1000,1000,subject_last,1.1825942164850678,62.35000000000001,rewrite_mean_kappa,#DD8844,1
Llama,CounterFact,MEMIT,SPHERE,canonical,200,Llama|CounterFact|MEMIT|SPHERE|canonical|200,mean_abs_norm_deviation,locality,fixed1000,1000,prompt_last,0.0071556631699693,62.35000000000001,locality_mean_abs_norm_deviation,#4477AA,1
Llama,CounterFact,MEMIT,SPHERE,canonical,200,Llama|CounterFact|MEMIT|SPHERE|canonical|200,mean_abs_norm_deviation,rewrite,fixed1000,1000,subject_last,0.18275197814744917,62.35000000000001,rewrite_mean_abs_norm_deviation,#DD8844,1
Llama,CounterFact,MEMIT,SPHERE,canonical,250,Llama|CounterFact|MEMIT|SPHERE|canonical|250,mean_q,locality,fixed1000,1000,prompt_last,0.1442866918973858,49.9,locality_mean_q,#4477AA,1
Llama,CounterFact,MEMIT,SPHERE,canonical,250,Llama|CounterFact|MEMIT|SPHERE|canonical|250,mean_q,rewrite,fixed1000,1000,subject_last,0.6986699907842937,49.9,rewrite_mean_q,#DD8844,1
Llama,CounterFact,MEMIT,SPHERE,canonical,250,Llama|CounterFact|MEMIT|SPHERE|canonical|250,mean_kappa,locality,fixed1000,1000,prompt_last,0.9991396164745242,49.9,locality_mean_kappa,#4477AA,1
Llama,CounterFact,MEMIT,SPHERE,canonical,250,Llama|CounterFact|MEMIT|SPHERE|canonical|250,mean_kappa,rewrite,fixed1000,1000,subject_last,1.2622767596736002,49.9,rewrite_mean_kappa,#DD8844,1
Llama,CounterFact,MEMIT,SPHERE,canonical,250,Llama|CounterFact|MEMIT|SPHERE|canonical|250,mean_abs_norm_deviation,locality,fixed1000,1000,prompt_last,0.0083297476795879,49.9,locality_mean_abs_norm_deviation,#4477AA,1
Llama,CounterFact,MEMIT,SPHERE,canonical,250,Llama|CounterFact|MEMIT|SPHERE|canonical|250,mean_abs_norm_deviation,rewrite,fixed1000,1000,subject_last,0.2623741357718694,49.9,rewrite_mean_abs_norm_deviation,#DD8844,1
Llama,CounterFact,MEMIT,SPHERE,canonical,300,Llama|CounterFact|MEMIT|SPHERE|canonical|300,mean_q,locality,fixed1000,1000,prompt_last,0.1639006398666038,43.25,locality_mean_q,#4477AA,1
Llama,CounterFact,MEMIT,SPHERE,canonical,300,Llama|CounterFact|MEMIT|SPHERE|canonical|300,mean_q,rewrite,fixed1000,1000,subject_last,0.8166972168274017,43.25,rewrite_mean_q,#DD8844,1
Llama,CounterFact,MEMIT,SPHERE,canonical,300,Llama|CounterFact|MEMIT|SPHERE|canonical|300,mean_kappa,locality,fixed1000,1000,prompt_last,1.0018918498994696,43.25,locality_mean_kappa,#4477AA,1
Llama,CounterFact,MEMIT,SPHERE,canonical,300,Llama|CounterFact|MEMIT|SPHERE|canonical|300,mean_kappa,rewrite,fixed1000,1000,subject_last,1.3452977840810667,43.25,rewrite_mean_kappa,#DD8844,1
Llama,CounterFact,MEMIT,SPHERE,canonical,300,Llama|CounterFact|MEMIT|SPHERE|canonical|300,mean_abs_norm_deviation,locality,fixed1000,1000,prompt_last,0.0094907629190552,43.25,locality_mean_abs_norm_deviation,#4477AA,1
Llama,CounterFact,MEMIT,SPHERE,canonical,300,Llama|CounterFact|MEMIT|SPHERE|canonical|300,mean_abs_norm_deviation,rewrite,fixed1000,1000,subject_last,0.34529868125531127,43.25,rewrite_mean_abs_norm_deviation,#DD8844,1
Llama,CounterFact,MEMIT,SPHERE,canonical,500,Llama|CounterFact|MEMIT|SPHERE|canonical|500,mean_q,locality,fixed1000,1000,prompt_last,0.2724505422582918,18.75,locality_mean_q,#4477AA,1
Llama,CounterFact,MEMIT,SPHERE,canonical,500,Llama|CounterFact|MEMIT|SPHERE|canonical|500,mean_q,rewrite,fixed1000,1000,subject_last,1.7067569618808198,18.75,rewrite_mean_q,#DD8844,1
Llama,CounterFact,MEMIT,SPHERE,canonical,500,Llama|CounterFact|MEMIT|SPHERE|canonical|500,mean_kappa,locality,fixed1000,1000,prompt_last,1.03867373737755,18.75,locality_mean_kappa,#4477AA,1
Llama,CounterFact,MEMIT,SPHERE,canonical,500,Llama|CounterFact|MEMIT|SPHERE|canonical|500,mean_kappa,rewrite,fixed1000,1000,subject_last,2.1537364591455486,18.75,rewrite_mean_kappa,#DD8844,1
Llama,CounterFact,MEMIT,SPHERE,canonical,500,Llama|CounterFact|MEMIT|SPHERE|canonical|500,mean_abs_norm_deviation,locality,fixed1000,1000,prompt_last,0.040358405732239,18.75,locality_mean_abs_norm_deviation,#4477AA,1
Llama,CounterFact,MEMIT,SPHERE,canonical,500,Llama|CounterFact|MEMIT|SPHERE|canonical|500,mean_abs_norm_deviation,rewrite,fixed1000,1000,subject_last,1.1537364591455483,18.75,rewrite_mean_abs_norm_deviation,#DD8844,1
Llama,zsRE,AlphaEdit,ENCORE,canonical,50,Llama|zsRE|AlphaEdit|ENCORE|canonical|50,mean_q,locality,fixed1000,1000,prompt_last,0.1905084040229755,87.36974716464825,locality_mean_q,#4477AA,1
Llama,zsRE,AlphaEdit,ENCORE,canonical,50,Llama|zsRE|AlphaEdit|ENCORE|canonical|50,mean_q,rewrite,fixed1000,1000,subject_last,0.4564673744354985,87.36974716464825,rewrite_mean_q,#DD8844,1
Llama,zsRE,AlphaEdit,ENCORE,canonical,50,Llama|zsRE|AlphaEdit|ENCORE|canonical|50,mean_kappa,locality,fixed1000,1000,prompt_last,1.003978712873636,87.36974716464825,locality_mean_kappa,#4477AA,1
Llama,zsRE,AlphaEdit,ENCORE,canonical,50,Llama|zsRE|AlphaEdit|ENCORE|canonical|50,mean_kappa,rewrite,fixed1000,1000,subject_last,1.0728430101277426,87.36974716464825,rewrite_mean_kappa,#DD8844,1
Llama,zsRE,AlphaEdit,ENCORE,canonical,50,Llama|zsRE|AlphaEdit|ENCORE|canonical|50,mean_abs_norm_deviation,locality,fixed1000,1000,prompt_last,0.0133221432520455,87.36974716464825,locality_mean_abs_norm_deviation,#4477AA,1
Llama,zsRE,AlphaEdit,ENCORE,canonical,50,Llama|zsRE|AlphaEdit|ENCORE|canonical|50,mean_abs_norm_deviation,rewrite,fixed1000,1000,subject_last,0.07332847635701677,87.36974716464825,rewrite_mean_abs_norm_deviation,#DD8844,1
Llama,zsRE,AlphaEdit,ENCORE,canonical,100,Llama|zsRE|AlphaEdit|ENCORE|canonical|100,mean_q,locality,fixed1000,1000,prompt_last,0.2648252503842923,75.47763661861228,locality_mean_q,#4477AA,1
Llama,zsRE,AlphaEdit,ENCORE,canonical,100,Llama|zsRE|AlphaEdit|ENCORE|canonical|100,mean_q,rewrite,fixed1000,1000,subject_last,0.6118057543680898,75.47763661861228,rewrite_mean_q,#DD8844,1
Llama,zsRE,AlphaEdit,ENCORE,canonical,100,Llama|zsRE|AlphaEdit|ENCORE|canonical|100,mean_kappa,locality,fixed1000,1000,prompt_last,1.0174359348467936,75.47763661861228,locality_mean_kappa,#4477AA,1
Llama,zsRE,AlphaEdit,ENCORE,canonical,100,Llama|zsRE|AlphaEdit|ENCORE|canonical|100,mean_kappa,rewrite,fixed1000,1000,subject_last,1.139237634616661,75.47763661861228,rewrite_mean_kappa,#DD8844,1
Llama,zsRE,AlphaEdit,ENCORE,canonical,100,Llama|zsRE|AlphaEdit|ENCORE|canonical|100,mean_abs_norm_deviation,locality,fixed1000,1000,prompt_last,0.0243875732795847,75.47763661861228,locality_mean_abs_norm_deviation,#4477AA,1
Llama,zsRE,AlphaEdit,ENCORE,canonical,100,Llama|zsRE|AlphaEdit|ENCORE|canonical|100,mean_abs_norm_deviation,rewrite,fixed1000,1000,subject_last,0.13930421720265873,75.47763661861228,rewrite_mean_abs_norm_deviation,#DD8844,1
Llama,zsRE,AlphaEdit,ENCORE,canonical,150,Llama|zsRE|AlphaEdit|ENCORE|canonical|150,mean_q,locality,fixed1000,1000,prompt_last,0.3011930955391989,71.44597161164879,locality_mean_q,#4477AA,1
Llama,zsRE,AlphaEdit,ENCORE,canonical,150,Llama|zsRE|AlphaEdit|ENCORE|canonical|150,mean_q,rewrite,fixed1000,1000,subject_last,0.7147318675924239,71.44597161164879,rewrite_mean_q,#DD8844,1
Llama,zsRE,AlphaEdit,ENCORE,canonical,150,Llama|zsRE|AlphaEdit|ENCORE|canonical|150,mean_kappa,locality,fixed1000,1000,prompt_last,1.0288324645186,71.44597161164879,locality_mean_kappa,#4477AA,1
Llama,zsRE,AlphaEdit,ENCORE,canonical,150,Llama|zsRE|AlphaEdit|ENCORE|canonical|150,mean_kappa,rewrite,fixed1000,1000,subject_last,1.2013374906193186,71.44597161164879,rewrite_mean_kappa,#DD8844,1
Llama,zsRE,AlphaEdit,ENCORE,canonical,150,Llama|zsRE|AlphaEdit|ENCORE|canonical|150,mean_abs_norm_deviation,locality,fixed1000,1000,prompt_last,0.034244972743752,71.44597161164879,locality_mean_abs_norm_deviation,#4477AA,1
Llama,zsRE,AlphaEdit,ENCORE,canonical,150,Llama|zsRE|AlphaEdit|ENCORE|canonical|150,mean_abs_norm_deviation,rewrite,fixed1000,1000,subject_last,0.20141666344321277,71.44597161164879,rewrite_mean_abs_norm_deviation,#DD8844,1
Llama,zsRE,AlphaEdit,ENCORE,canonical,200,Llama|zsRE|AlphaEdit|ENCORE|canonical|200,mean_q,locality,fixed1000,1000,prompt_last,0.3318250136526159,67.61287758626013,locality_mean_q,#4477AA,1
Llama,zsRE,AlphaEdit,ENCORE,canonical,200,Llama|zsRE|AlphaEdit|ENCORE|canonical|200,mean_q,rewrite,fixed1000,1000,subject_last,0.7901186476452553,67.61287758626013,rewrite_mean_q,#DD8844,1
Llama,zsRE,AlphaEdit,ENCORE,canonical,200,Llama|zsRE|AlphaEdit|ENCORE|canonical|200,mean_kappa,locality,fixed1000,1000,prompt_last,1.039929563689885,67.61287758626013,locality_mean_kappa,#4477AA,1
Llama,zsRE,AlphaEdit,ENCORE,canonical,200,Llama|zsRE|AlphaEdit|ENCORE|canonical|200,mean_kappa,rewrite,fixed1000,1000,subject_last,1.2514313590292614,67.61287758626013,rewrite_mean_kappa,#DD8844,1
Llama,zsRE,AlphaEdit,ENCORE,canonical,200,Llama|zsRE|AlphaEdit|ENCORE|canonical|200,mean_abs_norm_deviation,locality,fixed1000,1000,prompt_last,0.0444747959349631,67.61287758626013,locality_mean_abs_norm_deviation,#4477AA,1
Llama,zsRE,AlphaEdit,ENCORE,canonical,200,Llama|zsRE|AlphaEdit|ENCORE|canonical|200,mean_abs_norm_deviation,rewrite,fixed1000,1000,subject_last,0.25146599356663774,67.61287758626013,rewrite_mean_abs_norm_deviation,#DD8844,1
Llama,zsRE,AlphaEdit,ENCORE,canonical,250,Llama|zsRE|AlphaEdit|ENCORE|canonical|250,mean_q,locality,fixed1000,1000,prompt_last,0.3593673371658439,63.2377995611151,locality_mean_q,#4477AA,1
Llama,zsRE,AlphaEdit,ENCORE,canonical,250,Llama|zsRE|AlphaEdit|ENCORE|canonical|250,mean_q,rewrite,fixed1000,1000,subject_last,0.8558779602244132,63.2377995611151,rewrite_mean_q,#DD8844,1
Llama,zsRE,AlphaEdit,ENCORE,canonical,250,Llama|zsRE|AlphaEdit|ENCORE|canonical|250,mean_kappa,locality,fixed1000,1000,prompt_last,1.0506388996941738,63.2377995611151,locality_mean_kappa,#4477AA,1
Llama,zsRE,AlphaEdit,ENCORE,canonical,250,Llama|zsRE|AlphaEdit|ENCORE|canonical|250,mean_kappa,rewrite,fixed1000,1000,subject_last,1.2991437573863407,63.2377995611151,rewrite_mean_kappa,#DD8844,1
Llama,zsRE,AlphaEdit,ENCORE,canonical,250,Llama|zsRE|AlphaEdit|ENCORE|canonical|250,mean_abs_norm_deviation,locality,fixed1000,1000,prompt_last,0.0538945408491269,63.2377995611151,locality_mean_abs_norm_deviation,#4477AA,1
Llama,zsRE,AlphaEdit,ENCORE,canonical,250,Llama|zsRE|AlphaEdit|ENCORE|canonical|250,mean_abs_norm_deviation,rewrite,fixed1000,1000,subject_last,0.2991578963799152,63.2377995611151,rewrite_mean_abs_norm_deviation,#DD8844,1
Llama,zsRE,AlphaEdit,ENCORE,canonical,300,Llama|zsRE|AlphaEdit|ENCORE|canonical|300,mean_q,locality,fixed1000,1000,prompt_last,0.3829071059343361,62.81905684670818,locality_mean_q,#4477AA,1
Llama,zsRE,AlphaEdit,ENCORE,canonical,300,Llama|zsRE|AlphaEdit|ENCORE|canonical|300,mean_q,rewrite,fixed1000,1000,subject_last,0.9070237237495529,62.81905684670818,rewrite_mean_q,#DD8844,1
Llama,zsRE,AlphaEdit,ENCORE,canonical,300,Llama|zsRE|AlphaEdit|ENCORE|canonical|300,mean_kappa,locality,fixed1000,1000,prompt_last,1.0621536065835764,62.81905684670818,locality_mean_kappa,#4477AA,1
Llama,zsRE,AlphaEdit,ENCORE,canonical,300,Llama|zsRE|AlphaEdit|ENCORE|canonical|300,mean_kappa,rewrite,fixed1000,1000,subject_last,1.3368941553954596,62.81905684670818,rewrite_mean_kappa,#DD8844,1
Llama,zsRE,AlphaEdit,ENCORE,canonical,300,Llama|zsRE|AlphaEdit|ENCORE|canonical|300,mean_abs_norm_deviation,locality,fixed1000,1000,prompt_last,0.0641773045313558,62.81905684670818,locality_mean_abs_norm_deviation,#4477AA,1
Llama,zsRE,AlphaEdit,ENCORE,canonical,300,Llama|zsRE|AlphaEdit|ENCORE|canonical|300,mean_abs_norm_deviation,rewrite,fixed1000,1000,subject_last,0.3369029487488708,62.81905684670818,rewrite_mean_abs_norm_deviation,#DD8844,1
Llama,zsRE,AlphaEdit,ENCORE,canonical,500,Llama|zsRE|AlphaEdit|ENCORE|canonical|500,mean_q,locality,fixed1000,1000,prompt_last,0.4628541612837787,57.52973219795032,locality_mean_q,#4477AA,1
Llama,zsRE,AlphaEdit,ENCORE,canonical,500,Llama|zsRE|AlphaEdit|ENCORE|canonical|500,mean_q,rewrite,fixed1000,1000,subject_last,1.098750499148403,57.52973219795032,rewrite_mean_q,#DD8844,1
Llama,zsRE,AlphaEdit,ENCORE,canonical,500,Llama|zsRE|AlphaEdit|ENCORE|canonical|500,mean_kappa,locality,fixed1000,1000,prompt_last,1.1077949789465011,57.52973219795032,locality_mean_kappa,#4477AA,1
Llama,zsRE,AlphaEdit,ENCORE,canonical,500,Llama|zsRE|AlphaEdit|ENCORE|canonical|500,mean_kappa,rewrite,fixed1000,1000,subject_last,1.4875685042104974,57.52973219795032,rewrite_mean_kappa,#DD8844,1
Llama,zsRE,AlphaEdit,ENCORE,canonical,500,Llama|zsRE|AlphaEdit|ENCORE|canonical|500,mean_abs_norm_deviation,locality,fixed1000,1000,prompt_last,0.1083712155664477,57.52973219795032,locality_mean_abs_norm_deviation,#4477AA,1
Llama,zsRE,AlphaEdit,ENCORE,canonical,500,Llama|zsRE|AlphaEdit|ENCORE|canonical|500,mean_abs_norm_deviation,rewrite,fixed1000,1000,subject_last,0.4875685042104975,57.52973219795032,rewrite_mean_abs_norm_deviation,#DD8844,1
Llama,zsRE,AlphaEdit,ENCORE,canonical,750,Llama|zsRE|AlphaEdit|ENCORE|canonical|750,mean_q,locality,fixed1000,1000,prompt_last,0.5484471523329106,53.01358279623491,locality_mean_q,#4477AA,1
Llama,zsRE,AlphaEdit,ENCORE,canonical,750,Llama|zsRE|AlphaEdit|ENCORE|canonical|750,mean_q,rewrite,fixed1000,1000,subject_last,1.3070486586980996,53.01358279623491,rewrite_mean_q,#DD8844,1
Llama,zsRE,AlphaEdit,ENCORE,canonical,750,Llama|zsRE|AlphaEdit|ENCORE|canonical|750,mean_kappa,locality,fixed1000,1000,prompt_last,1.158963751434004,53.01358279623491,locality_mean_kappa,#4477AA,1
Llama,zsRE,AlphaEdit,ENCORE,canonical,750,Llama|zsRE|AlphaEdit|ENCORE|canonical|750,mean_kappa,rewrite,fixed1000,1000,subject_last,1.6619838954599426,53.01358279623491,rewrite_mean_kappa,#DD8844,1
Llama,zsRE,AlphaEdit,ENCORE,canonical,750,Llama|zsRE|AlphaEdit|ENCORE|canonical|750,mean_abs_norm_deviation,locality,fixed1000,1000,prompt_last,0.1590589486447055,53.01358279623491,locality_mean_abs_norm_deviation,#4477AA,1
Llama,zsRE,AlphaEdit,ENCORE,canonical,750,Llama|zsRE|AlphaEdit|ENCORE|canonical|750,mean_abs_norm_deviation,rewrite,fixed1000,1000,subject_last,0.661983895459943,53.01358279623491,rewrite_mean_abs_norm_deviation,#DD8844,1
Llama,zsRE,AlphaEdit,ENCORE,canonical,1000,Llama|zsRE|AlphaEdit|ENCORE|canonical|1000,mean_q,locality,fixed1000,1000,prompt_last,0.6494285394032858,46.53644666398896,locality_mean_q,#4477AA,1
Llama,zsRE,AlphaEdit,ENCORE,canonical,1000,Llama|zsRE|AlphaEdit|ENCORE|canonical|1000,mean_q,rewrite,fixed1000,1000,subject_last,1.5156330705209653,46.53644666398896,rewrite_mean_q,#DD8844,1
Llama,zsRE,AlphaEdit,ENCORE,canonical,1000,Llama|zsRE|AlphaEdit|ENCORE|canonical|1000,mean_kappa,locality,fixed1000,1000,prompt_last,1.2280445723947786,46.53644666398896,locality_mean_kappa,#4477AA,1
Llama,zsRE,AlphaEdit,ENCORE,canonical,1000,Llama|zsRE|AlphaEdit|ENCORE|canonical|1000,mean_kappa,rewrite,fixed1000,1000,subject_last,1.843977476358551,46.53644666398896,rewrite_mean_kappa,#DD8844,1
Llama,zsRE,AlphaEdit,ENCORE,canonical,1000,Llama|zsRE|AlphaEdit|ENCORE|canonical|1000,mean_abs_norm_deviation,locality,fixed1000,1000,prompt_last,0.2280961905944121,46.53644666398896,locality_mean_abs_norm_deviation,#4477AA,1
Llama,zsRE,AlphaEdit,ENCORE,canonical,1000,Llama|zsRE|AlphaEdit|ENCORE|canonical|1000,mean_abs_norm_deviation,rewrite,fixed1000,1000,subject_last,0.8439774763585511,46.53644666398896,rewrite_mean_abs_norm_deviation,#DD8844,1
Llama,zsRE,AlphaEdit,NAS,canonical,50,Llama|zsRE|AlphaEdit|NAS|canonical|50,mean_q,locality,fixed1000,1000,prompt_last,0.1836479475796533,88.09337957647803,locality_mean_q,#4477AA,1
Llama,zsRE,AlphaEdit,NAS,canonical,50,Llama|zsRE|AlphaEdit|NAS|canonical|50,mean_q,rewrite,fixed1000,1000,subject_last,0.4395863385390879,88.09337957647803,rewrite_mean_q,#DD8844,1
Llama,zsRE,AlphaEdit,NAS,canonical,50,Llama|zsRE|AlphaEdit|NAS|canonical|50,mean_kappa,locality,fixed1000,1000,prompt_last,1.0042338065574237,88.09337957647803,locality_mean_kappa,#4477AA,1
Llama,zsRE,AlphaEdit,NAS,canonical,50,Llama|zsRE|AlphaEdit|NAS|canonical|50,mean_kappa,rewrite,fixed1000,1000,subject_last,1.0699999367514075,88.09337957647803,rewrite_mean_kappa,#DD8844,1
Llama,zsRE,AlphaEdit,NAS,canonical,50,Llama|zsRE|AlphaEdit|NAS|canonical|50,mean_abs_norm_deviation,locality,fixed1000,1000,prompt_last,0.0112523201777352,88.09337957647803,locality_mean_abs_norm_deviation,#4477AA,1
Llama,zsRE,AlphaEdit,NAS,canonical,50,Llama|zsRE|AlphaEdit|NAS|canonical|50,mean_abs_norm_deviation,rewrite,fixed1000,1000,subject_last,0.07046175279759007,88.09337957647803,rewrite_mean_abs_norm_deviation,#DD8844,1
Llama,zsRE,AlphaEdit,NAS,canonical,100,Llama|zsRE|AlphaEdit|NAS|canonical|100,mean_q,locality,fixed1000,1000,prompt_last,0.2482773377379697,80.38765450508939,locality_mean_q,#4477AA,1
Llama,zsRE,AlphaEdit,NAS,canonical,100,Llama|zsRE|AlphaEdit|NAS|canonical|100,mean_q,rewrite,fixed1000,1000,subject_last,0.5718204403799847,80.38765450508939,rewrite_mean_q,#DD8844,1
Llama,zsRE,AlphaEdit,NAS,canonical,100,Llama|zsRE|AlphaEdit|NAS|canonical|100,mean_kappa,locality,fixed1000,1000,prompt_last,1.0119530540801625,80.38765450508939,locality_mean_kappa,#4477AA,1
Llama,zsRE,AlphaEdit,NAS,canonical,100,Llama|zsRE|AlphaEdit|NAS|canonical|100,mean_kappa,rewrite,fixed1000,1000,subject_last,1.1158392756811837,80.38765450508939,rewrite_mean_kappa,#DD8844,1
Llama,zsRE,AlphaEdit,NAS,canonical,100,Llama|zsRE|AlphaEdit|NAS|canonical|100,mean_abs_norm_deviation,locality,fixed1000,1000,prompt_last,0.0184478930593328,80.38765450508939,locality_mean_abs_norm_deviation,#4477AA,1
Llama,zsRE,AlphaEdit,NAS,canonical,100,Llama|zsRE|AlphaEdit|NAS|canonical|100,mean_abs_norm_deviation,rewrite,fixed1000,1000,subject_last,0.11591771622551167,80.38765450508939,rewrite_mean_abs_norm_deviation,#DD8844,1
Llama,zsRE,AlphaEdit,NAS,canonical,150,Llama|zsRE|AlphaEdit|NAS|canonical|150,mean_q,locality,fixed1000,1000,prompt_last,0.2766104988412475,76.93558372184503,locality_mean_q,#4477AA,1
Llama,zsRE,AlphaEdit,NAS,canonical,150,Llama|zsRE|AlphaEdit|NAS|canonical|150,mean_q,rewrite,fixed1000,1000,subject_last,0.6377848081850102,76.93558372184503,rewrite_mean_q,#DD8844,1
Llama,zsRE,AlphaEdit,NAS,canonical,150,Llama|zsRE|AlphaEdit|NAS|canonical|150,mean_kappa,locality,fixed1000,1000,prompt_last,1.0149126111687166,76.93558372184503,locality_mean_kappa,#4477AA,1
Llama,zsRE,AlphaEdit,NAS,canonical,150,Llama|zsRE|AlphaEdit|NAS|canonical|150,mean_kappa,rewrite,fixed1000,1000,subject_last,1.142594056760614,76.93558372184503,rewrite_mean_kappa,#DD8844,1
Llama,zsRE,AlphaEdit,NAS,canonical,150,Llama|zsRE|AlphaEdit|NAS|canonical|150,mean_abs_norm_deviation,locality,fixed1000,1000,prompt_last,0.0213786963555162,76.93558372184503,locality_mean_abs_norm_deviation,#4477AA,1
Llama,zsRE,AlphaEdit,NAS,canonical,150,Llama|zsRE|AlphaEdit|NAS|canonical|150,mean_abs_norm_deviation,rewrite,fixed1000,1000,subject_last,0.14265528156148585,76.93558372184503,rewrite_mean_abs_norm_deviation,#DD8844,1
Llama,zsRE,AlphaEdit,NAS,canonical,200,Llama|zsRE|AlphaEdit|NAS|canonical|200,mean_q,locality,fixed1000,1000,prompt_last,0.293519317924156,74.48127322257312,locality_mean_q,#4477AA,1
Llama,zsRE,AlphaEdit,NAS,canonical,200,Llama|zsRE|AlphaEdit|NAS|canonical|200,mean_q,rewrite,fixed1000,1000,subject_last,0.6797999366342271,74.48127322257312,rewrite_mean_q,#DD8844,1
Llama,zsRE,AlphaEdit,NAS,canonical,200,Llama|zsRE|AlphaEdit|NAS|canonical|200,mean_kappa,locality,fixed1000,1000,prompt_last,1.0193620399886163,74.48127322257312,locality_mean_kappa,#4477AA,1
Llama,zsRE,AlphaEdit,NAS,canonical,200,Llama|zsRE|AlphaEdit|NAS|canonical|200,mean_kappa,rewrite,fixed1000,1000,subject_last,1.1613218537842258,74.48127322257312,rewrite_mean_kappa,#DD8844,1
Llama,zsRE,AlphaEdit,NAS,canonical,200,Llama|zsRE|AlphaEdit|NAS|canonical|200,mean_abs_norm_deviation,locality,fixed1000,1000,prompt_last,0.0249622968861507,74.48127322257312,locality_mean_abs_norm_deviation,#4477AA,1
Llama,zsRE,AlphaEdit,NAS,canonical,200,Llama|zsRE|AlphaEdit|NAS|canonical|200,mean_abs_norm_deviation,rewrite,fixed1000,1000,subject_last,0.16136387448887904,74.48127322257312,rewrite_mean_abs_norm_deviation,#DD8844,1
Llama,zsRE,AlphaEdit,NAS,canonical,250,Llama|zsRE|AlphaEdit|NAS|canonical|250,mean_q,locality,fixed1000,1000,prompt_last,0.310262329875184,73.32812760756696,locality_mean_q,#4477AA,1
Llama,zsRE,AlphaEdit,NAS,canonical,250,Llama|zsRE|AlphaEdit|NAS|canonical|250,mean_q,rewrite,fixed1000,1000,subject_last,0.7118186794898856,73.32812760756696,rewrite_mean_q,#DD8844,1
Llama,zsRE,AlphaEdit,NAS,canonical,250,Llama|zsRE|AlphaEdit|NAS|canonical|250,mean_kappa,locality,fixed1000,1000,prompt_last,1.025581216618695,73.32812760756696,locality_mean_kappa,#4477AA,1
Llama,zsRE,AlphaEdit,NAS,canonical,250,Llama|zsRE|AlphaEdit|NAS|canonical|250,mean_kappa,rewrite,fixed1000,1000,subject_last,1.1773018777037814,73.32812760756696,rewrite_mean_kappa,#DD8844,1
Llama,zsRE,AlphaEdit,NAS,canonical,250,Llama|zsRE|AlphaEdit|NAS|canonical|250,mean_abs_norm_deviation,locality,fixed1000,1000,prompt_last,0.02903560148035,73.32812760756696,locality_mean_abs_norm_deviation,#4477AA,1
Llama,zsRE,AlphaEdit,NAS,canonical,250,Llama|zsRE|AlphaEdit|NAS|canonical|250,mean_abs_norm_deviation,rewrite,fixed1000,1000,subject_last,0.17731537895580282,73.32812760756696,rewrite_mean_abs_norm_deviation,#DD8844,1
Llama,zsRE,AlphaEdit,NAS,canonical,300,Llama|zsRE|AlphaEdit|NAS|canonical|300,mean_q,locality,fixed1000,1000,prompt_last,0.327387905189865,71.69239073062204,locality_mean_q,#4477AA,1
Llama,zsRE,AlphaEdit,NAS,canonical,300,Llama|zsRE|AlphaEdit|NAS|canonical|300,mean_q,rewrite,fixed1000,1000,subject_last,0.7387217226702769,71.69239073062204,rewrite_mean_q,#DD8844,1
Llama,zsRE,AlphaEdit,NAS,canonical,300,Llama|zsRE|AlphaEdit|NAS|canonical|300,mean_kappa,locality,fixed1000,1000,prompt_last,1.0300368587741184,71.69239073062204,locality_mean_kappa,#4477AA,1
Llama,zsRE,AlphaEdit,NAS,canonical,300,Llama|zsRE|AlphaEdit|NAS|canonical|300,mean_kappa,rewrite,fixed1000,1000,subject_last,1.189126841517313,71.69239073062204,rewrite_mean_kappa,#DD8844,1
Llama,zsRE,AlphaEdit,NAS,canonical,300,Llama|zsRE|AlphaEdit|NAS|canonical|300,mean_abs_norm_deviation,locality,fixed1000,1000,prompt_last,0.0327352968611383,71.69239073062204,locality_mean_abs_norm_deviation,#4477AA,1
Llama,zsRE,AlphaEdit,NAS,canonical,300,Llama|zsRE|AlphaEdit|NAS|canonical|300,mean_abs_norm_deviation,rewrite,fixed1000,1000,subject_last,0.18912684151731313,71.69239073062204,rewrite_mean_abs_norm_deviation,#DD8844,1
Llama,zsRE,AlphaEdit,NAS,canonical,500,Llama|zsRE|AlphaEdit|NAS|canonical|500,mean_q,locality,fixed1000,1000,prompt_last,0.3639864365038895,69.5382797572509,locality_mean_q,#4477AA,1
Llama,zsRE,AlphaEdit,NAS,canonical,500,Llama|zsRE|AlphaEdit|NAS|canonical|500,mean_q,rewrite,fixed1000,1000,subject_last,0.8155225375834537,69.5382797572509,rewrite_mean_q,#DD8844,1
Llama,zsRE,AlphaEdit,NAS,canonical,500,Llama|zsRE|AlphaEdit|NAS|canonical|500,mean_kappa,locality,fixed1000,1000,prompt_last,1.0391770393563151,69.5382797572509,locality_mean_kappa,#4477AA,1
Llama,zsRE,AlphaEdit,NAS,canonical,500,Llama|zsRE|AlphaEdit|NAS|canonical|500,mean_kappa,rewrite,fixed1000,1000,subject_last,1.220578357360179,69.5382797572509,rewrite_mean_kappa,#DD8844,1
Llama,zsRE,AlphaEdit,NAS,canonical,500,Llama|zsRE|AlphaEdit|NAS|canonical|500,mean_abs_norm_deviation,locality,fixed1000,1000,prompt_last,0.040903509131346,69.5382797572509,locality_mean_abs_norm_deviation,#4477AA,1
Llama,zsRE,AlphaEdit,NAS,canonical,500,Llama|zsRE|AlphaEdit|NAS|canonical|500,mean_abs_norm_deviation,rewrite,fixed1000,1000,subject_last,0.22057835736017886,69.5382797572509,rewrite_mean_abs_norm_deviation,#DD8844,1
Llama,zsRE,AlphaEdit,NAS,canonical,750,Llama|zsRE|AlphaEdit|NAS|canonical|750,mean_q,locality,fixed1000,1000,prompt_last,0.3969294929450676,67.72396333128322,locality_mean_q,#4477AA,1
Llama,zsRE,AlphaEdit,NAS,canonical,750,Llama|zsRE|AlphaEdit|NAS|canonical|750,mean_q,rewrite,fixed1000,1000,subject_last,0.8865141815623869,67.72396333128322,rewrite_mean_q,#DD8844,1
Llama,zsRE,AlphaEdit,NAS,canonical,750,Llama|zsRE|AlphaEdit|NAS|canonical|750,mean_kappa,locality,fixed1000,1000,prompt_last,1.0464710584191708,67.72396333128322,locality_mean_kappa,#4477AA,1
Llama,zsRE,AlphaEdit,NAS,canonical,750,Llama|zsRE|AlphaEdit|NAS|canonical|750,mean_kappa,rewrite,fixed1000,1000,subject_last,1.2485655484911014,67.72396333128322,rewrite_mean_kappa,#DD8844,1
Llama,zsRE,AlphaEdit,NAS,canonical,750,Llama|zsRE|AlphaEdit|NAS|canonical|750,mean_abs_norm_deviation,locality,fixed1000,1000,prompt_last,0.0474882847806172,67.72396333128322,locality_mean_abs_norm_deviation,#4477AA,1
Llama,zsRE,AlphaEdit,NAS,canonical,750,Llama|zsRE|AlphaEdit|NAS|canonical|750,mean_abs_norm_deviation,rewrite,fixed1000,1000,subject_last,0.24856554849110132,67.72396333128322,rewrite_mean_abs_norm_deviation,#DD8844,1
Llama,zsRE,AlphaEdit,NAS,canonical,1000,Llama|zsRE|AlphaEdit|NAS|canonical|1000,mean_q,locality,fixed1000,1000,prompt_last,0.4293099553972743,66.19763838846072,locality_mean_q,#4477AA,1
Llama,zsRE,AlphaEdit,NAS,canonical,1000,Llama|zsRE|AlphaEdit|NAS|canonical|1000,mean_q,rewrite,fixed1000,1000,subject_last,0.942914829821631,66.19763838846072,rewrite_mean_q,#DD8844,1
Llama,zsRE,AlphaEdit,NAS,canonical,1000,Llama|zsRE|AlphaEdit|NAS|canonical|1000,mean_kappa,locality,fixed1000,1000,prompt_last,1.0555497378426997,66.19763838846072,locality_mean_kappa,#4477AA,1
Llama,zsRE,AlphaEdit,NAS,canonical,1000,Llama|zsRE|AlphaEdit|NAS|canonical|1000,mean_kappa,rewrite,fixed1000,1000,subject_last,1.2671622923629215,66.19763838846072,rewrite_mean_kappa,#DD8844,1
Llama,zsRE,AlphaEdit,NAS,canonical,1000,Llama|zsRE|AlphaEdit|NAS|canonical|1000,mean_abs_norm_deviation,locality,fixed1000,1000,prompt_last,0.0561317167132373,66.19763838846072,locality_mean_abs_norm_deviation,#4477AA,1
Llama,zsRE,AlphaEdit,NAS,canonical,1000,Llama|zsRE|AlphaEdit|NAS|canonical|1000,mean_abs_norm_deviation,rewrite,fixed1000,1000,subject_last,0.26716229236292144,66.19763838846072,rewrite_mean_abs_norm_deviation,#DD8844,1
Llama,zsRE,AlphaEdit,Native,canonical,50,Llama|zsRE|AlphaEdit|Native|canonical|50,mean_q,locality,fixed1000,1000,prompt_last,0.1941124595967147,88.00714599343328,locality_mean_q,#4477AA,1
Llama,zsRE,AlphaEdit,Native,canonical,50,Llama|zsRE|AlphaEdit|Native|canonical|50,mean_q,rewrite,fixed1000,1000,subject_last,0.4662609184047391,88.00714599343328,rewrite_mean_q,#DD8844,1
Llama,zsRE,AlphaEdit,Native,canonical,50,Llama|zsRE|AlphaEdit|Native|canonical|50,mean_kappa,locality,fixed1000,1000,prompt_last,1.0097921692944802,88.00714599343328,locality_mean_kappa,#4477AA,1
Llama,zsRE,AlphaEdit,Native,canonical,50,Llama|zsRE|AlphaEdit|Native|canonical|50,mean_kappa,rewrite,fixed1000,1000,subject_last,1.086029605267146,88.00714599343328,rewrite_mean_kappa,#DD8844,1
Llama,zsRE,AlphaEdit,Native,canonical,50,Llama|zsRE|AlphaEdit|Native|canonical|50,mean_abs_norm_deviation,locality,fixed1000,1000,prompt_last,0.0145261261941993,88.00714599343328,locality_mean_abs_norm_deviation,#4477AA,1
Llama,zsRE,AlphaEdit,Native,canonical,50,Llama|zsRE|AlphaEdit|Native|canonical|50,mean_abs_norm_deviation,rewrite,fixed1000,1000,subject_last,0.08634027995574299,88.00714599343328,rewrite_mean_abs_norm_deviation,#DD8844,1
Llama,zsRE,AlphaEdit,Native,canonical,100,Llama|zsRE|AlphaEdit|Native|canonical|100,mean_q,locality,fixed1000,1000,prompt_last,0.2752528885932728,76.7271898740631,locality_mean_q,#4477AA,1
Llama,zsRE,AlphaEdit,Native,canonical,100,Llama|zsRE|AlphaEdit|Native|canonical|100,mean_q,rewrite,fixed1000,1000,subject_last,0.6391572483121429,76.7271898740631,rewrite_mean_q,#DD8844,1
Llama,zsRE,AlphaEdit,Native,canonical,100,Llama|zsRE|AlphaEdit|Native|canonical|100,mean_kappa,locality,fixed1000,1000,prompt_last,1.027394266781714,76.7271898740631,locality_mean_kappa,#4477AA,1
Llama,zsRE,AlphaEdit,Native,canonical,100,Llama|zsRE|AlphaEdit|Native|canonical|100,mean_kappa,rewrite,fixed1000,1000,subject_last,1.1661592492561692,76.7271898740631,rewrite_mean_kappa,#DD8844,1
Llama,zsRE,AlphaEdit,Native,canonical,100,Llama|zsRE|AlphaEdit|Native|canonical|100,mean_abs_norm_deviation,locality,fixed1000,1000,prompt_last,0.0305760898032009,76.7271898740631,locality_mean_abs_norm_deviation,#4477AA,1
Llama,zsRE,AlphaEdit,Native,canonical,100,Llama|zsRE|AlphaEdit|Native|canonical|100,mean_abs_norm_deviation,rewrite,fixed1000,1000,subject_last,0.1661896072097345,76.7271898740631,rewrite_mean_abs_norm_deviation,#DD8844,1
Llama,zsRE,AlphaEdit,Native,canonical,150,Llama|zsRE|AlphaEdit|Native|canonical|150,mean_q,locality,fixed1000,1000,prompt_last,0.3168588474892354,71.56763282383633,locality_mean_q,#4477AA,1
Llama,zsRE,AlphaEdit,Native,canonical,150,Llama|zsRE|AlphaEdit|Native|canonical|150,mean_q,rewrite,fixed1000,1000,subject_last,0.7527712457363998,71.56763282383633,rewrite_mean_q,#DD8844,1
Llama,zsRE,AlphaEdit,Native,canonical,150,Llama|zsRE|AlphaEdit|Native|canonical|150,mean_kappa,locality,fixed1000,1000,prompt_last,1.04019772153771,71.56763282383633,locality_mean_kappa,#4477AA,1
Llama,zsRE,AlphaEdit,Native,canonical,150,Llama|zsRE|AlphaEdit|Native|canonical|150,mean_kappa,rewrite,fixed1000,1000,subject_last,1.2357770760724327,71.56763282383633,rewrite_mean_kappa,#DD8844,1
Llama,zsRE,AlphaEdit,Native,canonical,150,Llama|zsRE|AlphaEdit|Native|canonical|150,mean_abs_norm_deviation,locality,fixed1000,1000,prompt_last,0.0426711357043972,71.56763282383633,locality_mean_abs_norm_deviation,#4477AA,1
Llama,zsRE,AlphaEdit,Native,canonical,150,Llama|zsRE|AlphaEdit|Native|canonical|150,mean_abs_norm_deviation,rewrite,fixed1000,1000,subject_last,0.2357833188459778,71.56763282383633,rewrite_mean_abs_norm_deviation,#DD8844,1
Llama,zsRE,AlphaEdit,Native,canonical,200,Llama|zsRE|AlphaEdit|Native|canonical|200,mean_q,locality,fixed1000,1000,prompt_last,0.3486657236427876,69.36762994467006,locality_mean_q,#4477AA,1
Llama,zsRE,AlphaEdit,Native,canonical,200,Llama|zsRE|AlphaEdit|Native|canonical|200,mean_q,rewrite,fixed1000,1000,subject_last,0.8353202281892994,69.36762994467006,rewrite_mean_q,#DD8844,1
Llama,zsRE,AlphaEdit,Native,canonical,200,Llama|zsRE|AlphaEdit|Native|canonical|200,mean_kappa,locality,fixed1000,1000,prompt_last,1.0546418148459078,69.36762994467006,locality_mean_kappa,#4477AA,1
Llama,zsRE,AlphaEdit,Native,canonical,200,Llama|zsRE|AlphaEdit|Native|canonical|200,mean_kappa,rewrite,fixed1000,1000,subject_last,1.2937152837710406,69.36762994467006,rewrite_mean_kappa,#DD8844,1
Llama,zsRE,AlphaEdit,Native,canonical,200,Llama|zsRE|AlphaEdit|Native|canonical|200,mean_abs_norm_deviation,locality,fixed1000,1000,prompt_last,0.0561535131846753,69.36762994467006,locality_mean_abs_norm_deviation,#4477AA,1
Llama,zsRE,AlphaEdit,Native,canonical,200,Llama|zsRE|AlphaEdit|Native|canonical|200,mean_abs_norm_deviation,rewrite,fixed1000,1000,subject_last,0.2937152837710405,69.36762994467006,rewrite_mean_abs_norm_deviation,#DD8844,1
Llama,zsRE,AlphaEdit,Native,canonical,250,Llama|zsRE|AlphaEdit|Native|canonical|250,mean_q,locality,fixed1000,1000,prompt_last,0.3832824682699208,66.21620395118332,locality_mean_q,#4477AA,1
Llama,zsRE,AlphaEdit,Native,canonical,250,Llama|zsRE|AlphaEdit|Native|canonical|250,mean_q,rewrite,fixed1000,1000,subject_last,0.9147842001760634,66.21620395118332,rewrite_mean_q,#DD8844,1
Llama,zsRE,AlphaEdit,Native,canonical,250,Llama|zsRE|AlphaEdit|Native|canonical|250,mean_kappa,locality,fixed1000,1000,prompt_last,1.068088301676077,66.21620395118332,locality_mean_kappa,#4477AA,1
Llama,zsRE,AlphaEdit,Native,canonical,250,Llama|zsRE|AlphaEdit|Native|canonical|250,mean_kappa,rewrite,fixed1000,1000,subject_last,1.3515443174132455,66.21620395118332,rewrite_mean_kappa,#DD8844,1
Llama,zsRE,AlphaEdit,Native,canonical,250,Llama|zsRE|AlphaEdit|Native|canonical|250,mean_abs_norm_deviation,locality,fixed1000,1000,prompt_last,0.0692095172241774,66.21620395118332,locality_mean_abs_norm_deviation,#4477AA,1
Llama,zsRE,AlphaEdit,Native,canonical,250,Llama|zsRE|AlphaEdit|Native|canonical|250,mean_abs_norm_deviation,rewrite,fixed1000,1000,subject_last,0.3515443174132455,66.21620395118332,rewrite_mean_abs_norm_deviation,#DD8844,1
Llama,zsRE,AlphaEdit,Native,canonical,300,Llama|zsRE|AlphaEdit|Native|canonical|300,mean_q,locality,fixed1000,1000,prompt_last,0.4135411159044032,64.12116163327092,locality_mean_q,#4477AA,1
Llama,zsRE,AlphaEdit,Native,canonical,300,Llama|zsRE|AlphaEdit|Native|canonical|300,mean_q,rewrite,fixed1000,1000,subject_last,0.9787645668618254,64.12116163327092,rewrite_mean_q,#DD8844,1
Llama,zsRE,AlphaEdit,Native,canonical,300,Llama|zsRE|AlphaEdit|Native|canonical|300,mean_kappa,locality,fixed1000,1000,prompt_last,1.081635169278541,64.12116163327092,locality_mean_kappa,#4477AA,1
Llama,zsRE,AlphaEdit,Native,canonical,300,Llama|zsRE|AlphaEdit|Native|canonical|300,mean_kappa,rewrite,fixed1000,1000,subject_last,1.3990177821730867,64.12116163327092,rewrite_mean_kappa,#DD8844,1
Llama,zsRE,AlphaEdit,Native,canonical,300,Llama|zsRE|AlphaEdit|Native|canonical|300,mean_abs_norm_deviation,locality,fixed1000,1000,prompt_last,0.0823215360832578,64.12116163327092,locality_mean_abs_norm_deviation,#4477AA,1
Llama,zsRE,AlphaEdit,Native,canonical,300,Llama|zsRE|AlphaEdit|Native|canonical|300,mean_abs_norm_deviation,rewrite,fixed1000,1000,subject_last,0.3990177821730866,64.12116163327092,rewrite_mean_abs_norm_deviation,#DD8844,1
Llama,zsRE,AlphaEdit,Native,canonical,500,Llama|zsRE|AlphaEdit|Native|canonical|500,mean_q,locality,fixed1000,1000,prompt_last,0.5082940628229684,59.12214042419842,locality_mean_q,#4477AA,1
Llama,zsRE,AlphaEdit,Native,canonical,500,Llama|zsRE|AlphaEdit|Native|canonical|500,mean_q,rewrite,fixed1000,1000,subject_last,1.2092255584177418,59.12214042419842,rewrite_mean_q,#DD8844,1
Llama,zsRE,AlphaEdit,Native,canonical,500,Llama|zsRE|AlphaEdit|Native|canonical|500,mean_kappa,locality,fixed1000,1000,prompt_last,1.1408114625139112,59.12214042419842,locality_mean_kappa,#4477AA,1
Llama,zsRE,AlphaEdit,Native,canonical,500,Llama|zsRE|AlphaEdit|Native|canonical|500,mean_kappa,rewrite,fixed1000,1000,subject_last,1.586764515545461,59.12214042419842,rewrite_mean_kappa,#DD8844,1
Llama,zsRE,AlphaEdit,Native,canonical,500,Llama|zsRE|AlphaEdit|Native|canonical|500,mean_abs_norm_deviation,locality,fixed1000,1000,prompt_last,0.1409969091165933,59.12214042419842,locality_mean_abs_norm_deviation,#4477AA,1
Llama,zsRE,AlphaEdit,Native,canonical,500,Llama|zsRE|AlphaEdit|Native|canonical|500,mean_abs_norm_deviation,rewrite,fixed1000,1000,subject_last,0.5867645155454614,59.12214042419842,rewrite_mean_abs_norm_deviation,#DD8844,1
Llama,zsRE,AlphaEdit,Native,canonical,750,Llama|zsRE|AlphaEdit|Native|canonical|750,mean_q,locality,fixed1000,1000,prompt_last,0.620483700229007,50.8479423897702,locality_mean_q,#4477AA,1
Llama,zsRE,AlphaEdit,Native,canonical,750,Llama|zsRE|AlphaEdit|Native|canonical|750,mean_q,rewrite,fixed1000,1000,subject_last,1.4716186103624045,50.8479423897702,rewrite_mean_q,#DD8844,1
Llama,zsRE,AlphaEdit,Native,canonical,750,Llama|zsRE|AlphaEdit|Native|canonical|750,mean_kappa,locality,fixed1000,1000,prompt_last,1.212473215920734,50.8479423897702,locality_mean_kappa,#4477AA,1
Llama,zsRE,AlphaEdit,Native,canonical,750,Llama|zsRE|AlphaEdit|Native|canonical|750,mean_kappa,rewrite,fixed1000,1000,subject_last,1.8147054161216365,50.8479423897702,rewrite_mean_kappa,#DD8844,1
Llama,zsRE,AlphaEdit,Native,canonical,750,Llama|zsRE|AlphaEdit|Native|canonical|750,mean_abs_norm_deviation,locality,fixed1000,1000,prompt_last,0.2125494096066235,50.8479423897702,locality_mean_abs_norm_deviation,#4477AA,1
Llama,zsRE,AlphaEdit,Native,canonical,750,Llama|zsRE|AlphaEdit|Native|canonical|750,mean_abs_norm_deviation,rewrite,fixed1000,1000,subject_last,0.8147054161216365,50.8479423897702,rewrite_mean_abs_norm_deviation,#DD8844,1
Llama,zsRE,AlphaEdit,Native,canonical,1000,Llama|zsRE|AlphaEdit|Native|canonical|1000,mean_q,locality,fixed1000,1000,prompt_last,0.7585254152790506,43.60455964291252,locality_mean_q,#4477AA,1
Llama,zsRE,AlphaEdit,Native,canonical,1000,Llama|zsRE|AlphaEdit|Native|canonical|1000,mean_q,rewrite,fixed1000,1000,subject_last,1.7568428444833388,43.60455964291252,rewrite_mean_q,#DD8844,1
Llama,zsRE,AlphaEdit,Native,canonical,1000,Llama|zsRE|AlphaEdit|Native|canonical|1000,mean_kappa,locality,fixed1000,1000,prompt_last,1.308328803645135,43.60455964291252,locality_mean_kappa,#4477AA,1
Llama,zsRE,AlphaEdit,Native,canonical,1000,Llama|zsRE|AlphaEdit|Native|canonical|1000,mean_kappa,rewrite,fixed1000,1000,subject_last,2.0739404982369214,43.60455964291252,rewrite_mean_kappa,#DD8844,1
Llama,zsRE,AlphaEdit,Native,canonical,1000,Llama|zsRE|AlphaEdit|Native|canonical|1000,mean_abs_norm_deviation,locality,fixed1000,1000,prompt_last,0.3083362534290879,43.60455964291252,locality_mean_abs_norm_deviation,#4477AA,1
Llama,zsRE,AlphaEdit,Native,canonical,1000,Llama|zsRE|AlphaEdit|Native|canonical|1000,mean_abs_norm_deviation,rewrite,fixed1000,1000,subject_last,1.0739404982369216,43.60455964291252,rewrite_mean_abs_norm_deviation,#DD8844,1
Llama,zsRE,AlphaEdit,SADR,canonical,50,Llama|zsRE|AlphaEdit|SADR|canonical|50,mean_q,locality,fixed1000,1000,prompt_last,0.1719517219873849,90.34007192562468,locality_mean_q,#4477AA,1
Llama,zsRE,AlphaEdit,SADR,canonical,50,Llama|zsRE|AlphaEdit|SADR|canonical|50,mean_q,rewrite,fixed1000,1000,subject_last,0.44176021721704795,90.34007192562468,rewrite_mean_q,#DD8844,1
Llama,zsRE,AlphaEdit,SADR,canonical,50,Llama|zsRE|AlphaEdit|SADR|canonical|50,mean_kappa,locality,fixed1000,1000,prompt_last,1.010183324381028,90.34007192562468,locality_mean_kappa,#4477AA,1
Llama,zsRE,AlphaEdit,SADR,canonical,50,Llama|zsRE|AlphaEdit|SADR|canonical|50,mean_kappa,rewrite,fixed1000,1000,subject_last,1.0836741630738218,90.34007192562468,rewrite_mean_kappa,#DD8844,1
Llama,zsRE,AlphaEdit,SADR,canonical,50,Llama|zsRE|AlphaEdit|SADR|canonical|50,mean_abs_norm_deviation,locality,fixed1000,1000,prompt_last,0.0131425432469139,90.34007192562468,locality_mean_abs_norm_deviation,#4477AA,1
Llama,zsRE,AlphaEdit,SADR,canonical,50,Llama|zsRE|AlphaEdit|SADR|canonical|50,mean_abs_norm_deviation,rewrite,fixed1000,1000,subject_last,0.08379285302914871,90.34007192562468,rewrite_mean_abs_norm_deviation,#DD8844,1
Llama,zsRE,AlphaEdit,SADR,canonical,100,Llama|zsRE|AlphaEdit|SADR|canonical|100,mean_q,locality,fixed1000,1000,prompt_last,0.2608709337506718,79.8472330845319,locality_mean_q,#4477AA,1
Llama,zsRE,AlphaEdit,SADR,canonical,100,Llama|zsRE|AlphaEdit|SADR|canonical|100,mean_q,rewrite,fixed1000,1000,subject_last,0.630715221054903,79.8472330845319,rewrite_mean_q,#DD8844,1
Llama,zsRE,AlphaEdit,SADR,canonical,100,Llama|zsRE|AlphaEdit|SADR|canonical|100,mean_kappa,locality,fixed1000,1000,prompt_last,1.0302380900984185,79.8472330845319,locality_mean_kappa,#4477AA,1
Llama,zsRE,AlphaEdit,SADR,canonical,100,Llama|zsRE|AlphaEdit|SADR|canonical|100,mean_kappa,rewrite,fixed1000,1000,subject_last,1.1686572376852495,79.8472330845319,rewrite_mean_kappa,#DD8844,1
Llama,zsRE,AlphaEdit,SADR,canonical,100,Llama|zsRE|AlphaEdit|SADR|canonical|100,mean_abs_norm_deviation,locality,fixed1000,1000,prompt_last,0.0315921560595909,79.8472330845319,locality_mean_abs_norm_deviation,#4477AA,1
Llama,zsRE,AlphaEdit,SADR,canonical,100,Llama|zsRE|AlphaEdit|SADR|canonical|100,mean_abs_norm_deviation,rewrite,fixed1000,1000,subject_last,0.16865723768524948,79.8472330845319,rewrite_mean_abs_norm_deviation,#DD8844,1
Llama,zsRE,AlphaEdit,SADR,canonical,150,Llama|zsRE|AlphaEdit|SADR|canonical|150,mean_q,locality,fixed1000,1000,prompt_last,0.3043217767333975,75.09760849929211,locality_mean_q,#4477AA,1
Llama,zsRE,AlphaEdit,SADR,canonical,150,Llama|zsRE|AlphaEdit|SADR|canonical|150,mean_q,rewrite,fixed1000,1000,subject_last,0.7625778010596819,75.09760849929211,rewrite_mean_q,#DD8844,1
Llama,zsRE,AlphaEdit,SADR,canonical,150,Llama|zsRE|AlphaEdit|SADR|canonical|150,mean_kappa,locality,fixed1000,1000,prompt_last,1.0464908867677358,75.09760849929211,locality_mean_kappa,#4477AA,1
Llama,zsRE,AlphaEdit,SADR,canonical,150,Llama|zsRE|AlphaEdit|SADR|canonical|150,mean_kappa,rewrite,fixed1000,1000,subject_last,1.2550118686066785,75.09760849929211,rewrite_mean_kappa,#DD8844,1
Llama,zsRE,AlphaEdit,SADR,canonical,150,Llama|zsRE|AlphaEdit|SADR|canonical|150,mean_abs_norm_deviation,locality,fixed1000,1000,prompt_last,0.0473098788767088,75.09760849929211,locality_mean_abs_norm_deviation,#4477AA,1
Llama,zsRE,AlphaEdit,SADR,canonical,150,Llama|zsRE|AlphaEdit|SADR|canonical|150,mean_abs_norm_deviation,rewrite,fixed1000,1000,subject_last,0.25501186860667835,75.09760849929211,rewrite_mean_abs_norm_deviation,#DD8844,1
Llama,zsRE,AlphaEdit,SADR,canonical,200,Llama|zsRE|AlphaEdit|SADR|canonical|200,mean_q,locality,fixed1000,1000,prompt_last,0.3409079721471673,72.98151006928306,locality_mean_q,#4477AA,1
Llama,zsRE,AlphaEdit,SADR,canonical,200,Llama|zsRE|AlphaEdit|SADR|canonical|200,mean_q,rewrite,fixed1000,1000,subject_last,0.8606547756637107,72.98151006928306,rewrite_mean_q,#DD8844,1
Llama,zsRE,AlphaEdit,SADR,canonical,200,Llama|zsRE|AlphaEdit|SADR|canonical|200,mean_kappa,locality,fixed1000,1000,prompt_last,1.065407653508958,72.98151006928306,locality_mean_kappa,#4477AA,1
Llama,zsRE,AlphaEdit,SADR,canonical,200,Llama|zsRE|AlphaEdit|SADR|canonical|200,mean_kappa,rewrite,fixed1000,1000,subject_last,1.3279353789808908,72.98151006928306,rewrite_mean_kappa,#DD8844,1
Llama,zsRE,AlphaEdit,SADR,canonical,200,Llama|zsRE|AlphaEdit|SADR|canonical|200,mean_abs_norm_deviation,locality,fixed1000,1000,prompt_last,0.0657702104055921,72.98151006928306,locality_mean_abs_norm_deviation,#4477AA,1
Llama,zsRE,AlphaEdit,SADR,canonical,200,Llama|zsRE|AlphaEdit|SADR|canonical|200,mean_abs_norm_deviation,rewrite,fixed1000,1000,subject_last,0.32793537898089087,72.98151006928306,rewrite_mean_abs_norm_deviation,#DD8844,1
Llama,zsRE,AlphaEdit,SADR,canonical,250,Llama|zsRE|AlphaEdit|SADR|canonical|250,mean_q,locality,fixed1000,1000,prompt_last,0.3761415866437494,69.50492437711148,locality_mean_q,#4477AA,1
Llama,zsRE,AlphaEdit,SADR,canonical,250,Llama|zsRE|AlphaEdit|SADR|canonical|250,mean_q,rewrite,fixed1000,1000,subject_last,0.9584717027454381,69.50492437711148,rewrite_mean_q,#DD8844,1
Llama,zsRE,AlphaEdit,SADR,canonical,250,Llama|zsRE|AlphaEdit|SADR|canonical|250,mean_kappa,locality,fixed1000,1000,prompt_last,1.0830207136656256,69.50492437711148,locality_mean_kappa,#4477AA,1
Llama,zsRE,AlphaEdit,SADR,canonical,250,Llama|zsRE|AlphaEdit|SADR|canonical|250,mean_kappa,rewrite,fixed1000,1000,subject_last,1.402572013154968,69.50492437711148,rewrite_mean_kappa,#DD8844,1
Llama,zsRE,AlphaEdit,SADR,canonical,250,Llama|zsRE|AlphaEdit|SADR|canonical|250,mean_abs_norm_deviation,locality,fixed1000,1000,prompt_last,0.0831087037903811,69.50492437711148,locality_mean_abs_norm_deviation,#4477AA,1
Llama,zsRE,AlphaEdit,SADR,canonical,250,Llama|zsRE|AlphaEdit|SADR|canonical|250,mean_abs_norm_deviation,rewrite,fixed1000,1000,subject_last,0.40257201315496777,69.50492437711148,rewrite_mean_abs_norm_deviation,#DD8844,1
Llama,zsRE,AlphaEdit,SADR,canonical,300,Llama|zsRE|AlphaEdit|SADR|canonical|300,mean_q,locality,fixed1000,1000,prompt_last,0.4076192215489058,66.55876713914446,locality_mean_q,#4477AA,1
Llama,zsRE,AlphaEdit,SADR,canonical,300,Llama|zsRE|AlphaEdit|SADR|canonical|300,mean_q,rewrite,fixed1000,1000,subject_last,1.03135368174637,66.55876713914446,rewrite_mean_q,#DD8844,1
Llama,zsRE,AlphaEdit,SADR,canonical,300,Llama|zsRE|AlphaEdit|SADR|canonical|300,mean_kappa,locality,fixed1000,1000,prompt_last,1.0989242964597374,66.55876713914446,locality_mean_kappa,#4477AA,1
Llama,zsRE,AlphaEdit,SADR,canonical,300,Llama|zsRE|AlphaEdit|SADR|canonical|300,mean_kappa,rewrite,fixed1000,1000,subject_last,1.4568139541032146,66.55876713914446,rewrite_mean_kappa,#DD8844,1
Llama,zsRE,AlphaEdit,SADR,canonical,300,Llama|zsRE|AlphaEdit|SADR|canonical|300,mean_abs_norm_deviation,locality,fixed1000,1000,prompt_last,0.0989625092541166,66.55876713914446,locality_mean_abs_norm_deviation,#4477AA,1
Llama,zsRE,AlphaEdit,SADR,canonical,300,Llama|zsRE|AlphaEdit|SADR|canonical|300,mean_abs_norm_deviation,rewrite,fixed1000,1000,subject_last,0.4568139541032148,66.55876713914446,rewrite_mean_abs_norm_deviation,#DD8844,1
Llama,zsRE,AlphaEdit,SADR,canonical,500,Llama|zsRE|AlphaEdit|SADR|canonical|500,mean_q,locality,fixed1000,1000,prompt_last,0.5191063766631134,60.05562646431753,locality_mean_q,#4477AA,1
Llama,zsRE,AlphaEdit,SADR,canonical,500,Llama|zsRE|AlphaEdit|SADR|canonical|500,mean_q,rewrite,fixed1000,1000,subject_last,1.3166565696360049,60.05562646431753,rewrite_mean_q,#DD8844,1
Llama,zsRE,AlphaEdit,SADR,canonical,500,Llama|zsRE|AlphaEdit|SADR|canonical|500,mean_kappa,locality,fixed1000,1000,prompt_last,1.1692742183920883,60.05562646431753,locality_mean_kappa,#4477AA,1
Llama,zsRE,AlphaEdit,SADR,canonical,500,Llama|zsRE|AlphaEdit|SADR|canonical|500,mean_kappa,rewrite,fixed1000,1000,subject_last,1.6928547780124499,60.05562646431753,rewrite_mean_kappa,#DD8844,1
Llama,zsRE,AlphaEdit,SADR,canonical,500,Llama|zsRE|AlphaEdit|SADR|canonical|500,mean_abs_norm_deviation,locality,fixed1000,1000,prompt_last,0.1692803439968107,60.05562646431753,locality_mean_abs_norm_deviation,#4477AA,1
Llama,zsRE,AlphaEdit,SADR,canonical,500,Llama|zsRE|AlphaEdit|SADR|canonical|500,mean_abs_norm_deviation,rewrite,fixed1000,1000,subject_last,0.69285477801245,60.05562646431753,rewrite_mean_abs_norm_deviation,#DD8844,1
Llama,zsRE,AlphaEdit,SADR,canonical,750,Llama|zsRE|AlphaEdit|SADR|canonical|750,mean_q,locality,fixed1000,1000,prompt_last,0.6582363386398435,53.81975504236326,locality_mean_q,#4477AA,1
Llama,zsRE,AlphaEdit,SADR,canonical,750,Llama|zsRE|AlphaEdit|SADR|canonical|750,mean_q,rewrite,fixed1000,1000,subject_last,1.6513590468876593,53.81975504236326,rewrite_mean_q,#DD8844,1
Llama,zsRE,AlphaEdit,SADR,canonical,750,Llama|zsRE|AlphaEdit|SADR|canonical|750,mean_kappa,locality,fixed1000,1000,prompt_last,1.2632856132030803,53.81975504236326,locality_mean_kappa,#4477AA,1
Llama,zsRE,AlphaEdit,SADR,canonical,750,Llama|zsRE|AlphaEdit|SADR|canonical|750,mean_kappa,rewrite,fixed1000,1000,subject_last,1.9924033088849042,53.81975504236326,rewrite_mean_kappa,#DD8844,1
Llama,zsRE,AlphaEdit,SADR,canonical,750,Llama|zsRE|AlphaEdit|SADR|canonical|750,mean_abs_norm_deviation,locality,fixed1000,1000,prompt_last,0.2632856132030805,53.81975504236326,locality_mean_abs_norm_deviation,#4477AA,1
Llama,zsRE,AlphaEdit,SADR,canonical,750,Llama|zsRE|AlphaEdit|SADR|canonical|750,mean_abs_norm_deviation,rewrite,fixed1000,1000,subject_last,0.9924033088849044,53.81975504236326,rewrite_mean_abs_norm_deviation,#DD8844,1
Llama,zsRE,AlphaEdit,SADR,canonical,1000,Llama|zsRE|AlphaEdit|SADR|canonical|1000,mean_q,locality,fixed1000,1000,prompt_last,0.8164889353891812,48.12336063724642,locality_mean_q,#4477AA,1
Llama,zsRE,AlphaEdit,SADR,canonical,1000,Llama|zsRE|AlphaEdit|SADR|canonical|1000,mean_q,rewrite,fixed1000,1000,subject_last,2.024120199187192,48.12336063724642,rewrite_mean_q,#DD8844,1
Llama,zsRE,AlphaEdit,SADR,canonical,1000,Llama|zsRE|AlphaEdit|SADR|canonical|1000,mean_kappa,locality,fixed1000,1000,prompt_last,1.3857294917807137,48.12336063724642,locality_mean_kappa,#4477AA,1
Llama,zsRE,AlphaEdit,SADR,canonical,1000,Llama|zsRE|AlphaEdit|SADR|canonical|1000,mean_kappa,rewrite,fixed1000,1000,subject_last,2.3421779562579905,48.12336063724642,rewrite_mean_kappa,#DD8844,1
Llama,zsRE,AlphaEdit,SADR,canonical,1000,Llama|zsRE|AlphaEdit|SADR|canonical|1000,mean_abs_norm_deviation,locality,fixed1000,1000,prompt_last,0.3857294917807135,48.12336063724642,locality_mean_abs_norm_deviation,#4477AA,1
Llama,zsRE,AlphaEdit,SADR,canonical,1000,Llama|zsRE|AlphaEdit|SADR|canonical|1000,mean_abs_norm_deviation,rewrite,fixed1000,1000,subject_last,1.3421779562579905,48.12336063724642,rewrite_mean_abs_norm_deviation,#DD8844,1
Llama,zsRE,AlphaEdit,SADR,o0_seed20260905,50,Llama|zsRE|AlphaEdit|SADR|o0_seed20260905|50,mean_q,locality,fixed1000,1000,prompt_last,0.1642085477632786,91.55630512888229,locality_mean_q,#4477AA,1
Llama,zsRE,AlphaEdit,SADR,o0_seed20260905,50,Llama|zsRE|AlphaEdit|SADR|o0_seed20260905|50,mean_q,rewrite,fixed1000,1000,subject_last,0.4432088134429992,91.55630512888229,rewrite_mean_q,#DD8844,1
Llama,zsRE,AlphaEdit,SADR,o0_seed20260905,50,Llama|zsRE|AlphaEdit|SADR|o0_seed20260905|50,mean_kappa,locality,fixed1000,1000,prompt_last,1.0119190986859514,91.55630512888229,locality_mean_kappa,#4477AA,1
Llama,zsRE,AlphaEdit,SADR,o0_seed20260905,50,Llama|zsRE|AlphaEdit|SADR|o0_seed20260905|50,mean_kappa,rewrite,fixed1000,1000,subject_last,1.0860359362869871,91.55630512888229,rewrite_mean_kappa,#DD8844,1
Llama,zsRE,AlphaEdit,SADR,o0_seed20260905,50,Llama|zsRE|AlphaEdit|SADR|o0_seed20260905|50,mean_abs_norm_deviation,locality,fixed1000,1000,prompt_last,0.0134868230172992,91.55630512888229,locality_mean_abs_norm_deviation,#4477AA,1
Llama,zsRE,AlphaEdit,SADR,o0_seed20260905,50,Llama|zsRE|AlphaEdit|SADR|o0_seed20260905|50,mean_abs_norm_deviation,rewrite,fixed1000,1000,subject_last,0.08611543492604498,91.55630512888229,rewrite_mean_abs_norm_deviation,#DD8844,1
Llama,zsRE,AlphaEdit,SADR,o0_seed20260905,100,Llama|zsRE|AlphaEdit|SADR|o0_seed20260905|100,mean_q,locality,fixed1000,1000,prompt_last,0.2572107825555422,82.00052401001481,locality_mean_q,#4477AA,1
Llama,zsRE,AlphaEdit,SADR,o0_seed20260905,100,Llama|zsRE|AlphaEdit|SADR|o0_seed20260905|100,mean_q,rewrite,fixed1000,1000,subject_last,0.6467235933578429,82.00052401001481,rewrite_mean_q,#DD8844,1
Llama,zsRE,AlphaEdit,SADR,o0_seed20260905,100,Llama|zsRE|AlphaEdit|SADR|o0_seed20260905|100,mean_kappa,locality,fixed1000,1000,prompt_last,1.0317070317308594,82.00052401001481,locality_mean_kappa,#4477AA,1
Llama,zsRE,AlphaEdit,SADR,o0_seed20260905,100,Llama|zsRE|AlphaEdit|SADR|o0_seed20260905|100,mean_kappa,rewrite,fixed1000,1000,subject_last,1.1794529138264798,82.00052401001481,rewrite_mean_kappa,#DD8844,1
Llama,zsRE,AlphaEdit,SADR,o0_seed20260905,100,Llama|zsRE|AlphaEdit|SADR|o0_seed20260905|100,mean_abs_norm_deviation,locality,fixed1000,1000,prompt_last,0.0333021948176889,82.00052401001481,locality_mean_abs_norm_deviation,#4477AA,1
Llama,zsRE,AlphaEdit,SADR,o0_seed20260905,100,Llama|zsRE|AlphaEdit|SADR|o0_seed20260905|100,mean_abs_norm_deviation,rewrite,fixed1000,1000,subject_last,0.1794529138264799,82.00052401001481,rewrite_mean_abs_norm_deviation,#DD8844,1
Llama,zsRE,AlphaEdit,SADR,o0_seed20260905,150,Llama|zsRE|AlphaEdit|SADR|o0_seed20260905|150,mean_q,locality,fixed1000,1000,prompt_last,0.3066687354472335,76.37721651579096,locality_mean_q,#4477AA,1
Llama,zsRE,AlphaEdit,SADR,o0_seed20260905,150,Llama|zsRE|AlphaEdit|SADR|o0_seed20260905|150,mean_q,rewrite,fixed1000,1000,subject_last,0.7701091379737722,76.37721651579096,rewrite_mean_q,#DD8844,1
Llama,zsRE,AlphaEdit,SADR,o0_seed20260905,150,Llama|zsRE|AlphaEdit|SADR|o0_seed20260905|150,mean_kappa,locality,fixed1000,1000,prompt_last,1.050517646524751,76.37721651579096,locality_mean_kappa,#4477AA,1
Llama,zsRE,AlphaEdit,SADR,o0_seed20260905,150,Llama|zsRE|AlphaEdit|SADR|o0_seed20260905|150,mean_kappa,rewrite,fixed1000,1000,subject_last,1.2576635728014116,76.37721651579096,rewrite_mean_kappa,#DD8844,1
Llama,zsRE,AlphaEdit,SADR,o0_seed20260905,150,Llama|zsRE|AlphaEdit|SADR|o0_seed20260905|150,mean_abs_norm_deviation,locality,fixed1000,1000,prompt_last,0.0511713727062561,76.37721651579096,locality_mean_abs_norm_deviation,#4477AA,1
Llama,zsRE,AlphaEdit,SADR,o0_seed20260905,150,Llama|zsRE|AlphaEdit|SADR|o0_seed20260905|150,mean_abs_norm_deviation,rewrite,fixed1000,1000,subject_last,0.25766357280141167,76.37721651579096,rewrite_mean_abs_norm_deviation,#DD8844,1
Llama,zsRE,AlphaEdit,SADR,o0_seed20260905,200,Llama|zsRE|AlphaEdit|SADR|o0_seed20260905|200,mean_q,locality,fixed1000,1000,prompt_last,0.342811072678943,71.16242534592432,locality_mean_q,#4477AA,1
Llama,zsRE,AlphaEdit,SADR,o0_seed20260905,200,Llama|zsRE|AlphaEdit|SADR|o0_seed20260905|200,mean_q,rewrite,fixed1000,1000,subject_last,0.868618435126871,71.16242534592432,rewrite_mean_q,#DD8844,1
Llama,zsRE,AlphaEdit,SADR,o0_seed20260905,200,Llama|zsRE|AlphaEdit|SADR|o0_seed20260905|200,mean_kappa,locality,fixed1000,1000,prompt_last,1.0649496384287682,71.16242534592432,locality_mean_kappa,#4477AA,1
Llama,zsRE,AlphaEdit,SADR,o0_seed20260905,200,Llama|zsRE|AlphaEdit|SADR|o0_seed20260905|200,mean_kappa,rewrite,fixed1000,1000,subject_last,1.3218145168790436,71.16242534592432,rewrite_mean_kappa,#DD8844,1
Llama,zsRE,AlphaEdit,SADR,o0_seed20260905,200,Llama|zsRE|AlphaEdit|SADR|o0_seed20260905|200,mean_abs_norm_deviation,locality,fixed1000,1000,prompt_last,0.0654129806625956,71.16242534592432,locality_mean_abs_norm_deviation,#4477AA,1
Llama,zsRE,AlphaEdit,SADR,o0_seed20260905,200,Llama|zsRE|AlphaEdit|SADR|o0_seed20260905|200,mean_abs_norm_deviation,rewrite,fixed1000,1000,subject_last,0.32181451687904356,71.16242534592432,rewrite_mean_abs_norm_deviation,#DD8844,1
Llama,zsRE,AlphaEdit,SADR,o0_seed20260905,250,Llama|zsRE|AlphaEdit|SADR|o0_seed20260905|250,mean_q,locality,fixed1000,1000,prompt_last,0.3831716075279014,68.06530276656959,locality_mean_q,#4477AA,1
Llama,zsRE,AlphaEdit,SADR,o0_seed20260905,250,Llama|zsRE|AlphaEdit|SADR|o0_seed20260905|250,mean_q,rewrite,fixed1000,1000,subject_last,0.95188832466814,68.06530276656959,rewrite_mean_q,#DD8844,1
Llama,zsRE,AlphaEdit,SADR,o0_seed20260905,250,Llama|zsRE|AlphaEdit|SADR|o0_seed20260905|250,mean_kappa,locality,fixed1000,1000,prompt_last,1.085804528025009,68.06530276656959,locality_mean_kappa,#4477AA,1
Llama,zsRE,AlphaEdit,SADR,o0_seed20260905,250,Llama|zsRE|AlphaEdit|SADR|o0_seed20260905|250,mean_kappa,rewrite,fixed1000,1000,subject_last,1.383042014831884,68.06530276656959,rewrite_mean_kappa,#DD8844,1
Llama,zsRE,AlphaEdit,SADR,o0_seed20260905,250,Llama|zsRE|AlphaEdit|SADR|o0_seed20260905|250,mean_abs_norm_deviation,locality,fixed1000,1000,prompt_last,0.0860080035646825,68.06530276656959,locality_mean_abs_norm_deviation,#4477AA,1
Llama,zsRE,AlphaEdit,SADR,o0_seed20260905,250,Llama|zsRE|AlphaEdit|SADR|o0_seed20260905|250,mean_abs_norm_deviation,rewrite,fixed1000,1000,subject_last,0.38304201483188394,68.06530276656959,rewrite_mean_abs_norm_deviation,#DD8844,1
Llama,zsRE,AlphaEdit,SADR,o0_seed20260905,300,Llama|zsRE|AlphaEdit|SADR|o0_seed20260905|300,mean_q,locality,fixed1000,1000,prompt_last,0.4199591535879426,64.64521405757596,locality_mean_q,#4477AA,1
Llama,zsRE,AlphaEdit,SADR,o0_seed20260905,300,Llama|zsRE|AlphaEdit|SADR|o0_seed20260905|300,mean_q,rewrite,fixed1000,1000,subject_last,1.0372797914864016,64.64521405757596,rewrite_mean_q,#DD8844,1
Llama,zsRE,AlphaEdit,SADR,o0_seed20260905,300,Llama|zsRE|AlphaEdit|SADR|o0_seed20260905|300,mean_kappa,locality,fixed1000,1000,prompt_last,1.1034750481029147,64.64521405757596,locality_mean_kappa,#4477AA,1
Llama,zsRE,AlphaEdit,SADR,o0_seed20260905,300,Llama|zsRE|AlphaEdit|SADR|o0_seed20260905|300,mean_kappa,rewrite,fixed1000,1000,subject_last,1.4491875529932545,64.64521405757596,rewrite_mean_kappa,#DD8844,1
Llama,zsRE,AlphaEdit,SADR,o0_seed20260905,300,Llama|zsRE|AlphaEdit|SADR|o0_seed20260905|300,mean_abs_norm_deviation,locality,fixed1000,1000,prompt_last,0.1035552307121965,64.64521405757596,locality_mean_abs_norm_deviation,#4477AA,1
Llama,zsRE,AlphaEdit,SADR,o0_seed20260905,300,Llama|zsRE|AlphaEdit|SADR|o0_seed20260905|300,mean_abs_norm_deviation,rewrite,fixed1000,1000,subject_last,0.44918755299325447,64.64521405757596,rewrite_mean_abs_norm_deviation,#DD8844,1
Llama,zsRE,AlphaEdit,SADR,o0_seed20260905,500,Llama|zsRE|AlphaEdit|SADR|o0_seed20260905|500,mean_q,locality,fixed1000,1000,prompt_last,0.5236607757918454,60.2931556169505,locality_mean_q,#4477AA,1
Llama,zsRE,AlphaEdit,SADR,o0_seed20260905,500,Llama|zsRE|AlphaEdit|SADR|o0_seed20260905|500,mean_q,rewrite,fixed1000,1000,subject_last,1.2981314522915008,60.2931556169505,rewrite_mean_q,#DD8844,1
Llama,zsRE,AlphaEdit,SADR,o0_seed20260905,500,Llama|zsRE|AlphaEdit|SADR|o0_seed20260905|500,mean_kappa,locality,fixed1000,1000,prompt_last,1.1671846588557484,60.2931556169505,locality_mean_kappa,#4477AA,1
Llama,zsRE,AlphaEdit,SADR,o0_seed20260905,500,Llama|zsRE|AlphaEdit|SADR|o0_seed20260905|500,mean_kappa,rewrite,fixed1000,1000,subject_last,1.665198031526491,60.2931556169505,rewrite_mean_kappa,#DD8844,1
Llama,zsRE,AlphaEdit,SADR,o0_seed20260905,500,Llama|zsRE|AlphaEdit|SADR|o0_seed20260905|500,mean_abs_norm_deviation,locality,fixed1000,1000,prompt_last,0.167185374371796,60.2931556169505,locality_mean_abs_norm_deviation,#4477AA,1
Llama,zsRE,AlphaEdit,SADR,o0_seed20260905,500,Llama|zsRE|AlphaEdit|SADR|o0_seed20260905|500,mean_abs_norm_deviation,rewrite,fixed1000,1000,subject_last,0.665198031526491,60.2931556169505,rewrite_mean_abs_norm_deviation,#DD8844,1
Llama,zsRE,AlphaEdit,SADR,o0_seed20260905,750,Llama|zsRE|AlphaEdit|SADR|o0_seed20260905|750,mean_q,locality,fixed1000,1000,prompt_last,0.6819191097831047,51.33873958252676,locality_mean_q,#4477AA,1
Llama,zsRE,AlphaEdit,SADR,o0_seed20260905,750,Llama|zsRE|AlphaEdit|SADR|o0_seed20260905|750,mean_q,rewrite,fixed1000,1000,subject_last,1.6074432981820284,51.33873958252676,rewrite_mean_q,#DD8844,1
Llama,zsRE,AlphaEdit,SADR,o0_seed20260905,750,Llama|zsRE|AlphaEdit|SADR|o0_seed20260905|750,mean_kappa,locality,fixed1000,1000,prompt_last,1.2779422665105162,51.33873958252676,locality_mean_kappa,#4477AA,1
Llama,zsRE,AlphaEdit,SADR,o0_seed20260905,750,Llama|zsRE|AlphaEdit|SADR|o0_seed20260905|750,mean_kappa,rewrite,fixed1000,1000,subject_last,1.9422285352506456,51.33873958252676,rewrite_mean_kappa,#DD8844,1
Llama,zsRE,AlphaEdit,SADR,o0_seed20260905,750,Llama|zsRE|AlphaEdit|SADR|o0_seed20260905|750,mean_abs_norm_deviation,locality,fixed1000,1000,prompt_last,0.2779422665105163,51.33873958252676,locality_mean_abs_norm_deviation,#4477AA,1
Llama,zsRE,AlphaEdit,SADR,o0_seed20260905,750,Llama|zsRE|AlphaEdit|SADR|o0_seed20260905|750,mean_abs_norm_deviation,rewrite,fixed1000,1000,subject_last,0.9422285352506455,51.33873958252676,rewrite_mean_abs_norm_deviation,#DD8844,1
Llama,zsRE,AlphaEdit,SADR,o0_seed20260905,1000,Llama|zsRE|AlphaEdit|SADR|o0_seed20260905|1000,mean_q,locality,fixed1000,1000,prompt_last,0.8671013759520124,45.09374491141499,locality_mean_q,#4477AA,1
Llama,zsRE,AlphaEdit,SADR,o0_seed20260905,1000,Llama|zsRE|AlphaEdit|SADR|o0_seed20260905|1000,mean_q,rewrite,fixed1000,1000,subject_last,1.9633030250513623,45.09374491141499,rewrite_mean_q,#DD8844,1
Llama,zsRE,AlphaEdit,SADR,o0_seed20260905,1000,Llama|zsRE|AlphaEdit|SADR|o0_seed20260905|1000,mean_kappa,locality,fixed1000,1000,prompt_last,1.4199488297525291,45.09374491141499,locality_mean_kappa,#4477AA,1
Llama,zsRE,AlphaEdit,SADR,o0_seed20260905,1000,Llama|zsRE|AlphaEdit|SADR|o0_seed20260905|1000,mean_kappa,rewrite,fixed1000,1000,subject_last,2.275050400025308,45.09374491141499,rewrite_mean_kappa,#DD8844,1
Llama,zsRE,AlphaEdit,SADR,o0_seed20260905,1000,Llama|zsRE|AlphaEdit|SADR|o0_seed20260905|1000,mean_abs_norm_deviation,locality,fixed1000,1000,prompt_last,0.419948829752529,45.09374491141499,locality_mean_abs_norm_deviation,#4477AA,1
Llama,zsRE,AlphaEdit,SADR,o0_seed20260905,1000,Llama|zsRE|AlphaEdit|SADR|o0_seed20260905|1000,mean_abs_norm_deviation,rewrite,fixed1000,1000,subject_last,1.2750504000253078,45.09374491141499,rewrite_mean_abs_norm_deviation,#DD8844,1
Llama,zsRE,AlphaEdit,SPHERE,canonical,50,Llama|zsRE|AlphaEdit|SPHERE|canonical|50,mean_q,locality,fixed1000,1000,prompt_last,0.1846069787552961,89.02050229463111,locality_mean_q,#4477AA,1
Llama,zsRE,AlphaEdit,SPHERE,canonical,50,Llama|zsRE|AlphaEdit|SPHERE|canonical|50,mean_q,rewrite,fixed1000,1000,subject_last,0.45407839609238504,89.02050229463111,rewrite_mean_q,#DD8844,1
Llama,zsRE,AlphaEdit,SPHERE,canonical,50,Llama|zsRE|AlphaEdit|SPHERE|canonical|50,mean_kappa,locality,fixed1000,1000,prompt_last,1.0084046439540548,89.02050229463111,locality_mean_kappa,#4477AA,1
Llama,zsRE,AlphaEdit,SPHERE,canonical,50,Llama|zsRE|AlphaEdit|SPHERE|canonical|50,mean_kappa,rewrite,fixed1000,1000,subject_last,1.0820462615905238,89.02050229463111,rewrite_mean_kappa,#DD8844,1
Llama,zsRE,AlphaEdit,SPHERE,canonical,50,Llama|zsRE|AlphaEdit|SPHERE|canonical|50,mean_abs_norm_deviation,locality,fixed1000,1000,prompt_last,0.013076363292074157,89.02050229463111,locality_mean_abs_norm_deviation,#4477AA,1
Llama,zsRE,AlphaEdit,SPHERE,canonical,50,Llama|zsRE|AlphaEdit|SPHERE|canonical|50,mean_abs_norm_deviation,rewrite,fixed1000,1000,subject_last,0.08235666550982737,89.02050229463111,rewrite_mean_abs_norm_deviation,#DD8844,1
Llama,zsRE,AlphaEdit,SPHERE,canonical,100,Llama|zsRE|AlphaEdit|SPHERE|canonical|100,mean_q,locality,fixed1000,1000,prompt_last,0.2630473722536833,78.08449233222107,locality_mean_q,#4477AA,1
Llama,zsRE,AlphaEdit,SPHERE,canonical,100,Llama|zsRE|AlphaEdit|SPHERE|canonical|100,mean_q,rewrite,fixed1000,1000,subject_last,0.6152236370116766,78.08449233222107,rewrite_mean_q,#DD8844,1
Llama,zsRE,AlphaEdit,SPHERE,canonical,100,Llama|zsRE|AlphaEdit|SPHERE|canonical|100,mean_kappa,locality,fixed1000,1000,prompt_last,1.02265351058228,78.08449233222107,locality_mean_kappa,#4477AA,1
Llama,zsRE,AlphaEdit,SPHERE,canonical,100,Llama|zsRE|AlphaEdit|SPHERE|canonical|100,mean_kappa,rewrite,fixed1000,1000,subject_last,1.1504963547119826,78.08449233222107,rewrite_mean_kappa,#DD8844,1
Llama,zsRE,AlphaEdit,SPHERE,canonical,100,Llama|zsRE|AlphaEdit|SPHERE|canonical|100,mean_abs_norm_deviation,locality,fixed1000,1000,prompt_last,0.026229793515741416,78.08449233222107,locality_mean_abs_norm_deviation,#4477AA,1
Llama,zsRE,AlphaEdit,SPHERE,canonical,100,Llama|zsRE|AlphaEdit|SPHERE|canonical|100,mean_abs_norm_deviation,rewrite,fixed1000,1000,subject_last,0.15052583881681272,78.08449233222107,rewrite_mean_abs_norm_deviation,#DD8844,1
Llama,zsRE,AlphaEdit,SPHERE,canonical,150,Llama|zsRE|AlphaEdit|SPHERE|canonical|150,mean_q,locality,fixed1000,1000,prompt_last,0.3042758885105487,73.15294945631405,locality_mean_q,#4477AA,1
Llama,zsRE,AlphaEdit,SPHERE,canonical,150,Llama|zsRE|AlphaEdit|SPHERE|canonical|150,mean_q,rewrite,fixed1000,1000,subject_last,0.7243749850152965,73.15294945631405,rewrite_mean_q,#DD8844,1
Llama,zsRE,AlphaEdit,SPHERE,canonical,150,Llama|zsRE|AlphaEdit|SPHERE|canonical|150,mean_kappa,locality,fixed1000,1000,prompt_last,1.0335935821638542,73.15294945631405,locality_mean_kappa,#4477AA,1
Llama,zsRE,AlphaEdit,SPHERE,canonical,150,Llama|zsRE|AlphaEdit|SPHERE|canonical|150,mean_kappa,rewrite,fixed1000,1000,subject_last,1.2117191403664707,73.15294945631405,rewrite_mean_kappa,#DD8844,1
Llama,zsRE,AlphaEdit,SPHERE,canonical,150,Llama|zsRE|AlphaEdit|SPHERE|canonical|150,mean_abs_norm_deviation,locality,fixed1000,1000,prompt_last,0.03642280655902886,73.15294945631405,locality_mean_abs_norm_deviation,#4477AA,1
Llama,zsRE,AlphaEdit,SPHERE,canonical,150,Llama|zsRE|AlphaEdit|SPHERE|canonical|150,mean_abs_norm_deviation,rewrite,fixed1000,1000,subject_last,0.2117277047750803,73.15294945631405,rewrite_mean_abs_norm_deviation,#DD8844,1
Llama,zsRE,AlphaEdit,SPHERE,canonical,200,Llama|zsRE|AlphaEdit|SPHERE|canonical|200,mean_q,locality,fixed1000,1000,prompt_last,0.334594257764679,70.85439978549925,locality_mean_q,#4477AA,1
Llama,zsRE,AlphaEdit,SPHERE,canonical,200,Llama|zsRE|AlphaEdit|SPHERE|canonical|200,mean_q,rewrite,fixed1000,1000,subject_last,0.8026883218974014,70.85439978549925,rewrite_mean_q,#DD8844,1
Llama,zsRE,AlphaEdit,SPHERE,canonical,200,Llama|zsRE|AlphaEdit|SPHERE|canonical|200,mean_kappa,locality,fixed1000,1000,prompt_last,1.0461666477744989,70.85439978549925,locality_mean_kappa,#4477AA,1
Llama,zsRE,AlphaEdit,SPHERE,canonical,200,Llama|zsRE|AlphaEdit|SPHERE|canonical|200,mean_kappa,rewrite,fixed1000,1000,subject_last,1.2636943343114786,70.85439978549925,rewrite_mean_kappa,#DD8844,1
Llama,zsRE,AlphaEdit,SPHERE,canonical,200,Llama|zsRE|AlphaEdit|SPHERE|canonical|200,mean_abs_norm_deviation,locality,fixed1000,1000,prompt_last,0.04813842852900276,70.85439978549925,locality_mean_abs_norm_deviation,#4477AA,1
Llama,zsRE,AlphaEdit,SPHERE,canonical,200,Llama|zsRE|AlphaEdit|SPHERE|canonical|200,mean_abs_norm_deviation,rewrite,fixed1000,1000,subject_last,0.2636943343114785,70.85439978549925,rewrite_mean_abs_norm_deviation,#DD8844,1
Llama,zsRE,AlphaEdit,SPHERE,canonical,250,Llama|zsRE|AlphaEdit|SPHERE|canonical|250,mean_q,locality,fixed1000,1000,prompt_last,0.3611203552211767,67.06800012002142,locality_mean_q,#4477AA,1
Llama,zsRE,AlphaEdit,SPHERE,canonical,250,Llama|zsRE|AlphaEdit|SPHERE|canonical|250,mean_q,rewrite,fixed1000,1000,subject_last,0.8678197592578273,67.06800012002142,rewrite_mean_q,#DD8844,1
Llama,zsRE,AlphaEdit,SPHERE,canonical,250,Llama|zsRE|AlphaEdit|SPHERE|canonical|250,mean_kappa,locality,fixed1000,1000,prompt_last,1.0578317009485696,67.06800012002142,locality_mean_kappa,#4477AA,1
Llama,zsRE,AlphaEdit,SPHERE,canonical,250,Llama|zsRE|AlphaEdit|SPHERE|canonical|250,mean_kappa,rewrite,fixed1000,1000,subject_last,1.3101955483733878,67.06800012002142,rewrite_mean_kappa,#DD8844,1
Llama,zsRE,AlphaEdit,SPHERE,canonical,250,Llama|zsRE|AlphaEdit|SPHERE|canonical|250,mean_abs_norm_deviation,locality,fixed1000,1000,prompt_last,0.05885093215125882,67.06800012002142,locality_mean_abs_norm_deviation,#4477AA,1
Llama,zsRE,AlphaEdit,SPHERE,canonical,250,Llama|zsRE|AlphaEdit|SPHERE|canonical|250,mean_abs_norm_deviation,rewrite,fixed1000,1000,subject_last,0.31019554837338764,67.06800012002142,rewrite_mean_abs_norm_deviation,#DD8844,1
Llama,zsRE,AlphaEdit,SPHERE,canonical,300,Llama|zsRE|AlphaEdit|SPHERE|canonical|300,mean_q,locality,fixed1000,1000,prompt_last,0.3862604903607602,65.11074841907364,locality_mean_q,#4477AA,1
Llama,zsRE,AlphaEdit,SPHERE,canonical,300,Llama|zsRE|AlphaEdit|SPHERE|canonical|300,mean_q,rewrite,fixed1000,1000,subject_last,0.9208608584288271,65.11074841907364,rewrite_mean_q,#DD8844,1
Llama,zsRE,AlphaEdit,SPHERE,canonical,300,Llama|zsRE|AlphaEdit|SPHERE|canonical|300,mean_kappa,locality,fixed1000,1000,prompt_last,1.0679454059083806,65.11074841907364,locality_mean_kappa,#4477AA,1
Llama,zsRE,AlphaEdit,SPHERE,canonical,300,Llama|zsRE|AlphaEdit|SPHERE|canonical|300,mean_kappa,rewrite,fixed1000,1000,subject_last,1.3472246474885055,65.11074841907364,rewrite_mean_kappa,#DD8844,1
Llama,zsRE,AlphaEdit,SPHERE,canonical,300,Llama|zsRE|AlphaEdit|SPHERE|canonical|300,mean_abs_norm_deviation,locality,fixed1000,1000,prompt_last,0.0686180072166712,65.11074841907364,locality_mean_abs_norm_deviation,#4477AA,1
Llama,zsRE,AlphaEdit,SPHERE,canonical,300,Llama|zsRE|AlphaEdit|SPHERE|canonical|300,mean_abs_norm_deviation,rewrite,fixed1000,1000,subject_last,0.34722464748850546,65.11074841907364,rewrite_mean_abs_norm_deviation,#DD8844,1
Llama,zsRE,AlphaEdit,SPHERE,canonical,500,Llama|zsRE|AlphaEdit|SPHERE|canonical|500,mean_q,locality,fixed1000,1000,prompt_last,0.46555249592901693,59.20347234189725,locality_mean_q,#4477AA,1
Llama,zsRE,AlphaEdit,SPHERE,canonical,500,Llama|zsRE|AlphaEdit|SPHERE|canonical|500,mean_q,rewrite,fixed1000,1000,subject_last,1.1103582540925563,59.20347234189725,rewrite_mean_q,#DD8844,1
Llama,zsRE,AlphaEdit,SPHERE,canonical,500,Llama|zsRE|AlphaEdit|SPHERE|canonical|500,mean_kappa,locality,fixed1000,1000,prompt_last,1.1070397319843455,59.20347234189725,locality_mean_kappa,#4477AA,1
Llama,zsRE,AlphaEdit,SPHERE,canonical,500,Llama|zsRE|AlphaEdit|SPHERE|canonical|500,mean_kappa,rewrite,fixed1000,1000,subject_last,1.4899752474505812,59.20347234189725,rewrite_mean_kappa,#DD8844,1
Llama,zsRE,AlphaEdit,SPHERE,canonical,500,Llama|zsRE|AlphaEdit|SPHERE|canonical|500,mean_abs_norm_deviation,locality,fixed1000,1000,prompt_last,0.10735847063576097,59.20347234189725,locality_mean_abs_norm_deviation,#4477AA,1
Llama,zsRE,AlphaEdit,SPHERE,canonical,500,Llama|zsRE|AlphaEdit|SPHERE|canonical|500,mean_abs_norm_deviation,rewrite,fixed1000,1000,subject_last,0.4899752474505815,59.20347234189725,rewrite_mean_abs_norm_deviation,#DD8844,1
Llama,zsRE,AlphaEdit,SPHERE,canonical,750,Llama|zsRE|AlphaEdit|SPHERE|canonical|750,mean_q,locality,fixed1000,1000,prompt_last,0.5454452752090303,52.74472996132449,locality_mean_q,#4477AA,1
Llama,zsRE,AlphaEdit,SPHERE,canonical,750,Llama|zsRE|AlphaEdit|SPHERE|canonical|750,mean_q,rewrite,fixed1000,1000,subject_last,1.2949424448315732,52.74472996132449,rewrite_mean_q,#DD8844,1
Llama,zsRE,AlphaEdit,SPHERE,canonical,750,Llama|zsRE|AlphaEdit|SPHERE|canonical|750,mean_kappa,locality,fixed1000,1000,prompt_last,1.149704257638179,52.74472996132449,locality_mean_kappa,#4477AA,1
Llama,zsRE,AlphaEdit,SPHERE,canonical,750,Llama|zsRE|AlphaEdit|SPHERE|canonical|750,mean_kappa,rewrite,fixed1000,1000,subject_last,1.6387953582775423,52.74472996132449,rewrite_mean_kappa,#DD8844,1
Llama,zsRE,AlphaEdit,SPHERE,canonical,750,Llama|zsRE|AlphaEdit|SPHERE|canonical|750,mean_abs_norm_deviation,locality,fixed1000,1000,prompt_last,0.14983482903836098,52.74472996132449,locality_mean_abs_norm_deviation,#4477AA,1
Llama,zsRE,AlphaEdit,SPHERE,canonical,750,Llama|zsRE|AlphaEdit|SPHERE|canonical|750,mean_abs_norm_deviation,rewrite,fixed1000,1000,subject_last,0.6387953582775424,52.74472996132449,rewrite_mean_abs_norm_deviation,#DD8844,1
Llama,zsRE,AlphaEdit,SPHERE,canonical,1000,Llama|zsRE|AlphaEdit|SPHERE|canonical|1000,mean_q,locality,fixed1000,1000,prompt_last,0.6227608916610539,47.57371262047124,locality_mean_q,#4477AA,1
Llama,zsRE,AlphaEdit,SPHERE,canonical,1000,Llama|zsRE|AlphaEdit|SPHERE|canonical|1000,mean_q,rewrite,fixed1000,1000,subject_last,1.4482483452620303,47.57371262047124,rewrite_mean_q,#DD8844,1
Llama,zsRE,AlphaEdit,SPHERE,canonical,1000,Llama|zsRE|AlphaEdit|SPHERE|canonical|1000,mean_kappa,locality,fixed1000,1000,prompt_last,1.1964985032714213,47.57371262047124,locality_mean_kappa,#4477AA,1
Llama,zsRE,AlphaEdit,SPHERE,canonical,1000,Llama|zsRE|AlphaEdit|SPHERE|canonical|1000,mean_kappa,rewrite,fixed1000,1000,subject_last,1.7658477397170382,47.57371262047124,rewrite_mean_kappa,#DD8844,1
Llama,zsRE,AlphaEdit,SPHERE,canonical,1000,Llama|zsRE|AlphaEdit|SPHERE|canonical|1000,mean_abs_norm_deviation,locality,fixed1000,1000,prompt_last,0.19657248947139494,47.57371262047124,locality_mean_abs_norm_deviation,#4477AA,1
Llama,zsRE,AlphaEdit,SPHERE,canonical,1000,Llama|zsRE|AlphaEdit|SPHERE|canonical|1000,mean_abs_norm_deviation,rewrite,fixed1000,1000,subject_last,0.7658477397170382,47.57371262047124,rewrite_mean_abs_norm_deviation,#DD8844,1
Llama,zsRE,AlphaEdit,SPHERE,o0_seed20260905,50,Llama|zsRE|AlphaEdit|SPHERE|o0_seed20260905|50,mean_q,locality,fixed1000,1000,prompt_last,0.17562502787444847,89.66856622926397,locality_mean_q,#4477AA,1
Llama,zsRE,AlphaEdit,SPHERE,o0_seed20260905,50,Llama|zsRE|AlphaEdit|SPHERE|o0_seed20260905|50,mean_q,rewrite,fixed1000,1000,subject_last,0.45700962212831286,89.66856622926397,rewrite_mean_q,#DD8844,1
Llama,zsRE,AlphaEdit,SPHERE,o0_seed20260905,50,Llama|zsRE|AlphaEdit|SPHERE|o0_seed20260905|50,mean_kappa,locality,fixed1000,1000,prompt_last,1.0045645510015424,89.66856622926397,locality_mean_kappa,#4477AA,1
Llama,zsRE,AlphaEdit,SPHERE,o0_seed20260905,50,Llama|zsRE|AlphaEdit|SPHERE|o0_seed20260905|50,mean_kappa,rewrite,fixed1000,1000,subject_last,1.0783939465220655,89.66856622926397,rewrite_mean_kappa,#DD8844,1
Llama,zsRE,AlphaEdit,SPHERE,o0_seed20260905,50,Llama|zsRE|AlphaEdit|SPHERE|o0_seed20260905|50,mean_abs_norm_deviation,locality,fixed1000,1000,prompt_last,0.011303837953271901,89.66856622926397,locality_mean_abs_norm_deviation,#4477AA,1
Llama,zsRE,AlphaEdit,SPHERE,o0_seed20260905,50,Llama|zsRE|AlphaEdit|SPHERE|o0_seed20260905|50,mean_abs_norm_deviation,rewrite,fixed1000,1000,subject_last,0.07863892560650837,89.66856622926397,rewrite_mean_abs_norm_deviation,#DD8844,1
Llama,zsRE,AlphaEdit,SPHERE,o0_seed20260905,100,Llama|zsRE|AlphaEdit|SPHERE|o0_seed20260905|100,mean_q,locality,fixed1000,1000,prompt_last,0.26089519569274117,79.61156940092536,locality_mean_q,#4477AA,1
Llama,zsRE,AlphaEdit,SPHERE,o0_seed20260905,100,Llama|zsRE|AlphaEdit|SPHERE|o0_seed20260905|100,mean_q,rewrite,fixed1000,1000,subject_last,0.6341380502713871,79.61156940092536,rewrite_mean_q,#DD8844,1
Llama,zsRE,AlphaEdit,SPHERE,o0_seed20260905,100,Llama|zsRE|AlphaEdit|SPHERE|o0_seed20260905|100,mean_kappa,locality,fixed1000,1000,prompt_last,1.0226111651315781,79.61156940092536,locality_mean_kappa,#4477AA,1
Llama,zsRE,AlphaEdit,SPHERE,o0_seed20260905,100,Llama|zsRE|AlphaEdit|SPHERE|o0_seed20260905|100,mean_kappa,rewrite,fixed1000,1000,subject_last,1.1583958278628288,79.61156940092536,rewrite_mean_kappa,#DD8844,1
Llama,zsRE,AlphaEdit,SPHERE,o0_seed20260905,100,Llama|zsRE|AlphaEdit|SPHERE|o0_seed20260905|100,mean_abs_norm_deviation,locality,fixed1000,1000,prompt_last,0.027666342924849742,79.61156940092536,locality_mean_abs_norm_deviation,#4477AA,1
Llama,zsRE,AlphaEdit,SPHERE,o0_seed20260905,100,Llama|zsRE|AlphaEdit|SPHERE|o0_seed20260905|100,mean_abs_norm_deviation,rewrite,fixed1000,1000,subject_last,0.1584464191339152,79.61156940092536,rewrite_mean_abs_norm_deviation,#DD8844,1
Llama,zsRE,AlphaEdit,SPHERE,o0_seed20260905,150,Llama|zsRE|AlphaEdit|SPHERE|o0_seed20260905|150,mean_q,locality,fixed1000,1000,prompt_last,0.3063882275532364,74.52526049182667,locality_mean_q,#4477AA,1
Llama,zsRE,AlphaEdit,SPHERE,o0_seed20260905,150,Llama|zsRE|AlphaEdit|SPHERE|o0_seed20260905|150,mean_q,rewrite,fixed1000,1000,subject_last,0.7368090794411589,74.52526049182667,rewrite_mean_q,#DD8844,1
Llama,zsRE,AlphaEdit,SPHERE,o0_seed20260905,150,Llama|zsRE|AlphaEdit|SPHERE|o0_seed20260905|150,mean_kappa,locality,fixed1000,1000,prompt_last,1.0390376060117408,74.52526049182667,locality_mean_kappa,#4477AA,1
Llama,zsRE,AlphaEdit,SPHERE,o0_seed20260905,150,Llama|zsRE|AlphaEdit|SPHERE|o0_seed20260905|150,mean_kappa,rewrite,fixed1000,1000,subject_last,1.2209121607274371,74.52526049182667,rewrite_mean_kappa,#DD8844,1
Llama,zsRE,AlphaEdit,SPHERE,o0_seed20260905,150,Llama|zsRE|AlphaEdit|SPHERE|o0_seed20260905|150,mean_abs_norm_deviation,locality,fixed1000,1000,prompt_last,0.04177347242176552,74.52526049182667,locality_mean_abs_norm_deviation,#4477AA,1
Llama,zsRE,AlphaEdit,SPHERE,o0_seed20260905,150,Llama|zsRE|AlphaEdit|SPHERE|o0_seed20260905|150,mean_abs_norm_deviation,rewrite,fixed1000,1000,subject_last,0.22091216072743708,74.52526049182667,rewrite_mean_abs_norm_deviation,#DD8844,1
Llama,zsRE,AlphaEdit,SPHERE,o0_seed20260905,200,Llama|zsRE|AlphaEdit|SPHERE|o0_seed20260905|200,mean_q,locality,fixed1000,1000,prompt_last,0.3387856966175851,68.32842612951102,locality_mean_q,#4477AA,1
Llama,zsRE,AlphaEdit,SPHERE,o0_seed20260905,200,Llama|zsRE|AlphaEdit|SPHERE|o0_seed20260905|200,mean_q,rewrite,fixed1000,1000,subject_last,0.8170335568627326,68.32842612951102,rewrite_mean_q,#DD8844,1
Llama,zsRE,AlphaEdit,SPHERE,o0_seed20260905,200,Llama|zsRE|AlphaEdit|SPHERE|o0_seed20260905|200,mean_kappa,locality,fixed1000,1000,prompt_last,1.0495414474346052,68.32842612951102,locality_mean_kappa,#4477AA,1
Llama,zsRE,AlphaEdit,SPHERE,o0_seed20260905,200,Llama|zsRE|AlphaEdit|SPHERE|o0_seed20260905|200,mean_kappa,rewrite,fixed1000,1000,subject_last,1.2710220870149511,68.32842612951102,rewrite_mean_kappa,#DD8844,1
Llama,zsRE,AlphaEdit,SPHERE,o0_seed20260905,200,Llama|zsRE|AlphaEdit|SPHERE|o0_seed20260905|200,mean_abs_norm_deviation,locality,fixed1000,1000,prompt_last,0.05191589698986483,68.32842612951102,locality_mean_abs_norm_deviation,#4477AA,1
Llama,zsRE,AlphaEdit,SPHERE,o0_seed20260905,200,Llama|zsRE|AlphaEdit|SPHERE|o0_seed20260905|200,mean_abs_norm_deviation,rewrite,fixed1000,1000,subject_last,0.2710220870149508,68.32842612951102,rewrite_mean_abs_norm_deviation,#DD8844,1
Llama,zsRE,AlphaEdit,SPHERE,o0_seed20260905,250,Llama|zsRE|AlphaEdit|SPHERE|o0_seed20260905|250,mean_q,locality,fixed1000,1000,prompt_last,0.37112400414778635,66.547212175317,locality_mean_q,#4477AA,1
Llama,zsRE,AlphaEdit,SPHERE,o0_seed20260905,250,Llama|zsRE|AlphaEdit|SPHERE|o0_seed20260905|250,mean_q,rewrite,fixed1000,1000,subject_last,0.8822771869570347,66.547212175317,rewrite_mean_q,#DD8844,1
Llama,zsRE,AlphaEdit,SPHERE,o0_seed20260905,250,Llama|zsRE|AlphaEdit|SPHERE|o0_seed20260905|250,mean_kappa,locality,fixed1000,1000,prompt_last,1.066165362581392,66.547212175317,locality_mean_kappa,#4477AA,1
Llama,zsRE,AlphaEdit,SPHERE,o0_seed20260905,250,Llama|zsRE|AlphaEdit|SPHERE|o0_seed20260905|250,mean_kappa,rewrite,fixed1000,1000,subject_last,1.316343883309333,66.547212175317,rewrite_mean_kappa,#DD8844,1
Llama,zsRE,AlphaEdit,SPHERE,o0_seed20260905,250,Llama|zsRE|AlphaEdit|SPHERE|o0_seed20260905|250,mean_abs_norm_deviation,locality,fixed1000,1000,prompt_last,0.06756914551172259,66.547212175317,locality_mean_abs_norm_deviation,#4477AA,1
Llama,zsRE,AlphaEdit,SPHERE,o0_seed20260905,250,Llama|zsRE|AlphaEdit|SPHERE|o0_seed20260905|250,mean_abs_norm_deviation,rewrite,fixed1000,1000,subject_last,0.316343883309333,66.547212175317,rewrite_mean_abs_norm_deviation,#DD8844,1
Llama,zsRE,AlphaEdit,SPHERE,o0_seed20260905,300,Llama|zsRE|AlphaEdit|SPHERE|o0_seed20260905|300,mean_q,locality,fixed1000,1000,prompt_last,0.4013618409371718,63.87979739066416,locality_mean_q,#4477AA,1
Llama,zsRE,AlphaEdit,SPHERE,o0_seed20260905,300,Llama|zsRE|AlphaEdit|SPHERE|o0_seed20260905|300,mean_q,rewrite,fixed1000,1000,subject_last,0.9430292610568011,63.87979739066416,rewrite_mean_q,#DD8844,1
Llama,zsRE,AlphaEdit,SPHERE,o0_seed20260905,300,Llama|zsRE|AlphaEdit|SPHERE|o0_seed20260905|300,mean_kappa,locality,fixed1000,1000,prompt_last,1.0795202593341064,63.87979739066416,locality_mean_kappa,#4477AA,1
Llama,zsRE,AlphaEdit,SPHERE,o0_seed20260905,300,Llama|zsRE|AlphaEdit|SPHERE|o0_seed20260905|300,mean_kappa,rewrite,fixed1000,1000,subject_last,1.3591085938335314,63.87979739066416,rewrite_mean_kappa,#DD8844,1
Llama,zsRE,AlphaEdit,SPHERE,o0_seed20260905,300,Llama|zsRE|AlphaEdit|SPHERE|o0_seed20260905|300,mean_abs_norm_deviation,locality,fixed1000,1000,prompt_last,0.08010244836202327,63.87979739066416,locality_mean_abs_norm_deviation,#4477AA,1
Llama,zsRE,AlphaEdit,SPHERE,o0_seed20260905,300,Llama|zsRE|AlphaEdit|SPHERE|o0_seed20260905|300,mean_abs_norm_deviation,rewrite,fixed1000,1000,subject_last,0.3591085938335311,63.87979739066416,rewrite_mean_abs_norm_deviation,#DD8844,1
Llama,zsRE,AlphaEdit,SPHERE,o0_seed20260905,500,Llama|zsRE|AlphaEdit|SPHERE|o0_seed20260905|500,mean_q,locality,fixed1000,1000,prompt_last,0.4774917185320886,58.135711675769116,locality_mean_q,#4477AA,1
Llama,zsRE,AlphaEdit,SPHERE,o0_seed20260905,500,Llama|zsRE|AlphaEdit|SPHERE|o0_seed20260905|500,mean_q,rewrite,fixed1000,1000,subject_last,1.1165959019635847,58.135711675769116,rewrite_mean_q,#DD8844,1
Llama,zsRE,AlphaEdit,SPHERE,o0_seed20260905,500,Llama|zsRE|AlphaEdit|SPHERE|o0_seed20260905|500,mean_kappa,locality,fixed1000,1000,prompt_last,1.1180138496788201,58.135711675769116,locality_mean_kappa,#4477AA,1
Llama,zsRE,AlphaEdit,SPHERE,o0_seed20260905,500,Llama|zsRE|AlphaEdit|SPHERE|o0_seed20260905|500,mean_kappa,rewrite,fixed1000,1000,subject_last,1.493720367121461,58.135711675769116,rewrite_mean_kappa,#DD8844,1
Llama,zsRE,AlphaEdit,SPHERE,o0_seed20260905,500,Llama|zsRE|AlphaEdit|SPHERE|o0_seed20260905|500,mean_abs_norm_deviation,locality,fixed1000,1000,prompt_last,0.11815202389238827,58.135711675769116,locality_mean_abs_norm_deviation,#4477AA,1
Llama,zsRE,AlphaEdit,SPHERE,o0_seed20260905,500,Llama|zsRE|AlphaEdit|SPHERE|o0_seed20260905|500,mean_abs_norm_deviation,rewrite,fixed1000,1000,subject_last,0.49372036712146095,58.135711675769116,rewrite_mean_abs_norm_deviation,#DD8844,1
Llama,zsRE,AlphaEdit,SPHERE,o0_seed20260905,750,Llama|zsRE|AlphaEdit|SPHERE|o0_seed20260905|750,mean_q,locality,fixed1000,1000,prompt_last,0.5761897699218548,53.03367979657345,locality_mean_q,#4477AA,1
Llama,zsRE,AlphaEdit,SPHERE,o0_seed20260905,750,Llama|zsRE|AlphaEdit|SPHERE|o0_seed20260905|750,mean_q,rewrite,fixed1000,1000,subject_last,1.289401719254301,53.03367979657345,rewrite_mean_q,#DD8844,1
Llama,zsRE,AlphaEdit,SPHERE,o0_seed20260905,750,Llama|zsRE|AlphaEdit|SPHERE|o0_seed20260905|750,mean_kappa,locality,fixed1000,1000,prompt_last,1.1759930509018681,53.03367979657345,locality_mean_kappa,#4477AA,1
Llama,zsRE,AlphaEdit,SPHERE,o0_seed20260905,750,Llama|zsRE|AlphaEdit|SPHERE|o0_seed20260905|750,mean_kappa,rewrite,fixed1000,1000,subject_last,1.6332549080180183,53.03367979657345,rewrite_mean_kappa,#DD8844,1
Llama,zsRE,AlphaEdit,SPHERE,o0_seed20260905,750,Llama|zsRE|AlphaEdit|SPHERE|o0_seed20260905|750,mean_abs_norm_deviation,locality,fixed1000,1000,prompt_last,0.17603587072351334,53.03367979657345,locality_mean_abs_norm_deviation,#4477AA,1
Llama,zsRE,AlphaEdit,SPHERE,o0_seed20260905,750,Llama|zsRE|AlphaEdit|SPHERE|o0_seed20260905|750,mean_abs_norm_deviation,rewrite,fixed1000,1000,subject_last,0.6332549080180182,53.03367979657345,rewrite_mean_abs_norm_deviation,#DD8844,1
Llama,zsRE,AlphaEdit,SPHERE,o0_seed20260905,1000,Llama|zsRE|AlphaEdit|SPHERE|o0_seed20260905|1000,mean_q,locality,fixed1000,1000,prompt_last,0.6621674524939463,48.770386064983434,locality_mean_q,#4477AA,1
Llama,zsRE,AlphaEdit,SPHERE,o0_seed20260905,1000,Llama|zsRE|AlphaEdit|SPHERE|o0_seed20260905|1000,mean_q,rewrite,fixed1000,1000,subject_last,1.440924311782223,48.770386064983434,rewrite_mean_q,#DD8844,1
Llama,zsRE,AlphaEdit,SPHERE,o0_seed20260905,1000,Llama|zsRE|AlphaEdit|SPHERE|o0_seed20260905|1000,mean_kappa,locality,fixed1000,1000,prompt_last,1.2335168248144983,48.770386064983434,locality_mean_kappa,#4477AA,1
Llama,zsRE,AlphaEdit,SPHERE,o0_seed20260905,1000,Llama|zsRE|AlphaEdit|SPHERE|o0_seed20260905|1000,mean_kappa,rewrite,fixed1000,1000,subject_last,1.7594688739922226,48.770386064983434,rewrite_mean_kappa,#DD8844,1
Llama,zsRE,AlphaEdit,SPHERE,o0_seed20260905,1000,Llama|zsRE|AlphaEdit|SPHERE|o0_seed20260905|1000,mean_abs_norm_deviation,locality,fixed1000,1000,prompt_last,0.23353275826820039,48.770386064983434,locality_mean_abs_norm_deviation,#4477AA,1
Llama,zsRE,AlphaEdit,SPHERE,o0_seed20260905,1000,Llama|zsRE|AlphaEdit|SPHERE|o0_seed20260905|1000,mean_abs_norm_deviation,rewrite,fixed1000,1000,subject_last,0.7594688739922225,48.770386064983434,rewrite_mean_abs_norm_deviation,#DD8844,1
Llama,zsRE,MEMIT,ENCORE,canonical,50,Llama|zsRE|MEMIT|ENCORE|canonical|50,mean_q,locality,fixed1000,1000,prompt_last,0.086137672156346,95.00975930081144,locality_mean_q,#4477AA,1
Llama,zsRE,MEMIT,ENCORE,canonical,50,Llama|zsRE|MEMIT|ENCORE|canonical|50,mean_q,rewrite,fixed1000,1000,subject_last,0.21313580694835213,95.00975930081144,rewrite_mean_q,#DD8844,1
Llama,zsRE,MEMIT,ENCORE,canonical,50,Llama|zsRE|MEMIT|ENCORE|canonical|50,mean_kappa,locality,fixed1000,1000,prompt_last,0.9942739216662349,95.00975930081144,locality_mean_kappa,#4477AA,1
Llama,zsRE,MEMIT,ENCORE,canonical,50,Llama|zsRE|MEMIT|ENCORE|canonical|50,mean_kappa,rewrite,fixed1000,1000,subject_last,1.0038643839264632,95.00975930081144,rewrite_mean_kappa,#DD8844,1
Llama,zsRE,MEMIT,ENCORE,canonical,50,Llama|zsRE|MEMIT|ENCORE|canonical|50,mean_abs_norm_deviation,locality,fixed1000,1000,prompt_last,0.006578497970084,95.00975930081144,locality_mean_abs_norm_deviation,#4477AA,1
Llama,zsRE,MEMIT,ENCORE,canonical,50,Llama|zsRE|MEMIT|ENCORE|canonical|50,mean_abs_norm_deviation,rewrite,fixed1000,1000,subject_last,0.009259691093536243,95.00975930081144,rewrite_mean_abs_norm_deviation,#DD8844,1
Llama,zsRE,MEMIT,ENCORE,canonical,100,Llama|zsRE|MEMIT|ENCORE|canonical|100,mean_q,locality,fixed1000,1000,prompt_last,0.1524564536069644,90.54791639918848,locality_mean_q,#4477AA,1
Llama,zsRE,MEMIT,ENCORE,canonical,100,Llama|zsRE|MEMIT|ENCORE|canonical|100,mean_q,rewrite,fixed1000,1000,subject_last,0.3667494248890059,90.54791639918848,rewrite_mean_q,#DD8844,1
Llama,zsRE,MEMIT,ENCORE,canonical,100,Llama|zsRE|MEMIT|ENCORE|canonical|100,mean_kappa,locality,fixed1000,1000,prompt_last,0.9946726673226294,90.54791639918848,locality_mean_kappa,#4477AA,1
Llama,zsRE,MEMIT,ENCORE,canonical,100,Llama|zsRE|MEMIT|ENCORE|canonical|100,mean_kappa,rewrite,fixed1000,1000,subject_last,1.0302322399676578,90.54791639918848,rewrite_mean_kappa,#DD8844,1
Llama,zsRE,MEMIT,ENCORE,canonical,100,Llama|zsRE|MEMIT|ENCORE|canonical|100,mean_abs_norm_deviation,locality,fixed1000,1000,prompt_last,0.0098953483667584,90.54791639918848,locality_mean_abs_norm_deviation,#4477AA,1
Llama,zsRE,MEMIT,ENCORE,canonical,100,Llama|zsRE|MEMIT|ENCORE|canonical|100,mean_abs_norm_deviation,rewrite,fixed1000,1000,subject_last,0.03190364602607227,90.54791639918848,rewrite_mean_abs_norm_deviation,#DD8844,1
Llama,zsRE,MEMIT,ENCORE,canonical,150,Llama|zsRE|MEMIT|ENCORE|canonical|150,mean_q,locality,fixed1000,1000,prompt_last,0.1851760212747466,85.26046033588658,locality_mean_q,#4477AA,1
Llama,zsRE,MEMIT,ENCORE,canonical,150,Llama|zsRE|MEMIT|ENCORE|canonical|150,mean_q,rewrite,fixed1000,1000,subject_last,0.46085466271199654,85.26046033588658,rewrite_mean_q,#DD8844,1
Llama,zsRE,MEMIT,ENCORE,canonical,150,Llama|zsRE|MEMIT|ENCORE|canonical|150,mean_kappa,locality,fixed1000,1000,prompt_last,0.9964519664785708,85.26046033588658,locality_mean_kappa,#4477AA,1
Llama,zsRE,MEMIT,ENCORE,canonical,150,Llama|zsRE|MEMIT|ENCORE|canonical|150,mean_kappa,rewrite,fixed1000,1000,subject_last,1.0562891039008004,85.26046033588658,rewrite_mean_kappa,#DD8844,1
Llama,zsRE,MEMIT,ENCORE,canonical,150,Llama|zsRE|MEMIT|ENCORE|canonical|150,mean_abs_norm_deviation,locality,fixed1000,1000,prompt_last,0.0119213949944467,85.26046033588658,locality_mean_abs_norm_deviation,#4477AA,1
Llama,zsRE,MEMIT,ENCORE,canonical,150,Llama|zsRE|MEMIT|ENCORE|canonical|150,mean_abs_norm_deviation,rewrite,fixed1000,1000,subject_last,0.05707042196047452,85.26046033588658,rewrite_mean_abs_norm_deviation,#DD8844,1
Llama,zsRE,MEMIT,ENCORE,canonical,200,Llama|zsRE|MEMIT|ENCORE|canonical|200,mean_q,locality,fixed1000,1000,prompt_last,0.2051460885312601,81.6069220494047,locality_mean_q,#4477AA,1
Llama,zsRE,MEMIT,ENCORE,canonical,200,Llama|zsRE|MEMIT|ENCORE|canonical|200,mean_q,rewrite,fixed1000,1000,subject_last,0.5147889583886456,81.6069220494047,rewrite_mean_q,#DD8844,1
Llama,zsRE,MEMIT,ENCORE,canonical,200,Llama|zsRE|MEMIT|ENCORE|canonical|200,mean_kappa,locality,fixed1000,1000,prompt_last,1.0001274012396792,81.6069220494047,locality_mean_kappa,#4477AA,1
Llama,zsRE,MEMIT,ENCORE,canonical,200,Llama|zsRE|MEMIT|ENCORE|canonical|200,mean_kappa,rewrite,fixed1000,1000,subject_last,1.0789734490919796,81.6069220494047,rewrite_mean_kappa,#DD8844,1
Llama,zsRE,MEMIT,ENCORE,canonical,200,Llama|zsRE|MEMIT|ENCORE|canonical|200,mean_abs_norm_deviation,locality,fixed1000,1000,prompt_last,0.0137727368475561,81.6069220494047,locality_mean_abs_norm_deviation,#4477AA,1
Llama,zsRE,MEMIT,ENCORE,canonical,200,Llama|zsRE|MEMIT|ENCORE|canonical|200,mean_abs_norm_deviation,rewrite,fixed1000,1000,subject_last,0.0792992025050394,81.6069220494047,rewrite_mean_abs_norm_deviation,#DD8844,1
Llama,zsRE,MEMIT,ENCORE,canonical,250,Llama|zsRE|MEMIT|ENCORE|canonical|250,mean_q,locality,fixed1000,1000,prompt_last,0.2225877642355564,78.48063583420766,locality_mean_q,#4477AA,1
Llama,zsRE,MEMIT,ENCORE,canonical,250,Llama|zsRE|MEMIT|ENCORE|canonical|250,mean_q,rewrite,fixed1000,1000,subject_last,0.5629578868441067,78.48063583420766,rewrite_mean_q,#DD8844,1
Llama,zsRE,MEMIT,ENCORE,canonical,250,Llama|zsRE|MEMIT|ENCORE|canonical|250,mean_kappa,locality,fixed1000,1000,prompt_last,1.0033762151800778,78.48063583420766,locality_mean_kappa,#4477AA,1
Llama,zsRE,MEMIT,ENCORE,canonical,250,Llama|zsRE|MEMIT|ENCORE|canonical|250,mean_kappa,rewrite,fixed1000,1000,subject_last,1.0990554776480457,78.48063583420766,rewrite_mean_kappa,#DD8844,1
Llama,zsRE,MEMIT,ENCORE,canonical,250,Llama|zsRE|MEMIT|ENCORE|canonical|250,mean_abs_norm_deviation,locality,fixed1000,1000,prompt_last,0.0154329227794384,78.48063583420766,locality_mean_abs_norm_deviation,#4477AA,1
Llama,zsRE,MEMIT,ENCORE,canonical,250,Llama|zsRE|MEMIT|ENCORE|canonical|250,mean_abs_norm_deviation,rewrite,fixed1000,1000,subject_last,0.09922909879849039,78.48063583420766,rewrite_mean_abs_norm_deviation,#DD8844,1
Llama,zsRE,MEMIT,ENCORE,canonical,300,Llama|zsRE|MEMIT|ENCORE|canonical|300,mean_q,locality,fixed1000,1000,prompt_last,0.2376350950667309,75.54669430001597,locality_mean_q,#4477AA,1
Llama,zsRE,MEMIT,ENCORE,canonical,300,Llama|zsRE|MEMIT|ENCORE|canonical|300,mean_q,rewrite,fixed1000,1000,subject_last,0.5967945819397673,75.54669430001597,rewrite_mean_q,#DD8844,1
Llama,zsRE,MEMIT,ENCORE,canonical,300,Llama|zsRE|MEMIT|ENCORE|canonical|300,mean_kappa,locality,fixed1000,1000,prompt_last,1.0056061111923902,75.54669430001597,locality_mean_kappa,#4477AA,1
Llama,zsRE,MEMIT,ENCORE,canonical,300,Llama|zsRE|MEMIT|ENCORE|canonical|300,mean_kappa,rewrite,fixed1000,1000,subject_last,1.1147752475476795,75.54669430001597,rewrite_mean_kappa,#DD8844,1
Llama,zsRE,MEMIT,ENCORE,canonical,300,Llama|zsRE|MEMIT|ENCORE|canonical|300,mean_abs_norm_deviation,locality,fixed1000,1000,prompt_last,0.0171191895340839,75.54669430001597,locality_mean_abs_norm_deviation,#4477AA,1
Llama,zsRE,MEMIT,ENCORE,canonical,300,Llama|zsRE|MEMIT|ENCORE|canonical|300,mean_abs_norm_deviation,rewrite,fixed1000,1000,subject_last,0.1148673958346071,75.54669430001597,rewrite_mean_abs_norm_deviation,#DD8844,1
Llama,zsRE,MEMIT,ENCORE,canonical,500,Llama|zsRE|MEMIT|ENCORE|canonical|500,mean_q,locality,fixed1000,1000,prompt_last,0.2745604095998092,69.69085681816865,locality_mean_q,#4477AA,1
Llama,zsRE,MEMIT,ENCORE,canonical,500,Llama|zsRE|MEMIT|ENCORE|canonical|500,mean_q,rewrite,fixed1000,1000,subject_last,0.6943871970456669,69.69085681816865,rewrite_mean_q,#DD8844,1
Llama,zsRE,MEMIT,ENCORE,canonical,500,Llama|zsRE|MEMIT|ENCORE|canonical|500,mean_kappa,locality,fixed1000,1000,prompt_last,1.0141035732741202,69.69085681816865,locality_mean_kappa,#4477AA,1
Llama,zsRE,MEMIT,ENCORE,canonical,500,Llama|zsRE|MEMIT|ENCORE|canonical|500,mean_kappa,rewrite,fixed1000,1000,subject_last,1.1626049373031746,69.69085681816865,rewrite_mean_kappa,#DD8844,1
Llama,zsRE,MEMIT,ENCORE,canonical,500,Llama|zsRE|MEMIT|ENCORE|canonical|500,mean_abs_norm_deviation,locality,fixed1000,1000,prompt_last,0.0236829359076832,69.69085681816865,locality_mean_abs_norm_deviation,#4477AA,1
Llama,zsRE,MEMIT,ENCORE,canonical,500,Llama|zsRE|MEMIT|ENCORE|canonical|500,mean_abs_norm_deviation,rewrite,fixed1000,1000,subject_last,0.1626282495357664,69.69085681816865,rewrite_mean_abs_norm_deviation,#DD8844,1
Llama,zsRE,MEMIT,ENCORE,canonical,750,Llama|zsRE|MEMIT|ENCORE|canonical|750,mean_q,locality,fixed1000,1000,prompt_last,0.3068605479013902,67.24179025229884,locality_mean_q,#4477AA,1
Llama,zsRE,MEMIT,ENCORE,canonical,750,Llama|zsRE|MEMIT|ENCORE|canonical|750,mean_q,rewrite,fixed1000,1000,subject_last,0.7798391141759955,67.24179025229884,rewrite_mean_q,#DD8844,1
Llama,zsRE,MEMIT,ENCORE,canonical,750,Llama|zsRE|MEMIT|ENCORE|canonical|750,mean_kappa,locality,fixed1000,1000,prompt_last,1.0237680491757155,67.24179025229884,locality_mean_kappa,#4477AA,1
Llama,zsRE,MEMIT,ENCORE,canonical,750,Llama|zsRE|MEMIT|ENCORE|canonical|750,mean_kappa,rewrite,fixed1000,1000,subject_last,1.2127240413324825,67.24179025229884,rewrite_mean_kappa,#DD8844,1
Llama,zsRE,MEMIT,ENCORE,canonical,750,Llama|zsRE|MEMIT|ENCORE|canonical|750,mean_abs_norm_deviation,locality,fixed1000,1000,prompt_last,0.0304453353481196,67.24179025229884,locality_mean_abs_norm_deviation,#4477AA,1
Llama,zsRE,MEMIT,ENCORE,canonical,750,Llama|zsRE|MEMIT|ENCORE|canonical|750,mean_abs_norm_deviation,rewrite,fixed1000,1000,subject_last,0.21274331414103062,67.24179025229884,rewrite_mean_abs_norm_deviation,#DD8844,1
Llama,zsRE,MEMIT,ENCORE,canonical,1000,Llama|zsRE|MEMIT|ENCORE|canonical|1000,mean_q,locality,fixed1000,1000,prompt_last,0.3416052746629516,62.91283325521872,locality_mean_q,#4477AA,1
Llama,zsRE,MEMIT,ENCORE,canonical,1000,Llama|zsRE|MEMIT|ENCORE|canonical|1000,mean_q,rewrite,fixed1000,1000,subject_last,0.8552651723042503,62.91283325521872,rewrite_mean_q,#DD8844,1
Llama,zsRE,MEMIT,ENCORE,canonical,1000,Llama|zsRE|MEMIT|ENCORE|canonical|1000,mean_kappa,locality,fixed1000,1000,prompt_last,1.0352323530793617,62.91283325521872,locality_mean_kappa,#4477AA,1
Llama,zsRE,MEMIT,ENCORE,canonical,1000,Llama|zsRE|MEMIT|ENCORE|canonical|1000,mean_kappa,rewrite,fixed1000,1000,subject_last,1.2570800101922635,62.91283325521872,rewrite_mean_kappa,#DD8844,1
Llama,zsRE,MEMIT,ENCORE,canonical,1000,Llama|zsRE|MEMIT|ENCORE|canonical|1000,mean_abs_norm_deviation,locality,fixed1000,1000,prompt_last,0.0407441189745655,62.91283325521872,locality_mean_abs_norm_deviation,#4477AA,1
Llama,zsRE,MEMIT,ENCORE,canonical,1000,Llama|zsRE|MEMIT|ENCORE|canonical|1000,mean_abs_norm_deviation,rewrite,fixed1000,1000,subject_last,0.25708001019226345,62.91283325521872,rewrite_mean_abs_norm_deviation,#DD8844,1
Llama,zsRE,MEMIT,NAS,canonical,50,Llama|zsRE|MEMIT|NAS|canonical|50,mean_q,locality,fixed1000,1000,prompt_last,0.1123331813680277,93.20245653298228,locality_mean_q,#4477AA,1
Llama,zsRE,MEMIT,NAS,canonical,50,Llama|zsRE|MEMIT|NAS|canonical|50,mean_q,rewrite,fixed1000,1000,subject_last,0.29252798300304483,93.20245653298228,rewrite_mean_q,#DD8844,1
Llama,zsRE,MEMIT,NAS,canonical,50,Llama|zsRE|MEMIT|NAS|canonical|50,mean_kappa,locality,fixed1000,1000,prompt_last,1.0058770263614656,93.20245653298228,locality_mean_kappa,#4477AA,1
Llama,zsRE,MEMIT,NAS,canonical,50,Llama|zsRE|MEMIT|NAS|canonical|50,mean_kappa,rewrite,fixed1000,1000,subject_last,1.0532579334149659,93.20245653298228,rewrite_mean_kappa,#DD8844,1
Llama,zsRE,MEMIT,NAS,canonical,50,Llama|zsRE|MEMIT|NAS|canonical|50,mean_abs_norm_deviation,locality,fixed1000,1000,prompt_last,0.0081928668996168,93.20245653298228,locality_mean_abs_norm_deviation,#4477AA,1
Llama,zsRE,MEMIT,NAS,canonical,50,Llama|zsRE|MEMIT|NAS|canonical|50,mean_abs_norm_deviation,rewrite,fixed1000,1000,subject_last,0.053514308577772625,93.20245653298228,rewrite_mean_abs_norm_deviation,#DD8844,1
Llama,zsRE,MEMIT,NAS,canonical,100,Llama|zsRE|MEMIT|NAS|canonical|100,mean_q,locality,fixed1000,1000,prompt_last,0.1797761531447755,88.21169132692039,locality_mean_q,#4477AA,1
Llama,zsRE,MEMIT,NAS,canonical,100,Llama|zsRE|MEMIT|NAS|canonical|100,mean_q,rewrite,fixed1000,1000,subject_last,0.47709676897347214,88.21169132692039,rewrite_mean_q,#DD8844,1
Llama,zsRE,MEMIT,NAS,canonical,100,Llama|zsRE|MEMIT|NAS|canonical|100,mean_kappa,locality,fixed1000,1000,prompt_last,1.0169630534375302,88.21169132692039,locality_mean_kappa,#4477AA,1
Llama,zsRE,MEMIT,NAS,canonical,100,Llama|zsRE|MEMIT|NAS|canonical|100,mean_kappa,rewrite,fixed1000,1000,subject_last,1.1240536878223966,88.21169132692039,rewrite_mean_kappa,#DD8844,1
Llama,zsRE,MEMIT,NAS,canonical,100,Llama|zsRE|MEMIT|NAS|canonical|100,mean_abs_norm_deviation,locality,fixed1000,1000,prompt_last,0.0191125478208639,88.21169132692039,locality_mean_abs_norm_deviation,#4477AA,1
Llama,zsRE,MEMIT,NAS,canonical,100,Llama|zsRE|MEMIT|NAS|canonical|100,mean_abs_norm_deviation,rewrite,fixed1000,1000,subject_last,0.12411398681778303,88.21169132692039,rewrite_mean_abs_norm_deviation,#DD8844,1
Llama,zsRE,MEMIT,NAS,canonical,150,Llama|zsRE|MEMIT|NAS|canonical|150,mean_q,locality,fixed1000,1000,prompt_last,0.2222872886890627,83.62778498275276,locality_mean_q,#4477AA,1
Llama,zsRE,MEMIT,NAS,canonical,150,Llama|zsRE|MEMIT|NAS|canonical|150,mean_q,rewrite,fixed1000,1000,subject_last,0.5942748125435081,83.62778498275276,rewrite_mean_q,#DD8844,1
Llama,zsRE,MEMIT,NAS,canonical,150,Llama|zsRE|MEMIT|NAS|canonical|150,mean_kappa,locality,fixed1000,1000,prompt_last,1.021728175079934,83.62778498275276,locality_mean_kappa,#4477AA,1
Llama,zsRE,MEMIT,NAS,canonical,150,Llama|zsRE|MEMIT|NAS|canonical|150,mean_kappa,rewrite,fixed1000,1000,subject_last,1.1685590323589818,83.62778498275276,rewrite_mean_kappa,#DD8844,1
Llama,zsRE,MEMIT,NAS,canonical,150,Llama|zsRE|MEMIT|NAS|canonical|150,mean_abs_norm_deviation,locality,fixed1000,1000,prompt_last,0.024265121462257,83.62778498275276,locality_mean_abs_norm_deviation,#4477AA,1
Llama,zsRE,MEMIT,NAS,canonical,150,Llama|zsRE|MEMIT|NAS|canonical|150,mean_abs_norm_deviation,rewrite,fixed1000,1000,subject_last,0.16860362749024765,83.62778498275276,rewrite_mean_abs_norm_deviation,#DD8844,1
Llama,zsRE,MEMIT,NAS,canonical,200,Llama|zsRE|MEMIT|NAS|canonical|200,mean_q,locality,fixed1000,1000,prompt_last,0.2523109496868448,81.71961108827603,locality_mean_q,#4477AA,1
Llama,zsRE,MEMIT,NAS,canonical,200,Llama|zsRE|MEMIT|NAS|canonical|200,mean_q,rewrite,fixed1000,1000,subject_last,0.6907949643968736,81.71961108827603,rewrite_mean_q,#DD8844,1
Llama,zsRE,MEMIT,NAS,canonical,200,Llama|zsRE|MEMIT|NAS|canonical|200,mean_kappa,locality,fixed1000,1000,prompt_last,1.027785794880041,81.71961108827603,locality_mean_kappa,#4477AA,1
Llama,zsRE,MEMIT,NAS,canonical,200,Llama|zsRE|MEMIT|NAS|canonical|200,mean_kappa,rewrite,fixed1000,1000,subject_last,1.2136448415382675,81.71961108827603,rewrite_mean_kappa,#DD8844,1
Llama,zsRE,MEMIT,NAS,canonical,200,Llama|zsRE|MEMIT|NAS|canonical|200,mean_abs_norm_deviation,locality,fixed1000,1000,prompt_last,0.0298797010605658,81.71961108827603,locality_mean_abs_norm_deviation,#4477AA,1
Llama,zsRE,MEMIT,NAS,canonical,200,Llama|zsRE|MEMIT|NAS|canonical|200,mean_abs_norm_deviation,rewrite,fixed1000,1000,subject_last,0.213664156059406,81.71961108827603,rewrite_mean_abs_norm_deviation,#DD8844,1
Llama,zsRE,MEMIT,NAS,canonical,250,Llama|zsRE|MEMIT|NAS|canonical|250,mean_q,locality,fixed1000,1000,prompt_last,0.2831088810493596,80.54166707607928,locality_mean_q,#4477AA,1
Llama,zsRE,MEMIT,NAS,canonical,250,Llama|zsRE|MEMIT|NAS|canonical|250,mean_q,rewrite,fixed1000,1000,subject_last,0.7689316363670118,80.54166707607928,rewrite_mean_q,#DD8844,1
Llama,zsRE,MEMIT,NAS,canonical,250,Llama|zsRE|MEMIT|NAS|canonical|250,mean_kappa,locality,fixed1000,1000,prompt_last,1.0336427970644184,80.54166707607928,locality_mean_kappa,#4477AA,1
Llama,zsRE,MEMIT,NAS,canonical,250,Llama|zsRE|MEMIT|NAS|canonical|250,mean_kappa,rewrite,fixed1000,1000,subject_last,1.249279453307223,80.54166707607928,rewrite_mean_kappa,#DD8844,1
Llama,zsRE,MEMIT,NAS,canonical,250,Llama|zsRE|MEMIT|NAS|canonical|250,mean_abs_norm_deviation,locality,fixed1000,1000,prompt_last,0.0348641633405408,80.54166707607928,locality_mean_abs_norm_deviation,#4477AA,1
Llama,zsRE,MEMIT,NAS,canonical,250,Llama|zsRE|MEMIT|NAS|canonical|250,mean_abs_norm_deviation,rewrite,fixed1000,1000,subject_last,0.24927945330722304,80.54166707607928,rewrite_mean_abs_norm_deviation,#DD8844,1
Llama,zsRE,MEMIT,NAS,canonical,300,Llama|zsRE|MEMIT|NAS|canonical|300,mean_q,locality,fixed1000,1000,prompt_last,0.3051211323977977,78.95598970691206,locality_mean_q,#4477AA,1
Llama,zsRE,MEMIT,NAS,canonical,300,Llama|zsRE|MEMIT|NAS|canonical|300,mean_q,rewrite,fixed1000,1000,subject_last,0.8282639624395517,78.95598970691206,rewrite_mean_q,#DD8844,1
Llama,zsRE,MEMIT,NAS,canonical,300,Llama|zsRE|MEMIT|NAS|canonical|300,mean_kappa,locality,fixed1000,1000,prompt_last,1.0334696332593372,78.95598970691206,locality_mean_kappa,#4477AA,1
Llama,zsRE,MEMIT,NAS,canonical,300,Llama|zsRE|MEMIT|NAS|canonical|300,mean_kappa,rewrite,fixed1000,1000,subject_last,1.2685379636959784,78.95598970691206,rewrite_mean_kappa,#DD8844,1
Llama,zsRE,MEMIT,NAS,canonical,300,Llama|zsRE|MEMIT|NAS|canonical|300,mean_abs_norm_deviation,locality,fixed1000,1000,prompt_last,0.0350988362123208,78.95598970691206,locality_mean_abs_norm_deviation,#4477AA,1
Llama,zsRE,MEMIT,NAS,canonical,300,Llama|zsRE|MEMIT|NAS|canonical|300,mean_abs_norm_deviation,rewrite,fixed1000,1000,subject_last,0.2685449878046128,78.95598970691206,rewrite_mean_abs_norm_deviation,#DD8844,1
Llama,zsRE,MEMIT,NAS,canonical,500,Llama|zsRE|MEMIT|NAS|canonical|500,mean_q,locality,fixed1000,1000,prompt_last,0.3761131505284188,75.62674774007164,locality_mean_q,#4477AA,1
Llama,zsRE,MEMIT,NAS,canonical,500,Llama|zsRE|MEMIT|NAS|canonical|500,mean_q,rewrite,fixed1000,1000,subject_last,1.0040559789884649,75.62674774007164,rewrite_mean_q,#DD8844,1
Llama,zsRE,MEMIT,NAS,canonical,500,Llama|zsRE|MEMIT|NAS|canonical|500,mean_kappa,locality,fixed1000,1000,prompt_last,1.045031547295198,75.62674774007164,locality_mean_kappa,#4477AA,1
Llama,zsRE,MEMIT,NAS,canonical,500,Llama|zsRE|MEMIT|NAS|canonical|500,mean_kappa,rewrite,fixed1000,1000,subject_last,1.3397114319442267,75.62674774007164,rewrite_mean_kappa,#DD8844,1
Llama,zsRE,MEMIT,NAS,canonical,500,Llama|zsRE|MEMIT|NAS|canonical|500,mean_abs_norm_deviation,locality,fixed1000,1000,prompt_last,0.0466024721861402,75.62674774007164,locality_mean_abs_norm_deviation,#4477AA,1
Llama,zsRE,MEMIT,NAS,canonical,500,Llama|zsRE|MEMIT|NAS|canonical|500,mean_abs_norm_deviation,rewrite,fixed1000,1000,subject_last,0.3397173469667488,75.62674774007164,rewrite_mean_abs_norm_deviation,#DD8844,1
Llama,zsRE,MEMIT,NAS,canonical,750,Llama|zsRE|MEMIT|NAS|canonical|750,mean_q,locality,fixed1000,1000,prompt_last,0.4280159930598647,74.40037410199331,locality_mean_q,#4477AA,1
Llama,zsRE,MEMIT,NAS,canonical,750,Llama|zsRE|MEMIT|NAS|canonical|750,mean_q,rewrite,fixed1000,1000,subject_last,1.024838184241196,74.40037410199331,rewrite_mean_q,#DD8844,1
Llama,zsRE,MEMIT,NAS,canonical,750,Llama|zsRE|MEMIT|NAS|canonical|750,mean_kappa,locality,fixed1000,1000,prompt_last,1.0483856370765667,74.40037410199331,locality_mean_kappa,#4477AA,1
Llama,zsRE,MEMIT,NAS,canonical,750,Llama|zsRE|MEMIT|NAS|canonical|750,mean_kappa,rewrite,fixed1000,1000,subject_last,1.2874298837820013,74.40037410199331,rewrite_mean_kappa,#DD8844,1
Llama,zsRE,MEMIT,NAS,canonical,750,Llama|zsRE|MEMIT|NAS|canonical|750,mean_abs_norm_deviation,locality,fixed1000,1000,prompt_last,0.051342395200762,74.40037410199331,locality_mean_abs_norm_deviation,#4477AA,1
Llama,zsRE,MEMIT,NAS,canonical,750,Llama|zsRE|MEMIT|NAS|canonical|750,mean_abs_norm_deviation,rewrite,fixed1000,1000,subject_last,0.2874550695453627,74.40037410199331,rewrite_mean_abs_norm_deviation,#DD8844,1
Llama,zsRE,MEMIT,NAS,canonical,1000,Llama|zsRE|MEMIT|NAS|canonical|1000,mean_q,locality,fixed1000,1000,prompt_last,0.4433981895774673,74.3595854754703,locality_mean_q,#4477AA,1
Llama,zsRE,MEMIT,NAS,canonical,1000,Llama|zsRE|MEMIT|NAS|canonical|1000,mean_q,rewrite,fixed1000,1000,subject_last,0.8654527110947473,74.3595854754703,rewrite_mean_q,#DD8844,1
Llama,zsRE,MEMIT,NAS,canonical,1000,Llama|zsRE|MEMIT|NAS|canonical|1000,mean_kappa,locality,fixed1000,1000,prompt_last,1.0045404756858558,74.3595854754703,locality_mean_kappa,#4477AA,1
Llama,zsRE,MEMIT,NAS,canonical,1000,Llama|zsRE|MEMIT|NAS|canonical|1000,mean_kappa,rewrite,fixed1000,1000,subject_last,1.0288780342005133,74.3595854754703,rewrite_mean_kappa,#DD8844,1
Llama,zsRE,MEMIT,NAS,canonical,1000,Llama|zsRE|MEMIT|NAS|canonical|1000,mean_abs_norm_deviation,locality,fixed1000,1000,prompt_last,0.0319081822855725,74.3595854754703,locality_mean_abs_norm_deviation,#4477AA,1
Llama,zsRE,MEMIT,NAS,canonical,1000,Llama|zsRE|MEMIT|NAS|canonical|1000,mean_abs_norm_deviation,rewrite,fixed1000,1000,subject_last,0.08298155703481394,74.3595854754703,rewrite_mean_abs_norm_deviation,#DD8844,1
Llama,zsRE,MEMIT,Native,canonical,50,Llama|zsRE|MEMIT|Native|canonical|50,mean_q,locality,fixed1000,1000,prompt_last,0.1103810265021958,93.46847347796316,locality_mean_q,#4477AA,1
Llama,zsRE,MEMIT,Native,canonical,50,Llama|zsRE|MEMIT|Native|canonical|50,mean_q,rewrite,fixed1000,1000,subject_last,0.29837471809561034,93.46847347796316,rewrite_mean_q,#DD8844,1
Llama,zsRE,MEMIT,Native,canonical,50,Llama|zsRE|MEMIT|Native|canonical|50,mean_kappa,locality,fixed1000,1000,prompt_last,1.0067954710519575,93.46847347796316,locality_mean_kappa,#4477AA,1
Llama,zsRE,MEMIT,Native,canonical,50,Llama|zsRE|MEMIT|Native|canonical|50,mean_kappa,rewrite,fixed1000,1000,subject_last,1.0588006724433985,93.46847347796316,rewrite_mean_kappa,#DD8844,1
Llama,zsRE,MEMIT,Native,canonical,50,Llama|zsRE|MEMIT|Native|canonical|50,mean_abs_norm_deviation,locality,fixed1000,1000,prompt_last,0.0090128761547871,93.46847347796316,locality_mean_abs_norm_deviation,#4477AA,1
Llama,zsRE,MEMIT,Native,canonical,50,Llama|zsRE|MEMIT|Native|canonical|50,mean_abs_norm_deviation,rewrite,fixed1000,1000,subject_last,0.059011085413805,93.46847347796316,rewrite_mean_abs_norm_deviation,#DD8844,1
Llama,zsRE,MEMIT,Native,canonical,100,Llama|zsRE|MEMIT|Native|canonical|100,mean_q,locality,fixed1000,1000,prompt_last,0.2044494611205682,85.6178307935988,locality_mean_q,#4477AA,1
Llama,zsRE,MEMIT,Native,canonical,100,Llama|zsRE|MEMIT|Native|canonical|100,mean_q,rewrite,fixed1000,1000,subject_last,0.5559006253543958,85.6178307935988,rewrite_mean_q,#DD8844,1
Llama,zsRE,MEMIT,Native,canonical,100,Llama|zsRE|MEMIT|Native|canonical|100,mean_kappa,locality,fixed1000,1000,prompt_last,1.0312238379642285,85.6178307935988,locality_mean_kappa,#4477AA,1
Llama,zsRE,MEMIT,Native,canonical,100,Llama|zsRE|MEMIT|Native|canonical|100,mean_kappa,rewrite,fixed1000,1000,subject_last,1.1881765859011844,85.6178307935988,rewrite_mean_kappa,#DD8844,1
Llama,zsRE,MEMIT,Native,canonical,100,Llama|zsRE|MEMIT|Native|canonical|100,mean_abs_norm_deviation,locality,fixed1000,1000,prompt_last,0.0324755074566504,85.6178307935988,locality_mean_abs_norm_deviation,#4477AA,1
Llama,zsRE,MEMIT,Native,canonical,100,Llama|zsRE|MEMIT|Native|canonical|100,mean_abs_norm_deviation,rewrite,fixed1000,1000,subject_last,0.1881955484578217,85.6178307935988,rewrite_mean_abs_norm_deviation,#DD8844,1
Llama,zsRE,MEMIT,Native,canonical,150,Llama|zsRE|MEMIT|Native|canonical|150,mean_q,locality,fixed1000,1000,prompt_last,0.3087520047772462,76.0087251397704,locality_mean_q,#4477AA,1
Llama,zsRE,MEMIT,Native,canonical,150,Llama|zsRE|MEMIT|Native|canonical|150,mean_q,rewrite,fixed1000,1000,subject_last,0.8752991902861088,76.0087251397704,rewrite_mean_q,#DD8844,1
Llama,zsRE,MEMIT,Native,canonical,150,Llama|zsRE|MEMIT|Native|canonical|150,mean_kappa,locality,fixed1000,1000,prompt_last,1.0800994099318812,76.0087251397704,locality_mean_kappa,#4477AA,1
Llama,zsRE,MEMIT,Native,canonical,150,Llama|zsRE|MEMIT|Native|canonical|150,mean_kappa,rewrite,fixed1000,1000,subject_last,1.4263168495696141,76.0087251397704,rewrite_mean_kappa,#DD8844,1
Llama,zsRE,MEMIT,Native,canonical,150,Llama|zsRE|MEMIT|Native|canonical|150,mean_abs_norm_deviation,locality,fixed1000,1000,prompt_last,0.0803525027253186,76.0087251397704,locality_mean_abs_norm_deviation,#4477AA,1
Llama,zsRE,MEMIT,Native,canonical,150,Llama|zsRE|MEMIT|Native|canonical|150,mean_abs_norm_deviation,rewrite,fixed1000,1000,subject_last,0.4263168495696141,76.0087251397704,rewrite_mean_abs_norm_deviation,#DD8844,1
Llama,zsRE,MEMIT,Native,canonical,200,Llama|zsRE|MEMIT|Native|canonical|200,mean_q,locality,fixed1000,1000,prompt_last,0.6078574213207247,59.26799929453311,locality_mean_q,#4477AA,1
Llama,zsRE,MEMIT,Native,canonical,200,Llama|zsRE|MEMIT|Native|canonical|200,mean_q,rewrite,fixed1000,1000,subject_last,1.7358775843380017,59.26799929453311,rewrite_mean_q,#DD8844,1
Llama,zsRE,MEMIT,Native,canonical,200,Llama|zsRE|MEMIT|Native|canonical|200,mean_kappa,locality,fixed1000,1000,prompt_last,1.2705463068755267,59.26799929453311,locality_mean_kappa,#4477AA,1
Llama,zsRE,MEMIT,Native,canonical,200,Llama|zsRE|MEMIT|Native|canonical|200,mean_kappa,rewrite,fixed1000,1000,subject_last,2.203381212717988,59.26799929453311,rewrite_mean_kappa,#DD8844,1
Llama,zsRE,MEMIT,Native,canonical,200,Llama|zsRE|MEMIT|Native|canonical|200,mean_abs_norm_deviation,locality,fixed1000,1000,prompt_last,0.2705731237159012,59.26799929453311,locality_mean_abs_norm_deviation,#4477AA,1
Llama,zsRE,MEMIT,Native,canonical,200,Llama|zsRE|MEMIT|Native|canonical|200,mean_abs_norm_deviation,rewrite,fixed1000,1000,subject_last,1.2033812127179877,59.26799929453311,rewrite_mean_abs_norm_deviation,#DD8844,1
Llama,zsRE,MEMIT,SADR,canonical,50,Llama|zsRE|MEMIT|SADR|canonical|50,mean_q,locality,fixed1000,1000,prompt_last,0.0927757133589347,94.61998151557168,locality_mean_q,#4477AA,1
Llama,zsRE,MEMIT,SADR,canonical,50,Llama|zsRE|MEMIT|SADR|canonical|50,mean_q,rewrite,fixed1000,1000,subject_last,0.25453011994940117,94.61998151557168,rewrite_mean_q,#DD8844,1
Llama,zsRE,MEMIT,SADR,canonical,50,Llama|zsRE|MEMIT|SADR|canonical|50,mean_kappa,locality,fixed1000,1000,prompt_last,1.0045626484890486,94.61998151557168,locality_mean_kappa,#4477AA,1
Llama,zsRE,MEMIT,SADR,canonical,50,Llama|zsRE|MEMIT|SADR|canonical|50,mean_kappa,rewrite,fixed1000,1000,subject_last,1.0417593358244175,94.61998151557168,rewrite_mean_kappa,#DD8844,1
Llama,zsRE,MEMIT,SADR,canonical,50,Llama|zsRE|MEMIT|SADR|canonical|50,mean_abs_norm_deviation,locality,fixed1000,1000,prompt_last,0.0067822790549767,94.61998151557168,locality_mean_abs_norm_deviation,#4477AA,1
Llama,zsRE,MEMIT,SADR,canonical,50,Llama|zsRE|MEMIT|SADR|canonical|50,mean_abs_norm_deviation,rewrite,fixed1000,1000,subject_last,0.04200313375871747,94.61998151557168,rewrite_mean_abs_norm_deviation,#DD8844,1
Llama,zsRE,MEMIT,SADR,canonical,100,Llama|zsRE|MEMIT|SADR|canonical|100,mean_q,locality,fixed1000,1000,prompt_last,0.1807993187452588,88.53566338592259,locality_mean_q,#4477AA,1
Llama,zsRE,MEMIT,SADR,canonical,100,Llama|zsRE|MEMIT|SADR|canonical|100,mean_q,rewrite,fixed1000,1000,subject_last,0.49631688385726647,88.53566338592259,rewrite_mean_q,#DD8844,1
Llama,zsRE,MEMIT,SADR,canonical,100,Llama|zsRE|MEMIT|SADR|canonical|100,mean_kappa,locality,fixed1000,1000,prompt_last,1.0229886716876926,88.53566338592259,locality_mean_kappa,#4477AA,1
Llama,zsRE,MEMIT,SADR,canonical,100,Llama|zsRE|MEMIT|SADR|canonical|100,mean_kappa,rewrite,fixed1000,1000,subject_last,1.144953063250417,88.53566338592259,rewrite_mean_kappa,#DD8844,1
Llama,zsRE,MEMIT,SADR,canonical,100,Llama|zsRE|MEMIT|SADR|canonical|100,mean_abs_norm_deviation,locality,fixed1000,1000,prompt_last,0.0240586857498327,88.53566338592259,locality_mean_abs_norm_deviation,#4477AA,1
Llama,zsRE,MEMIT,SADR,canonical,100,Llama|zsRE|MEMIT|SADR|canonical|100,mean_abs_norm_deviation,rewrite,fixed1000,1000,subject_last,0.14495408505431243,88.53566338592259,rewrite_mean_abs_norm_deviation,#DD8844,1
Llama,zsRE,MEMIT,SADR,canonical,150,Llama|zsRE|MEMIT|SADR|canonical|150,mean_q,locality,fixed1000,1000,prompt_last,0.2804590560218539,80.29333551051819,locality_mean_q,#4477AA,1
Llama,zsRE,MEMIT,SADR,canonical,150,Llama|zsRE|MEMIT|SADR|canonical|150,mean_q,rewrite,fixed1000,1000,subject_last,0.8004758796618553,80.29333551051819,rewrite_mean_q,#DD8844,1
Llama,zsRE,MEMIT,SADR,canonical,150,Llama|zsRE|MEMIT|SADR|canonical|150,mean_kappa,locality,fixed1000,1000,prompt_last,1.066775917185631,80.29333551051819,locality_mean_kappa,#4477AA,1
Llama,zsRE,MEMIT,SADR,canonical,150,Llama|zsRE|MEMIT|SADR|canonical|150,mean_kappa,rewrite,fixed1000,1000,subject_last,1.360136832990099,80.29333551051819,rewrite_mean_kappa,#DD8844,1
Llama,zsRE,MEMIT,SADR,canonical,150,Llama|zsRE|MEMIT|SADR|canonical|150,mean_abs_norm_deviation,locality,fixed1000,1000,prompt_last,0.0669555679222516,80.29333551051819,locality_mean_abs_norm_deviation,#4477AA,1
Llama,zsRE,MEMIT,SADR,canonical,150,Llama|zsRE|MEMIT|SADR|canonical|150,mean_abs_norm_deviation,rewrite,fixed1000,1000,subject_last,0.36013683299009885,80.29333551051819,rewrite_mean_abs_norm_deviation,#DD8844,1
Llama,zsRE,MEMIT,SADR,canonical,200,Llama|zsRE|MEMIT|SADR|canonical|200,mean_q,locality,fixed1000,1000,prompt_last,0.4609676083963759,71.4118495256557,locality_mean_q,#4477AA,1
Llama,zsRE,MEMIT,SADR,canonical,200,Llama|zsRE|MEMIT|SADR|canonical|200,mean_q,rewrite,fixed1000,1000,subject_last,1.3183267280433484,71.4118495256557,rewrite_mean_q,#DD8844,1
Llama,zsRE,MEMIT,SADR,canonical,200,Llama|zsRE|MEMIT|SADR|canonical|200,mean_kappa,locality,fixed1000,1000,prompt_last,1.1749834053237382,71.4118495256557,locality_mean_kappa,#4477AA,1
Llama,zsRE,MEMIT,SADR,canonical,200,Llama|zsRE|MEMIT|SADR|canonical|200,mean_kappa,rewrite,fixed1000,1000,subject_last,1.8091339730397527,71.4118495256557,rewrite_mean_kappa,#DD8844,1
Llama,zsRE,MEMIT,SADR,canonical,200,Llama|zsRE|MEMIT|SADR|canonical|200,mean_abs_norm_deviation,locality,fixed1000,1000,prompt_last,0.1750017294347459,71.4118495256557,locality_mean_abs_norm_deviation,#4477AA,1
Llama,zsRE,MEMIT,SADR,canonical,200,Llama|zsRE|MEMIT|SADR|canonical|200,mean_abs_norm_deviation,rewrite,fixed1000,1000,subject_last,0.8091339730397527,71.4118495256557,rewrite_mean_abs_norm_deviation,#DD8844,1
Llama,zsRE,MEMIT,SPHERE,canonical,50,Llama|zsRE|MEMIT|SPHERE|canonical|50,mean_q,locality,fixed1000,1000,prompt_last,0.0954674602044568,94.7515750070204,locality_mean_q,#4477AA,1
Llama,zsRE,MEMIT,SPHERE,canonical,50,Llama|zsRE|MEMIT|SPHERE|canonical|50,mean_q,rewrite,fixed1000,1000,subject_last,0.24923261227082397,94.7515750070204,rewrite_mean_q,#DD8844,1
Llama,zsRE,MEMIT,SPHERE,canonical,50,Llama|zsRE|MEMIT|SPHERE|canonical|50,mean_kappa,locality,fixed1000,1000,prompt_last,1.0033372432198937,94.7515750070204,locality_mean_kappa,#4477AA,1
Llama,zsRE,MEMIT,SPHERE,canonical,50,Llama|zsRE|MEMIT|SPHERE|canonical|50,mean_kappa,rewrite,fixed1000,1000,subject_last,1.038566220833642,94.7515750070204,rewrite_mean_kappa,#DD8844,1
Llama,zsRE,MEMIT,SPHERE,canonical,50,Llama|zsRE|MEMIT|SPHERE|canonical|50,mean_abs_norm_deviation,locality,fixed1000,1000,prompt_last,0.0066746609012754,94.7515750070204,locality_mean_abs_norm_deviation,#4477AA,1
Llama,zsRE,MEMIT,SPHERE,canonical,50,Llama|zsRE|MEMIT|SPHERE|canonical|50,mean_abs_norm_deviation,rewrite,fixed1000,1000,subject_last,0.038989225517240086,94.7515750070204,rewrite_mean_abs_norm_deviation,#DD8844,1
Llama,zsRE,MEMIT,SPHERE,canonical,100,Llama|zsRE|MEMIT|SPHERE|canonical|100,mean_q,locality,fixed1000,1000,prompt_last,0.1703795061946461,89.74842503012789,locality_mean_q,#4477AA,1
Llama,zsRE,MEMIT,SPHERE,canonical,100,Llama|zsRE|MEMIT|SPHERE|canonical|100,mean_q,rewrite,fixed1000,1000,subject_last,0.44183731473460947,89.74842503012789,rewrite_mean_q,#DD8844,1
Llama,zsRE,MEMIT,SPHERE,canonical,100,Llama|zsRE|MEMIT|SPHERE|canonical|100,mean_kappa,locality,fixed1000,1000,prompt_last,1.0136734292050642,89.74842503012789,locality_mean_kappa,#4477AA,1
Llama,zsRE,MEMIT,SPHERE,canonical,100,Llama|zsRE|MEMIT|SPHERE|canonical|100,mean_kappa,rewrite,fixed1000,1000,subject_last,1.1073409596748687,89.74842503012789,rewrite_mean_kappa,#DD8844,1
Llama,zsRE,MEMIT,SPHERE,canonical,100,Llama|zsRE|MEMIT|SPHERE|canonical|100,mean_abs_norm_deviation,locality,fixed1000,1000,prompt_last,0.0174842534335387,89.74842503012789,locality_mean_abs_norm_deviation,#4477AA,1
Llama,zsRE,MEMIT,SPHERE,canonical,100,Llama|zsRE|MEMIT|SPHERE|canonical|100,mean_abs_norm_deviation,rewrite,fixed1000,1000,subject_last,0.10745105748810324,89.74842503012789,rewrite_mean_abs_norm_deviation,#DD8844,1
Llama,zsRE,MEMIT,SPHERE,canonical,150,Llama|zsRE|MEMIT|SPHERE|canonical|150,mean_q,locality,fixed1000,1000,prompt_last,0.219360727165067,84.00264910993961,locality_mean_q,#4477AA,1
Llama,zsRE,MEMIT,SPHERE,canonical,150,Llama|zsRE|MEMIT|SPHERE|canonical|150,mean_q,rewrite,fixed1000,1000,subject_last,0.5892399411278536,84.00264910993961,rewrite_mean_q,#DD8844,1
Llama,zsRE,MEMIT,SPHERE,canonical,150,Llama|zsRE|MEMIT|SPHERE|canonical|150,mean_kappa,locality,fixed1000,1000,prompt_last,1.025003976091942,84.00264910993961,locality_mean_kappa,#4477AA,1
Llama,zsRE,MEMIT,SPHERE,canonical,150,Llama|zsRE|MEMIT|SPHERE|canonical|150,mean_kappa,rewrite,fixed1000,1000,subject_last,1.1869063831077626,84.00264910993961,rewrite_mean_kappa,#DD8844,1
Llama,zsRE,MEMIT,SPHERE,canonical,150,Llama|zsRE|MEMIT|SPHERE|canonical|150,mean_abs_norm_deviation,locality,fixed1000,1000,prompt_last,0.0287138582242658,84.00264910993961,locality_mean_abs_norm_deviation,#4477AA,1
Llama,zsRE,MEMIT,SPHERE,canonical,150,Llama|zsRE|MEMIT|SPHERE|canonical|150,mean_abs_norm_deviation,rewrite,fixed1000,1000,subject_last,0.1869514975975509,84.00264910993961,rewrite_mean_abs_norm_deviation,#DD8844,1
Llama,zsRE,MEMIT,SPHERE,canonical,200,Llama|zsRE|MEMIT|SPHERE|canonical|200,mean_q,locality,fixed1000,1000,prompt_last,0.2593917941171327,79.76414945538114,locality_mean_q,#4477AA,1
Llama,zsRE,MEMIT,SPHERE,canonical,200,Llama|zsRE|MEMIT|SPHERE|canonical|200,mean_q,rewrite,fixed1000,1000,subject_last,0.7195337817890538,79.76414945538114,rewrite_mean_q,#DD8844,1
Llama,zsRE,MEMIT,SPHERE,canonical,200,Llama|zsRE|MEMIT|SPHERE|canonical|200,mean_kappa,locality,fixed1000,1000,prompt_last,1.041666935730276,79.76414945538114,locality_mean_kappa,#4477AA,1
Llama,zsRE,MEMIT,SPHERE,canonical,200,Llama|zsRE|MEMIT|SPHERE|canonical|200,mean_kappa,rewrite,fixed1000,1000,subject_last,1.275985361366382,79.76414945538114,rewrite_mean_kappa,#DD8844,1
Llama,zsRE,MEMIT,SPHERE,canonical,200,Llama|zsRE|MEMIT|SPHERE|canonical|200,mean_abs_norm_deviation,locality,fixed1000,1000,prompt_last,0.0437380623385637,79.76414945538114,locality_mean_abs_norm_deviation,#4477AA,1
Llama,zsRE,MEMIT,SPHERE,canonical,200,Llama|zsRE|MEMIT|SPHERE|canonical|200,mean_abs_norm_deviation,rewrite,fixed1000,1000,subject_last,0.27598536136638196,79.76414945538114,rewrite_mean_abs_norm_deviation,#DD8844,1
Llama,zsRE,MEMIT,SPHERE,canonical,250,Llama|zsRE|MEMIT|SPHERE|canonical|250,mean_q,locality,fixed1000,1000,prompt_last,0.3038153723637449,75.49540741560625,locality_mean_q,#4477AA,1
Llama,zsRE,MEMIT,SPHERE,canonical,250,Llama|zsRE|MEMIT|SPHERE|canonical|250,mean_q,rewrite,fixed1000,1000,subject_last,0.850596591672777,75.49540741560625,rewrite_mean_q,#DD8844,1
Llama,zsRE,MEMIT,SPHERE,canonical,250,Llama|zsRE|MEMIT|SPHERE|canonical|250,mean_kappa,locality,fixed1000,1000,prompt_last,1.0612304208781334,75.49540741560625,locality_mean_kappa,#4477AA,1
Llama,zsRE,MEMIT,SPHERE,canonical,250,Llama|zsRE|MEMIT|SPHERE|canonical|250,mean_kappa,rewrite,fixed1000,1000,subject_last,1.376666564807707,75.49540741560625,rewrite_mean_kappa,#DD8844,1
Llama,zsRE,MEMIT,SPHERE,canonical,250,Llama|zsRE|MEMIT|SPHERE|canonical|250,mean_abs_norm_deviation,locality,fixed1000,1000,prompt_last,0.0619758479404097,75.49540741560625,locality_mean_abs_norm_deviation,#4477AA,1
Llama,zsRE,MEMIT,SPHERE,canonical,250,Llama|zsRE|MEMIT|SPHERE|canonical|250,mean_abs_norm_deviation,rewrite,fixed1000,1000,subject_last,0.3766665648077067,75.49540741560625,rewrite_mean_abs_norm_deviation,#DD8844,1
Llama,zsRE,MEMIT,SPHERE,canonical,300,Llama|zsRE|MEMIT|SPHERE|canonical|300,mean_q,locality,fixed1000,1000,prompt_last,0.3503888918647069,70.96464462697139,locality_mean_q,#4477AA,1
Llama,zsRE,MEMIT,SPHERE,canonical,300,Llama|zsRE|MEMIT|SPHERE|canonical|300,mean_q,rewrite,fixed1000,1000,subject_last,0.9930355288186766,70.96464462697139,rewrite_mean_q,#DD8844,1
Llama,zsRE,MEMIT,SPHERE,canonical,300,Llama|zsRE|MEMIT|SPHERE|canonical|300,mean_kappa,locality,fixed1000,1000,prompt_last,1.0855745046835363,70.96464462697139,locality_mean_kappa,#4477AA,1
Llama,zsRE,MEMIT,SPHERE,canonical,300,Llama|zsRE|MEMIT|SPHERE|canonical|300,mean_kappa,rewrite,fixed1000,1000,subject_last,1.4903525290130346,70.96464462697139,rewrite_mean_kappa,#DD8844,1
Llama,zsRE,MEMIT,SPHERE,canonical,300,Llama|zsRE|MEMIT|SPHERE|canonical|300,mean_abs_norm_deviation,locality,fixed1000,1000,prompt_last,0.0859991152223904,70.96464462697139,locality_mean_abs_norm_deviation,#4477AA,1
Llama,zsRE,MEMIT,SPHERE,canonical,300,Llama|zsRE|MEMIT|SPHERE|canonical|300,mean_abs_norm_deviation,rewrite,fixed1000,1000,subject_last,0.4903525290130348,70.96464462697139,rewrite_mean_abs_norm_deviation,#DD8844,1
Llama,zsRE,MEMIT,SPHERE,canonical,500,Llama|zsRE|MEMIT|SPHERE|canonical|500,mean_q,locality,fixed1000,1000,prompt_last,0.8424948798051547,46.2691574702446,locality_mean_q,#4477AA,1
Llama,zsRE,MEMIT,SPHERE,canonical,500,Llama|zsRE|MEMIT|SPHERE|canonical|500,mean_q,rewrite,fixed1000,1000,subject_last,2.2947178933911654,46.2691574702446,rewrite_mean_q,#DD8844,1
Llama,zsRE,MEMIT,SPHERE,canonical,500,Llama|zsRE|MEMIT|SPHERE|canonical|500,mean_kappa,locality,fixed1000,1000,prompt_last,1.4452115965496213,46.2691574702446,locality_mean_kappa,#4477AA,1
Llama,zsRE,MEMIT,SPHERE,canonical,500,Llama|zsRE|MEMIT|SPHERE|canonical|500,mean_kappa,rewrite,fixed1000,1000,subject_last,2.727880344862364,46.2691574702446,rewrite_mean_kappa,#DD8844,1
Llama,zsRE,MEMIT,SPHERE,canonical,500,Llama|zsRE|MEMIT|SPHERE|canonical|500,mean_abs_norm_deviation,locality,fixed1000,1000,prompt_last,0.4452461016605454,46.2691574702446,locality_mean_abs_norm_deviation,#4477AA,1
Llama,zsRE,MEMIT,SPHERE,canonical,500,Llama|zsRE|MEMIT|SPHERE|canonical|500,mean_abs_norm_deviation,rewrite,fixed1000,1000,subject_last,1.7278803448623639,46.2691574702446,rewrite_mean_abs_norm_deviation,#DD8844,1
