model,dataset,editor,method,order_id,edit_count,trajectory_id,row_id,version,rewrite_version,n_geometry_cases,n_locality_cases,locality_percent,locality_mean_p,rewrite_mean_p,locality_mean_q,locality_mean_kappa,locality_mean_abs_norm_deviation,rewrite_mean_q,rewrite_mean_kappa,rewrite_mean_abs_norm_deviation,locality_mean_d,locality_mean_p_squared,locality_mean_q_squared,locality_mean_kappa_squared,rewrite_mean_d,rewrite_mean_p_squared,rewrite_mean_q_squared,rewrite_mean_kappa_squared
GPT-2 XL,CounterFact,AlphaEdit,ENCORE,canonical,50,T01,GPT-2 XL|CounterFact|AlphaEdit|ENCORE|canonical|50,unchanged_original,unchanged_original,1000,1000,95.1,0.0015473312603457759,-0.008519320271861955,0.0445306581261441,1.0027129936114585,0.0046132551802212,0.11847399515120267,1.0084259509151026,0.016491764092772244,0.04481097280762951,2.911756132957103e-05,0.002341485752410136,1.0054652658344312,0.1191715021637804,0.0002591626841924706,0.035638889831948656,1.0188594119724177
GPT-2 XL,CounterFact,AlphaEdit,ENCORE,canonical,100,T01,GPT-2 XL|CounterFact|AlphaEdit|ENCORE|canonical|100,unchanged_original,unchanged_original,1000,1000,91.9,0.0031535301079365155,-0.01673145269523226,0.0663933974304865,1.00570649657014,0.0076788758434813,0.19065410811402173,1.0171809247032009,0.02864510967502023,0.06682134466755686,6.310254579471897e-05,0.00514410719433661,1.0115142699560042,0.19199223901593537,0.0006418007944257756,0.07110755773854618,1.038286453142508
GPT-2 XL,CounterFact,AlphaEdit,ENCORE,canonical,150,T01,GPT-2 XL|CounterFact|AlphaEdit|ENCORE|canonical|150,unchanged_original,unchanged_original,1000,1000,88.3,0.0037673083492253826,-0.022017055232016892,0.0891459302592484,1.008255952998507,0.0106703327098819,0.248031213588348,1.0272209479158405,0.03823706761828874,0.08967817574995966,0.00010183292516791947,0.009057935228797267,1.016694384852416,0.24974002718401445,0.00099537807629752,0.10300497432402994,1.059966241936294
GPT-2 XL,CounterFact,AlphaEdit,ENCORE,canonical,200,T01,GPT-2 XL|CounterFact|AlphaEdit|ENCORE|canonical|200,unchanged_original,unchanged_original,1000,1000,85.9,0.003285161801302301,-0.026924093053056056,0.1017645705176921,1.0091012742456364,0.0115086663256666,0.2931696968668553,1.0366637042966729,0.046852982037246436,0.10227041362735913,0.00010859757690996002,0.01173936919113203,1.0184182903706465,0.29517831336746814,0.0013498977906135977,0.13292082666156826,1.0804225383460702
GPT-2 XL,CounterFact,AlphaEdit,ENCORE,canonical,250,T01,GPT-2 XL|CounterFact|AlphaEdit|ENCORE|canonical|250,unchanged_original,unchanged_original,1000,1000,82.5,0.003086413061918879,-0.030893108055072803,0.1173917039337037,1.010856581111545,0.0132316022167635,0.3345873737705127,1.0463542576085474,0.05525413522742012,0.11789923323080748,0.0001296683965877582,0.015720730998103345,1.0220232255185289,0.3368114160590944,0.0016468530910282208,0.16150146674290783,1.1013621037237908
GPT-2 XL,CounterFact,AlphaEdit,ENCORE,canonical,300,T01,GPT-2 XL|CounterFact|AlphaEdit|ENCORE|canonical|300,unchanged_original,unchanged_original,1000,1000,79.5,0.0025743259782734203,-0.034557944594373426,0.1319067619392236,1.0122543313839678,0.0150610553919526,0.373896118799645,1.0559886074729006,0.06348244462744317,0.13247890299272927,0.0001618976258481255,0.019593710422757007,1.0249042600051521,0.3762989249965258,0.0019268133825702733,0.18911620589214823,1.1219271300859721
GPT-2 XL,CounterFact,AlphaEdit,ENCORE,canonical,500,T01,GPT-2 XL|CounterFact|AlphaEdit|ENCORE|canonical|500,unchanged_original,unchanged_original,1000,1000,71.39999999999999,-0.0006244412843886049,-0.044752140088823965,0.1665853445379601,1.014600797731678,0.0186772559648417,0.48939077663504105,1.091560794033776,0.09479667110854649,0.16738414517528355,0.0002859820209439916,0.030808754287766513,1.0298458537399333,0.49216437810082764,0.0028731752511619952,0.28579342448159184,1.1991623195551064
GPT-2 XL,CounterFact,AlphaEdit,ENCORE,canonical,750,T01,GPT-2 XL|CounterFact|AlphaEdit|ENCORE|canonical|750,unchanged_original,unchanged_original,1000,1000,65.8,-0.001951221758727677,-0.05405087671438162,0.1969362774489527,1.019042716979268,0.0230457087613635,0.5937461204065314,1.129376072715273,0.13043313131700485,0.1978322360322155,0.00036894310407163856,0.042544210853590086,1.0390107104402064,0.5968946837065912,0.003910471609494678,0.386436815669746,1.282245533850478
GPT-2 XL,CounterFact,AlphaEdit,ENCORE,canonical,1000,T01,GPT-2 XL|CounterFact|AlphaEdit|ENCORE|canonical|1000,unchanged_original,unchanged_original,1000,1000,61.0,-0.0031812047527900182,-0.06064891998806628,0.2218735956912278,1.0230998166485654,0.0268772926330662,0.6779922717674658,1.1647386435898162,0.16473906562293164,0.22286806464453116,0.00045435748186805627,0.05331010065584534,1.0474020486321334,0.6813573353300667,0.004762009368413622,0.4779316224491109,1.3613957918413926
GPT-2 XL,CounterFact,AlphaEdit,NAS,canonical,50,T02,GPT-2 XL|CounterFact|AlphaEdit|NAS|canonical|50,unchanged_original,unchanged_original,1000,1000,95.19999999999999,0.0015987328055897363,-0.009672465658407918,0.0458476182740632,1.002817507887304,0.0047290570789215,0.12447474561661828,1.0089967358090803,0.017744970380792327,0.04613099316379867,2.932303078861172e-05,0.0024476708754467102,1.0056744595174147,0.12526376597905756,0.00032203190248769685,0.039457097478441026,1.0204341980641134
GPT-2 XL,CounterFact,AlphaEdit,NAS,canonical,100,T02,GPT-2 XL|CounterFact|AlphaEdit|NAS|canonical|100,unchanged_original,unchanged_original,1000,1000,91.4,0.0031203476893728473,-0.019262467302982308,0.0705726295650461,1.0059749449587363,0.0083588059524261,0.20748919830976256,1.0207742534405015,0.032827417136258766,0.071047967285271,7.349375445102724e-05,0.005751712114213116,1.0120659012474098,0.20903931990856353,0.0008294336482114879,0.08472529619792438,1.0470297952401715
GPT-2 XL,CounterFact,AlphaEdit,NAS,canonical,150,T02,GPT-2 XL|CounterFact|AlphaEdit|NAS|canonical|150,unchanged_original,unchanged_original,1000,1000,86.9,0.004365049590600915,-0.02570569908862731,0.095656631647562,1.0094793670949112,0.0122888847397069,0.27500100831466323,1.034519203753119,0.04575858879840047,0.09633116775931072,0.00013732018795435208,0.01033307321918251,1.0192004925883387,0.2769879657333149,0.001300963910070495,0.127432493475017,1.0773220592078332
GPT-2 XL,CounterFact,AlphaEdit,NAS,canonical,200,T02,GPT-2 XL|CounterFact|AlphaEdit|NAS|canonical|200,unchanged_original,unchanged_original,1000,1000,81.8,0.0032333269478028504,-0.0319996656695187,0.1124232272051841,1.0102790924478038,0.0133615222446661,0.33283507200196844,1.048788839368824,0.058693315490499456,0.11306133693232501,0.00015214338355485523,0.014231737147255551,1.0208505344264163,0.3352311840874113,0.0018332702379036656,0.1711189035813877,1.1089528424802544
GPT-2 XL,CounterFact,AlphaEdit,NAS,canonical,250,T02,GPT-2 XL|CounterFact|AlphaEdit|NAS|canonical|250,unchanged_original,unchanged_original,1000,1000,76.1,0.003737200051061569,-0.03708248339856517,0.1299899720097302,1.0131290996887663,0.015739079269008,0.3849300053754695,1.0633310046343798,0.07146541931435568,0.13064167704187749,0.00018281164593432058,0.01902484928202129,1.0266820610300789,0.38759218061167905,0.0022774317230480124,0.21299122827187517,1.1411036931977934
GPT-2 XL,CounterFact,AlphaEdit,NAS,canonical,300,T02,GPT-2 XL|CounterFact|AlphaEdit|NAS|canonical|300,unchanged_original,unchanged_original,1000,1000,70.39999999999999,0.0038330596938869997,-0.04204199750794189,0.1489376942601604,1.01603879218321,0.0187892228403822,0.43420505157489264,1.0776934319882474,0.0844368474046163,0.14968042785543575,0.00024142440291636052,0.02478964792924048,1.0326971917199308,0.43718412440417614,0.002780796609087706,0.25391018668259435,1.1726069882757988
GPT-2 XL,CounterFact,AlphaEdit,NAS,canonical,500,T02,GPT-2 XL|CounterFact|AlphaEdit|NAS|canonical|500,unchanged_original,unchanged_original,1000,1000,60.0,0.00016736223677869631,-0.05481968640227894,0.1939997142365811,1.0204796445271411,0.0247030657259333,0.5879565121996861,1.1355543759787345,0.13828523720424107,0.1949435242862181,0.0003938808083719119,0.04134051817175175,1.0420691234536812,0.5913908456374716,0.004203836695860401,0.40839233372875905,1.3029567976200622
GPT-2 XL,CounterFact,AlphaEdit,NAS,canonical,750,T02,GPT-2 XL|CounterFact|AlphaEdit|NAS|canonical|750,unchanged_original,unchanged_original,1000,1000,52.5,-0.0013764340469166081,-0.06444739620436016,0.2371729297058221,1.0286261661295537,0.0314871412492026,0.7343883487503394,1.204100107051004,0.20470416971815641,0.2381140053324188,0.00045966648422624115,0.061264030547728325,1.0589708289381212,0.7380069945174678,0.005532105352202438,0.5852116381108449,1.4618489510543273
GPT-2 XL,CounterFact,AlphaEdit,NAS,canonical,1000,T02,GPT-2 XL|CounterFact|AlphaEdit|NAS|canonical|1000,unchanged_original,unchanged_original,1000,1000,47.9,-0.003219316540061352,-0.07216146822454579,0.269744416934448,1.0351833335789855,0.0373280914897007,0.849399149676966,1.264022145741651,0.2640248928047846,0.27067517570900784,0.0005078089953091216,0.07854119378703607,1.0726103697022225,0.8531645264200901,0.006673476298723732,0.7427141023365262,1.6050646421861587
GPT-2 XL,CounterFact,AlphaEdit,Native,canonical,50,T03,GPT-2 XL|CounterFact|AlphaEdit|Native|canonical|50,unchanged_original,unchanged_original,1000,1000,94.69999999999999,0.0015748649774338817,-0.00955349245970682,0.0474846708447322,1.0028974890679856,0.0049109146045896,0.12596903603133294,1.0094024127102077,0.017931352763988283,0.04777911497334546,3.12485569297149e-05,0.002656456566453329,1.0058374350782509,0.1267496937623786,0.0003242298888777004,0.039959491763567924,1.0211767367330324
GPT-2 XL,CounterFact,AlphaEdit,Native,canonical,100,T03,GPT-2 XL|CounterFact|AlphaEdit|Native|canonical|100,unchanged_original,unchanged_original,1000,1000,90.8,0.003139683366176104,-0.01894537046812507,0.0722946930801521,1.006172450692958,0.0087188493061679,0.2088926269555479,1.0212219116488204,0.032924547102777854,0.0727974784195821,7.93611636485201e-05,0.00611576220060107,1.0124744900966018,0.21041085633369996,0.0008137469354676406,0.08478119480965636,1.0477042008088742
GPT-2 XL,CounterFact,AlphaEdit,Native,canonical,150,T03,GPT-2 XL|CounterFact|AlphaEdit|Native|canonical|150,unchanged_original,unchanged_original,1000,1000,86.9,0.0033050555418403745,-0.025414945811641908,0.1005309540482725,1.0089808880249924,0.0118304880952711,0.2770431869616373,1.0348754674600793,0.04546355106127315,0.10110972202463847,0.00012367161464101246,0.011457927457862496,1.0181917101561844,0.27901746629690455,0.001338096449350615,0.12695645413480303,1.07746465896087
GPT-2 XL,CounterFact,AlphaEdit,Native,canonical,200,T03,GPT-2 XL|CounterFact|AlphaEdit|Native|canonical|200,unchanged_original,unchanged_original,1000,1000,81.89999999999999,0.0024153809746214603,-0.03131017585938842,0.1157744022538229,1.009879259947088,0.0133157121213778,0.3313863195020739,1.0483374048431167,0.057776689723254004,0.11638726698725409,0.00014950916947336254,0.015069524868780375,1.0200497959874968,0.33371268723360714,0.0018374688142209713,0.1677969531658486,1.107014070261293
GPT-2 XL,CounterFact,AlphaEdit,Native,canonical,250,T03,GPT-2 XL|CounterFact|AlphaEdit|Native|canonical|250,unchanged_original,unchanged_original,1000,1000,74.5,0.0030187464230130123,-0.03631269587391016,0.133773363551827,1.0129809091948014,0.0159403513172637,0.3818997545644875,1.0624849763210753,0.07033501607354987,0.13442498402995492,0.0001876237431745928,0.020177223839608807,1.0264023404288094,0.3845090829470355,0.0022911009640179366,0.20859619445804975,1.1382619036742478
GPT-2 XL,CounterFact,AlphaEdit,Native,canonical,300,T03,GPT-2 XL|CounterFact|AlphaEdit|Native|canonical|300,unchanged_original,unchanged_original,1000,1000,67.9,0.0025853635940202495,-0.040987802492189106,0.1549613538357203,1.0158489509543394,0.0190027464448553,0.4329082308563582,1.0777752100481377,0.08373885169964575,0.15569232716279038,0.00023945260710084678,0.026913033288255495,1.032323213083397,0.43572996258629987,0.002712414027346531,0.2511087773983762,1.1718455864413448
GPT-2 XL,CounterFact,AlphaEdit,Native,canonical,500,T03,GPT-2 XL|CounterFact|AlphaEdit|Native|canonical|500,unchanged_original,unchanged_original,1000,1000,59.0,-0.00027812256075968554,-0.05422912531602597,0.2073123301173257,1.0235458412783875,0.0265434379954881,0.5855222552170648,1.134665152636536,0.13698546799041378,0.2081259518165523,0.00035220700606002677,0.04860495796382402,1.0484009198483646,0.588878843030537,0.00419349781009409,0.40406006148732176,1.2997953086653642
GPT-2 XL,CounterFact,AlphaEdit,Native,canonical,750,T03,GPT-2 XL|CounterFact|AlphaEdit|Native|canonical|750,unchanged_original,unchanged_original,1000,1000,54.0,-0.0009042152615890761,-0.06741655277583217,0.2551194279444406,1.034440402207411,0.0369106864308776,0.7353727890486481,1.2021497093348879,0.2027615803605358,0.25607234861071276,0.0005096858357576068,0.07250241097064827,1.0712036662832276,0.7392661686042166,0.005983304658693244,0.5852477365730396,1.4563979356800691
GPT-2 XL,CounterFact,AlphaEdit,Native,canonical,1000,T03,GPT-2 XL|CounterFact|AlphaEdit|Native|canonical|1000,unchanged_original,unchanged_original,1000,1000,48.3,-0.003098528663262331,-0.07809444726753101,0.2952083292988204,1.0436988244810363,0.045750660131557,0.8526534247413078,1.2614724911238788,0.26147282838175084,0.29623178517256465,0.0006303608315368179,0.09636633765544995,1.0907996411604621,0.8569783291625983,0.007718718284772315,0.7464115629524722,1.5979413867021826
GPT-2 XL,CounterFact,AlphaEdit,SADR,canonical,50,T04,GPT-2 XL|CounterFact|AlphaEdit|SADR|canonical|50,unchanged_original,unchanged_original,1000,1000,95.89999999999999,0.0005624451144501196,-0.006292910234560156,0.0404554024368815,1.0014531701504237,0.0030885696033858,0.12159527158561557,1.0121544287540936,0.016659075579354442,0.04060886904247652,1.2430688737338454e-05,0.0017838673893131672,1.0029211883069507,0.12199256942725469,0.00019163029312862506,0.03924489378555989,1.0268507036095689
GPT-2 XL,CounterFact,AlphaEdit,SADR,canonical,100,T04,GPT-2 XL|CounterFact|AlphaEdit|SADR|canonical|100,unchanged_original,unchanged_original,1000,1000,92.60000000000001,0.001196272442101414,-0.012610268389005587,0.0574589762087054,1.0029678494972665,0.005099431429967,0.19894137651114552,1.0256047424964432,0.0314747143199245,0.05774358810773445,3.489773866259248e-05,0.0035516012951108565,1.0059790439179763,0.19973298764380712,0.00046089412459376423,0.08155568042920185,1.056796037775785
GPT-2 XL,CounterFact,AlphaEdit,SADR,canonical,150,T04,GPT-2 XL|CounterFact|AlphaEdit|SADR|canonical|150,unchanged_original,unchanged_original,1000,1000,89.3,0.0012390453913561244,-0.017743854537021434,0.0797595851269209,1.0046520705213713,0.0070050902685541,0.26678081601555254,1.0403500242124697,0.04566385011053605,0.08011199314630055,6.058419625158928e-05,0.006847633716967868,1.0093863086959316,0.2678751054013279,0.0007994564903967662,0.12380985606533863,1.089121603481693
GPT-2 XL,CounterFact,AlphaEdit,SADR,canonical,200,T04,GPT-2 XL|CounterFact|AlphaEdit|SADR|canonical|200,unchanged_original,unchanged_original,1000,1000,86.0,0.0015805732958108065,-0.02203638318522925,0.0906122487103677,1.005962506330479,0.0083043472377053,0.3204001691265251,1.0547358814494627,0.05917434743020014,0.09103700187952257,8.218601156201671e-05,0.008799704485114202,1.0120430370882978,0.3216893352969352,0.0010828797657594503,0.16392853772277954,1.120938651118081
GPT-2 XL,CounterFact,AlphaEdit,SADR,canonical,250,T04,GPT-2 XL|CounterFact|AlphaEdit|SADR|canonical|250,unchanged_original,unchanged_original,1000,1000,81.6,0.0022178628900907755,-0.02614119251407168,0.1022900962586747,1.0077935772879072,0.0098148129046586,0.37148995156794595,1.0699717990589133,0.07349574041335094,0.1027612979734277,0.00010267182856223004,0.01121471489897824,1.015753112507722,0.3729770015992197,0.0013838717387298196,0.20588938821722574,1.1549908749278126
GPT-2 XL,CounterFact,AlphaEdit,SADR,canonical,300,T04,GPT-2 XL|CounterFact|AlphaEdit|SADR|canonical|300,unchanged_original,unchanged_original,1000,1000,77.4,0.003315095268004879,-0.029880592333376463,0.1176468037313005,1.010683249969635,0.0121718815513009,0.4237968545989623,1.0862617126981187,0.0888705566635696,0.11820232400318127,0.00014293782645891578,0.014857563103334272,1.0216306914658029,0.42544305572177676,0.001667844955421338,0.24923681246866747,1.1911434727573365
GPT-2 XL,CounterFact,AlphaEdit,SADR,canonical,500,T04,GPT-2 XL|CounterFact|AlphaEdit|SADR|canonical|500,unchanged_original,unchanged_original,1000,1000,66.8,0.0016751126984580966,-0.03972257370815259,0.150390141511766,1.0137150995005106,0.0155445892468739,0.581651066787416,1.1474694892194712,0.14865803831342173,0.15098054745119804,0.00019304212055556617,0.024334389252347176,1.027877656769819,0.5835999770191943,0.0025031956392552,0.40757699653331336,1.3306350447562638
GPT-2 XL,CounterFact,AlphaEdit,SADR,canonical,750,T04,GPT-2 XL|CounterFact|AlphaEdit|SADR|canonical|750,unchanged_original,unchanged_original,1000,1000,59.5,0.001236293225055615,-0.04851150598276211,0.1883008633255203,1.0199884794581509,0.0218059971136232,0.7450518543064663,1.2243186456739366,0.22461807511714205,0.1889597808792256,0.0002573480249873348,0.03804158409533996,1.0407715185704385,0.7472666445643673,0.0034786504254760036,0.6054152537137046,1.5118708921736566
GPT-2 XL,CounterFact,AlphaEdit,SADR,canonical,1000,T04,GPT-2 XL|CounterFact|AlphaEdit|SADR|canonical|1000,unchanged_original,unchanged_original,1000,1000,53.6,-3.147494159815517e-05,-0.0561606297821245,0.2184527994145153,1.0250469755811364,0.0264966708750745,0.8760114111615501,1.2927847115570998,0.292785007340049,0.21917894513702907,0.00033481223853332865,0.05100504713419273,1.0512769094895298,0.8784125388324139,0.0043212035430912924,0.7872633069478346,1.6792632509266772
GPT-2 XL,CounterFact,AlphaEdit,SPHERE,canonical,50,SPHERE_corrected_CounterFact_AlphaEdit,GPT-2 XL|CounterFact|AlphaEdit|SPHERE|canonical|50,GPT2_SPHERE_semantic_input_axis_corrected_20260927,GPT2_SPHERE_semantic_input_axis_corrected_20260927,1000,1000,94.8,0.0017140258250604337,-0.009314514702569183,0.047619877304526576,1.0030379800749707,0.00498769182156253,0.1252176280939193,1.0093399883677003,0.01758059625612757,0.047919770900401525,3.1946011769201216e-05,0.0026594959589385492,1.0061194936208284,0.12598248144385835,0.00032004078096114184,0.039264002486072216,1.020955013861895
GPT-2 XL,CounterFact,AlphaEdit,SPHERE,canonical,100,SPHERE_corrected_CounterFact_AlphaEdit,GPT-2 XL|CounterFact|AlphaEdit|SPHERE|canonical|100,GPT2_SPHERE_semantic_input_axis_corrected_20260927,GPT2_SPHERE_semantic_input_axis_corrected_20260927,1000,1000,91.60000000000001,0.003175890314528839,-0.018312109528881272,0.07200583084403184,1.0061670749764218,0.008693963571615119,0.2068362983062097,1.0210607104364056,0.03227453930529438,0.07250475935422308,7.781499365032211e-05,0.006031452384634051,1.0124610480073422,0.2083029989313594,0.0007852644334379999,0.08301938562023978,1.0471804309959152
GPT-2 XL,CounterFact,AlphaEdit,SPHERE,canonical,150,SPHERE_corrected_CounterFact_AlphaEdit,GPT-2 XL|CounterFact|AlphaEdit|SPHERE|canonical|150,GPT2_SPHERE_semantic_input_axis_corrected_20260927,GPT2_SPHERE_semantic_input_axis_corrected_20260927,1000,1000,86.9,0.003665014364782725,-0.024222754655161778,0.09928758131965976,1.0091763757119319,0.011786526968959635,0.2739486701724974,1.0348251137726519,0.04487072535799607,0.09986090765485386,0.0001214433932857267,0.011129831852977785,1.018581303975829,0.27582563749892747,0.0012633090370217789,0.12432485923092507,1.0771426589576234
GPT-2 XL,CounterFact,AlphaEdit,SPHERE,canonical,200,SPHERE_corrected_CounterFact_AlphaEdit,GPT-2 XL|CounterFact|AlphaEdit|SPHERE|canonical|200,GPT2_SPHERE_semantic_input_axis_corrected_20260927,GPT2_SPHERE_semantic_input_axis_corrected_20260927,1000,1000,82.89999999999999,0.0027231327553504086,-0.030098732317435883,0.1146007596804173,1.0100043144088746,0.013137876553706518,0.3283553349691473,1.0481274020326063,0.057179386102679974,0.11518752609685409,0.0001413149726816919,0.014702596440598351,1.0202901769239807,0.3305788914998916,0.0017417340452463722,0.16483823020626684,1.1063824996166414
GPT-2 XL,CounterFact,AlphaEdit,SPHERE,canonical,250,SPHERE_corrected_CounterFact_AlphaEdit,GPT-2 XL|CounterFact|AlphaEdit|SPHERE|canonical|250,GPT2_SPHERE_semantic_input_axis_corrected_20260927,GPT2_SPHERE_semantic_input_axis_corrected_20260927,1000,1000,75.9,0.003425187075158214,-0.0352013836307102,0.1326000531412829,1.0131593900551703,0.01586524070897185,0.3795752009750495,1.0623637330813298,0.06990722993875816,0.1332257207086423,0.0001769568827962179,0.0197179691531264,1.026745300186239,0.38208795539376333,0.00219897588637982,0.20605381447390816,1.1378500230988675
GPT-2 XL,CounterFact,AlphaEdit,SPHERE,canonical,300,SPHERE_corrected_CounterFact_AlphaEdit,GPT-2 XL|CounterFact|AlphaEdit|SPHERE|canonical|300,GPT2_SPHERE_semantic_input_axis_corrected_20260927,GPT2_SPHERE_semantic_input_axis_corrected_20260927,1000,1000,71.0,0.0036947338844618917,-0.039618293823724185,0.15280081247998734,1.0164707686999324,0.01922596782474942,0.4301828678745918,1.0776127918259522,0.08341954418087993,0.15353032206683082,0.00023590071089484794,0.025937136382279586,1.0335625048620982,0.4329078030847442,0.0025952064717915226,0.24798417433172334,1.1713427931560663
GPT-2 XL,CounterFact,AlphaEdit,SPHERE,canonical,500,SPHERE_corrected_CounterFact_AlphaEdit,GPT-2 XL|CounterFact|AlphaEdit|SPHERE|canonical|500,GPT2_SPHERE_semantic_input_axis_corrected_20260927,GPT2_SPHERE_semantic_input_axis_corrected_20260927,1000,1000,60.699999999999996,0.0010130929823425861,-0.05191739964795956,0.2013897862784636,1.0232070078408075,0.025877064079634846,0.5829205429156707,1.1352671139698414,0.13747163036012586,0.20220429346781668,0.00034458307733995397,0.045240940978205066,1.04761171002023,0.5860729795349138,0.003914110580714292,0.40118826819184544,1.3012675794766406
GPT-2 XL,CounterFact,AlphaEdit,SPHERE,canonical,750,SPHERE_corrected_CounterFact_AlphaEdit,GPT-2 XL|CounterFact|AlphaEdit|SPHERE|canonical|750,GPT2_SPHERE_semantic_input_axis_corrected_20260927,GPT2_SPHERE_semantic_input_axis_corrected_20260927,1000,1000,53.6,0.0006806223210699854,-0.06413701534181934,0.24738569445232428,1.0335781679076923,0.03558290662849588,0.7325578613809284,1.2031582286018345,0.20380768975974126,0.24831870801444272,0.0004846858718385787,0.06743390771904294,1.0692798382330215,0.7361688121305096,0.005547004994959053,0.581546290141051,1.4588192644523712
GPT-2 XL,CounterFact,AlphaEdit,SPHERE,canonical,1000,SPHERE_corrected_CounterFact_AlphaEdit,GPT-2 XL|CounterFact|AlphaEdit|SPHERE|canonical|1000,GPT2_SPHERE_semantic_input_axis_corrected_20260927,GPT2_SPHERE_semantic_input_axis_corrected_20260927,1000,1000,49.4,-0.0015321821350615967,-0.07389308106273094,0.2850082216797173,1.0416193004364835,0.04377742375643015,0.8500457316107477,1.262791874046783,0.2627918740467832,0.285990218295242,0.0005740675702021943,0.08875729471584683,1.0862669980159259,0.8539882175141108,0.00703202115567589,0.7416799001593938,1.6009257591896078
GPT-2 XL,CounterFact,MEMIT,ENCORE,canonical,50,T06,GPT-2 XL|CounterFact|MEMIT|ENCORE|canonical|50,unchanged_original,unchanged_original,1000,1000,95.0,0.00010443799461486065,-0.01241296384298079,0.0264844569886779,1.0005282786878436,0.001793623990469,0.10086268642155898,0.996880131403046,0.00849380460419383,0.026573001242603207,5.15763975418024e-06,0.0008486337621069196,1.0010626673910907,0.10174711654393119,0.00030740104291686614,0.01850440064378861,0.9939858740007443
GPT-2 XL,CounterFact,MEMIT,ENCORE,canonical,100,T06,GPT-2 XL|CounterFact|MEMIT|ENCORE|canonical|100,unchanged_original,unchanged_original,1000,1000,88.5,0.00046474103475800557,-0.024742768698632785,0.0462633254484156,1.0017617008667856,0.0034592457092371,0.18074944067552304,0.9992482128653398,0.01394208919736558,0.046417125243187654,1.6240986536906464e-05,0.0026021391104306766,1.0035478621664835,0.18263321151705617,0.0009468872462116985,0.0475696937881803,0.9990310436371269
GPT-2 XL,CounterFact,MEMIT,ENCORE,canonical,150,T06,GPT-2 XL|CounterFact|MEMIT|ENCORE|canonical|150,unchanged_original,unchanged_original,1000,1000,82.39999999999999,0.0002496099929290958,-0.03352287072028581,0.0639706894593347,1.0026712109897915,0.0046596447923818,0.23964092547493687,1.0044770047254046,0.017475545102707435,0.06415424284341735,2.5994066551538893e-05,0.004862233886935298,1.005387447939345,0.24222378797927768,0.0015676778602155758,0.0752676191000315,1.0097895555196759
GPT-2 XL,CounterFact,MEMIT,ENCORE,canonical,200,T06,GPT-2 XL|CounterFact|MEMIT|ENCORE|canonical|200,unchanged_original,unchanged_original,1000,1000,75.9,-0.00011847131550478682,-0.04156158303084452,0.0799827820258217,1.0035782345405275,0.0058660914856176,0.2917210650330555,1.0118301021218583,0.022010063192817755,0.08019824210061617,3.606046064882533e-05,0.007423683211968212,1.0072228010416076,0.29494739395203484,0.002303283447894901,0.10574613162223374,1.0249262490084399
GPT-2 XL,CounterFact,MEMIT,ENCORE,canonical,250,T06,GPT-2 XL|CounterFact|MEMIT|ENCORE|canonical|250,unchanged_original,unchanged_original,1000,1000,70.19999999999999,-0.0004927836951930319,-0.04782253718980492,0.0958307613873396,1.004711626952521,0.0069799038297798,0.33674478622706433,1.020215346311499,0.027458097134027512,0.09606725746756968,4.761180727531241e-05,0.010455295817489158,1.0095173402343784,0.34042031325112576,0.0029186125036765012,0.13495289336455396,1.0422264314886212
GPT-2 XL,CounterFact,MEMIT,ENCORE,canonical,300,T06,GPT-2 XL|CounterFact|MEMIT|ENCORE|canonical|300,unchanged_original,unchanged_original,1000,1000,63.4,-0.0008403991996716545,-0.05343643457644614,0.1099507175865266,1.0058878338837476,0.0080524106025265,0.3753031626432306,1.0279792896670963,0.03337039385541654,0.11020679090250278,5.9116173035781864e-05,0.013519022724871613,1.011897340498564,0.3793940302321679,0.003498884630978938,0.16164441269187899,1.0582704281699662
GPT-2 XL,CounterFact,MEMIT,ENCORE,canonical,500,T06,GPT-2 XL|CounterFact|MEMIT|ENCORE|canonical|500,unchanged_original,unchanged_original,1000,1000,52.800000000000004,-0.0026016266547484205,-0.06788120147825055,0.14201323542391,1.008333745149151,0.0102275828747281,0.47181829400523945,1.0528586528035822,0.05508345129111775,0.14231369158761084,8.864370429553851e-05,0.021973274801692252,1.0168586651964908,0.4770146046758441,0.0053229023634798365,0.24087647053302308,1.1104369699400025
GPT-2 XL,CounterFact,MEMIT,ENCORE,canonical,750,T06,GPT-2 XL|CounterFact|MEMIT|ENCORE|canonical|750,unchanged_original,unchanged_original,1000,1000,45.6,-0.0038992072836831052,-0.07854523689981258,0.1628196513534409,1.0103615112210849,0.0120698923056769,0.5399175577301908,1.07433754364589,0.07534345121620623,0.163154974090116,0.00011401980150032337,0.028658960344179238,1.0209745655783133,0.5459728736457214,0.006895554094195312,0.30650362683980303,1.1563087071343736
GPT-2 XL,CounterFact,MEMIT,ENCORE,canonical,1000,T06,GPT-2 XL|CounterFact|MEMIT|ENCORE|canonical|1000,unchanged_original,unchanged_original,1000,1000,39.5,-0.004857118661171331,-0.08554143890186287,0.179727470086691,1.012428866640192,0.0140442492653983,0.5902549119055311,1.0931865783607475,0.09325441292687388,0.18011409541688786,0.0001453702908849833,0.03475940343855813,1.0251905364071003,0.5968143970443379,0.008043001439419797,0.36025128828153574,1.1972114119172301
GPT-2 XL,CounterFact,MEMIT,NAS,canonical,50,T07,GPT-2 XL|CounterFact|MEMIT|NAS|canonical|50,unchanged_original,unchanged_original,1000,1000,94.1,0.00014545510224838593,-0.013450998418247064,0.0279200179848996,1.0006208823373648,0.0019516444774504,0.11049188362940884,0.9976929204118182,0.009050895635419286,0.028017349814225028,5.9209417566995465e-06,0.0009522455072634946,1.001249076653517,0.11143369213002305,0.0003701203315463345,0.022246366565123424,0.9957144900601761
GPT-2 XL,CounterFact,MEMIT,NAS,canonical,100,T07,GPT-2 XL|CounterFact|MEMIT|NAS|canonical|100,unchanged_original,unchanged_original,1000,1000,84.3,0.0005516760750287626,-0.027944796158521065,0.0544526731440091,1.00239346627229,0.0043198950392058,0.2153164469120733,1.0057412308390838,0.017234829357036546,0.05464135339657569,2.3208237751649465e-05,0.003700112538288253,1.0048266729260975,0.2173410586124905,0.0012085777221140233,0.06734992999563263,1.012668915400705
GPT-2 XL,CounterFact,MEMIT,NAS,canonical,150,T07,GPT-2 XL|CounterFact|MEMIT|NAS|canonical|150,unchanged_original,unchanged_original,1000,1000,72.1,0.00046424822612195244,-0.04012540254199476,0.0803548845674922,1.0042876925709183,0.0064379969588471,0.303081377075579,1.0192312923092124,0.027131417292739057,0.08059228177667886,4.133642585877195e-05,0.007691152418779765,1.0086609852968824,0.3060271202324104,0.002250562843716839,0.11890408139004771,1.0409038391497756
GPT-2 XL,CounterFact,MEMIT,NAS,canonical,200,T07,GPT-2 XL|CounterFact|MEMIT|NAS|canonical|200,unchanged_original,unchanged_original,1000,1000,62.9,-9.374723780853858e-05,-0.05109689583699675,0.1030500153304381,1.0060097874937557,0.0083283163969717,0.38395685936245166,1.0388167588944193,0.04385370122310853,0.10332353092406092,5.872613193116363e-05,0.012283984999222964,1.012155216655537,0.3876795217801349,0.0034637566504831367,0.18135190320597327,1.0826218681824635
GPT-2 XL,CounterFact,MEMIT,NAS,canonical,250,T07,GPT-2 XL|CounterFact|MEMIT|NAS|canonical|250,unchanged_original,unchanged_original,1000,1000,52.1,-0.0007999634432282126,-0.06016669049659454,0.1241326455965051,1.007863566932446,0.0101905264735052,0.4548384189056325,1.0600918356230813,0.06320261987202327,0.12444056957512052,7.89512845402851e-05,0.017444948623814217,1.015923973021898,0.45915757541723673,0.004584777769169322,0.24444016675529923,1.12869156353128
GPT-2 XL,CounterFact,MEMIT,NAS,canonical,300,T07,GPT-2 XL|CounterFact|MEMIT|NAS|canonical|300,unchanged_original,unchanged_original,1000,1000,42.699999999999996,-0.0010344494687555188,-0.06558954510400407,0.1459809847311301,1.0107838669728668,0.0126397579778217,0.5247271286178957,1.0875954307149414,0.08925975713663385,0.14630424760768473,9.737972145105773e-05,0.02383386252594041,1.0218623433098803,0.5291882723395213,0.005269959852704739,0.31545528568591685,1.1895461553306141
GPT-2 XL,CounterFact,MEMIT,NAS,canonical,500,T07,GPT-2 XL|CounterFact|MEMIT|NAS|canonical|500,unchanged_original,unchanged_original,1000,1000,21.0,-0.00331291507587351,-0.0817975578246276,0.2285922752111174,1.0253284099701128,0.0259327813061789,0.8043122971988474,1.238418943170594,0.23862422447418744,0.22898656112066595,0.0001834995648275285,0.0582661082912359,1.0518237777043165,0.8089133875564207,0.007822756319102077,0.7127357905208137,1.556963431190661
GPT-2 XL,CounterFact,MEMIT,NAS,canonical,750,T07,GPT-2 XL|CounterFact|MEMIT|NAS|canonical|750,unchanged_original,unchanged_original,1000,1000,19.0,-0.006678865735669984,-0.09373335730495802,0.2988411813638287,1.0420158017465655,0.042318104995199,1.010130258888302,1.3737565554425104,0.3737718777700794,0.2993432948569209,0.00030913812312474714,0.10009110216581339,1.087042508817598,1.0149733530409584,0.010012485117809028,1.1062206052249943,1.928766375732888
GPT-2 XL,CounterFact,MEMIT,NAS,canonical,1000,T07,GPT-2 XL|CounterFact|MEMIT|NAS|canonical|1000,unchanged_original,unchanged_original,1000,1000,18.4,-0.011261474846332433,-0.10803896221285879,0.3218096556492358,1.0452952593538516,0.0455755010852211,1.063446612161898,1.4019756316452028,0.401990969590291,0.32246697132720137,0.00045555655574140377,0.11619860292331369,1.0941312097863902,1.0694205342458658,0.013011689867551229,1.2061990060023693,2.0031327714442035
GPT-2 XL,CounterFact,MEMIT,Native,canonical,50,T08,GPT-2 XL|CounterFact|MEMIT|Native|canonical|50,unchanged_original,unchanged_original,1000,1000,94.0,0.00016228654627066232,-0.013384553770306855,0.0292362017760301,1.0006911818516513,0.0020636435471949,0.1118887569373235,0.9978708946899467,0.008994914295289437,0.029339322645573228,6.545159037380508e-06,0.0010595305471002149,1.0013906487986788,0.1128157126900927,0.00036509735808329104,0.022449249489055967,0.996045239306526
GPT-2 XL,CounterFact,MEMIT,Native,canonical,100,T08,GPT-2 XL|CounterFact|MEMIT|Native|canonical|100,unchanged_original,unchanged_original,1000,1000,83.89999999999999,0.0007218870033143702,-0.027959134253594167,0.0563436596601034,1.0026948044786728,0.0045063020410331,0.21837155345984013,1.006236073095183,0.017376693001790677,0.05653733925302759,2.4750225120728132e-05,0.003965123591478729,1.0054336478232282,0.2203784926108031,0.0011997070961560058,0.06836251089545352,1.0136439494844216
GPT-2 XL,CounterFact,MEMIT,Native,canonical,150,T08,GPT-2 XL|CounterFact|MEMIT|Native|canonical|150,unchanged_original,unchanged_original,1000,1000,70.1,0.0003436747456573072,-0.04046644840249344,0.0837756501016414,1.0045268271030965,0.0067161314288759,0.3100944906437424,1.0210136856093686,0.028317185106416554,0.08402037331925873,4.445364170494785e-05,0.008419253097509426,1.009151056230529,0.3130274674789811,0.002261019932706809,0.12333949074733115,1.0446676138750515
GPT-2 XL,CounterFact,MEMIT,Native,canonical,200,T08,GPT-2 XL|CounterFact|MEMIT|Native|canonical|200,unchanged_original,unchanged_original,1000,1000,61.199999999999996,-0.00029846150858841257,-0.0524448250733029,0.108268669736072,1.0064694922747388,0.0088131179140503,0.3911856897698992,1.0397998301074713,0.044609050170301486,0.10855010689647358,6.299459815562658e-05,0.013630704336383375,1.0130967759173621,0.3950321908869231,0.0036010695735705605,0.18591960925166068,1.0846310286786258
GPT-2 XL,CounterFact,MEMIT,Native,canonical,250,T08,GPT-2 XL|CounterFact|MEMIT|Native|canonical|250,unchanged_original,unchanged_original,1000,1000,50.0,-0.0008450489403232988,-0.06222144802822421,0.13109471155049,1.008885705788691,0.011080362447847,0.46311919655480493,1.0610420041344355,0.06389726672301016,0.13141595889717536,8.668052411741902e-05,0.019616525110431462,1.0180131077539023,0.46763642727659727,0.004841594065025742,0.2500109662380079,1.1304096642465857
GPT-2 XL,CounterFact,MEMIT,Native,canonical,300,T08,GPT-2 XL|CounterFact|MEMIT|Native|canonical|300,unchanged_original,unchanged_original,1000,1000,43.0,-0.0014906819831901777,-0.06870104633470213,0.1526106096788567,1.0115244088238418,0.013441543637283,0.5261163247785968,1.084000247904071,0.08561289946845795,0.1529596497592895,0.00010914425027458943,0.02626389445113291,1.0233916747350271,0.5309461231801822,0.005692206635798423,0.31230083313316814,1.1805909470995628
GPT-2 XL,CounterFact,MEMIT,Native,canonical,500,T08,GPT-2 XL|CounterFact|MEMIT|Native|canonical|500,unchanged_original,unchanged_original,1000,1000,30.0,-0.004276512329827815,-0.08619501236086302,0.2043366418735264,1.0187534383220398,0.0198782584546351,0.6822787753786788,1.1533081717143459,0.15363535414880256,0.2047599623108763,0.00018031519297665536,0.0465915041811902,1.0382187947145112,0.6880967222459923,0.008516746606442346,0.5031899904935815,1.3393167123782983
GPT-2 XL,CounterFact,MEMIT,Native,canonical,750,T08,GPT-2 XL|CounterFact|MEMIT|Native|canonical|750,unchanged_original,unchanged_original,1000,1000,27.6,-0.008331289104358607,-0.10218263847641967,0.2484191525981379,1.025662833880721,0.0266001204915295,0.8065114409432201,1.2185048200904935,0.21857328154049516,0.24899697116862402,0.0003095179809752221,0.06892174086280065,1.0525686806350587,0.8134064551252748,0.011548273716599751,0.6917855450721349,1.4989685418358956
GPT-2 XL,CounterFact,MEMIT,Native,canonical,1000,T08,GPT-2 XL|CounterFact|MEMIT|Native|canonical|1000,unchanged_original,unchanged_original,1000,1000,20.599999999999998,-0.0135650519419947,-0.12292590582740667,0.2856526914038595,1.0315754183400232,0.0324099835149061,0.9193747209843871,1.2822235474544128,0.28222512818256107,0.28647861572751127,0.0005289346102313229,0.09163583018720485,1.0650346609134467,0.9280202463336908,0.016423160196706903,0.893871848060748,1.664443196602642
GPT-2 XL,CounterFact,MEMIT,SADR,canonical,50,T09,GPT-2 XL|CounterFact|MEMIT|SADR|canonical|50,unchanged_original,unchanged_original,1000,1000,94.6,-0.000345322830886738,-0.008917692120123782,0.0264686921010092,1.0000794560109223,0.0013088225879552,0.10805687180313515,1.0018791699216922,0.0075997846567081055,0.026516827436862272,2.65469104880394e-06,0.000850317293614268,1.0001623263228896,0.10853021564305151,0.00020109234871208936,0.02177274308220817,1.0041384511906732
GPT-2 XL,CounterFact,MEMIT,SADR,canonical,100,T09,GPT-2 XL|CounterFact|MEMIT|SADR|canonical|100,unchanged_original,unchanged_original,1000,1000,86.5,-0.0008599981009523291,-0.018303822692784112,0.0410710021247115,1.000164485839029,0.0021941107751339,0.20931393622729894,1.0146619180172927,0.019213332022280736,0.04116424832072585,7.8618296913943e-06,0.0020512663107143158,1.000339131938501,0.2102940348726973,0.0006191005055533194,0.0671850506027739,1.0311965057227594
GPT-2 XL,CounterFact,MEMIT,SADR,canonical,150,T09,GPT-2 XL|CounterFact|MEMIT|SADR|canonical|150,unchanged_original,unchanged_original,1000,1000,75.2,-0.0015657421494023088,-0.027440763952975702,0.0564494394715464,1.0004172980543424,0.0031363183527079,0.29535500886649013,1.0316260745875026,0.03544230738322267,0.056586953760719205,1.5960504116405663e-05,0.003974706621692467,1.0008591828270041,0.29689011366598567,0.001199309882594888,0.1215957195473548,1.0679135015239987
GPT-2 XL,CounterFact,MEMIT,SADR,canonical,200,T09,GPT-2 XL|CounterFact|MEMIT|SADR|canonical|200,unchanged_original,unchanged_original,1000,1000,64.5,-0.00214869749523544,-0.035285054719698165,0.0694492201854699,1.0008596200158666,0.0038435533321302,0.37620112319271515,1.0547485339662908,0.057540257876993225,0.06961269712632866,2.2958477411821528e-05,0.0060329067934520265,1.0017584702803928,0.37816483266987416,0.001849022646363681,0.18782419753282867,1.1191031107397964
GPT-2 XL,CounterFact,MEMIT,SADR,canonical,250,T09,GPT-2 XL|CounterFact|MEMIT|SADR|canonical|250,unchanged_original,unchanged_original,1000,1000,51.4,-0.002843712780551752,-0.04127560760759592,0.0844813637440893,1.0016627774578637,0.004871458181922,0.4543481554105738,1.0831516560395922,0.08503083808801588,0.08467166950948589,3.2461126068057957e-05,0.009049372194019408,1.0033944077589838,0.4565606942294919,0.0024086176327014538,0.2642560931504548,1.1841134955679646
GPT-2 XL,CounterFact,MEMIT,SADR,canonical,300,T09,GPT-2 XL|CounterFact|MEMIT|SADR|canonical|300,unchanged_original,unchanged_original,1000,1000,41.6,-0.00307924583035849,-0.04761592715055943,0.100135740734081,1.0033007350060403,0.0061858237303987,0.5263524663454138,1.111054324919012,0.11243462174991839,0.10033361037077287,3.9789021952977984e-05,0.012839978262843624,1.0067212756240798,0.5288765670770704,0.003059722296051084,0.3410518807194568,1.2488797487143897
GPT-2 XL,CounterFact,MEMIT,SADR,canonical,500,T09,GPT-2 XL|CounterFact|MEMIT|SADR|canonical|500,unchanged_original,unchanged_original,1000,1000,26.700000000000003,-0.004509106444511208,-0.06346913794071923,0.1421144555646333,1.0081717229331366,0.0105702802697686,0.7237444194209866,1.2076094769820618,0.20808929836233245,0.1423664387499108,7.168762106407298e-05,0.02564137860511039,1.0166948533371523,0.7269755015594979,0.005122212007963559,0.609421432994623,1.4876053691211484
GPT-2 XL,CounterFact,MEMIT,SADR,canonical,750,T09,GPT-2 XL|CounterFact|MEMIT|SADR|canonical|750,unchanged_original,unchanged_original,1000,1000,20.5,-0.006917601507631126,-0.08477942715687306,0.1799172478282131,1.0132172305757678,0.0151603704250483,0.9239884244265623,1.325029104063308,0.3251891916066602,0.18026154395064678,0.00013309159244564748,0.040853200161791066,1.0271510887389745,0.9283512570311431,0.008655910686911504,0.9712935230083963,1.8103905793815622
GPT-2 XL,CounterFact,MEMIT,SADR,canonical,1000,T09,GPT-2 XL|CounterFact|MEMIT|SADR|canonical|1000,unchanged_original,unchanged_original,1000,1000,14.099999999999998,-0.010700138895283788,-0.10998726654816872,0.2076183990603926,1.0161027243140273,0.017900725440819,1.1397855834833,1.473218786231651,0.4732190994630454,0.20812084684142554,0.000254159192207827,0.05436758475819276,1.0332214661598331,1.1456150075305263,0.014303891455879788,1.4844844623571285,2.278813820716671
GPT-2 XL,CounterFact,MEMIT,SPHERE,canonical,50,SPHERE_corrected_CounterFact_MEMIT,GPT-2 XL|CounterFact|MEMIT|SPHERE|canonical|50,GPT2_SPHERE_semantic_input_axis_corrected_20260927,GPT2_SPHERE_semantic_input_axis_corrected_20260927,1000,1000,95.0,2.5464057465933686e-05,-0.012210377040023281,0.026967871818129208,1.0004622503276253,0.0019519192890340698,0.10035090813770565,0.9971061004639517,0.00827129665999631,0.027070319597550883,5.843056046987465e-06,0.0008746172914210204,1.0009313884623998,0.10121435032058386,0.00031148871032266745,0.018542166651233885,0.99443290128151
GPT-2 XL,CounterFact,MEMIT,SPHERE,canonical,100,SPHERE_corrected_CounterFact_MEMIT,GPT-2 XL|CounterFact|MEMIT|SPHERE|canonical|100,GPT2_SPHERE_semantic_input_axis_corrected_20260927,GPT2_SPHERE_semantic_input_axis_corrected_20260927,1000,1000,88.6,0.0007309011917410407,-0.023867122849554556,0.047599351228187474,1.0021102160322952,0.003955800200796932,0.18139066156770076,1.0008482010148747,0.014322163515019845,0.04779157391622272,2.0381571458884716e-05,0.0027691262874986037,1.0042513102424395,0.18317502052018192,0.000918174927266295,0.04916575522799053,1.0023496844561477
GPT-2 XL,CounterFact,MEMIT,SPHERE,canonical,150,SPHERE_corrected_CounterFact_MEMIT,GPT-2 XL|CounterFact|MEMIT|SPHERE|canonical|150,GPT2_SPHERE_semantic_input_axis_corrected_20260927,GPT2_SPHERE_semantic_input_axis_corrected_20260927,1000,1000,82.89999999999999,0.0011527900549275765,-0.032648731949794195,0.06568505040611816,1.0037142961038403,0.0055942695973275345,0.23865666662357612,1.0058826732430057,0.018678391026454116,0.06592078529632198,3.447675437018871e-05,0.00515116206872065,1.0074912189329461,0.24116926502873584,0.001536349836152978,0.07655597417894938,1.012794860115514
GPT-2 XL,CounterFact,MEMIT,SPHERE,canonical,200,SPHERE_corrected_CounterFact_MEMIT,GPT-2 XL|CounterFact|MEMIT|SPHERE|canonical|200,GPT2_SPHERE_semantic_input_axis_corrected_20260927,GPT2_SPHERE_semantic_input_axis_corrected_20260927,1000,1000,77.10000000000001,0.0010609935635287515,-0.04041965365033528,0.0814597661367665,1.0049264137024807,0.0069532831530356954,0.2919074124496932,1.0144030270472284,0.02464195514324042,0.08172690499802064,4.609105041843044e-05,0.007777347291221602,1.0099454254686975,0.2950127458177151,0.0022400759998912534,0.10911200186662508,1.0305127705658457
GPT-2 XL,CounterFact,MEMIT,SPHERE,canonical,250,SPHERE_corrected_CounterFact_MEMIT,GPT-2 XL|CounterFact|MEMIT|SPHERE|canonical|250,GPT2_SPHERE_semantic_input_axis_corrected_20260927,GPT2_SPHERE_semantic_input_axis_corrected_20260927,1000,1000,67.0,0.0012426317962607536,-0.046278838151271914,0.09856008631731011,1.0067824769879803,0.00864144410931328,0.33965898785264476,1.0243489925131692,0.03170424578486652,0.09885120292025981,6.171467127025242e-05,0.011158967884078271,1.01370594614787,0.34314554206336473,0.002811458863274944,0.14096904762661938,1.0512228301873505
GPT-2 XL,CounterFact,MEMIT,SPHERE,canonical,300,SPHERE_corrected_CounterFact_MEMIT,GPT-2 XL|CounterFact|MEMIT|SPHERE|canonical|300,GPT2_SPHERE_semantic_input_axis_corrected_20260927,GPT2_SPHERE_semantic_input_axis_corrected_20260927,1000,1000,60.0,0.0016300200396431714,-0.05152005952128599,0.11422800511613024,1.008921449739382,0.010444161510661293,0.3832683486522162,1.0345873325288741,0.0396709375017435,0.1145542129988554,8.038746190631161e-05,0.01470267218191367,1.0180430997231065,0.3870715986363007,0.0033458512038772098,0.1722667551719457,1.072572487333251
GPT-2 XL,CounterFact,MEMIT,SPHERE,canonical,500,SPHERE_corrected_CounterFact_MEMIT,GPT-2 XL|CounterFact|MEMIT|SPHERE|canonical|500,GPT2_SPHERE_semantic_input_axis_corrected_20260927,GPT2_SPHERE_semantic_input_axis_corrected_20260927,1000,1000,46.2,0.0009656477112425985,-0.06655684490965069,0.15011988694392023,1.013191711059196,0.014404118591266155,0.5034376496854442,1.0707316936207423,0.07257033087431682,0.15048224384172346,0.0001163098308175389,0.02470372284376746,1.0267513280970701,0.5082261345799672,0.005240719556135098,0.27759581810023265,1.1497228478370662
GPT-2 XL,CounterFact,MEMIT,SPHERE,canonical,750,SPHERE_corrected_CounterFact_MEMIT,GPT-2 XL|CounterFact|MEMIT|SPHERE|canonical|750,GPT2_SPHERE_semantic_input_axis_corrected_20260927,GPT2_SPHERE_semantic_input_axis_corrected_20260927,1000,1000,39.4,0.00010398487669045913,-0.07709413892182539,0.17638353732636392,1.0168584045062299,0.017970421653461566,0.5963013383621666,1.1068642274882958,0.10753881041716912,0.1767790546630186,0.000145521208514204,0.03388769315337069,1.0342411841152659,0.601729465522044,0.00677810909093851,0.37666772685165617,1.229257558098944
GPT-2 XL,CounterFact,MEMIT,SPHERE,canonical,1000,SPHERE_corrected_CounterFact_MEMIT,GPT-2 XL|CounterFact|MEMIT|SPHERE|canonical|1000,GPT2_SPHERE_semantic_input_axis_corrected_20260927,GPT2_SPHERE_semantic_input_axis_corrected_20260927,1000,1000,30.0,-0.0005154203758629959,-0.0840925475042916,0.19647332393290567,1.0202110652438483,0.02120860898474698,0.6718339429665089,1.1423559592590349,0.14237840643075225,0.19690003519300414,0.00017391700311107379,0.04199576820046198,1.041138844451847,0.6775888843386314,0.007943964511964167,0.47032559030755133,1.3100844598109325
GPT-2 XL,zsRE,AlphaEdit,ENCORE,canonical,50,T11,GPT-2 XL|zsRE|AlphaEdit|ENCORE|canonical|50,unchanged_original,unchanged_original,1000,1000,93.73957775237956,-0.007055699315045389,-0.015873539888544643,0.0641608792353598,0.9952380871398157,0.006235759089879,0.1357758363316793,1.0042536418156292,0.020136810307648537,0.06481305762564792,9.78296960524101e-05,0.004549948974461595,0.9905363800404232,0.1370843460888857,0.0005023609759238327,0.04199356195026911,1.010748843149104
GPT-2 XL,zsRE,AlphaEdit,ENCORE,canonical,100,T11,GPT-2 XL|zsRE|AlphaEdit|ENCORE|canonical|100,unchanged_original,unchanged_original,1000,1000,90.9150392139196,-0.011692367417760514,-0.028058954497019922,0.094323315180474,0.9933612635827892,0.0088416252325384,0.21596245745046883,1.0119584029386284,0.03335232326147259,0.09543320686088128,0.00025268331280053566,0.009978813024579869,0.9868467615018595,0.21837852060961793,0.0012462645594911628,0.0830362181382978,1.0281645737037495
GPT-2 XL,zsRE,AlphaEdit,ENCORE,canonical,150,T11,GPT-2 XL|zsRE|AlphaEdit|ENCORE|canonical|150,unchanged_original,unchanged_original,1000,1000,89.27777699771303,-0.014718737712299862,-0.035946404952770725,0.1142202896816425,0.9926533413552094,0.010243034796735,0.28117529143132003,1.023538112978852,0.043273621672372385,0.11564039908458594,0.00038800803812327116,0.01452257220304941,0.9854731048165729,0.28418843279827977,0.001890359972852849,0.12343853390222037,1.0534360839695323
GPT-2 XL,zsRE,AlphaEdit,ENCORE,canonical,200,T11,GPT-2 XL|zsRE|AlphaEdit|ENCORE|canonical|200,unchanged_original,unchanged_original,1000,1000,88.01041703053518,-0.017475863118676365,-0.04309244162458815,0.1298704754363336,0.9920197171228456,0.0113968842550996,0.33749040495863164,1.0359353075343498,0.05369640437052125,0.1315759225059666,0.0005275671644720326,0.018668854589090515,0.9842446955162097,0.3410303143065453,0.002592255794818211,0.1638448025147793,1.0802521750604217
GPT-2 XL,zsRE,AlphaEdit,ENCORE,canonical,250,T11,GPT-2 XL|zsRE|AlphaEdit|ENCORE|canonical|250,unchanged_original,unchanged_original,1000,1000,86.38915059387709,-0.020477210071414113,-0.04669504170520876,0.1486569816471442,0.9919448790500028,0.0118197329684521,0.38352772083705505,1.0488404401957567,0.06260509509203548,0.1506025401145566,0.0006730718421839867,0.024394137677442942,0.9841127893767987,0.3871551748518274,0.002933012524593172,0.1984853761629064,1.1080283052770823
GPT-2 XL,zsRE,AlphaEdit,ENCORE,canonical,300,T11,GPT-2 XL|zsRE|AlphaEdit|ENCORE|canonical|300,unchanged_original,unchanged_original,1000,1000,84.68675312440992,-0.023623579823008823,-0.05005022942418431,0.1632436422558679,0.991379527837145,0.0126984217859997,0.42141288944358324,1.0601704056442123,0.07139379576033728,0.16551574403850464,0.0008563743259154307,0.029406618579080255,0.9830158332589781,0.4251744878644811,0.0033077663275537664,0.2291998911373414,1.132407198616527
GPT-2 XL,zsRE,AlphaEdit,ENCORE,canonical,500,T11,GPT-2 XL|zsRE|AlphaEdit|ENCORE|canonical|500,unchanged_original,unchanged_original,1000,1000,80.30877344706863,-0.027872638495308955,-0.05951037129655393,0.2017843220421874,0.9947157337321316,0.0141303282686644,0.5403387243210594,1.1022009612927672,0.10717618993775334,0.20441922512720687,0.0012016879767240618,0.04429113166059102,0.9897475426466972,0.5443706381998116,0.004482333514806844,0.3384918726829061,1.2239534636046054
GPT-2 XL,zsRE,AlphaEdit,ENCORE,canonical,750,T11,GPT-2 XL|zsRE|AlphaEdit|ENCORE|canonical|750,unchanged_original,unchanged_original,1000,1000,76.67341433098971,-0.030389976468651,-0.06710022653044828,0.2357351987822867,1.000035352443183,0.015803378705441,0.6506947908979137,1.1493381781285843,0.15085998381157578,0.23853720065543818,0.0014750707027248193,0.05978597142980996,1.0004810891952327,0.6548216490393703,0.005513375729377188,0.45785757776089553,1.3291705004293768
GPT-2 XL,zsRE,AlphaEdit,ENCORE,canonical,1000,T11,GPT-2 XL|zsRE|AlphaEdit|ENCORE|canonical|1000,unchanged_original,unchanged_original,1000,1000,73.61362153818581,-0.03409098961986564,-0.07442564900580666,0.2669203255666912,1.004641809107084,0.0175680421513523,0.7423994928869185,1.1914656381406494,0.19146563814064926,0.2699274589914,0.0017724820549866011,0.0762083061932483,1.0097988090085037,0.7467102136478496,0.0065874583974279595,0.5674069108158286,1.4251430712016435
GPT-2 XL,zsRE,AlphaEdit,NAS,canonical,50,T12,GPT-2 XL|zsRE|AlphaEdit|NAS|canonical|50,unchanged_original,unchanged_original,1000,1000,94.78062325895,-0.007652059122494203,-0.016682778369276046,0.0642716654205314,0.994656301808839,0.0068313472754218,0.13874192517156925,1.004885932129493,0.02127526835714088,0.06500916042364129,0.0001131155523663264,0.004574011687578894,0.9893830089949569,0.14012347944426076,0.0005744616605422173,0.04527999603101746,1.012488900953008
GPT-2 XL,zsRE,AlphaEdit,NAS,canonical,100,T12,GPT-2 XL|zsRE|AlphaEdit|NAS|canonical|100,unchanged_original,unchanged_original,1000,1000,92.3116711665007,-0.011720471224131218,-0.028687284558137974,0.0941230059589576,0.9933306737668685,0.0091397193436598,0.2233333092725103,1.014716234347243,0.03532208099983432,0.09525358484757179,0.0002555661586766512,0.009985887276100898,0.9868005109865152,0.22577012998994941,0.001344990422105819,0.09077347773042246,1.0347438990362527
GPT-2 XL,zsRE,AlphaEdit,NAS,canonical,150,T12,GPT-2 XL|zsRE|AlphaEdit|NAS|canonical|150,unchanged_original,unchanged_original,1000,1000,90.17931764241928,-0.015383956014147724,-0.03752776393484172,0.116552162983932,0.9922874669624698,0.0108890411695279,0.3001350920212982,1.0304022549515786,0.0483291140328758,0.11807419813231598,0.0004230326438256422,0.015114208885634965,0.9847693295011652,0.30319120198618255,0.0020867770125278114,0.14234386893573495,1.0693751180785798
GPT-2 XL,zsRE,AlphaEdit,NAS,canonical,200,T12,GPT-2 XL|zsRE|AlphaEdit|NAS|canonical|200,unchanged_original,unchanged_original,1000,1000,88.32126895100649,-0.018072542689412045,-0.045472760149817104,0.1343964812212793,0.9920757095963344,0.011762036722881,0.3658906758075729,1.046698476272066,0.06201527833286637,0.1361724876028162,0.0005661117589826144,0.019957912292984062,0.9843789386731425,0.36949606178425604,0.0028636724953161542,0.193284124489099,1.1052022766847813
GPT-2 XL,zsRE,AlphaEdit,NAS,canonical,250,T12,GPT-2 XL|zsRE|AlphaEdit|NAS|canonical|250,unchanged_original,unchanged_original,1000,1000,86.36067853160648,-0.02091859585355722,-0.04903172741255202,0.1578379732747469,0.993030734040459,0.0118840518608334,0.4230616483872327,1.066261981024295,0.0764971693127155,0.15980261084710293,0.0007175298312974423,0.02741870847041208,0.9862990465945951,0.4266739454441173,0.0032520422831356917,0.24355014816981024,1.1487387356278422
GPT-2 XL,zsRE,AlphaEdit,NAS,canonical,300,T12,GPT-2 XL|zsRE|AlphaEdit|NAS|canonical|300,unchanged_original,unchanged_original,1000,1000,84.86659949803867,-0.02408649884754233,-0.05190896412442733,0.1756878305493977,0.9931926747112824,0.0124775923114504,0.47094857535677875,1.0841187443338618,0.09175718769701519,0.17793140019036383,0.0009072933765601254,0.0339111476065173,0.9866454432879928,0.47459713034224854,0.003590386968672958,0.28889256395179697,1.1886650226716156
GPT-2 XL,zsRE,AlphaEdit,NAS,canonical,500,T12,GPT-2 XL|zsRE|AlphaEdit|NAS|canonical|500,unchanged_original,unchanged_original,1000,1000,79.05482402258677,-0.029186582984747623,-0.06299839018667257,0.2210183350939443,0.9977763637765548,0.0140880524110927,0.6243697646279318,1.1477146195967456,0.150010722270144,0.22364616938534118,0.001312586837816271,0.05294228259409312,0.9958817034624142,0.6283178905306276,0.00509349304580622,0.453688369348787,1.3327850820212483
GPT-2 XL,zsRE,AlphaEdit,NAS,canonical,750,T12,GPT-2 XL|zsRE|AlphaEdit|NAS|canonical|750,unchanged_original,unchanged_original,1000,1000,75.12191176146825,-0.03218437813368083,-0.07176982391257353,0.2615268794658136,1.00506711925507,0.0175443787870427,0.7691359589063713,1.2193490335934896,0.2200874439846862,0.26436667842973693,0.0016438547433760852,0.07339177729806518,1.0106668757740795,0.7732363640190992,0.006433144723304591,0.6385333378968895,1.5014268347950475
GPT-2 XL,zsRE,AlphaEdit,NAS,canonical,1000,T12,GPT-2 XL|zsRE|AlphaEdit|NAS|canonical|1000,unchanged_original,unchanged_original,1000,1000,71.57744566584532,-0.03505490935381817,-0.07990395547004851,0.3005371765491915,1.013658023569858,0.0220192693931121,0.8848815715380465,1.2805505593229562,0.2805505593229562,0.3034708780345927,0.001940690371937925,0.09632455691853162,1.0281554285828334,0.8892182136277886,0.007768553442075694,0.801125752097794,1.6490863945997734
GPT-2 XL,zsRE,AlphaEdit,Native,canonical,50,T13,GPT-2 XL|zsRE|AlphaEdit|Native|canonical|50,unchanged_original,unchanged_original,1000,1000,94.33550728651882,-0.00796443214661405,-0.01687970376551567,0.0652075847771052,0.9944029479239516,0.006972949892352,0.13868709762112855,1.0042970604108739,0.020786226589288654,0.06597066728444508,0.00011837051544046892,0.00468983724457413,0.9888793434667865,0.1400864170903307,0.0005874630818122833,0.044151856045611136,1.0109799115963924
GPT-2 XL,zsRE,AlphaEdit,Native,canonical,100,T13,GPT-2 XL|zsRE|AlphaEdit|Native|canonical|100,unchanged_original,unchanged_original,1000,1000,91.760572680427,-0.012775419034580736,-0.030008638270980784,0.0960910130092114,0.9925038545863172,0.0098189624700829,0.22337292484411864,1.0130974081002233,0.03505004963296213,0.09735268329011615,0.0002912945892422276,0.010427639986271591,0.9851680965063524,0.2259736100362856,0.001456191936909707,0.08949886105734532,1.0309377764522938
GPT-2 XL,zsRE,AlphaEdit,Native,canonical,150,T13,GPT-2 XL|zsRE|AlphaEdit|Native|canonical|150,unchanged_original,unchanged_original,1000,1000,89.34524270798603,-0.016457805078189124,-0.03878176350209286,0.119179515226799,0.991593986728556,0.0113148895915576,0.2978260434291191,1.0281270942147918,0.04738035390412468,0.12081213733956513,0.0004624326113547111,0.015850454092319805,0.9833972765472964,0.30105626779282574,0.0022295232615976075,0.1394355531356333,1.0641015493930457
GPT-2 XL,zsRE,AlphaEdit,Native,canonical,200,T13,GPT-2 XL|zsRE|AlphaEdit|Native|canonical|200,unchanged_original,unchanged_original,1000,1000,87.68046096292396,-0.019369128960344654,-0.04737775165575506,0.1362874534792667,0.9911129273075536,0.0122333723166651,0.3621587468752855,1.0432004403464692,0.06038711651912168,0.1382206690217625,0.000625331140022437,0.020587115016130256,0.9824741882354634,0.3660660491685408,0.003108771965895139,0.18881965085377556,1.0971729195081612
GPT-2 XL,zsRE,AlphaEdit,Native,canonical,250,T13,GPT-2 XL|zsRE|AlphaEdit|Native|canonical|250,unchanged_original,unchanged_original,1000,1000,86.31169809242306,-0.022735828445744535,-0.05132218214070304,0.1588790121290079,0.9914750581690632,0.0125391941938183,0.416280525989472,1.0603485416446874,0.07217064297535937,0.1610662580857798,0.0008097249030152622,0.02787226844881149,0.9832103364603376,0.42023132341671604,0.003538018819996092,0.2337226887171763,1.1346163432557668
GPT-2 XL,zsRE,AlphaEdit,Native,canonical,300,T13,GPT-2 XL|zsRE|AlphaEdit|Native|canonical|300,unchanged_original,unchanged_original,1000,1000,83.19877163853432,-0.025807736753817784,-0.05559504945517614,0.1772146985026285,0.991864312835808,0.0130728439431716,0.46321137600374507,1.0761472854177008,0.08534440051781131,0.1796874518014423,0.0010170792316434537,0.03461055051650087,0.9840121562405089,0.46733003234831516,0.004042414385763028,0.2765767650579938,1.1694290805334049
GPT-2 XL,zsRE,AlphaEdit,Native,canonical,500,T13,GPT-2 XL|zsRE|AlphaEdit|Native|canonical|500,unchanged_original,unchanged_original,1000,1000,78.36033075409226,-0.031120334517883794,-0.06675366319876602,0.224612138881079,0.9968217227356656,0.0143865337560914,0.6087815597781662,1.1348456510731113,0.13801239231865414,0.22747318847135806,0.0014505167672317452,0.05478253696596954,0.9939923846974337,0.613197093255603,0.005602265239064579,0.4288287399472049,1.300923678788738
GPT-2 XL,zsRE,AlphaEdit,Native,canonical,750,T13,GPT-2 XL|zsRE|AlphaEdit|Native|canonical|750,unchanged_original,unchanged_original,1000,1000,73.37608199277854,-0.03352537217538591,-0.07573702837851423,0.2685170511811718,1.0058133581517077,0.0178922772840976,0.7479325026428864,1.2023145629750984,0.20310782556207296,0.2714616356254341,0.0017504504142756758,0.07747948429849137,1.0121791903619952,0.7524296189543295,0.006960893266648087,0.6017539168328694,1.4572407533424894
GPT-2 XL,zsRE,AlphaEdit,Native,canonical,1000,T13,GPT-2 XL|zsRE|AlphaEdit|Native|canonical|1000,unchanged_original,unchanged_original,1000,1000,68.81093778696157,-0.03618585884264134,-0.08510320998820484,0.3086853508081536,1.0152473439607084,0.0228899331913361,0.8631130716715395,1.261944770397498,0.26194477039749775,0.31164137034986344,0.0019975097687635916,0.10179271413221096,1.031418506215692,0.8679147201600909,0.008488280794466209,0.7611932020067914,1.5994750628248484
GPT-2 XL,zsRE,AlphaEdit,SADR,canonical,50,T14,GPT-2 XL|zsRE|AlphaEdit|SADR|canonical|50,unchanged_original,unchanged_original,1000,1000,94.79583406702616,-0.006407777261481091,-0.01318206069428352,0.0619906136430784,0.995718276995142,0.0051418438581573,0.13280056831393078,1.0072555877927554,0.01831107748447112,0.06248393077958619,6.93983872005981e-05,0.004223065927590664,0.991476909791829,0.13370265423784122,0.0004425585014149968,0.04282117684096379,1.0168996139538122
GPT-2 XL,zsRE,AlphaEdit,SADR,canonical,100,T14,GPT-2 XL|zsRE|AlphaEdit|SADR|canonical|100,unchanged_original,unchanged_original,1000,1000,92.6392577451561,-0.010071970912051462,-0.02330074307062599,0.092522520830555,0.9947737379336212,0.0070838474920272,0.21380682453048405,1.0180498053678404,0.032195625900539204,0.09332216307663305,0.00016956307350531023,0.009608940957085912,0.9896345622064884,0.21547748511323855,0.0010153285272233945,0.08660371638784403,1.0410175587738157
GPT-2 XL,zsRE,AlphaEdit,SADR,canonical,150,T14,GPT-2 XL|zsRE|AlphaEdit|SADR|canonical|150,unchanged_original,unchanged_original,1000,1000,90.83023706725429,-0.012229204983833423,-0.02951432543750093,0.1139442009093089,0.9950385281001064,0.0075998645604849,0.2852970761442966,1.0344191993488279,0.0453595332061184,0.11487522351347906,0.0002410278895717502,0.01439258243169163,0.9901752003535964,0.2872981771845997,0.0014808464479328096,0.13477787750838524,1.0772300730813167
GPT-2 XL,zsRE,AlphaEdit,SADR,canonical,200,T14,GPT-2 XL|zsRE|AlphaEdit|SADR|canonical|200,unchanged_original,unchanged_original,1000,1000,89.78763659626735,-0.014409031824915881,-0.03656405581821862,0.1308239841285562,0.9951056367753006,0.0080858294763818,0.348423280360335,1.0500183482695153,0.060034304237041675,0.13192019842822048,0.0003234566055465157,0.018820526201152564,0.9903259191568673,0.35088850202285143,0.0020639129879822813,0.18272567280952207,1.1116614741610673
GPT-2 XL,zsRE,AlphaEdit,SADR,canonical,250,T14,GPT-2 XL|zsRE|AlphaEdit|SADR|canonical|250,unchanged_original,unchanged_original,1000,1000,86.83337443602709,-0.01671271589244327,-0.04031695620719119,0.1505798837707747,0.9958689200789496,0.0088040171733648,0.40156823555811555,1.0669203182909224,0.07423328009423077,0.15184655480425743,0.00042735454832824226,0.024867158195073378,0.991869080958515,0.4041630465659291,0.0023922836709943532,0.22769659077448895,1.1494549620311014
GPT-2 XL,zsRE,AlphaEdit,SADR,canonical,300,T14,GPT-2 XL|zsRE|AlphaEdit|SADR|canonical|300,unchanged_original,unchanged_original,1000,1000,85.77180232596359,-0.01904563552182161,-0.04334157899103445,0.1657074358648794,0.9962010819541212,0.0096773000756266,0.44995704943908366,1.084616860642011,0.0902501928424584,0.16717521677438305,0.0005438928755619748,0.030104481853785257,0.992557103685704,0.45264120161429333,0.0026922968300119613,0.27351216572350406,1.1895213045714477
GPT-2 XL,zsRE,AlphaEdit,SADR,canonical,500,T14,GPT-2 XL|zsRE|AlphaEdit|SADR|canonical|500,unchanged_original,unchanged_original,1000,1000,82.3177854533509,-0.02432877284745681,-0.05383019137968421,0.2096622846846003,0.9997950342779692,0.0113143733667799,0.6059355116018765,1.148210687835358,0.1501767804084938,0.21152368714122088,0.0008718972434591621,0.04760039731045998,0.9998147488590055,0.6089960073710704,0.003947097502693199,0.4387438194844039,1.335030534227729
GPT-2 XL,zsRE,AlphaEdit,SADR,canonical,750,T14,GPT-2 XL|zsRE|AlphaEdit|SADR|canonical|750,unchanged_original,unchanged_original,1000,1000,78.44896695621489,-0.026878251411303972,-0.061465449516789616,0.2517279352300642,1.0074482078884135,0.015658050640222,0.7641479514976907,1.226003056387799,0.22650418073540443,0.25372011475389883,0.001091658208905849,0.06800457078775164,1.0153397261740496,0.7672830240989912,0.004949903632863972,0.6368682744803814,1.5188872790796668
GPT-2 XL,zsRE,AlphaEdit,SADR,canonical,1000,T14,GPT-2 XL|zsRE|AlphaEdit|SADR|canonical|1000,unchanged_original,unchanged_original,1000,1000,76.4055877573447,-0.028896842118668466,-0.06930047590074094,0.2883272476875633,1.0156402100341757,0.0208461215568554,0.8954348454547364,1.2955644602812042,0.2955644602812041,0.29034192215460974,0.0012409270691333854,0.08864197111031039,1.0320892139421067,0.898754757418118,0.006055422234695302,0.8202556541634355,1.6877101245966493
GPT-2 XL,zsRE,AlphaEdit,SPHERE,canonical,50,SPHERE_corrected_zsRE_AlphaEdit,GPT-2 XL|zsRE|AlphaEdit|SPHERE|canonical|50,GPT2_SPHERE_semantic_input_axis_corrected_20260927,GPT2_SPHERE_semantic_input_axis_corrected_20260927,1000,1000,94.2017792118983,-0.007467082041671622,-0.01662560326147868,0.0644065602798026,0.9948390559364746,0.006628694273855544,0.1373233467108193,1.0041614632892881,0.020306467723885033,0.06511333597752886,0.00010816708830438709,0.004571250567269401,0.9897452535722304,0.13870234489804806,0.0005814585168596427,0.04326089065163043,1.0105911426455327
GPT-2 XL,zsRE,AlphaEdit,SPHERE,canonical,100,SPHERE_corrected_zsRE_AlphaEdit,GPT-2 XL|zsRE|AlphaEdit|SPHERE|canonical|100,GPT2_SPHERE_semantic_input_axis_corrected_20260927,GPT2_SPHERE_semantic_input_axis_corrected_20260927,1000,1000,91.61290945384114,-0.012138607681797413,-0.029638934246467696,0.09522700860156497,0.9930393976010724,0.00951088991936176,0.22123192584460197,1.0126485318245813,0.034186882423504907,0.09642425206747314,0.00027415509373510425,0.010235147734956944,0.9862320874650973,0.22381026807230897,0.0014494664628334891,0.08762005216855895,1.029791650138457
GPT-2 XL,zsRE,AlphaEdit,SPHERE,canonical,150,SPHERE_corrected_zsRE_AlphaEdit,GPT-2 XL|zsRE|AlphaEdit|SPHERE|canonical|150,GPT2_SPHERE_semantic_input_axis_corrected_20260927,GPT2_SPHERE_semantic_input_axis_corrected_20260927,1000,1000,89.88540538171918,-0.015528589717360295,-0.03840469883231892,0.1187866811829718,0.9924662909103145,0.010803181076320365,0.29597648255363923,1.0275434582031466,0.04627127487519402,0.12030220921300433,0.0004293712469648695,0.015754143737841314,0.9851263355500856,0.2991760147300693,0.002214150528580192,0.13715478172950632,1.0625595345934487
GPT-2 XL,zsRE,AlphaEdit,SPHERE,canonical,200,SPHERE_corrected_zsRE_AlphaEdit,GPT-2 XL|zsRE|AlphaEdit|SPHERE|canonical|200,GPT2_SPHERE_semantic_input_axis_corrected_20260927,GPT2_SPHERE_semantic_input_axis_corrected_20260927,1000,1000,87.57764008053007,-0.018273332244887506,-0.046600448912409276,0.13544370644152928,0.9920715005119413,0.011618738983038435,0.35879012514712627,1.0423073158767273,0.05877589471225845,0.1372333407873032,0.0005787071836884033,0.02033990505161241,0.9843719477455257,0.3626072679919022,0.003044634305150599,0.18499831460533397,1.094842051085666
GPT-2 XL,zsRE,AlphaEdit,SPHERE,canonical,250,SPHERE_corrected_zsRE_AlphaEdit,GPT-2 XL|zsRE|AlphaEdit|SPHERE|canonical|250,GPT2_SPHERE_semantic_input_axis_corrected_20260927,GPT2_SPHERE_semantic_input_axis_corrected_20260927,1000,1000,86.2182943441793,-0.020979819077140895,-0.05106974044931617,0.1570350003192345,0.9928690006568752,0.011688982931350924,0.41252516581629756,1.058657400864914,0.07032850042644194,0.15899706352399048,0.0007219239409394505,0.02720934629420087,0.9859716320808586,0.4164734408496483,0.003542326639728174,0.22907391806750618,1.1304767638086024
GPT-2 XL,zsRE,AlphaEdit,SPHERE,canonical,300,SPHERE_corrected_zsRE_AlphaEdit,GPT-2 XL|zsRE|AlphaEdit|SPHERE|canonical|300,GPT2_SPHERE_semantic_input_axis_corrected_20260927,GPT2_SPHERE_semantic_input_axis_corrected_20260927,1000,1000,83.65789621023549,-0.02473521293895782,-0.055206922314882334,0.17548982601360166,0.992585532422164,0.01261287845717141,0.45958170321884634,1.0744156204945374,0.08343918793861198,0.1778260976459082,0.0009564092665610551,0.03395234948616425,0.9854383328748098,0.46369815045441554,0.004048629027303945,0.2714137648715744,1.1650485492691136
GPT-2 XL,zsRE,AlphaEdit,SPHERE,canonical,500,SPHERE_corrected_zsRE_AlphaEdit,GPT-2 XL|zsRE|AlphaEdit|SPHERE|canonical|500,GPT2_SPHERE_semantic_input_axis_corrected_20260927,GPT2_SPHERE_semantic_input_axis_corrected_20260927,1000,1000,78.05923727002774,-0.029330629362280185,-0.06532269850322103,0.22181653426412812,0.9979137741024963,0.013929071164526576,0.6029573502965717,1.1324942278658472,0.13529913974200813,0.22448058063549287,0.0013491189472134976,0.05347637439291304,0.9961642346155661,0.6072694236598699,0.005464980043237405,0.419955466719996,1.2947750497567914
GPT-2 XL,zsRE,AlphaEdit,SPHERE,canonical,750,SPHERE_corrected_zsRE_AlphaEdit,GPT-2 XL|zsRE|AlphaEdit|SPHERE|canonical|750,GPT2_SPHERE_semantic_input_axis_corrected_20260927,GPT2_SPHERE_semantic_input_axis_corrected_20260927,1000,1000,72.75875338892509,-0.03270632625162014,-0.07443022509791815,0.26496413501009797,1.005620625549114,0.017825140574925447,0.7416894242998356,1.1991397239859531,0.20004490362584118,0.26784680376231024,0.001698634003952098,0.07550063122277488,1.0117866127234867,0.746126022484846,0.006785814878152884,0.5912852954756224,1.4492106601579389
GPT-2 XL,zsRE,AlphaEdit,SPHERE,canonical,1000,SPHERE_corrected_zsRE_AlphaEdit,GPT-2 XL|zsRE|AlphaEdit|SPHERE|canonical|1000,GPT2_SPHERE_semantic_input_axis_corrected_20260927,GPT2_SPHERE_semantic_input_axis_corrected_20260927,1000,1000,68.74706316014681,-0.03565155189355222,-0.08264282882464814,0.3050894324131395,1.014588573523309,0.02264912004144997,0.8569884904389338,1.259401247318386,0.25940124731838604,0.30804428761398983,0.0019754724391647122,0.09940945470202868,1.030081823354089,0.8616163201819045,0.00812136551548758,0.7498724467445892,1.5927081546107804
GPT-2 XL,zsRE,MEMIT,ENCORE,canonical,50,T16,GPT-2 XL|zsRE|MEMIT|ENCORE|canonical|50,unchanged_original,unchanged_original,1000,1000,95.27604949986146,-0.006028140039214664,-0.018538557782961915,0.0470074837875497,0.9952522832005904,0.0048717640552782,0.1122936116037658,0.9915908357569599,0.012085024882747533,0.047472232861479495,4.940108930133709e-05,0.002543766744791376,0.9905368877556634,0.11393864621714382,0.0005366787658159531,0.019947945601703845,0.9834075088015964
GPT-2 XL,zsRE,MEMIT,ENCORE,canonical,100,T16,GPT-2 XL|zsRE|MEMIT|ENCORE|canonical|100,unchanged_original,unchanged_original,1000,1000,91.424439011107,-0.011864536730401451,-0.03457606215770666,0.0777075152560457,0.9917167658116754,0.008419321996384,0.1918076567486037,0.9900262189955683,0.01781088998821417,0.07874217936856161,0.00018827589323384736,0.0070712250079894455,0.9835304274404204,0.19511870966080413,0.0015765947389731645,0.048101243702485745,0.980525714126046
GPT-2 XL,zsRE,MEMIT,ENCORE,canonical,150,T16,GPT-2 XL|zsRE|MEMIT|ENCORE|canonical|150,unchanged_original,unchanged_original,1000,1000,88.4083289914151,-0.01577333881732278,-0.04679395370045129,0.1003138995594034,0.9902356229213009,0.0099996347554031,0.2609842357035039,0.9954306435818614,0.01911780722492859,0.10170933810293982,0.000331006263617579,0.011824006153082715,0.9806083347820548,0.2654116003088343,0.0027426626055694074,0.08233781298928906,0.9914925681939565
GPT-2 XL,zsRE,MEMIT,ENCORE,canonical,200,T16,GPT-2 XL|zsRE|MEMIT|ENCORE|canonical|200,unchanged_original,unchanged_original,1000,1000,85.66692206685343,-0.018346323429861203,-0.05569950008837573,0.1171043206976967,0.9898459896276292,0.0105182833145531,0.3157799067789247,1.0035632408763904,0.020819240403819633,0.11871003849012984,0.00044559418832110394,0.016092769920321118,0.9798457172489199,0.3209524661590717,0.003773014196441026,0.1155907449087506,1.0079647589284406
GPT-2 XL,zsRE,MEMIT,ENCORE,canonical,250,T16,GPT-2 XL|zsRE|MEMIT|ENCORE|canonical|250,unchanged_original,unchanged_original,1000,1000,82.80766057923502,-0.0208395364060363,-0.06079598659142891,0.1338553485081501,0.9898305741925244,0.0108477273991655,0.358940448410312,1.01359372251731,0.0245746098981745,0.13565441874102213,0.0005635374981662962,0.02094175370093635,0.9798262183870301,0.36437390807013065,0.004415205638365385,0.14560775864100473,1.0284309910965126
GPT-2 XL,zsRE,MEMIT,ENCORE,canonical,300,T16,GPT-2 XL|zsRE|MEMIT|ENCORE|canonical|300,unchanged_original,unchanged_original,1000,1000,80.41617843389521,-0.024127412734291136,-0.06591069464985705,0.1501366277378191,0.9892639916144064,0.0116949786597142,0.39347943737854424,1.0217855403399903,0.02954745393177774,0.1522635195938027,0.0007440882016191241,0.02623087336526203,0.9787201360982989,0.3993149621570915,0.005128908464044085,0.17201000985436715,1.0453175290186976
GPT-2 XL,zsRE,MEMIT,ENCORE,canonical,500,T16,GPT-2 XL|zsRE|MEMIT|ENCORE|canonical|500,unchanged_original,unchanged_original,1000,1000,71.04961738897101,-0.03081990956765824,-0.07994930126261546,0.1896054220209759,0.9903811244597172,0.0125590029370486,0.48479629363489357,1.0469994073311795,0.0498487896960506,0.19234461037549358,0.0012006541796365973,0.04143198530540715,0.9809928203497272,0.49175327003050195,0.007254075277994388,0.2505811661959406,1.0979366389487044
GPT-2 XL,zsRE,MEMIT,ENCORE,canonical,750,T16,GPT-2 XL|zsRE|MEMIT|ENCORE|canonical|750,unchanged_original,unchanged_original,1000,1000,64.52686774129262,-0.03483142652049388,-0.09036145051515695,0.2181283739867387,0.9929937891662112,0.0131297462739632,0.559744746005183,1.0735904057653578,0.07458033665787983,0.2211830567235548,0.0015235870052133693,0.05439489109858224,0.9862556250628078,0.5674524540086395,0.00905884992368946,0.32627574880170856,1.1546116976950844
GPT-2 XL,zsRE,MEMIT,ENCORE,canonical,1000,T16,GPT-2 XL|zsRE|MEMIT|ENCORE|canonical|1000,unchanged_original,unchanged_original,1000,1000,59.4735881589224,-0.03790931396578822,-0.0980860160982322,0.2427686185931271,0.9962618403125012,0.0134716194841471,0.6155557382733527,1.0952186943464512,0.0952563740756921,0.24600952889836883,0.0017890133981386409,0.06686415689418262,0.9928345423607448,0.6238005331705953,0.010455838911479443,0.3871137211413004,1.2013975278563163
GPT-2 XL,zsRE,MEMIT,NAS,canonical,50,T17,GPT-2 XL|zsRE|MEMIT|NAS|canonical|50,unchanged_original,unchanged_original,1000,1000,94.79802019583215,-0.0070204856049035464,-0.02030404972247575,0.0524383122185171,0.994606873387092,0.0055469963556423,0.12394022181379373,0.9922261923518672,0.013262963464803644,0.05299967077456816,6.76451558502135e-05,0.003229109642268408,0.9892557835883115,0.12572509516229366,0.0006574930907002969,0.02472467287548977,0.984774066521239
GPT-2 XL,zsRE,MEMIT,NAS,canonical,100,T17,GPT-2 XL|zsRE|MEMIT|NAS|canonical|100,unchanged_original,unchanged_original,1000,1000,90.32862963472488,-0.013868943453173585,-0.03834271047649081,0.0907320568583168,0.9910886077580248,0.0092140207808856,0.22261076587646647,0.9945463583324389,0.018919912324349596,0.09194375231516534,0.00025791011145022023,0.009773958610841757,0.9822939818159447,0.2261316125580454,0.001952230216486942,0.06457803294781124,0.989844842211317
GPT-2 XL,zsRE,MEMIT,NAS,canonical,150,T17,GPT-2 XL|zsRE|MEMIT|NAS|canonical|150,unchanged_original,unchanged_original,1000,1000,84.93678592951296,-0.0192500635032567,-0.05382403461998256,0.1263921642335411,0.9903965842317876,0.0103774275229876,0.3210604057446955,1.0088245970250198,0.0231753838247912,0.12804476222574318,0.0004931067428344876,0.018953188368984988,0.980946168105306,0.3258371717021151,0.003628842358674457,0.12313278407515345,1.0191135571938632
GPT-2 XL,zsRE,MEMIT,NAS,canonical,200,T17,GPT-2 XL|zsRE|MEMIT|NAS|canonical|200,unchanged_original,unchanged_original,1000,1000,78.78179999571351,-0.023372066422018094,-0.06483594319462335,0.1570003539793484,0.9914775264288908,0.010624288533159,0.4056519375301491,1.0300796274640154,0.03632990099839523,0.15894847492554162,0.0007176842964716384,0.029147270628017738,0.9831208220804531,0.4111415648010238,0.0050830797517937626,0.18788312399198628,1.0632943173545337
GPT-2 XL,zsRE,MEMIT,NAS,canonical,250,T17,GPT-2 XL|zsRE|MEMIT|NAS|canonical|250,unchanged_original,unchanged_original,1000,1000,72.53154188303938,-0.027525353263503458,-0.07089133131436257,0.1857382913475715,0.9931929043402786,0.0113132608286062,0.477096509360332,1.0562957235923576,0.05891231547848258,0.187999845702016,0.0009726346219940945,0.04065842921825794,0.9865803573132451,0.48268770643693065,0.005966799318054942,0.2551462382119723,1.1193303749013026
GPT-2 XL,zsRE,MEMIT,NAS,canonical,300,T17,GPT-2 XL|zsRE|MEMIT|NAS|canonical|300,unchanged_original,unchanged_original,1000,1000,68.16602210680203,-0.03199766242268296,-0.07691996679758319,0.206845877645097,0.9937164826189946,0.0125498858755948,0.5291043785348253,1.0763499675701151,0.07800803262034599,0.20955246390227306,0.0012961316215346654,0.05037691280475076,0.9876777195809195,0.5350490639866837,0.006931353644868329,0.310350577160749,1.1634419972104515
GPT-2 XL,zsRE,MEMIT,NAS,canonical,500,T17,GPT-2 XL|zsRE|MEMIT|NAS|canonical|500,unchanged_original,unchanged_original,1000,1000,52.45534388467563,-0.04323154528261579,-0.09611215570527339,0.2974246611871695,1.009261169260954,0.0202299881864603,0.7310028028906463,1.1751391075979463,0.17543618685870507,0.3008611175314069,0.002322995167426085,0.10366376971437742,1.0195236743165719,0.737744172980726,0.01039364212693771,0.5750155382305759,1.3931848689469672
GPT-2 XL,zsRE,MEMIT,NAS,canonical,750,T17,GPT-2 XL|zsRE|MEMIT|NAS|canonical|750,unchanged_original,unchanged_original,1000,1000,47.530493452330056,-0.04910888641069151,-0.1131471725919131,0.3438278752201902,1.0209577501159193,0.0283271361412965,0.8616611730577145,1.2485198347650777,0.2485744210116443,0.3476397033144047,0.0030126948480093223,0.13929043164229535,1.0440853536689214,0.869586336084969,0.014197920030595357,0.7889769728358392,1.5768805476826087
GPT-2 XL,zsRE,MEMIT,NAS,canonical,1000,T17,GPT-2 XL|zsRE|MEMIT|NAS|canonical|1000,unchanged_original,unchanged_original,1000,1000,47.743355934570495,-0.05678246581440345,-0.13015170635733314,0.3640348508136367,1.021576623197748,0.0303181553106981,0.9112686405188026,1.2691024457749314,0.2691024457749313,0.36878553227408256,0.0039613108043415534,0.15522553237317338,1.045621911548708,0.9211527310960537,0.01837054109052371,0.8709595838228679,1.6290267121987259
GPT-2 XL,zsRE,MEMIT,Native,canonical,50,T18,GPT-2 XL|zsRE|MEMIT|Native|canonical|50,unchanged_original,unchanged_original,1000,1000,94.74501741429997,-0.006997121332089254,-0.019744581325085817,0.0540982561473866,0.994731674432462,0.0054392383731221,0.12462023689119242,0.9927389194519506,0.012717266091758205,0.05464091752154037,6.717200887810734e-05,0.0034309357308616494,0.9895038650755612,0.1263091930334468,0.0006227373777589894,0.0246432112565148,0.9857767859841026
GPT-2 XL,zsRE,MEMIT,Native,canonical,100,T18,GPT-2 XL|zsRE|MEMIT|Native|canonical|100,unchanged_original,unchanged_original,1000,1000,89.90191888881809,-0.014447616091289995,-0.03871963476923197,0.0954612014023183,0.9910417472864048,0.0093339895165751,0.22657632568576422,0.9950775677705356,0.01865666424027371,0.09670972148942403,0.0002787570343608057,0.010820195952267816,0.9822037208040487,0.23010148112439088,0.0019915204621614186,0.06631337603005238,0.9908656269537502
GPT-2 XL,zsRE,MEMIT,Native,canonical,150,T18,GPT-2 XL|zsRE|MEMIT|Native|canonical|150,unchanged_original,unchanged_original,1000,1000,84.1919677280819,-0.01965415241391155,-0.05341750542726372,0.1313888898400611,0.9907526850247492,0.0102506876108582,0.3226108543168507,1.0096330980381185,0.02308538041318362,0.13304628255178108,0.0005104936049400967,0.02045354960892981,0.9816557383860468,0.3272850511549241,0.0035687846283139197,0.12397345478003903,1.020707228553826
GPT-2 XL,zsRE,MEMIT,Native,canonical,200,T18,GPT-2 XL|zsRE|MEMIT|Native|canonical|200,unchanged_original,unchanged_original,1000,1000,77.53316487051879,-0.023693594267960236,-0.06424821752262717,0.1609049447475054,0.9918599355713824,0.0105261434517864,0.40188835318508415,1.028920893429994,0.03497280174834572,0.1628528890051615,0.0007334858819999326,0.03053575478578612,0.9838820521318655,0.4073030160860571,0.004992730159213394,0.18421176624693464,1.0607080613608941
GPT-2 XL,zsRE,MEMIT,Native,canonical,250,T18,GPT-2 XL|zsRE|MEMIT|Native|canonical|250,unchanged_original,unchanged_original,1000,1000,71.46568857045533,-0.02774442248417035,-0.06929198685679222,0.1918516729147621,0.9942604113905184,0.0110581384198227,0.4708376028124586,1.0542073093590425,0.0565583878769123,0.19407701860988236,0.0009879942135179525,0.04321277590780488,0.9887119251529821,0.4762377431666654,0.005707597312286619,0.24730184405819772,1.1144254676569003
GPT-2 XL,zsRE,MEMIT,Native,canonical,300,T18,GPT-2 XL|zsRE|MEMIT|Native|canonical|300,unchanged_original,unchanged_original,1000,1000,66.30853757404078,-0.032628023692205764,-0.07574094729965512,0.219038467873069,0.9960380846713764,0.012498238064957,0.5306563234125483,1.077412355056159,0.07881761609222829,0.2217085288339327,0.0013504767033690516,0.05624477975723805,0.9923392090761955,0.5363910044439081,0.006718987809705563,0.3099690019372108,1.1652060951476066
GPT-2 XL,zsRE,MEMIT,Native,canonical,500,T18,GPT-2 XL|zsRE|MEMIT|Native|canonical|500,unchanged_original,unchanged_original,1000,1000,52.17373528083945,-0.04463878295987213,-0.09678512721511112,0.3126648733941509,1.0128984619347905,0.0225332445669239,0.7301108430475656,1.1732104197062112,0.1734213591360302,0.31615477972948336,0.00246099373770785,0.1138424485027455,1.027025876320709,0.7369167246496006,0.01054545748801781,0.5701072241862121,1.3870824272440079
GPT-2 XL,zsRE,MEMIT,Native,canonical,750,T18,GPT-2 XL|zsRE|MEMIT|Native|canonical|750,unchanged_original,unchanged_original,1000,1000,45.310220428114874,-0.05496198808818222,-0.11735230313962898,0.4041322515005497,1.039821431552174,0.0443544624029126,0.9412040775517696,1.302533382989705,0.30254877258882623,0.40818299901125754,0.003685078598140941,0.1906087118681632,1.0843698142899398,0.9489797448824024,0.015219132673714568,0.9393809706819959,1.719895497076453
GPT-2 XL,zsRE,MEMIT,Native,canonical,1000,T18,GPT-2 XL|zsRE|MEMIT|Native|canonical|1000,unchanged_original,unchanged_original,1000,1000,36.57507449808773,-0.07624361146709012,-0.15987294758918033,0.518054489471453,1.076888977819978,0.0801768352401103,1.1718240070335715,1.4537059885052763,0.4537059885052766,0.5239962700537976,0.006933207456134545,0.31331082886833345,1.1677568133902878,1.183265021440542,0.02778679631168709,1.4477027915113398,2.1557436926446667
GPT-2 XL,zsRE,MEMIT,SADR,canonical,50,T19,GPT-2 XL|zsRE|MEMIT|SADR|canonical|50,unchanged_original,unchanged_original,1000,1000,95.01209868760182,-0.005702339741240027,-0.015830617072972744,0.0545535834744418,0.9960241048198978,0.004076631126088,0.12020359900880893,0.9960924363211848,0.010648803405407224,0.05490883151045944,4.226864656832995e-05,0.0034335839556801336,0.9920711731197684,0.12135989438328802,0.0004342953459764478,0.023716374867950904,0.9924894360679823
GPT-2 XL,zsRE,MEMIT,SADR,canonical,100,T19,GPT-2 XL|zsRE|MEMIT|SADR|canonical|100,unchanged_original,unchanged_original,1000,1000,91.59343106214162,-0.01077259497321379,-0.029321702284860578,0.093576587651073,0.9944024155606156,0.0063467841251949,0.21527374078310565,1.0018205485370546,0.015822874738718802,0.09430761080484341,0.00014964945863581633,0.010259010218047676,0.988863469730256,0.21745994463980567,0.0012285192318877637,0.06182910662667139,1.0044142212888385
GPT-2 XL,zsRE,MEMIT,SADR,canonical,150,T19,GPT-2 XL|zsRE|MEMIT|SADR|canonical|150,unchanged_original,unchanged_original,1000,1000,87.62941970301121,-0.014234448925628683,-0.03955182247001929,0.1273837024172985,0.9953511963206914,0.0072403386950269,0.3046484529367486,1.0177063489723062,0.02467443286181269,0.12832134533234335,0.0002602711572533891,0.018990372340702947,0.990781745646699,0.3074566928466029,0.0021166320634180575,0.11430820552669771,1.0373211926500776
GPT-2 XL,zsRE,MEMIT,SADR,canonical,200,T19,GPT-2 XL|zsRE|MEMIT|SADR|canonical|200,unchanged_original,unchanged_original,1000,1000,83.81908933520428,-0.01740843607978684,-0.047938435616140224,0.15650755023023,0.997018401945637,0.0082714471117425,0.3860682679101169,1.0391768307299332,0.04224189857300072,0.1576343645800054,0.000384028981273893,0.028583759914294685,0.9941509167359949,0.38931628251187017,0.002985279604191073,0.17538912018048836,1.0824975285523997
GPT-2 XL,zsRE,MEMIT,SADR,canonical,250,T19,GPT-2 XL|zsRE|MEMIT|SADR|canonical|250,unchanged_original,unchanged_original,1000,1000,78.75302346220546,-0.019456606614829987,-0.05148265756211077,0.1815992679110062,0.9999623505757328,0.0094814236846248,0.4539490493299087,1.0644746560542715,0.06574356724208319,0.18281452898117068,0.00047918367590975584,0.03853879151722127,1.000104761963471,0.457171020056614,0.00341798596287114,0.23648189649584095,1.136934567334491
GPT-2 XL,zsRE,MEMIT,SADR,canonical,300,T19,GPT-2 XL|zsRE|MEMIT|SADR|canonical|300,unchanged_original,unchanged_original,1000,1000,75.8162051240458,-0.020339890244520292,-0.053709904539372355,0.20393091332316,1.00413562741441,0.0112549657691264,0.5133428490932117,1.090467342980246,0.09108114384612774,0.20512214902877618,0.0005304785581893086,0.04871902529097623,1.008569723360125,0.5164810588670236,0.003697923871130538,0.29850745952869556,1.1947855743210818
GPT-2 XL,zsRE,MEMIT,SADR,canonical,500,T19,GPT-2 XL|zsRE|MEMIT|SADR|canonical|500,unchanged_original,unchanged_original,1000,1000,61.5828058152347,-0.028874176523932038,-0.07449223332420549,0.2930184274464781,1.0213633391933734,0.0254580810101356,0.7429623824696889,1.2027844300901134,0.20285738817529853,0.29465563325495986,0.0010635049480536775,0.10102606645036616,1.0443412183505556,0.7471539753474961,0.0068611167420545216,0.6042713679194326,1.4621480180130766
GPT-2 XL,zsRE,MEMIT,SADR,canonical,750,T19,GPT-2 XL|zsRE|MEMIT|SADR|canonical|750,unchanged_original,unchanged_original,1000,1000,47.70617559855364,-0.04113787751476753,-0.10162415724024798,0.4212214748328232,1.0610042868332226,0.0630326921046093,1.064690703882787,1.411097943178596,0.41113006086458403,0.42347193767143526,0.0021405189617389117,0.21091305724622594,1.1307778211784298,1.0701258424197286,0.012390685189856416,1.2287436489017125,2.037886019611073
GPT-2 XL,zsRE,MEMIT,SADR,canonical,1000,T19,GPT-2 XL|zsRE|MEMIT|SADR|canonical|1000,unchanged_original,unchanged_original,1000,1000,27.611048634664947,-0.07191946062469047,-0.16986992744105225,0.6703764685679379,1.1741347110420484,0.1752138715708524,1.7013578928847302,1.914494060068215,0.914494060068215,0.6745196812637296,0.006491022619817514,0.546439211903898,1.4090913132743346,1.710569653423769,0.034108511239445034,3.170628097089608,3.864996753446949
GPT-2 XL,zsRE,MEMIT,SPHERE,canonical,50,SPHERE_corrected_zsRE_MEMIT,GPT-2 XL|zsRE|MEMIT|SPHERE|canonical|50,GPT2_SPHERE_semantic_input_axis_corrected_20260927,GPT2_SPHERE_semantic_input_axis_corrected_20260927,1000,1000,95.55733315873132,-0.006077221223697192,-0.018243159055430107,0.04747316592994389,0.9952418605918629,0.0049560064262026944,0.11142086913065039,0.9921203619950467,0.011930344868109203,0.047953162622128585,5.2916108824247756e-05,0.002619629381451572,0.9905181030428815,0.1130357577577284,0.0005498284878762979,0.02041160432264087,0.984475114699657
GPT-2 XL,zsRE,MEMIT,SPHERE,canonical,100,SPHERE_corrected_zsRE_MEMIT,GPT-2 XL|zsRE|MEMIT|SPHERE|canonical|100,GPT2_SPHERE_semantic_input_axis_corrected_20260927,GPT2_SPHERE_semantic_input_axis_corrected_20260927,1000,1000,92.41321913663893,-0.012044944542173804,-0.03443551990433213,0.07529509514206043,0.991360197910936,0.008872019397362062,0.18661814598360985,0.9898488255304042,0.018731103491409065,0.07640994626855803,0.0002038514918803608,0.006716225423533885,0.9828301878310667,0.1900123663697535,0.0016189618348634188,0.04748958072747841,0.9802375027536775
GPT-2 XL,zsRE,MEMIT,SPHERE,canonical,150,SPHERE_corrected_zsRE_MEMIT,GPT-2 XL|zsRE|MEMIT|SPHERE|canonical|150,GPT2_SPHERE_semantic_input_axis_corrected_20260927,GPT2_SPHERE_semantic_input_axis_corrected_20260927,1000,1000,89.87983938773783,-0.01564389639272158,-0.04660626727599387,0.0953030696134739,0.9898373936808497,0.010526238511784232,0.2550986228714804,0.9951714359043919,0.020897759480942447,0.09677672553214406,0.0003441347462607006,0.010772951115571642,0.9798292930763891,0.25962541405652145,0.0028022155102904243,0.08154017730243393,0.9911298582607365
GPT-2 XL,zsRE,MEMIT,SPHERE,canonical,200,SPHERE_corrected_zsRE_MEMIT,GPT-2 XL|zsRE|MEMIT|SPHERE|canonical|200,GPT2_SPHERE_semantic_input_axis_corrected_20260927,GPT2_SPHERE_semantic_input_axis_corrected_20260927,1000,1000,87.31046837058568,-0.018114684410648903,-0.055640527469667946,0.11046667604767521,0.9892482165471824,0.011201089917376755,0.3111827902321439,1.0035817793330573,0.023257649881799645,0.11216227537948344,0.0004582551102278641,0.014443644695539637,0.9786725309844696,0.3164649620055427,0.003854535864244745,0.11567714657686777,1.0082506275017766
GPT-2 XL,zsRE,MEMIT,SPHERE,canonical,250,SPHERE_corrected_zsRE_MEMIT,GPT-2 XL|zsRE|MEMIT|SPHERE|canonical|250,GPT2_SPHERE_semantic_input_axis_corrected_20260927,GPT2_SPHERE_semantic_input_axis_corrected_20260927,1000,1000,84.97293198478079,-0.020793321969928124,-0.061184683943195865,0.1279063208067699,0.9890599460401415,0.01159824371113285,0.3562330753193499,1.013867977007525,0.027128487852022497,0.1298123920431658,0.0005890978066524212,0.019306087106851458,0.9783085409736476,0.36181610925621155,0.004565751137368677,0.14710891491824826,1.0293052981692252
GPT-2 XL,zsRE,MEMIT,SPHERE,canonical,300,SPHERE_corrected_zsRE_MEMIT,GPT-2 XL|zsRE|MEMIT|SPHERE|canonical|300,GPT2_SPHERE_semantic_input_axis_corrected_20260927,GPT2_SPHERE_semantic_input_axis_corrected_20260927,1000,1000,82.86509942848348,-0.02394936952833342,-0.06584311458107175,0.14351304602083303,0.9884437508845348,0.012415088719724523,0.39132485327871797,1.0227480304637608,0.03232124419106535,0.14574778103455782,0.0007733595863998073,0.024230356239705632,0.9771049767694386,0.3972266451611997,0.005226213282436104,0.1741443692947185,1.047684353415011
GPT-2 XL,zsRE,MEMIT,SPHERE,canonical,500,SPHERE_corrected_zsRE_MEMIT,GPT-2 XL|zsRE|MEMIT|SPHERE|canonical|500,GPT2_SPHERE_semantic_input_axis_corrected_20260927,GPT2_SPHERE_semantic_input_axis_corrected_20260927,1000,1000,72.33066004288591,-0.029697703846519125,-0.07848327289721439,0.1855430802547923,0.9908484117883906,0.012398818932979772,0.502072657753922,1.0586081983692426,0.06130207324707636,0.18822370621596507,0.0011803799742328668,0.0401446394986618,0.9819296117798564,0.5086277710507922,0.007134081072081795,0.27323858772991627,1.1234061230075694
GPT-2 XL,zsRE,MEMIT,SPHERE,canonical,750,SPHERE_corrected_zsRE_MEMIT,GPT-2 XL|zsRE|MEMIT|SPHERE|canonical|750,GPT2_SPHERE_semantic_input_axis_corrected_20260927,GPT2_SPHERE_semantic_input_axis_corrected_20260927,1000,1000,65.9071061366913,-0.03257317698621411,-0.08790731068037479,0.21907103693745258,0.9957731903888413,0.01257944788163433,0.6043844900181002,1.102034419504112,0.10271556070527742,0.22186089834987707,0.0014360453404213835,0.05553268280820945,0.9918223741762027,0.6112629217379466,0.008768375927649839,0.385442056652014,1.2183958112189144
GPT-2 XL,zsRE,MEMIT,SPHERE,canonical,1000,SPHERE_corrected_zsRE_MEMIT,GPT-2 XL|zsRE|MEMIT|SPHERE|canonical|1000,GPT2_SPHERE_semantic_input_axis_corrected_20260927,GPT2_SPHERE_semantic_input_axis_corrected_20260927,1000,1000,59.12080452119408,-0.03671183385355937,-0.09818962876638128,0.2515430544553109,1.0003674914891416,0.014082574330924498,0.6906559444196794,1.1411466843764502,0.1411608399276287,0.25461348677887546,0.0018000926451576073,0.07276113022706178,1.0011375551651007,0.6981740400838728,0.010714253260705468,0.49236059415230204,1.3066955898802448
Llama,CounterFact,AlphaEdit,ENCORE,canonical,50,ENCORE_corrected_CounterFact_AlphaEdit,Llama|CounterFact|AlphaEdit|ENCORE|canonical|50,corrected_encore_dataset_editor_parameters_20260924,corrected_encore_dataset_editor_parameters_20260924,1000,1000,69.89999999999999,-0.015768565389121247,-0.01627394259880089,0.12752166088241587,0.9933280612624722,0.008215134687269202,0.44916108721366,1.089431644397819,0.09026952607105657,0.12866282035368087,0.0003099843698220996,0.017982332327636307,0.986755185919216,0.4501980659118213,0.00104948742539954,0.2220064326758779,1.1905080349036756
Llama,CounterFact,AlphaEdit,ENCORE,canonical,100,ENCORE_corrected_CounterFact_AlphaEdit,Llama|CounterFact|AlphaEdit|ENCORE|canonical|100,corrected_encore_dataset_editor_parameters_20260924,corrected_encore_dataset_editor_parameters_20260924,1000,1000,51.15,-0.02079248362002546,-0.021971280961700587,0.18325293562413913,0.997571269769811,0.0087191921718753,0.6468190341768297,1.1815253451041554,0.18167362933841333,0.1846610886926203,0.0005494944492828894,0.03631013003732628,0.9952746572465583,0.6484012166578982,0.002186656695589122,0.4465156398231668,1.4047597345953546
Llama,CounterFact,AlphaEdit,ENCORE,canonical,150,ENCORE_corrected_CounterFact_AlphaEdit,Llama|CounterFact|AlphaEdit|ENCORE|canonical|150,corrected_encore_dataset_editor_parameters_20260924,corrected_encore_dataset_editor_parameters_20260924,1000,1000,39.85,-0.021968852199863022,-0.013545185097843146,0.22578729920516047,1.005838270524889,0.012243723242413029,0.7610193933698026,1.255153451292687,0.25516332730338676,0.22712420911721565,0.0006327454325414521,0.0553021131801142,1.0119971542129296,0.7625867149956502,0.002523882479678691,0.6135852673347899,1.5890187796187825
Llama,CounterFact,AlphaEdit,ENCORE,canonical,200,ENCORE_corrected_CounterFact_AlphaEdit,Llama|CounterFact|AlphaEdit|ENCORE|canonical|200,corrected_encore_dataset_editor_parameters_20260924,corrected_encore_dataset_editor_parameters_20260924,1000,1000,33.0,-0.023242576315319688,-0.006759540569203834,0.259742243829369,1.013242616830918,0.01724591888597047,0.8531375576936161,1.3186578118589105,0.3186578118589106,0.2610876330105741,0.0007364683554248724,0.07284818325556901,1.0270994989803544,0.8548758438188943,0.003096713722853301,0.7686618193451284,1.758239451929574
Llama,CounterFact,AlphaEdit,ENCORE,canonical,250,ENCORE_corrected_CounterFact_AlphaEdit,Llama|CounterFact|AlphaEdit|ENCORE|canonical|250,corrected_encore_dataset_editor_parameters_20260924,corrected_encore_dataset_editor_parameters_20260924,1000,1000,32.1,-0.02011890206718403,0.004142637277326774,0.2808934732755203,1.022328258481317,0.02454384076024962,0.934438945724045,1.3811418724593623,0.38114187245936226,0.281947297429842,0.0006232745290720678,0.08542286863684322,1.0458083390315471,0.9363733296218745,0.0037824165345023237,0.9217416797613778,1.9338093708505337
Llama,CounterFact,AlphaEdit,ENCORE,canonical,300,ENCORE_corrected_CounterFact_AlphaEdit,Llama|CounterFact|AlphaEdit|ENCORE|canonical|300,corrected_encore_dataset_editor_parameters_20260924,corrected_encore_dataset_editor_parameters_20260924,1000,1000,29.299999999999997,-0.022359969757156775,0.008118738334556525,0.3059410916837951,1.0278620312842126,0.029829232917159665,1.0006683774927676,1.4288797721256723,0.4288797721256724,0.30712685447097726,0.0007605013729754513,0.10133759912221525,1.057378160980877,1.0028207757670582,0.004474714121263907,1.049524933347761,2.070237124138138
Llama,CounterFact,AlphaEdit,ENCORE,canonical,500,ENCORE_corrected_CounterFact_AlphaEdit,Llama|CounterFact|AlphaEdit|ENCORE|canonical|500,corrected_encore_dataset_editor_parameters_20260924,corrected_encore_dataset_editor_parameters_20260924,1000,1000,16.6,-0.020175654338922773,0.039799101322012365,0.38829525964617445,1.0586593459099498,0.05912780901748988,1.2454463049401325,1.6301521909821273,0.6301521909821272,0.38929317387603146,0.0007769161887569088,0.16263216268368735,1.1230577701945985,1.2486930709433641,0.008651363668696191,1.6217110832079387,2.70996064952066
Llama,CounterFact,AlphaEdit,ENCORE,canonical,750,ENCORE_corrected_CounterFact_AlphaEdit,Llama|CounterFact|AlphaEdit|ENCORE|canonical|750,corrected_encore_dataset_editor_parameters_20260924,corrected_encore_dataset_editor_parameters_20260924,1000,1000,15.049999999999999,-0.013796135366143988,0.07665930491564904,0.4929032938991889,1.1078842892640073,0.1079210814564764,1.500323174553323,1.853559773175931,0.853559773175931,0.4937255275558576,0.0008073605996792161,0.2588413143819375,1.2320564042493287,1.5049745498228142,0.015221220323704716,2.3484986450345495,3.5170384751895525
Llama,CounterFact,AlphaEdit,ENCORE,canonical,1000,ENCORE_corrected_CounterFact_AlphaEdit,Llama|CounterFact|AlphaEdit|ENCORE|canonical|1000,corrected_encore_dataset_editor_parameters_20260924,corrected_encore_dataset_editor_parameters_20260924,1000,1000,13.15,-0.008692037229323681,0.1136539547114619,0.5805128838972295,1.1552499792898308,0.15525641856480973,1.745839063227831,2.077196316251317,1.077196316251317,0.5813407180167491,0.0009662018166858144,0.3591672525094487,1.342749379867487,1.7521566054160371,0.02444500664212565,3.1899098391770275,4.441662755242077
Llama,CounterFact,AlphaEdit,NAS,canonical,50,T21,Llama|CounterFact|AlphaEdit|NAS|canonical|50,unchanged_original,unchanged_original,1000,1000,75.0,-0.013836410077320322,-0.02201939427332222,0.1229467152866924,0.9945738638247557,0.0072836701889189,0.42608449550068656,1.0738074328233183,0.0746116005973912,0.12389037897671815,0.00024470789423325405,0.01665859037240138,0.9892304781119939,0.42718033950209927,0.001104715785362786,0.19826725678251828,1.1553331840212369
Llama,CounterFact,AlphaEdit,NAS,canonical,100,T21,Llama|CounterFact|AlphaEdit|NAS|canonical|100,unchanged_original,unchanged_original,1000,1000,56.6,-0.01952937972670753,-0.04188593421969075,0.1701727052450065,0.996228831636318,0.0080584018609455,0.5822094929842307,1.129218520146667,0.12941373062934505,0.1714899410671096,0.0004761342155944085,0.031149378506488832,0.9925667532686682,0.584458211272369,0.0029216129036775565,0.36047650427506334,1.2796262487393595
Llama,CounterFact,AlphaEdit,NAS,canonical,150,T21,Llama|CounterFact|AlphaEdit|NAS|canonical|150,unchanged_original,unchanged_original,1000,1000,47.75,-0.02226177119251203,-0.05028444782942015,0.2053121626941228,1.000692430914108,0.0093304269467029,0.6619284230247867,1.165741205096273,0.16576432031354046,0.20673093070760204,0.0006188350713477682,0.04545063777452546,1.0015459304608492,0.6647118796906611,0.004083020209116077,0.4608491302760076,1.3643632548262834
Llama,CounterFact,AlphaEdit,NAS,canonical,200,T21,Llama|CounterFact|AlphaEdit|NAS|canonical|200,unchanged_original,unchanged_original,1000,1000,41.3,-0.027398601474390865,-0.060004046568799624,0.2350326125320651,1.0024518438937036,0.0107624880803584,0.7147601538044125,1.1885709199063468,0.188577509851714,0.2368699244938573,0.0009177096824522131,0.05900058954589177,1.0051210962795623,0.7182058244277004,0.005361353430225751,0.5333063901066968,1.4186596503993232
Llama,CounterFact,AlphaEdit,NAS,canonical,250,T21,Llama|CounterFact|AlphaEdit|NAS|canonical|250,unchanged_original,unchanged_original,1000,1000,38.9,-0.028330226888765773,-0.06510196021741026,0.2530487791577276,1.0061623752079094,0.0122822211879167,0.7496655276579605,1.2056859017215067,0.2056859017215066,0.25487616024373644,0.0009899667465479989,0.06827972529237684,1.0126092382613934,0.7534558976226831,0.006151529640053956,0.5837518548740909,1.4596994640793246
Llama,CounterFact,AlphaEdit,NAS,canonical,300,T21,Llama|CounterFact|AlphaEdit|NAS|canonical|300,unchanged_original,unchanged_original,1000,1000,35.7,-0.031122551579761328,-0.0697171768992661,0.2702450020872288,1.0082037521537837,0.0138760888379037,0.7836688400416416,1.2230303879460676,0.2230303879460675,0.27229339187900964,0.0011841645634198532,0.0778401024251311,1.0167791638290284,0.7877610215147833,0.006913567596532569,0.6340829943701631,1.5015622081681634
Llama,CounterFact,AlphaEdit,NAS,canonical,500,T21,Llama|CounterFact|AlphaEdit|NAS|canonical|500,unchanged_original,unchanged_original,1000,1000,28.65,-0.03414612077402919,-0.09107995128768456,0.3022030897597101,1.0145994174963506,0.0184009048565003,0.8632834224758184,1.2589257442507924,0.2589257442507925,0.3044138911083161,0.0014204473807024397,0.09670714123657677,1.0298353470692208,0.8691355908107976,0.010626809566544724,0.762041522869335,1.5905084298605106
Llama,CounterFact,AlphaEdit,NAS,canonical,750,T21,Llama|CounterFact|AlphaEdit|NAS|canonical|750,unchanged_original,unchanged_original,1000,1000,28.4,-0.03799865399307888,-0.11690452367456582,0.3336409384793558,1.0207626472088025,0.0232608752640684,0.9253722795557844,1.2829898167035025,0.2829898167035025,0.33611106338556845,0.001746440813696225,0.11670045106028525,1.0424495838878236,0.9337009850403767,0.01594140842901698,0.8686509513946742,1.6507833124745594
Llama,CounterFact,AlphaEdit,NAS,canonical,1000,T21,Llama|CounterFact|AlphaEdit|NAS|canonical|1000,unchanged_original,unchanged_original,1000,1000,24.45,-0.04398127731987328,-0.14268155280375522,0.3559768156703405,1.0227099436402631,0.0251877642905577,0.9636615207804493,1.2922897828178812,0.2922897828178813,0.3590369432811994,0.0023157260957383866,0.13210156394088216,1.0464547353968743,0.9750421012677635,0.022370615240640362,0.937138356132533,1.6741458657656632
Llama,CounterFact,AlphaEdit,Native,canonical,50,T22,Llama|CounterFact|AlphaEdit|Native|canonical|50,unchanged_original,unchanged_original,1000,1000,69.55,-0.014003195856118863,-0.01255183680189952,0.1257051416636143,0.9948080588698888,0.0071653838130343,0.4612063635373558,1.0978952760859537,0.09836633228875206,0.12664152033957796,0.0002490664608034115,0.017452200739416716,0.9896948754879825,0.4620278801714948,0.0008755359110636169,0.23341943105880247,1.2091912933660671
Llama,CounterFact,AlphaEdit,Native,canonical,100,T22,Llama|CounterFact|AlphaEdit|Native|canonical|100,unchanged_original,unchanged_original,1000,1000,52.2,-0.016873219269768022,-0.009766476210230668,0.1856175896409888,1.0018325225300189,0.008625523304614,0.68785117725711,1.215626182314955,0.2156386335086036,0.18659701323182504,0.00038468444077954144,0.037166187732939095,1.0038044336341827,0.6889239621465243,0.0015819957891051559,0.5069250588922474,1.488974102260891
Llama,CounterFact,AlphaEdit,Native,canonical,150,T22,Llama|CounterFact|AlphaEdit|Native|canonical|150,unchanged_original,unchanged_original,1000,1000,39.95,-0.018090698671859896,0.0032131737345999813,0.2338622051710706,1.0115364872918915,0.0151685793975449,0.8346327921461992,1.3155641866400662,0.3155641866400663,0.23481163210857703,0.0004553215379758763,0.05928425829874335,1.0235581824929996,0.8359088271565447,0.002257111353583096,0.7417050330103888,1.7503884918331718
Llama,CounterFact,AlphaEdit,Native,canonical,200,T22,Llama|CounterFact|AlphaEdit|Native|canonical|200,unchanged_original,unchanged_original,1000,1000,33.15,-0.020013773438678543,0.011807868501155852,0.2737737524090235,1.0200721069680092,0.0224042631368053,0.947408628883156,1.396690761950008,0.39669076195000785,0.274795765220907,0.0005710962585210703,0.08054552586545112,1.0410890752466153,0.948986558151953,0.003143308804304231,0.9527222505413706,1.9794812963479864
Llama,CounterFact,AlphaEdit,Native,canonical,250,T22,Llama|CounterFact|AlphaEdit|Native|canonical|250,unchanged_original,unchanged_original,1000,1000,29.9,-0.01828916603766087,0.022239300914356643,0.3031517405006294,1.0306223308363438,0.0318309695828279,1.047513841025249,1.4740569046349987,0.4740569046349988,0.3040421267383091,0.0005485167214304751,0.09906616905909658,1.0630363537052054,1.0494886616463939,0.0044010074032726785,1.1630575085348829,2.2119371177668685
Llama,CounterFact,AlphaEdit,Native,canonical,300,T22,Llama|CounterFact|AlphaEdit|Native|canonical|300,unchanged_original,unchanged_original,1000,1000,27.15,-0.019493968233630633,0.027409303583846564,0.3307282882753778,1.0384761042264294,0.039430567989901,1.1375271482408673,1.5421481533552468,0.5421481533552468,0.3316983587514878,0.0006531259205059437,0.11794830322504837,1.079613492678293,1.1397345791156654,0.005303968955138613,1.3616831821845277,2.4218057583073596
Llama,CounterFact,AlphaEdit,Native,canonical,500,T22,Llama|CounterFact|AlphaEdit|Native|canonical|500,unchanged_original,unchanged_original,1000,1000,16.8,-0.019376193806436938,0.07061902113999399,0.4272186198972992,1.0744742670704286,0.0746394708196546,1.4795591985106384,1.8341748759848455,0.8341748759848457,0.42819610022417554,0.0008308238314952931,0.19522734261744842,1.1573057788360699,1.4836657531583433,0.013299486264338163,2.2934153651909663,3.447952893735293
Llama,CounterFact,AlphaEdit,Native,canonical,750,T22,Llama|CounterFact|AlphaEdit|Native|canonical|750,unchanged_original,unchanged_original,1000,1000,14.85,-0.016894127217562633,0.13143306058287502,0.5766282846024373,1.1459683769283306,0.1459683769283305,1.9001037619741978,2.21829807256189,1.2182980725618897,0.577607277730904,0.0011143548421720967,0.352730206287552,1.3200563066945987,1.9073315212742294,0.030627318515378265,3.7804774538038712,5.073970893485
Llama,CounterFact,AlphaEdit,Native,canonical,1000,T22,Llama|CounterFact|AlphaEdit|Native|canonical|1000,unchanged_original,unchanged_original,1000,1000,12.3,-0.007914828219172582,0.22007901889226264,0.7836642094708312,1.2750656115204284,0.2750656115204284,2.406031746771498,2.703884316051017,1.7038843160510169,0.7847508597441326,0.0017631391812838672,0.6672266425280519,1.6531601252709907,2.4187310497893604,0.0683512128133321,6.087013959871087,7.595523210468944
Llama,CounterFact,AlphaEdit,SADR,canonical,50,T23,Llama|CounterFact|AlphaEdit|SADR|canonical|50,unchanged_original,unchanged_original,1000,1000,78.35,-0.009948896119533234,-0.007603057465122006,0.114450437869971,0.9974141567295466,0.0059497637243607,0.4504434057515053,1.0979508272997223,0.09810792797040435,0.11503969936641494,0.00013636932483857,0.014648477682330878,0.9948870547681029,0.4510830354593976,0.0007002059103284117,0.22349184905673833,1.2089859400368228
Llama,CounterFact,AlphaEdit,SADR,canonical,100,T23,Llama|CounterFact|AlphaEdit|SADR|canonical|100,unchanged_original,unchanged_original,1000,1000,59.1,-0.017048313035259676,-0.012275350625531508,0.1726809723574728,0.9992341231684376,0.0084921272975205,0.6875504293511483,1.213759121392662,0.21375912139266184,0.17372868073139544,0.0003684689354034884,0.03232576445071047,0.9985976073155945,0.6885980070536468,0.0015624878771184185,0.507250947704072,1.4842627343301273
Llama,CounterFact,AlphaEdit,SADR,canonical,150,T23,Llama|CounterFact|AlphaEdit|SADR|canonical|150,unchanged_original,unchanged_original,1000,1000,49.65,-0.01721212809077658,-0.0060800849251231035,0.2159602071208843,1.0082124959141223,0.0123738569366798,0.8322140015628878,1.3074481481700118,0.3074481481700119,0.2168646444548554,0.00039849366616847925,0.05080300375709052,1.0167772412417058,0.8332904550620603,0.0019140525159495577,0.7380942019203527,1.727848084586056
Llama,CounterFact,AlphaEdit,SADR,canonical,200,T23,Llama|CounterFact|AlphaEdit|SADR|canonical|200,unchanged_original,unchanged_original,1000,1000,41.55,-0.019607127416943794,0.001989258984907618,0.2541430045995812,1.0151667764098684,0.0180667736558655,0.948839105679079,1.3912519276933706,0.3912519276933707,0.25514553945900437,0.0005193622351828799,0.06968192487543698,1.0309870322767325,0.950121974108958,0.002546148599016429,0.9562920717339114,1.962816738302743
Llama,CounterFact,AlphaEdit,SADR,canonical,250,T23,Llama|CounterFact|AlphaEdit|SADR|canonical|250,unchanged_original,unchanged_original,1000,1000,39.75,-0.018543941508404334,0.010013852527863082,0.2821015189429043,1.024032757995049,0.025599431480935,1.0495742886796227,1.467871497204503,0.46787149720450316,0.2829740947799164,0.0004968969092110927,0.08587669807940976,1.0492857119718122,1.0510187756129203,0.003164253743806167,1.1678108794055695,2.1910028382051014
Llama,CounterFact,AlphaEdit,SADR,canonical,300,T23,Llama|CounterFact|AlphaEdit|SADR|canonical|300,unchanged_original,unchanged_original,1000,1000,36.55,-0.01783412933883168,0.017193669927551124,0.306120119540043,1.032018093778322,0.0328988277539392,1.1374081300840797,1.5360497390041725,0.5360497390041726,0.30693204891819625,0.0005079941276699089,0.10108385637717074,1.0659235918271774,1.1390403365206963,0.0038531001699635297,1.3614176404438953,2.3996580804689613
Llama,CounterFact,AlphaEdit,SADR,canonical,500,T23,Llama|CounterFact|AlphaEdit|SADR|canonical|500,unchanged_original,unchanged_original,1000,1000,25.05,-0.013301197340216574,0.05574523303010892,0.4095150633805008,1.0731025780042651,0.0731604539599931,1.4947625848229016,1.839036387998894,0.8390363879988938,0.41013577662131434,0.0005162097464994915,0.1800538003476173,1.1539676154136838,1.4976520533489401,0.009257281517179673,2.3445819869090587,3.4653297344864558
Llama,CounterFact,AlphaEdit,SADR,canonical,750,T23,Llama|CounterFact|AlphaEdit|SADR|canonical|750,unchanged_original,unchanged_original,1000,1000,17.849999999999998,-0.006235277478150357,0.10625957117427784,0.5685949081370765,1.1514514627059749,0.1514514627059746,1.9083074774899933,2.213542673591316,1.2135426735913162,0.5691257806137376,0.0006081171852573838,0.34416581333277646,1.3323033755617333,1.9132145054577419,0.02053252338230561,3.816223539541056,5.049275205271917
Llama,CounterFact,AlphaEdit,SADR,canonical,1000,T23,Llama|CounterFact|AlphaEdit|SADR|canonical|1000,unchanged_original,unchanged_original,1000,1000,15.8,0.007215556199422386,0.18836370322888932,0.8199636803591268,1.310667690150106,0.310667690150106,2.47031083661678,2.7488266609834544,1.7488266609834549,0.8206221957094804,0.0012162790564899156,0.7327148312546439,1.7483622227099787,2.479574537232424,0.0517919469915897,6.467592072288045,7.896111425737414
Llama,CounterFact,AlphaEdit,SPHERE,canonical,50,T24,Llama|CounterFact|AlphaEdit|SPHERE|canonical|50,corrected_layerwise_sphere,corrected_layerwise_sphere,1000,1000,74.8,-0.014109696820207435,-0.017661494971948775,0.12192712032367783,0.9941862917341068,0.007465473895220086,0.42884626928746217,1.0792641191112702,0.07988531026548282,0.12290560079866214,0.00025248303267096605,0.016422083562949143,0.9884551729552052,0.429791476011918,0.0009525087322341657,0.20196238886988532,1.1675919076582217
Llama,CounterFact,AlphaEdit,SPHERE,canonical,100,T24,Llama|CounterFact|AlphaEdit|SPHERE|canonical|100,corrected_layerwise_sphere,corrected_layerwise_sphere,1000,1000,56.89999999999999,-0.019667421605801195,-0.02346632694825325,0.177620094163028,0.9974773881325583,0.008351315547545507,0.6379166157906317,1.1756622860538664,0.17572333935230497,0.17891429371805595,0.00048613315933338956,0.033917191964895906,0.9950684819126269,0.6392762424628259,0.0018635386460495833,0.43540638850421426,1.3903372732537573
Llama,CounterFact,AlphaEdit,SPHERE,canonical,150,T24,Llama|CounterFact|AlphaEdit|SPHERE|canonical|150,corrected_layerwise_sphere,corrected_layerwise_sphere,1000,1000,47.4,-0.022642002739891993,-0.023705706991308598,0.22182613725657263,1.00413320701491,0.011149563017163237,0.7612456955992345,1.2478083399833235,0.24782900205171784,0.22321252395185343,0.0006411253578930587,0.053168064100903245,1.0085251839790121,0.7626921895173682,0.002308865493563957,0.6151608641430751,1.570058315654022
Llama,CounterFact,AlphaEdit,SPHERE,canonical,200,T24,Llama|CounterFact|AlphaEdit|SPHERE|canonical|200,corrected_layerwise_sphere,corrected_layerwise_sphere,1000,1000,37.75,-0.02667921187123126,-0.021610816497789814,0.25747530265500007,1.0090702268986038,0.014111445922060067,0.8554685054141116,1.3094253245242644,0.30943053859641156,0.2591214558975613,0.0008911189519607,0.07102958681031991,1.018562282019818,0.8570820972429052,0.002797311706551656,0.7736351447507201,1.733210823461692
Llama,CounterFact,AlphaEdit,SPHERE,canonical,250,T24,Llama|CounterFact|AlphaEdit|SPHERE|canonical|250,corrected_layerwise_sphere,corrected_layerwise_sphere,1000,1000,35.949999999999996,-0.02546966225934179,-0.01763302851280019,0.2796770731771691,1.0164539898619616,0.019488639070567238,0.9316099607230683,1.3635781539715386,0.36357815397153864,0.28112234068280373,0.0008447341122258458,0.08375262496067934,1.0336580345542214,0.9332440465039412,0.003050799619137777,0.9152335431429351,1.8830182857364723
Llama,CounterFact,AlphaEdit,SPHERE,canonical,300,T24,Llama|CounterFact|AlphaEdit|SPHERE|canonical|300,corrected_layerwise_sphere,corrected_layerwise_sphere,1000,1000,32.75,-0.02712819186758951,-0.015555524809170298,0.30292243471120367,1.021905510662363,0.023981584849171653,1.0009496244408567,1.4126563262021996,0.41265632620219966,0.30444180994950615,0.0009642405856292637,0.0982313308335072,1.0449391876839573,1.002621001801687,0.0033394113616995744,1.0485602722145873,2.020788633957946
Llama,CounterFact,AlphaEdit,SPHERE,canonical,500,T24,Llama|CounterFact|AlphaEdit|SPHERE|canonical|500,corrected_layerwise_sphere,corrected_layerwise_sphere,1000,1000,22.05,-0.0267391660305707,0.0003156624958946601,0.38119231883601357,1.04917127100885,0.04955728461844794,1.2382980921527587,1.5992777646258982,0.5992777646258983,0.3825943133234862,0.00109522440528587,0.15476700454721584,1.1023838968913606,1.2401712491048555,0.004551296830352234,1.5940725384776313,2.599255160299773
Llama,CounterFact,AlphaEdit,SPHERE,canonical,750,T24,Llama|CounterFact|AlphaEdit|SPHERE|canonical|750,corrected_layerwise_sphere,corrected_layerwise_sphere,1000,1000,19.75,-0.028686698812851623,0.01734444679840167,0.4693782465523063,1.083022785291258,0.08310455493944045,1.4531480118822597,1.779947618369995,0.7799476183699948,0.4707874825934595,0.0013580013110702361,0.2314616300100937,1.1754462336954608,1.4550786955936905,0.005619185904488849,2.18337042012397,3.2236784996252617
Llama,CounterFact,AlphaEdit,SPHERE,canonical,1000,T24,Llama|CounterFact|AlphaEdit|SPHERE|canonical|1000,corrected_layerwise_sphere,corrected_layerwise_sphere,1000,1000,16.75,-0.030644398440490214,0.02703471235653744,0.5574525733907351,1.1235216508236243,0.12355869360110805,1.6329309927925966,1.934387283504826,0.9343872835048257,0.5589296325854121,0.0016697411254249467,0.3265923476595389,1.2669732919039833,1.6346654989993774,0.00574597010769213,2.756529515934617,3.8163449107553844
Llama,CounterFact,MEMIT,ENCORE,canonical,50,canonical_completed_Llama_CounterFact_MEMIT_ENCORE,Llama|CounterFact|MEMIT|ENCORE|canonical|50,canonical_missing_geometry_exact_replay_20260926,canonical_missing_geometry_exact_replay_20260926,1000,1000,95.25,-0.004301382526124109,-0.011604399711757201,0.04385663231418957,0.996767692770711,0.003507397731977328,0.17415133008303216,1.0061865329260347,0.009760338570646012,0.044137289422640995,2.657765805871802e-05,0.002128956875614583,0.993552769481425,0.1747516087843353,0.00028343116260554497,0.03549802277643062,1.0125726545155218
Llama,CounterFact,MEMIT,ENCORE,canonical,100,canonical_completed_Llama_CounterFact_MEMIT_ENCORE,Llama|CounterFact|MEMIT|ENCORE|canonical|100,canonical_missing_geometry_exact_replay_20260926,canonical_missing_geometry_exact_replay_20260926,1000,1000,85.39999999999999,-0.008069330742271159,-0.026578450324311033,0.07470493897224594,0.9950135806914434,0.005476277821548892,0.3255031304516457,1.0317674612010077,0.03356182842390756,0.07524205242952584,8.611249146483635e-05,0.006121910436770732,0.9900693614436932,0.3269214156568305,0.0010644784871604103,0.11753697619672922,1.0654445540352677
Llama,CounterFact,MEMIT,ENCORE,canonical,150,canonical_completed_Llama_CounterFact_MEMIT_ENCORE,Llama|CounterFact|MEMIT|ENCORE|canonical|150,canonical_missing_geometry_exact_replay_20260926,canonical_missing_geometry_exact_replay_20260926,1000,1000,65.0,-0.013504113090469132,-0.04561381791961373,0.10442535279514792,0.9926365844831482,0.008037860013175907,0.4459474821063706,1.060659575269708,0.0621767376946036,0.10543494898403606,0.0002295008088044957,0.012140106525683581,0.9853613811535498,0.448805709514351,0.002824367076986604,0.21544740747894228,1.1270441387167016
Llama,CounterFact,MEMIT,ENCORE,canonical,200,canonical_completed_Llama_CounterFact_MEMIT_ENCORE,Llama|CounterFact|MEMIT|ENCORE|canonical|200,canonical_missing_geometry_exact_replay_20260926,canonical_missing_geometry_exact_replay_20260926,1000,1000,56.39999999999999,-0.015620176240367208,-0.05193676811185516,0.12133353347422428,0.9926164826460837,0.008499129900244439,0.5131823377919914,1.0858677313580694,0.08674252592359942,0.12249090664346778,0.0003034811596212428,0.016270047616075672,0.9853331762949625,0.5163972724098991,0.0035798701969966566,0.28250452344980104,1.1822108574230874
Llama,CounterFact,MEMIT,ENCORE,canonical,250,canonical_completed_Llama_CounterFact_MEMIT_ENCORE,Llama|CounterFact|MEMIT|ENCORE|canonical|250,canonical_missing_geometry_exact_replay_20260926,canonical_missing_geometry_exact_replay_20260926,1000,1000,50.349999999999994,-0.017315443525205802,-0.05932922851905044,0.1355767166602498,0.992977074731084,0.008614181711002778,0.5713363302680793,1.1086945620524207,0.10933157050424584,0.1368354112488048,0.0003693595011998299,0.02032026818082044,0.9860587406316088,0.5750432490408955,0.004487987435183122,0.3476677288359455,1.2334972592330278
Llama,CounterFact,MEMIT,ENCORE,canonical,300,canonical_completed_Llama_CounterFact_MEMIT_ENCORE,Llama|CounterFact|MEMIT|ENCORE|canonical|300,canonical_missing_geometry_exact_replay_20260926,canonical_missing_geometry_exact_replay_20260926,1000,1000,43.75,-0.019094867677005058,-0.06442613201189064,0.14739172044511725,0.9930710496218919,0.009027960733985221,0.6191482260824778,1.1295912646607171,0.12997733474109582,0.14878701923876325,0.00044273236006887374,0.024004847578091,0.9862578445841498,0.6231743353235786,0.005202259185617072,0.4046998031169282,1.2810497982787643
Llama,CounterFact,MEMIT,ENCORE,canonical,500,canonical_completed_Llama_CounterFact_MEMIT_ENCORE,Llama|CounterFact|MEMIT|ENCORE|canonical|500,canonical_missing_geometry_exact_replay_20260926,canonical_missing_geometry_exact_replay_20260926,1000,1000,29.15,-0.021956446172792226,-0.07092451433853424,0.17811016692136872,0.9956661938273634,0.009365745532839255,0.7528216752302495,1.2032448062205865,0.20334035211437554,0.17966377743873824,0.0005949329177722697,0.034792036931958134,0.991474077504146,0.756955581091368,0.0062993901482719114,0.5919125769953216,1.456362938466525
Llama,CounterFact,MEMIT,ENCORE,canonical,750,canonical_completed_Llama_CounterFact_MEMIT_ENCORE,Llama|CounterFact|MEMIT|ENCORE|canonical|750,canonical_missing_geometry_exact_replay_20260926,canonical_missing_geometry_exact_replay_20260926,1000,1000,23.599999999999998,-0.02345869641201761,-0.07849259180056002,0.20668659124445207,0.999978123463671,0.009174468216266166,0.8639674447120383,1.270044666355758,0.2700495237912996,0.20821782688853144,0.0006854174725211563,0.04635388389808546,1.0001219085465713,0.8683364290021144,0.007546989448742493,0.7741255499097794,1.6246873557574018
Llama,CounterFact,MEMIT,ENCORE,canonical,1000,canonical_completed_Llama_CounterFact_MEMIT_ENCORE,Llama|CounterFact|MEMIT|ENCORE|canonical|1000,canonical_missing_geometry_exact_replay_20260926,canonical_missing_geometry_exact_replay_20260926,1000,1000,18.2,-0.025476087490399806,-0.08453917155003027,0.2338042449446445,1.0042269872233585,0.011290921856012296,0.959277913357075,1.3325677570610424,0.33256775706104225,0.23543347690414249,0.0008177921636295788,0.058851181003730844,1.008716798186561,0.963850634595677,0.008683590399957645,0.9517047861864831,1.7913100334863803
Llama,CounterFact,MEMIT,NAS,canonical,50,T25,Llama|CounterFact|MEMIT|NAS|canonical|50,unchanged_original,unchanged_original,1000,1000,95.2,-0.0028661834429375846,0.0030008636461935872,0.0516476855185356,0.9986445091211776,0.0030075151959257,0.1944534526729579,1.0300157982806077,0.030682435746520034,0.051836172972892294,2.0027669140237675e-05,0.0030172233480032324,0.9973048841312684,0.19517580091317996,0.0005542555725166988,0.05566666000771039,1.0622226428726145
Llama,CounterFact,MEMIT,NAS,canonical,100,T25,Llama|CounterFact|MEMIT|NAS|canonical|100,unchanged_original,unchanged_original,1000,1000,84.7,-0.004609800026187597,0.010659395426237115,0.0768963629803672,0.9986892071074716,0.0044846557216079,0.37011922231086214,1.0903925921693831,0.0905841758284187,0.07718862243579622,4.424965371167639e-05,0.006589769774398895,0.9974144193757354,0.3714036743146614,0.0012808280858653252,0.17154704846127192,1.1941466673996115
Llama,CounterFact,MEMIT,NAS,canonical,150,T25,Llama|CounterFact|MEMIT|NAS|canonical|150,unchanged_original,unchanged_original,1000,1000,62.64999999999999,-0.007891363404279659,0.006436420300124544,0.1023725090632246,0.9980338643571666,0.0060696413756592,0.5236248077641453,1.1517630143885094,0.15188723179298427,0.10285871160880306,9.695249473251486e-05,0.011819930003194437,0.9961341556893676,0.5251040559477078,0.001975371759699526,0.32233588136458013,1.3371840937245287
Llama,CounterFact,MEMIT,NAS,canonical,200,T25,Llama|CounterFact|MEMIT|NAS|canonical|200,unchanged_original,unchanged_original,1000,1000,53.45,-0.009407709393931131,0.002871547480356419,0.1215725677715006,0.9989221654278012,0.006874946671275,0.6358906267800539,1.205516766262753,0.20557838997468209,0.12212731330054888,0.00013184043555516898,0.016618061362104433,0.9979344830097973,0.6374221572384452,0.0023567403915774284,0.46068492616390555,1.468784761516196
Llama,CounterFact,MEMIT,NAS,canonical,250,T25,Llama|CounterFact|MEMIT|NAS|canonical|250,unchanged_original,unchanged_original,1000,1000,45.6,-0.010582513515921689,-0.00892431241790307,0.1376757602040436,1.000139958249056,0.0076966676189487,0.7345230654146067,1.2524159008640992,0.25245867292337787,0.13829352887216037,0.0001723497023449379,0.021393947735941898,1.0004012704064436,0.7361138722671814,0.0028022528601027246,0.6047037356883928,1.5896573637126894
Llama,CounterFact,MEMIT,NAS,canonical,300,T25,Llama|CounterFact|MEMIT|NAS|canonical|300,unchanged_original,unchanged_original,1000,1000,38.65,-0.011794589552578966,-0.019252054949285245,0.1503952454305609,1.0010266747325602,0.0082519069227215,0.8150080602554401,1.2932549172753731,0.29326122820683975,0.15106610878671767,0.00020651575252191246,0.02558001920959304,1.002197355856957,0.8168021437351517,0.0034087169481847165,0.7327839779008943,1.6976885849505083
Llama,CounterFact,MEMIT,NAS,canonical,500,T25,Llama|CounterFact|MEMIT|NAS|canonical|500,unchanged_original,unchanged_original,1000,1000,27.05,-0.012726315577488018,-0.0613754513318312,0.1832274818639565,1.0064856658285095,0.011622441698506,1.0375617821301162,1.4170436612069717,0.41704366120697156,0.18390739722880925,0.0002577137054946761,0.03850434742195756,1.0133094299724763,1.0411331174255456,0.007781351909167986,1.1714775610396755,2.0565080102851816
Llama,CounterFact,MEMIT,NAS,canonical,750,T25,Llama|CounterFact|MEMIT|NAS|canonical|750,unchanged_original,unchanged_original,1000,1000,25.6,-0.01934910306017968,-0.1294281446527418,0.2114611618182595,1.0062561550619982,0.0142134865481641,1.1598794183012697,1.4650948971502684,0.4651049605187425,0.21267258489827276,0.0005341716294220596,0.051178220493858805,1.0130141860029214,1.1695831003044348,0.021884325210933964,1.4538117878605947,2.216839823766045
Llama,CounterFact,MEMIT,NAS,canonical,1000,T25,Llama|CounterFact|MEMIT|NAS|canonical|1000,unchanged_original,unchanged_original,1000,1000,21.5,-0.02768923987569091,-0.18714242619714466,0.2317583231549949,1.0028453034594822,0.0162250539469643,1.2393370199861662,1.4930506557442045,0.49305065574420437,0.23387223540179725,0.0010267835466209849,0.06064473686160187,1.006293040656841,1.2570801291530584,0.04113683747258115,1.6529272411717975,2.3197792262500894
Llama,CounterFact,MEMIT,Native,canonical,50,T26,Llama|CounterFact|MEMIT|Native|canonical|50,unchanged_original,unchanged_original,1000,1000,94.7,-0.003294502750636793,0.005016938800680279,0.0522140126813848,0.9982447344554316,0.0030699369018426,0.19855851324458906,1.0329902958962935,0.03368692239391091,0.05242239888626591,2.2751399856412405e-05,0.003071251392398246,0.996504997290981,0.19942749837149507,0.0006161923663102278,0.057973078030331616,1.0686231479980024
Llama,CounterFact,MEMIT,Native,canonical,100,T26,Llama|CounterFact|MEMIT|Native|canonical|100,unchanged_original,unchanged_original,1000,1000,78.60000000000001,-0.005147648930629765,0.03225311062535062,0.085550527798308,0.9989405117713824,0.0049678893910313,0.44033056025615086,1.1391675131708368,0.13931950918674757,0.08587488009298586,5.4040462486309684e-05,0.008166038200444212,0.997924780801671,0.4429076298521835,0.0026083368812778868,0.2421345007964294,1.3092490589284087
Llama,CounterFact,MEMIT,Native,canonical,150,T26,Llama|CounterFact|MEMIT|Native|canonical|150,unchanged_original,unchanged_original,1000,1000,50.9,-0.007077879602061532,0.07387714055560551,0.1244976363401035,1.0017825508950875,0.0087179164959514,0.7304587913800733,1.3203960467031348,0.32043417503835775,0.12498382639480866,0.00011246315426200035,0.017772203452540297,1.0037289074026792,0.7360717385453567,0.009270874509222853,0.6256487946475192,1.7826739502679532
Llama,CounterFact,MEMIT,Native,canonical,200,T26,Llama|CounterFact|MEMIT|Native|canonical|200,unchanged_original,unchanged_original,1000,1000,31.8,-0.0045922837616619696,0.20329337451138896,0.1773670582399026,1.0138404306646105,0.0187731437284275,1.2102374785270613,1.729430304008279,0.7294303040082794,0.17788029015084542,0.00017697057975705284,0.03761849270153746,1.0286108957579707,1.2298894479785036,0.05722471229971997,1.6821914208919038,3.1460028822144013
Llama,CounterFact,MEMIT,Native,canonical,250,T26,Llama|CounterFact|MEMIT|Native|canonical|250,unchanged_original,unchanged_original,1000,1000,21.65,0.018531344063242923,0.6343428641124876,0.3525462817996195,1.0922929089523346,0.0937958287276563,2.650567606395335,3.130365998682115,2.130365998682115,0.3537925846877748,0.0014797530158722142,0.1676662965559781,1.2062087376983361,2.729405053338441,0.49863849339759525,7.873285108287644,10.640609329910216
Llama,CounterFact,MEMIT,Native,canonical,300,T26,Llama|CounterFact|MEMIT|Native|canonical|300,unchanged_original,unchanged_original,1000,1000,1.0,0.20390880379659537,2.2419056546484044,1.9570604338390472,2.3867275167665074,1.3884021652641356,8.481155738035906,9.094036009680437,8.094036009680437,1.9710313681631417,0.09755186948328652,6.241656314111089,7.747025791187567,8.785065060425644,5.611158693479035,76.4224712171245,87.51744121990035
Llama,CounterFact,MEMIT,Native,canonical,500,T26,Llama|CounterFact|MEMIT|Native|canonical|500,unchanged_original,unchanged_original,1000,1000,0.6,181.90427242923622,270.36551766837465,3289.428272512882,3295.4914078310235,3294.4914078310235,2932.6322635448028,2945.9691907353454,2944.9691907353454,3295.435666099366,39529.999950924124,10931604.041738275,10971498.850234058,2945.8763018500235,76982.32574733048,8669901.241185358,8747425.297968024
Llama,CounterFact,MEMIT,Native,canonical,750,T26,Llama|CounterFact|MEMIT|Native|canonical|750,unchanged_original,unchanged_original,1000,1000,0.6,3397.0349704732585,4896.93169857177,82605.91395222337,82695.09002385353,82694.09002385353,69056.07312705928,69244.00553649623,69243.00553649623,82695.04870649794,14668717.61439667,6859780445.365638,6874455958.049976,69243.93400045761,25658773.04350932,4808387625.732205,4834056193.6391115
Llama,CounterFact,MEMIT,Native,canonical,1000,T26,Llama|CounterFact|MEMIT|Native|canonical|1000,unchanged_original,unchanged_original,1000,1000,0.6,79099.97756012087,111697.34678689766,1916297.2581194844,1918375.7515642515,1918374.7515642515,1591478.1632836137,1595720.1869029265,1595719.1869029265,1918375.7101003337,7933835624.687207,3691176215514.531,3699110209340.173,1595720.1161111738,13356128862.941536,2554178300671.592,2567534652930.227
Llama,CounterFact,MEMIT,SADR,canonical,50,T27,Llama|CounterFact|MEMIT|SADR|canonical|50,unchanged_original,unchanged_original,1000,1000,94.8,-0.002464369825424328,0.004972576836806054,0.047956139337952,0.9988317588354048,0.0028187906269034,0.19183975869335634,1.0313285244602337,0.031827873519144956,0.04812300131688338,1.619104291117262e-05,0.0025900784233355277,0.9976775298153979,0.19269288948565916,0.0006165081923690299,0.05433868119640975,1.064900343062391
Llama,CounterFact,MEMIT,SADR,canonical,100,T27,Llama|CounterFact|MEMIT|SADR|canonical|100,unchanged_original,unchanged_original,1000,1000,86.6,-0.0032190820213837544,0.031109552659084338,0.0757753540125779,0.9999901728394824,0.0043920181505387,0.41801739578542246,1.1287858413312948,0.12888092011770305,0.0759955195029894,3.257136545233214e-05,0.00642334638535789,1.0000177537080428,0.42052300699240897,0.002396014870997006,0.21913401223487328,1.283749132424039
Llama,CounterFact,MEMIT,SADR,canonical,150,T27,Llama|CounterFact|MEMIT|SADR|canonical|150,unchanged_original,unchanged_original,1000,1000,64.5,-0.004745643026385896,0.06821488829090076,0.1082769933114005,1.0019952719098202,0.0071616557326175,0.6938567769032435,1.2951074619255705,0.29513284631792497,0.10861089586968117,7.033860332210133e-05,0.013531986848046873,1.0041110393985972,0.6992525929739234,0.008509177664016408,0.566891131404182,1.71183008565
Llama,CounterFact,MEMIT,SADR,canonical,200,T27,Llama|CounterFact|MEMIT|SADR|canonical|200,unchanged_original,unchanged_original,1000,1000,46.3,-0.0023433385273349586,0.17681845818305605,0.1465578841677539,1.0102828684786658,0.0138794077283002,1.1089715574762917,1.6405355633908312,0.6405355633908312,0.14692432027922922,0.00011626321536226567,0.025661415613767665,1.0210910017744599,1.125593870389753,0.04427226426057824,1.420077896338466,2.817987076965156
Llama,CounterFact,MEMIT,SADR,canonical,250,T27,Llama|CounterFact|MEMIT|SADR|canonical|250,unchanged_original,unchanged_original,1000,1000,35.7,0.00955768473454729,0.4913931540889668,0.2496613236488835,1.0477441804689271,0.0495442907881972,2.1979730127337453,2.6757321017764597,1.6757321017764597,0.250472680103701,0.0006368907907922007,0.08236376392175708,1.102116024181644,2.255974960325214,0.310886858609151,5.483217942404893,7.776891109191978
Llama,CounterFact,MEMIT,SADR,canonical,300,T27,Llama|CounterFact|MEMIT|SADR|canonical|300,unchanged_original,unchanged_original,1000,1000,20.8,0.06021738276652231,1.3209727812521952,0.6381535286413511,1.2786737032160835,0.2797879701000431,5.045990422053276,5.565148902736802,4.565148902736802,0.642392665916464,0.010003644516183479,0.6406011994999867,1.7710396095492147,5.2230858286017,2.0602534976498537,27.76368695922537,33.46588601937961
Llama,CounterFact,MEMIT,SADR,canonical,500,T27,Llama|CounterFact|MEMIT|SADR|canonical|500,unchanged_original,unchanged_original,1000,1000,0.6,111.7687833731616,198.59895904963685,2801.375176171143,2804.396134227356,2803.396134227356,2490.4803377410585,2499.0781855278788,2498.0781855278788,2804.35559892718,16618.095045308746,7932667.614713835,7949510.24732589,2498.997563765117,41912.59824402123,6254143.097251568,6296453.893413689
Llama,CounterFact,MEMIT,SADR,canonical,750,T27,Llama|CounterFact|MEMIT|SADR|canonical|750,unchanged_original,unchanged_original,1000,1000,0.6,1454.2058560162347,2613.9219926644314,54385.21370396809,54416.24286074942,54415.24286074942,45455.96328306565,45539.594518124875,45538.594518124875,54416.21588241535,3348720.691441795,2973169610.047132,2976521240.1502857,45539.53632952671,7489311.677090186,2083453067.7103784,2090947608.2314541
Llama,CounterFact,MEMIT,SADR,canonical,1000,T27,Llama|CounterFact|MEMIT|SADR|canonical|1000,unchanged_original,unchanged_original,1000,1000,0.6,38364.58507135485,67590.42815935078,1435128.7260200162,1435943.6779042028,1435942.6779042028,1192198.0268761907,1194329.6892965694,1194328.6892965694,1435943.6509595963,2324734197.579415,2070362730640.377,2072687541568.1265,1194329.6319437458,5011461697.960306,1433275333084.5054,1438286929964.3218
Llama,CounterFact,MEMIT,SPHERE,canonical,50,T28,Llama|CounterFact|MEMIT|SPHERE|canonical|50,unchanged_original,unchanged_original,1000,1000,95.35,-0.003396274279353077,0.002208969510154042,0.0479617072813516,0.9978714930343447,0.003176149960033,0.16599878028374201,1.0230497221887902,0.024068708016936242,0.048189552475981785,2.289714250956436e-05,0.002528891160728317,0.9957592397445317,0.16671112124332052,0.0004686447128160559,0.042683205153604145,1.0475697888867281
Llama,CounterFact,MEMIT,SPHERE,canonical,100,T28,Llama|CounterFact|MEMIT|SPHERE|canonical|100,unchanged_original,unchanged_original,1000,1000,90.35,-0.005234896992840436,0.00901658999466387,0.073240783443147,0.9976690662962252,0.0042983269258819,0.3117392047898453,1.0690583874155417,0.06944324755238168,0.07356652976434616,4.82175444184411e-05,0.005789205723471129,0.9953676292822088,0.31294201750452294,0.001014002365449602,0.1278759331614266,1.1469231155162039
Llama,CounterFact,MEMIT,SPHERE,canonical,150,T28,Llama|CounterFact|MEMIT|SPHERE|canonical|150,unchanged_original,unchanged_original,1000,1000,75.75,-0.008352936993893056,0.008633676336315694,0.1008226216882694,0.9972054218515688,0.0060312685101488,0.4506461149256762,1.1211087098833301,0.12138542613204938,0.10135970468919894,0.00010932557894856617,0.01106585032977866,0.9944693019209411,0.45213565613420476,0.0016585304358924546,0.24609641129764515,1.2650222944061689
Llama,CounterFact,MEMIT,SPHERE,canonical,200,T28,Llama|CounterFact|MEMIT|SPHERE|canonical|200,unchanged_original,unchanged_original,1000,1000,62.35000000000001,-0.010558296528098268,0.014873009799623556,0.1226264278716204,0.99765618616815,0.0071556631699693,0.571307675138678,1.1825942164850678,0.18275197814744917,0.12331267610029638,0.00017224902536096194,0.016342533894325384,0.9953981898634897,0.5731916651966266,0.0024223383937332092,0.38064966668718786,1.4128180246801683
Llama,CounterFact,MEMIT,SPHERE,canonical,250,T28,Llama|CounterFact|MEMIT|SPHERE|canonical|250,unchanged_original,unchanged_original,1000,1000,49.9,-0.012284922182094588,0.028938231594826353,0.1442866918973858,0.9991396164745242,0.0083297476795879,0.6986699907842937,1.2622767596736002,0.2623741357718694,0.14508327075648314,0.0002349581590186169,0.022745392801741544,0.998410506596571,0.7013360313811593,0.00399998658998239,0.5548784461616001,1.6167548959412352
Llama,CounterFact,MEMIT,SPHERE,canonical,300,T28,Llama|CounterFact|MEMIT|SPHERE|canonical|300,unchanged_original,unchanged_original,1000,1000,43.25,-0.012907948837209396,0.04713119774419578,0.1639006398666038,1.0018918498994696,0.0094907629190552,0.8166972168274017,1.3452977840810667,0.34529868125531127,0.16469636381692646,0.00026398942032224387,0.0295295092262837,1.003977600972187,0.8203625675579622,0.006335666594981868,0.7412413615333181,1.8418394236166915
Llama,CounterFact,MEMIT,SPHERE,canonical,500,T28,Llama|CounterFact|MEMIT|SPHERE|canonical|500,unchanged_original,unchanged_original,1000,1000,18.75,-0.0023262826942574764,0.29123068660190027,0.2724505422582918,1.03867373737755,0.040358405732239,1.7067569618808198,2.1537364591455486,1.1537364591455483,0.27303759488636103,0.00034236954070395625,0.08520721722420337,1.0808970213763924,1.7351563056943256,0.11295536141746501,3.176610417264387,4.872027151885653
Llama,CounterFact,MEMIT,SPHERE,canonical,750,T28,Llama|CounterFact|MEMIT|SPHERE|canonical|750,unchanged_original,unchanged_original,1000,1000,1.3,0.4344235717803592,2.2004837861458997,4.346391317016117,4.680239452413125,3.682394217904674,8.712286521564526,9.303497618237369,8.303497618237369,4.3775165999507974,0.4747261322939496,33.21794967367174,35.56152294952641,9.000457864929016,5.625550582727886,84.71805161434551,95.74456976936519
Llama,CounterFact,MEMIT,SPHERE,canonical,1000,T28,Llama|CounterFact|MEMIT|SPHERE|canonical|1000,unchanged_original,unchanged_original,1000,1000,0.6,28.46539621209839,41.520010606424634,324.3058357127829,325.80303521434814,324.80303521434814,297.7689824782058,300.9447904733489,299.9447904733489,325.71303861173834,912.0129511406311,106974.0540605463,107943.99780411112,300.8034785541241,1792.4633563047535,89610.122866483,91486.62624400061
Llama,zsRE,AlphaEdit,ENCORE,canonical,50,ENCORE_corrected_zsRE_AlphaEdit,Llama|zsRE|AlphaEdit|ENCORE|canonical|50,corrected_encore_dataset_editor_parameters_20260924,corrected_encore_dataset_editor_parameters_20260924,1000,1000,87.88125447060573,-0.01702365285753098,-0.03367137822874392,0.19482717686820888,1.00537443666527,0.01391953338880339,0.4715651616787012,1.082135684816376,0.08251932395387121,0.19583762721975484,0.0003859446811742395,0.04488327240433294,1.0112219113704453,0.4733583479787032,0.001901709957842162,0.23920711184835902,1.1737660653487132
Llama,zsRE,AlphaEdit,ENCORE,canonical,100,ENCORE_corrected_zsRE_AlphaEdit,Llama|zsRE|AlphaEdit|ENCORE|canonical|100,corrected_encore_dataset_editor_parameters_20260924,corrected_encore_dataset_editor_parameters_20260924,1000,1000,74.06817594476952,-0.022514334449880023,-0.04190413839735758,0.2712926738551718,1.0201566296115185,0.02638103749730666,0.6328552494233279,1.1552596102112724,0.15527650620623254,0.2726223624161204,0.000708039190510592,0.08633609837442313,1.0420154686651735,0.6351214638141214,0.0030877962773937723,0.42067421406325395,1.3399537335459326
Llama,zsRE,AlphaEdit,ENCORE,canonical,150,ENCORE_corrected_zsRE_AlphaEdit,Llama|zsRE|AlphaEdit|ENCORE|canonical|150,corrected_encore_dataset_editor_parameters_20260924,corrected_encore_dataset_editor_parameters_20260924,1000,1000,69.2349705183994,-0.02323654138424817,-0.03944218056030643,0.30807447828834145,1.0310665654881972,0.03563402887211135,0.7384120394771433,1.219601147808441,0.21962584667329926,0.309435190351491,0.000807232924784333,0.11094784635621362,1.0652819965125018,0.7406786617060537,0.003465548508407231,0.5727559951375729,1.4973371825253672
Llama,zsRE,AlphaEdit,ENCORE,canonical,200,ENCORE_corrected_zsRE_AlphaEdit,Llama|zsRE|AlphaEdit|ENCORE|canonical|200,corrected_encore_dataset_editor_parameters_20260924,corrected_encore_dataset_editor_parameters_20260924,1000,1000,66.59628840697212,-0.02183857636424993,-0.03229801723951722,0.3397644785845957,1.044011141905269,0.047065708710222205,0.8166640869108844,1.2743981241922067,0.27440118886130865,0.34100634957927595,0.000796544760206225,0.13640359644675193,1.0935229884784585,0.8186143329525567,0.0032496609751439132,0.6985500592809072,1.6372036857770167
Llama,zsRE,AlphaEdit,ENCORE,canonical,250,ENCORE_corrected_zsRE_AlphaEdit,Llama|zsRE|AlphaEdit|ENCORE|canonical|250,corrected_encore_dataset_editor_parameters_20260924,corrected_encore_dataset_editor_parameters_20260924,1000,1000,63.4893288890398,-0.017733347396608333,-0.022015883262979794,0.3672475203357055,1.0580297062742896,0.059503037028909564,0.8864064743760639,1.3282198175316424,0.3282198175316423,0.36824018761271193,0.0006892105330132562,0.15883300802795625,1.1240555237677528,0.8880936966037418,0.003004650485122838,0.822851548569376,1.7818244325285393
Llama,zsRE,AlphaEdit,ENCORE,canonical,300,ENCORE_corrected_zsRE_AlphaEdit,Llama|zsRE|AlphaEdit|ENCORE|canonical|300,corrected_encore_dataset_editor_parameters_20260924,corrected_encore_dataset_editor_parameters_20260924,1000,1000,62.06883264572946,-0.01677674995442031,-0.01940479070109464,0.39181660570584104,1.068833405224882,0.06971693905424901,0.9419268139400477,1.3679188064949788,0.36791880649497877,0.39273928480190523,0.000709429683547889,0.1808350406220762,1.1479909703967834,0.9436544318639309,0.003239400912712593,0.9277921531767442,1.8922219726872676
Llama,zsRE,AlphaEdit,ENCORE,canonical,500,ENCORE_corrected_zsRE_AlphaEdit,Llama|zsRE|AlphaEdit|ENCORE|canonical|500,corrected_encore_dataset_editor_parameters_20260924,corrected_encore_dataset_editor_parameters_20260924,1000,1000,56.91405857806425,-0.002365657287326899,0.002179263698905487,0.4745500904720093,1.1180698879135167,0.11833352341013235,1.15428026570561,1.5363802368837782,0.5363802368837781,0.4753263840896423,0.0007997753434723759,0.26689298269410255,1.262961443462921,1.1559682408542513,0.0038601540462652553,1.3884786843369954,2.3966973657810713
Llama,zsRE,AlphaEdit,ENCORE,canonical,750,ENCORE_corrected_zsRE_AlphaEdit,Llama|zsRE|AlphaEdit|ENCORE|canonical|750,corrected_encore_dataset_editor_parameters_20260924,corrected_encore_dataset_editor_parameters_20260924,1000,1000,50.709814113575945,0.009295999362540342,0.029618598893351028,0.5656515682919921,1.172664956418518,0.17276036848751858,1.3940896543334782,1.7399900312890082,0.739990031289008,0.5667761300519826,0.0015531301507332028,0.3783371526517954,1.3984822815276092,1.3962489697574898,0.006362092951942734,2.0260905107992615,3.0916898015379064
Llama,zsRE,AlphaEdit,ENCORE,canonical,1000,ENCORE_corrected_zsRE_AlphaEdit,Llama|zsRE|AlphaEdit|ENCORE|canonical|1000,corrected_encore_dataset_editor_parameters_20260924,corrected_encore_dataset_editor_parameters_20260924,1000,1000,44.79849124696024,0.02548107471842991,0.061460913255409554,0.6861530981123118,1.2532913473463467,0.25333253858052635,1.6497889815626414,1.9675138904663219,0.9675138904663216,0.6879558665508241,0.003336296302394892,0.5627862383461406,1.6170846840853954,1.652859967414454,0.011299403983086143,2.8378521894629785,3.972073419956884
Llama,zsRE,AlphaEdit,NAS,canonical,50,T30,Llama|zsRE|AlphaEdit|NAS|canonical|50,unchanged_original,unchanged_original,1000,1000,88.09337957647803,-0.01507855639474932,-0.031755384406925415,0.1836479475796533,1.0042338065574237,0.0112523201777352,0.4395863385390879,1.0699999367514075,0.07046175279759007,0.18449055627508368,0.0003083762745890035,0.03860716625224385,1.0087584297373342,0.4412961456763612,0.001761264087079381,0.20872673498396818,1.1469772302571968
Llama,zsRE,AlphaEdit,NAS,canonical,100,T30,Llama|zsRE|AlphaEdit|NAS|canonical|100,unchanged_original,unchanged_original,1000,1000,80.38765450508939,-0.023208995189213613,-0.04980237746806139,0.2482773377379697,1.0119530540801625,0.0184478930593328,0.5718204403799847,1.1158392756811837,0.11591771622551167,0.2496652123247125,0.0007164171434106547,0.0703969761481359,1.0246954029131192,0.574739590139335,0.003700904706789242,0.3444049397389039,1.2485010895095705
Llama,zsRE,AlphaEdit,NAS,canonical,150,T30,Llama|zsRE|AlphaEdit|NAS|canonical|150,unchanged_original,unchanged_original,1000,1000,76.93558372184503,-0.02827598385781517,-0.06107393450145474,0.2766104988412475,1.0149126111687166,0.0213786963555162,0.6377848081850102,1.142594056760614,0.14265528156148585,0.27838298364047015,0.0010296959526545919,0.08636564411886807,1.0308433723558923,0.6415494623617058,0.00525189059194415,0.42693351812961655,1.3100375397186512
Llama,zsRE,AlphaEdit,NAS,canonical,200,T30,Llama|zsRE|AlphaEdit|NAS|canonical|200,unchanged_original,unchanged_original,1000,1000,74.48127322257312,-0.029249267054575555,-0.06808123272757964,0.293519317924156,1.0193620399886163,0.0249622968861507,0.6797999366342271,1.1613218537842258,0.16136387448887904,0.29532720672212737,0.0011129526883289203,0.09753841706325292,1.0401528356424306,0.6840681296681825,0.006316652790937226,0.48361576078427704,1.353769948120055
Llama,zsRE,AlphaEdit,NAS,canonical,250,T30,Llama|zsRE|AlphaEdit|NAS|canonical|250,unchanged_original,unchanged_original,1000,1000,73.32812760756696,-0.02819165455790924,-0.07204245499508859,0.310262329875184,1.025581216618695,0.02903560148035,0.7118186794898856,1.1773018777037814,0.17731537895580282,0.31189277160630025,0.0010808125064957657,0.10829901981043331,1.0529965232011105,0.7163058091986034,0.006938843822104598,0.5286499062954546,1.391503840127382
Llama,zsRE,AlphaEdit,NAS,canonical,300,T30,Llama|zsRE|AlphaEdit|NAS|canonical|300,unchanged_original,unchanged_original,1000,1000,71.69239073062204,-0.029763335301793276,-0.07790273955967078,0.327387905189865,1.0300368587741184,0.0327352968611383,0.7387217226702769,1.189126841517313,0.18912684151731313,0.3291004140193196,0.0012232326977539363,0.12066598574863505,1.0623625478428025,0.7437167177479767,0.007982781847420461,0.5674720025783442,1.4196493053064232
Llama,zsRE,AlphaEdit,NAS,canonical,500,T30,Llama|zsRE|AlphaEdit|NAS|canonical|500,unchanged_original,unchanged_original,1000,1000,69.5382797572509,-0.03405294640886716,-0.1004453878293056,0.3639864365038895,1.0391770393563151,0.040903509131346,0.8155225375834537,1.220578357360179,0.22057835736017886,0.3659687885149235,0.001609331135246121,0.14817763675045853,1.0816810750679704,0.8226998234926051,0.012395520693722028,0.6838234607168152,1.4953282057519262
Llama,zsRE,AlphaEdit,NAS,canonical,750,T30,Llama|zsRE|AlphaEdit|NAS|canonical|750,unchanged_original,unchanged_original,1000,1000,67.72396333128322,-0.03969649310565926,-0.12768714903427542,0.3969294929450676,1.0464710584191708,0.0474882847806172,0.8865141815623869,1.2485655484911014,0.24856554849110132,0.399329579595117,0.0021672548735528706,0.17431904308442506,1.0970933117466595,0.896666340325972,0.018646528720626315,0.8011589370674714,1.5644311677195468
Llama,zsRE,AlphaEdit,NAS,canonical,1000,T30,Llama|zsRE|AlphaEdit|NAS|canonical|1000,unchanged_original,unchanged_original,1000,1000,66.19763838846072,-0.04437415186738444,-0.15788934186912343,0.4293099553972743,1.0555497378426997,0.0561317167132373,0.942914829821631,1.2671622923629215,0.26716229236292144,0.43205979340246975,0.0027087481360082133,0.20255813219198865,1.116518576593228,0.9569961581731605,0.027099484963973366,0.8992357214747435,1.6105565227004701
Llama,zsRE,AlphaEdit,Native,canonical,50,T31,Llama|zsRE|AlphaEdit|Native|canonical|50,unchanged_original,unchanged_original,1000,1000,88.00714599343328,-0.01229346018804767,-0.026579072806101472,0.1941124595967147,1.0097921692944802,0.0145261261941993,0.4662609184047391,1.086029605267146,0.08634027995574299,0.19473597299630407,0.00023538321715332162,0.04450427893881119,1.0201527417798693,0.46768561870795666,0.001526437822172605,0.23387408698984796,1.1822423791998176
Llama,zsRE,AlphaEdit,Native,canonical,100,T31,Llama|zsRE|AlphaEdit|Native|canonical|100,unchanged_original,unchanged_original,1000,1000,76.7271898740631,-0.016219392481903915,-0.032879281687592694,0.2752528885932728,1.027394266781714,0.0305760898032009,0.6391572483121429,1.1661592492561692,0.1661896072097345,0.2761120744583667,0.00047403537869013474,0.0889176496386021,1.0569529000534845,0.6410210959941021,0.00254782536578825,0.42892551037419663,1.3657147723647995
Llama,zsRE,AlphaEdit,Native,canonical,150,T31,Llama|zsRE|AlphaEdit|Native|canonical|150,unchanged_original,unchanged_original,1000,1000,71.56763282383633,-0.016723797876379003,-0.029893461651477684,0.3168588474892354,1.04019772153771,0.0426711357043972,0.7527712457363998,1.2357770760724327,0.2357833188459778,0.31778638086915306,0.0005731921927833428,0.11730323923134851,1.0844288356713736,0.754714359449492,0.0030015124530391505,0.5945373770733887,1.5377519662234724
Llama,zsRE,AlphaEdit,Native,canonical,200,T31,Llama|zsRE|AlphaEdit|Native|canonical|200,unchanged_original,unchanged_original,1000,1000,69.36762994467006,-0.013990753940823915,-0.02276810843525602,0.3486657236427876,1.0546418148459078,0.0561535131846753,0.8353202281892994,1.2937152837710406,0.2937152837710405,0.34948542524362064,0.0005585051941096212,0.1435677954317764,1.1161447927442383,0.8370569537780596,0.002924351476222736,0.7305385692443285,1.6879267038500394
Llama,zsRE,AlphaEdit,Native,canonical,250,T31,Llama|zsRE|AlphaEdit|Native|canonical|250,unchanged_original,unchanged_original,1000,1000,66.21620395118332,-0.01337262962929288,-0.01637482080516048,0.3832824682699208,1.068088301676077,0.0692095172241774,0.9147842001760634,1.3515443174132455,0.3515443174132455,0.38415123285838365,0.0006327471459658186,0.1722391037444,1.1461265916317802,0.9164267245649643,0.0029720332775413564,0.8758509516067957,1.8460733432740162
Llama,zsRE,AlphaEdit,Native,canonical,300,T31,Llama|zsRE|AlphaEdit|Native|canonical|300,unchanged_original,unchanged_original,1000,1000,64.12116163327092,-0.012114929118595701,-0.01168143240504398,0.4135411159044032,1.081635169278541,0.0823215360832578,0.9787645668618254,1.3990177821730867,0.3990177821730866,0.41440862293252906,0.0007018072429568394,0.2001986819455193,1.1766706309512847,0.9804511164764383,0.0032550423029237044,1.0008809049334262,1.9807730824262617
Llama,zsRE,AlphaEdit,Native,canonical,500,T31,Llama|zsRE|AlphaEdit|Native|canonical|500,unchanged_original,unchanged_original,1000,1000,59.12214042419842,0.005088533391655445,0.01562804774230185,0.5082940628229684,1.1408114625139112,0.1409969091165933,1.2092255584177418,1.586764515545461,0.5867645155454614,0.5091808492094717,0.001026643320718365,0.30656408369026605,1.3177677937942953,1.2111368150637145,0.004630013776250008,1.5234842324343885,2.5593703416952422
Llama,zsRE,AlphaEdit,Native,canonical,750,T31,Llama|zsRE|AlphaEdit|Native|canonical|750,unchanged_original,unchanged_original,1000,1000,50.8479423897702,0.021780290240053606,0.05033815383767863,0.620483700229007,1.212473215920734,0.2125494096066235,1.4716186103624045,1.8147054161216365,0.8147054161216365,0.6219346963937307,0.0022758813253718115,0.45423833190693585,1.5000747937124148,1.4744402676094828,0.008967682628723299,2.256831579649489,3.36647556995357
Llama,zsRE,AlphaEdit,Native,canonical,1000,T31,Llama|zsRE|AlphaEdit|Native|canonical|1000,unchanged_original,unchanged_original,1000,1000,43.60455964291252,0.041092233352460636,0.0916417656446592,0.7585254152790506,1.308328803645135,0.3083362534290879,1.7568428444833388,2.0739404982369214,1.0739404982369216,0.7610872390981733,0.005326132088883265,0.6845899089427447,1.7721005077365493,1.7613211126010275,0.017718457611122364,3.218187571281653,4.419189560182094
Llama,zsRE,AlphaEdit,SADR,canonical,50,T32,Llama|zsRE|AlphaEdit|SADR|canonical|50,unchanged_original,unchanged_original,1000,1000,90.34007192562468,-0.00738551627190291,-0.018641392485106323,0.1719517219873849,1.010183324381028,0.0131425432469139,0.44176021721704795,1.0836741630738218,0.08379285302914871,0.17229409310487753,0.00011274615833345805,0.035486832575695286,1.0208285461902231,0.4427347581988095,0.0011139931630838422,0.2127833417784885,1.1766145499713598
Llama,zsRE,AlphaEdit,SADR,canonical,100,T32,Llama|zsRE|AlphaEdit|SADR|canonical|100,unchanged_original,unchanged_original,1000,1000,79.8472330845319,-0.008769211955887547,-0.025407579241416577,0.2608709337506718,1.0302380900984185,0.0315921560595909,0.630715221054903,1.1686572376852495,0.16865723768524948,0.2613145797264461,0.00022852866557658522,0.07994690945634403,1.0626370142101456,0.6321209106559993,0.002029700463716743,0.4194781195851055,1.3706926615659891
Llama,zsRE,AlphaEdit,SADR,canonical,150,T32,Llama|zsRE|AlphaEdit|SADR|canonical|150,unchanged_original,unchanged_original,1000,1000,75.09760849929211,-0.005597988999440401,-0.015089624402859408,0.3043217767333975,1.0464908867677358,0.0473098788767088,0.7625778010596819,1.2550118686066785,0.25501186860667835,0.304757232470212,0.0002661419431134987,0.10850850037482533,1.0975786643190582,0.763933081910632,0.0022104735407594517,0.6137877170844145,1.5858189418194553
Llama,zsRE,AlphaEdit,SADR,canonical,200,T32,Llama|zsRE|AlphaEdit|SADR|canonical|200,unchanged_original,unchanged_original,1000,1000,72.98151006928306,0.0003365738380203745,-0.0018097223541915443,0.3409079721471673,1.065407653508958,0.0657702104055921,0.8606547756637107,1.3279353789808908,0.32793537898089087,0.3413665402214823,0.0003611877819583853,0.1385970349756496,1.1396313704336487,0.8620343204039189,0.0024246665809708225,0.7810697717814061,1.7798749936539937
Llama,zsRE,AlphaEdit,SADR,canonical,250,T32,Llama|zsRE|AlphaEdit|SADR|canonical|250,unchanged_original,unchanged_original,1000,1000,69.50492437711148,0.005249928668267231,0.009667213553199674,0.3761415866437494,1.0830207136656256,0.0831087037903811,0.9584717027454381,1.402572013154968,0.40257201315496777,0.37664769091800737,0.0004696356637123055,0.16808045657983045,1.1790499495800773,0.9599547025815351,0.0028721956662479706,0.9706112963034907,1.992817919076138
Llama,zsRE,AlphaEdit,SADR,canonical,300,T32,Llama|zsRE|AlphaEdit|SADR|canonical|300,unchanged_original,unchanged_original,1000,1000,66.55876713914446,0.008945939185541787,0.013938543116411718,0.4076192215489058,1.0989242964597374,0.0989625092541166,1.03135368174637,1.4568139541032146,0.4568139541032148,0.4082020716988732,0.0005978732340169928,0.19682632347605247,1.2153160750811531,1.0329807457620974,0.0033730584179849773,1.122269714132509,2.1535198587833175
Llama,zsRE,AlphaEdit,SADR,canonical,500,T32,Llama|zsRE|AlphaEdit|SADR|canonical|500,unchanged_original,unchanged_original,1000,1000,60.05562646431753,0.030208295171976964,0.048660389492612366,0.5191063766631134,1.1692742183920883,0.1692803439968107,1.3166565696360049,1.6928547780124499,0.69285477801245,0.5206251278961449,0.002173440736935305,0.32520441028396924,1.3877944413648584,1.319366988343624,0.007467025579911947,1.8234896322216498,2.9282774367867868
Llama,zsRE,AlphaEdit,SADR,canonical,750,T32,Llama|zsRE|AlphaEdit|SADR|canonical|750,unchanged_original,unchanged_original,1000,1000,53.81975504236326,0.05594185379102565,0.0993004375289717,0.6582363386398435,1.2632856132030803,0.2632856132030805,1.6513590468876593,1.9924033088849042,0.9924033088849044,0.6614785907679054,0.005882936518317472,0.5205455188417376,1.6383121629421062,1.6562682454559527,0.01794930882371429,2.873222538472313,4.089772722353971
Llama,zsRE,AlphaEdit,SADR,canonical,1000,T32,Llama|zsRE|AlphaEdit|SADR|canonical|1000,unchanged_original,unchanged_original,1000,1000,48.12336063724642,0.09045282820574721,0.1638642196794787,0.8164889353891812,1.3857294917807137,0.3857294917807135,2.024120199187192,2.3421779562579905,1.3421779562579905,0.8225738883690925,0.013957176485086145,0.8151009682288866,2.0099638011254672,2.0326187192091996,0.03927834716083327,4.327673766075735,5.694680552595527
Llama,zsRE,AlphaEdit,SPHERE,canonical,50,T34,Llama|zsRE|AlphaEdit|SPHERE|canonical|50,corrected_layerwise_sphere,corrected_layerwise_sphere,1000,1000,89.02050229463111,-0.011664678748157633,-0.0252465789360239,0.1846069787552961,1.0084046439540548,0.013076363292074157,0.45407839609238504,1.0820462615905238,0.08235666550982737,0.18518661290759456,0.00020942562216923568,0.04038879793581284,1.0172688660616669,0.45536443107157526,0.0013516125804150683,0.22251968790491242,1.1733781426132797
Llama,zsRE,AlphaEdit,SPHERE,canonical,100,T34,Llama|zsRE|AlphaEdit|SPHERE|canonical|100,corrected_layerwise_sphere,corrected_layerwise_sphere,1000,1000,78.08449233222107,-0.017301828978674615,-0.03596844812373493,0.2630473722536833,1.02265351058228,0.026229793515741416,0.6152236370116766,1.1504963547119826,0.15052583881681272,0.26394157888584563,0.0004704067160296891,0.08109301784130617,1.0469597665999866,0.6171247700989576,0.0025527668186041057,0.39775881948331243,1.3283746900544466
Llama,zsRE,AlphaEdit,SPHERE,canonical,150,T34,Llama|zsRE|AlphaEdit|SPHERE|canonical|150,corrected_layerwise_sphere,corrected_layerwise_sphere,1000,1000,73.15294945631405,-0.019025373699737412,-0.038522999377699235,0.3042758885105487,1.0335935821638542,0.03642280655902886,0.7243749850152965,1.2117191403664707,0.2117277047750803,0.3052886518644534,0.0006075564798321322,0.10767734014676966,1.0702341492271268,0.7265457568128199,0.0032966060333735623,0.5506241432150594,1.4768747504930344
Llama,zsRE,AlphaEdit,SPHERE,canonical,200,T34,Llama|zsRE|AlphaEdit|SPHERE|canonical|200,corrected_layerwise_sphere,corrected_layerwise_sphere,1000,1000,70.85439978549925,-0.01747995083035989,-0.03464841161877946,0.334594257764679,1.0461666477744989,0.04813842852900276,0.8026883218974014,1.2636943343114786,0.2636943343114785,0.3355486816210927,0.0006227714707240222,0.1320277939606053,1.0976906637706096,0.804705478953109,0.0033275672805641453,0.6745318452246,1.608562589267605
Llama,zsRE,AlphaEdit,SPHERE,canonical,250,T34,Llama|zsRE|AlphaEdit|SPHERE|canonical|250,corrected_layerwise_sphere,corrected_layerwise_sphere,1000,1000,67.06800012002142,-0.015189407381441686,-0.02972888122531768,0.3611203552211767,1.0578317009485696,0.05885093215125882,0.8678197592578273,1.3101955483733878,0.31019554837338764,0.3619603900418336,0.000592317987886166,0.15287798072804415,1.1230914839530468,0.8696806954139263,0.003255478959368038,0.7881798187866361,1.7319775352953688
Llama,zsRE,AlphaEdit,SPHERE,canonical,300,T34,Llama|zsRE|AlphaEdit|SPHERE|canonical|300,corrected_layerwise_sphere,corrected_layerwise_sphere,1000,1000,65.11074841907364,-0.014923587147108513,-0.028180609770263012,0.3862604903607602,1.0679454059083806,0.0686180072166712,0.9208608584288271,1.3472246474885055,0.34722464748850546,0.3871052341986798,0.000652758385441334,0.17472246924766166,1.1455280533388859,0.9227110684498291,0.0033956426891410913,0.885973764523527,1.833008187672142
Llama,zsRE,AlphaEdit,SPHERE,canonical,500,T34,Llama|zsRE|AlphaEdit|SPHERE|canonical|500,corrected_layerwise_sphere,corrected_layerwise_sphere,1000,1000,59.20347234189725,-0.009823539687904842,-0.017869018115033608,0.46555249592901693,1.1070397319843455,0.10735847063576097,1.1103582540925563,1.4899752474505812,0.4899752474505815,0.46643153560595035,0.0008177695010649258,0.25530163968217,1.2364723298074252,1.1121164248833533,0.0037277569627579945,1.2805864609536324,2.2485761816863232
Llama,zsRE,AlphaEdit,SPHERE,canonical,750,T34,Llama|zsRE|AlphaEdit|SPHERE|canonical|750,corrected_layerwise_sphere,corrected_layerwise_sphere,1000,1000,52.74472996132449,-0.004544689865349994,-0.005954859267328002,0.5454452752090303,1.149704257638179,0.14983482903836098,1.2949424448315732,1.6387953582775423,0.6387953582775424,0.5464632532632061,0.0011671980690513477,0.34792907055067407,1.3400068888890255,1.2965886412031145,0.004085695881763344,1.7347789041019888,2.7269548814490965
Llama,zsRE,AlphaEdit,SPHERE,canonical,1000,T34,Llama|zsRE|AlphaEdit|SPHERE|canonical|1000,corrected_layerwise_sphere,corrected_layerwise_sphere,1000,1000,47.57371262047124,0.00205734438732237,0.002022325605223718,0.6227608916610539,1.1964985032714213,0.19657248947139494,1.4482483452620303,1.7658477397170382,0.7658477397170382,0.6240488169895677,0.0018501823842104193,0.45569250283010365,1.461657373988959,1.4497577937234458,0.004260053282953706,2.160353074436646,3.168657778930047
Llama,zsRE,MEMIT,ENCORE,canonical,50,ENCORE_corrected_zsRE_MEMIT,Llama|zsRE|MEMIT|ENCORE|canonical|50,corrected_encore_dataset_editor_parameters_20260924,corrected_encore_dataset_editor_parameters_20260924,1000,1000,94.96739751064082,-0.008940827810467709,-0.01893372973659414,0.09165119126678314,0.996031686971562,0.005919431876260758,0.23104170164528182,1.0115650909205827,0.014641564782122116,0.09221094630779367,0.0001002712582498665,0.0098943496203656,0.9921129652576801,0.23216369388824815,0.0007180064973503544,0.06069508617175994,1.0235456331959218
Llama,zsRE,MEMIT,ENCORE,canonical,100,ENCORE_corrected_zsRE_MEMIT,Llama|zsRE|MEMIT|ENCORE|canonical|100,corrected_encore_dataset_editor_parameters_20260924,corrected_encore_dataset_editor_parameters_20260924,1000,1000,90.05487762063589,-0.017571222512316992,-0.03673362017777139,0.1588159845139865,0.9972968818728961,0.009917172949099183,0.38875562474638237,1.0443269388070484,0.04527891550210751,0.15999047495736854,0.0003768591235366441,0.029518489686982362,0.994752903785885,0.39104880204753,0.002112045136474842,0.16306079878526275,1.091705603566195
Llama,zsRE,MEMIT,ENCORE,canonical,150,ENCORE_corrected_zsRE_MEMIT,Llama|zsRE|MEMIT|ENCORE|canonical|150,corrected_encore_dataset_editor_parameters_20260924,corrected_encore_dataset_editor_parameters_20260924,1000,1000,85.14589276931919,-0.02097057611664532,-0.047082411432077996,0.19162900106195258,1.0006035376491336,0.012679991287158614,0.48458410384081085,1.0761799821492828,0.07654489624173724,0.19302301019432963,0.0005342174945942944,0.04292065744111549,1.0015137227024191,0.48757896478593776,0.003301179234280972,0.25127479486408805,1.160411151234213
Llama,zsRE,MEMIT,ENCORE,canonical,200,ENCORE_corrected_zsRE_MEMIT,Llama|zsRE|MEMIT|ENCORE|canonical|200,corrected_encore_dataset_editor_parameters_20260924,corrected_encore_dataset_editor_parameters_20260924,1000,1000,81.82664600035436,-0.021811673723960034,-0.051415194812837406,0.21243319133790606,1.0049471120007125,0.015453482790755516,0.5430311744262044,1.1007064126414596,0.1008873296777319,0.213833758795568,0.000593603592504012,0.05347960217625444,1.0104498583208383,0.5462455809615915,0.003890316312117479,0.3137186827523301,1.2147786094387727
Llama,zsRE,MEMIT,ENCORE,canonical,250,ENCORE_corrected_zsRE_MEMIT,Llama|zsRE|MEMIT|ENCORE|canonical|250,corrected_encore_dataset_editor_parameters_20260924,corrected_encore_dataset_editor_parameters_20260924,1000,1000,78.00352686240619,-0.02199055555481273,-0.05230520325821066,0.2302524466570549,1.0092650575502524,0.018206730045131837,0.5908576826387293,1.124795975890231,0.1248835811096692,0.23160853100839485,0.0006169605146871232,0.06271104878987122,1.0193468981949327,0.5939873655932749,0.004056770186412468,0.37001306509960474,1.269459428769596
Llama,zsRE,MEMIT,ENCORE,canonical,300,ENCORE_corrected_zsRE_MEMIT,Llama|zsRE|MEMIT|ENCORE|canonical|300,corrected_encore_dataset_editor_parameters_20260924,corrected_encore_dataset_editor_parameters_20260924,1000,1000,75.23994397651232,-0.023265345069228074,-0.053574844761424587,0.2470745578805118,1.0126932920338572,0.020982729468086072,0.6286807697377473,1.1441992047342384,0.1442274712855151,0.2485000431120066,0.0007002308730461581,0.07232672400351735,1.0264962647381073,0.631848775429442,0.0043044273845559925,0.4172138488841368,1.3143685867458434
Llama,zsRE,MEMIT,ENCORE,canonical,500,ENCORE_corrected_zsRE_MEMIT,Llama|zsRE|MEMIT|ENCORE|canonical|500,corrected_encore_dataset_editor_parameters_20260924,corrected_encore_dataset_editor_parameters_20260924,1000,1000,69.34026339244386,-0.023896690507116097,-0.05889371222019958,0.29071745992280157,1.025683334694292,0.03206326017296011,0.7518416034085401,1.211583402807688,0.21158340280768775,0.29212855417494543,0.0007758328060915576,0.10114370249994409,1.0541261542918035,0.7551949804649843,0.005209028616489258,0.5882876790500491,1.475709283226139
Llama,zsRE,MEMIT,ENCORE,canonical,750,ENCORE_corrected_zsRE_MEMIT,Llama|zsRE|MEMIT|ENCORE|canonical|750,corrected_encore_dataset_editor_parameters_20260924,corrected_encore_dataset_editor_parameters_20260924,1000,1000,66.834733986239,-0.021894925419291972,-0.056784082264536795,0.3277208504492501,1.0400141289497693,0.043744768242884494,0.8573273479264638,1.2802410511610156,0.28024105116101555,0.32894424637786857,0.0007407908664342522,0.12799316090183296,1.0849441009296832,0.8603007529093666,0.005071538003581336,0.7576136769757446,1.6491170504502524
Llama,zsRE,MEMIT,ENCORE,canonical,1000,ENCORE_corrected_zsRE_MEMIT,Llama|zsRE|MEMIT|ENCORE|canonical|1000,corrected_encore_dataset_editor_parameters_20260924,corrected_encore_dataset_editor_parameters_20260924,1000,1000,62.98222460023886,-0.02124585201627017,-0.06159739350283596,0.369151819060625,1.0564280411952391,0.058916319689669296,0.9582808919808078,1.3450813055494746,0.3450813055494747,0.3703843086704418,0.0008366742978091696,0.1632161687246317,1.1215611389899005,0.9613982709101441,0.00574569312150507,0.9390555523623692,1.8216064584782026
Llama,zsRE,MEMIT,NAS,canonical,50,T37,Llama|zsRE|MEMIT|NAS|canonical|50,unchanged_original,unchanged_original,1000,1000,93.20245653298228,-0.001375102746329824,0.002377500455048802,0.1123331813680277,1.0058770263614656,0.0081928668996168,0.29252798300304483,1.0532579334149659,0.053514308577772625,0.11253262339856664,4.618587498748619e-05,0.01460650073552743,1.0119024811178552,0.2933648983107399,0.0008260392005753402,0.10590794280252402,1.111488982913197
Llama,zsRE,MEMIT,NAS,canonical,100,T37,Llama|zsRE|MEMIT|NAS|canonical|100,unchanged_original,unchanged_original,1000,1000,88.21169132692039,-0.0017369711179300942,0.0039514604571814545,0.1797761531447755,1.0169630534375302,0.0191125478208639,0.47709676897347214,1.1240536878223966,0.12411398681778303,0.18011646416550325,0.00012956181974664233,0.038115558825022856,1.0347711784089093,0.4783731804646295,0.001576261407721668,0.26021624288800693,1.2696954252100916
Llama,zsRE,MEMIT,NAS,canonical,150,T37,Llama|zsRE|MEMIT|NAS|canonical|150,unchanged_original,unchanged_original,1000,1000,83.62778498275276,-0.006867869863009934,-0.010635740042779868,0.2222872886890627,1.021728175079934,0.024265121462257,0.5942748125435081,1.1685590323589818,0.16860362749024765,0.22273363359148288,0.00019013713695892193,0.05840764511856092,1.0448620425295,0.5957043138635071,0.0022065571083710062,0.39418516957228483,1.375120246595096
Llama,zsRE,MEMIT,NAS,canonical,200,T37,Llama|zsRE|MEMIT|NAS|canonical|200,unchanged_original,unchanged_original,1000,1000,81.71961108827603,-0.009234960561971029,-0.021282568017939273,0.2523109496868448,1.027785794880041,0.0298797010605658,0.6907949643968736,1.2136448415382675,0.213664156059406,0.25281571540150233,0.0002446652133183128,0.07605331639379696,1.0578280604831731,0.6924905751486099,0.002939675931580336,0.5262444373310003,1.486618977226702
Llama,zsRE,MEMIT,NAS,canonical,250,T37,Llama|zsRE|MEMIT|NAS|canonical|250,unchanged_original,unchanged_original,1000,1000,80.54166707607928,-0.012581576588992406,-0.036384525501670706,0.2831088810493596,1.0336427970644184,0.0348641633405408,0.7689316363670118,1.249279453307223,0.24927945330722304,0.2836671418373011,0.0003165722155599163,0.09509438623183133,1.0702478052694064,0.7711128235333271,0.00407897721404058,0.6472743419570877,1.5785842681677869
Llama,zsRE,MEMIT,NAS,canonical,300,T37,Llama|zsRE|MEMIT|NAS|canonical|300,unchanged_original,unchanged_original,1000,1000,78.95598970691206,-0.02066660547771114,-0.06111353028504435,0.3051211323977977,1.0334696332593372,0.0350988362123208,0.8282639624395517,1.2685379636959784,0.2685449878046128,0.30607568255781564,0.0006171270688340678,0.11088190924929527,1.0701658253627069,0.831943191154394,0.007078309459115179,0.7448738928469946,1.629725141736021
Llama,zsRE,MEMIT,NAS,canonical,500,T37,Llama|zsRE|MEMIT|NAS|canonical|500,unchanged_original,unchanged_original,1000,1000,75.62674774007164,-0.03782970957089086,-0.13568635247334812,0.3761131505284188,1.045031547295198,0.0466024721861402,1.0040559789884649,1.3397114319442267,0.3397173469667488,0.37826170881401605,0.0019064947862488851,0.16956182017918342,1.0958088958236507,1.0151482372176655,0.023732363901131027,1.0729161666775644,1.825275825631999
Llama,zsRE,MEMIT,NAS,canonical,750,T37,Llama|zsRE|MEMIT|NAS|canonical|750,unchanged_original,unchanged_original,1000,1000,74.40037410199331,-0.058620046992593294,-0.2404436933494082,0.4280159930598647,1.0483856370765667,0.051342395200762,1.024838184241196,1.2874298837820013,0.2874550695453627,0.4324754106623568,0.004625712633344924,0.21632027396381817,1.1037058926119765,1.0564353202166215,0.0669905036722325,1.0993108816833264,1.6854139986567425
Llama,zsRE,MEMIT,NAS,canonical,1000,T37,Llama|zsRE|MEMIT|NAS|canonical|1000,unchanged_original,unchanged_original,1000,1000,74.3595854754703,-0.1135418505927125,-0.4622890189542668,0.4433981895774673,1.0045404756858558,0.0319081822855725,0.8654527110947473,1.0288780342005133,0.08298155703481394,0.4594650072315109,0.017857270107979887,0.22031872120215912,1.011092290124714,0.989897228990311,0.23518362057179165,0.7601224497562046,1.0707280324194626
Llama,zsRE,MEMIT,Native,canonical,50,T38,Llama|zsRE|MEMIT|Native|canonical|50,unchanged_original,unchanged_original,1000,1000,93.46847347796316,-0.00034498484993502444,0.006599113136383428,0.1103810265021958,1.0067954710519575,0.0090128761547871,0.29837471809561034,1.0588006724433985,0.059011085413805,0.1105914727644656,5.218839628315777e-05,0.014419796684914256,1.0137820153813275,0.2993173100062686,0.0008349208486492222,0.10934448489324117,1.1233776320146571
Llama,zsRE,MEMIT,Native,canonical,100,T38,Llama|zsRE|MEMIT|Native|canonical|100,unchanged_original,unchanged_original,1000,1000,85.6178307935988,0.0069268661356285035,0.03511129132142148,0.2044494611205682,1.0312238379642285,0.0324755074566504,0.5559006253543958,1.1881765859011844,0.1881955484578217,0.20504135517634547,0.0003234869699980559,0.050526677895403875,1.064703897136659,0.5584659515966316,0.002984332743295619,0.34997880465988046,1.423185720046019
Llama,zsRE,MEMIT,Native,canonical,150,T38,Llama|zsRE|MEMIT|Native|canonical|150,unchanged_original,unchanged_original,1000,1000,76.0087251397704,0.026249408472633816,0.10651770077381426,0.3087520047772462,1.0800994099318812,0.0803525027253186,0.8752991902861088,1.4263168495696141,0.4263168495696141,0.3105134842584563,0.0015932255275961653,0.11854349384391957,1.1726355363167833,0.8835486148162633,0.015462867477026836,0.846780743726384,2.0752790127510394
Llama,zsRE,MEMIT,Native,canonical,200,T38,Llama|zsRE|MEMIT|Native|canonical|200,unchanged_original,unchanged_original,1000,1000,59.26799929453311,0.08933951250613341,0.33395927562092426,0.6078574213207247,1.2705463068755267,0.2705731237159012,1.7358775843380017,2.203381212717988,1.2033812127179877,0.6153251777788666,0.013318731104268693,0.47880572279692435,1.6708034789134598,1.7702090156718628,0.13500612557896,3.2873830233191716,5.09030770013998
Llama,zsRE,MEMIT,Native,canonical,250,T38,Llama|zsRE|MEMIT|Native|canonical|250,unchanged_original,unchanged_original,1000,1000,1.82678380644788,1.0273945092449257,2.3719684071557237,5.407732664317922,5.800005131917384,4.800055293234832,9.722876142952945,10.303428416213741,9.303428416213741,5.5113636397400745,1.3357413030141054,34.26066348442108,38.65119380592504,10.018921610552509,6.139721919934446,99.10806070905473,110.99171944330062
Llama,zsRE,MEMIT,Native,canonical,300,T38,Llama|zsRE|MEMIT|Native|canonical|300,unchanged_original,unchanged_original,1000,1000,0.0,35.019052044726415,38.900553853992655,157.99982096361927,162.24256261566282,161.24256261566282,171.75755816313273,176.4685122487159,175.4685122487159,162.0222445555759,1296.1481076520472,25475.069900097064,26842.256111838564,176.243872844076,1567.8034308531503,29998.375884096717,31644.980422657853
Llama,zsRE,MEMIT,Native,canonical,500,T38,Llama|zsRE|MEMIT|Native|canonical|500,unchanged_original,unchanged_original,1000,1000,0.0,321.79614577996205,286.515130668908,2594.246172157607,2615.338117614573,2614.338117614573,2702.6731908011857,2718.779961343426,2717.779961343426,2615.2143525275674,108855.56157611033,6768618.6446008505,6878118.798468521,2718.673311668147,85830.82212992146,7371345.067929643,7457749.920320903
Llama,zsRE,MEMIT,Native,canonical,750,T38,Llama|zsRE|MEMIT|Native|canonical|750,unchanged_original,unchanged_original,1000,1000,0.0,4617.907790438715,3803.1012004884683,46675.15126783422,46917.67548533119,46916.67548533119,48112.042828213496,48274.368715692166,48273.368715692166,46917.57665533332,22635784.689488,2191714294.410007,2214359315.915076,48274.28894602141,15424199.671607539,2335539067.7511926,2350970874.625201
Llama,zsRE,MEMIT,Native,canonical,1000,T38,Llama|zsRE|MEMIT|Native|canonical|1000,unchanged_original,unchanged_original,1000,1000,0.0,41484.532949276596,34278.63521401865,412522.8832659037,414734.840276316,414733.840276316,424619.89458470297,426109.29339510127,426108.29339510127,414734.73983813415,1825180175.1654046,171215197769.63385,173040460914.86514,426109.21197288705,1250189889.8525903,181915965598.2697,183166224046.39273
Llama,zsRE,MEMIT,SADR,canonical,50,T39,Llama|zsRE|MEMIT|SADR|canonical|50,unchanged_original,unchanged_original,1000,1000,94.61998151557168,-0.0005495587064962494,0.0017096582634660885,0.0927757133589347,1.0045626484890486,0.0067822790549767,0.25453011994940117,1.0417593358244175,0.04200313375871747,0.0929386221908903,3.2045203093119296e-05,0.010296881853499907,1.0092298096436005,0.255258002078882,0.0007113105577902637,0.08247208435185306,1.0866027114365757
Llama,zsRE,MEMIT,SADR,canonical,100,T39,Llama|zsRE|MEMIT|SADR|canonical|100,unchanged_original,unchanged_original,1000,1000,88.53566338592259,0.003724858869228052,0.01751322133744108,0.1807993187452588,1.0229886716876926,0.0240586857498327,0.49631688385726647,1.144953063250417,0.14495408505431243,0.18111504326263964,0.0001422972949486044,0.039635958137056934,1.0472279731704617,0.4978164907319638,0.0017029788134167471,0.2811584901438463,1.317887911632145
Llama,zsRE,MEMIT,SADR,canonical,150,T39,Llama|zsRE|MEMIT|SADR|canonical|150,unchanged_original,unchanged_original,1000,1000,80.29333551051819,0.021679510520924674,0.08023317170230801,0.2804590560218539,1.066775917185631,0.0669555679222516,0.8004758796618553,1.360136832990099,0.36013683299009885,0.2817239457276364,0.0010331979344215452,0.0977800992164344,1.1421723181927053,0.8061583012409747,0.009311163318003423,0.7077190858357822,1.8774965925584017
Llama,zsRE,MEMIT,SADR,canonical,200,T39,Llama|zsRE|MEMIT|SADR|canonical|200,unchanged_original,unchanged_original,1000,1000,71.4118495256557,0.0626038705145734,0.2166933642711922,0.4609676083963759,1.1749834053237382,0.1750017294347459,1.3183267280433484,1.8091339730397527,0.8091339730397527,0.465719102395137,0.006332019414907763,0.27323068155395663,1.4047704419980114,1.337983497945369,0.05610246698773887,1.8868104237919083,3.3762996193220314
Llama,zsRE,MEMIT,SADR,canonical,250,T39,Llama|zsRE|MEMIT|SADR|canonical|250,unchanged_original,unchanged_original,1000,1000,31.21565415732986,0.24462548525885175,0.7630705289355486,1.3342194951272262,1.8553355865567027,0.8553355865567025,3.2490592825534836,3.70503467536135,2.70503467536135,1.3576064261639977,0.08145981128748392,2.1970913729785506,3.7678021547837384,3.341075489278659,0.6659522884522295,11.255175342781301,14.447268689104629
Llama,zsRE,MEMIT,SADR,canonical,300,T39,Llama|zsRE|MEMIT|SADR|canonical|300,unchanged_original,unchanged_original,1000,1000,0.0,4.140735552924566,5.97237509616102,21.49812842345739,22.14648616879709,21.14651740115086,24.896844224991284,25.884600438433335,24.884600438433335,21.92277861643036,21.172550532675267,544.0588741664079,574.5128958049323,25.627473473466466,40.91605105111984,696.126858336045,749.9876595794868
Llama,zsRE,MEMIT,SADR,canonical,500,T39,Llama|zsRE|MEMIT|SADR|canonical|500,unchanged_original,unchanged_original,1000,1000,0.0,286.5463495829005,267.28020160844295,2324.09104427116,2342.895163208854,2341.895163208854,2423.306015642251,2439.0941537657955,2438.0941537657955,2342.771920815253,86574.58755014552,5432588.188804813,5519736.869054124,2438.9831470486906,75323.19933222742,5926284.408067648,6002143.167803092
Llama,zsRE,MEMIT,SADR,canonical,750,T39,Llama|zsRE|MEMIT|SADR|canonical|750,unchanged_original,unchanged_original,1000,1000,0.0,5025.686767146389,4427.805083426112,46918.77475033254,47204.7894208063,47203.7894208063,48376.258189736036,48595.380197469785,48594.380197469785,47204.68227829332,26721597.8905491,2214886551.4461937,2241618201.7102776,48595.28788421161,20923633.807604253,2361455219.1459384,2382387709.5637097
Llama,zsRE,MEMIT,SADR,canonical,1000,T39,Llama|zsRE|MEMIT|SADR|canonical|1000,unchanged_original,unchanged_original,1000,1000,0.0,45303.183946398094,39868.66984280733,404831.379064947,407519.2484741552,407518.2484741552,416687.25484781474,418742.96077333664,418741.96077333664,407519.1366034268,2167783251.8464055,164902927225.8751,167070801085.08942,418742.86433609907,1691968312.9531426,175197299261.61948,176889347312.9123
Llama,zsRE,MEMIT,SPHERE,canonical,50,T40,Llama|zsRE|MEMIT|SPHERE|canonical|50,unchanged_original,unchanged_original,1000,1000,94.7515750070204,-0.001990828450258341,0.000800480494049741,0.0954674602044568,1.0033372432198937,0.0066746609012754,0.24923261227082397,1.038566220833642,0.038989225517240086,0.09569321648380492,4.442954020579974e-05,0.01071453369717333,1.0067773063368626,0.24999276021719483,0.0006458079754684304,0.07761779952393959,1.0798645684875074
Llama,zsRE,MEMIT,SPHERE,canonical,100,T40,Llama|zsRE|MEMIT|SPHERE|canonical|100,unchanged_original,unchanged_original,1000,1000,89.74842503012789,-0.0031138874944715445,0.003344810267680376,0.1703795061946461,1.0136734292050642,0.0174842534335387,0.44183731473460947,1.1073409596748687,0.10745105748810324,0.17084632315025647,0.000164566883424974,0.034117321366562654,1.0280541132610446,0.4431604111127448,0.0014192011339286491,0.22286139123881885,1.2309702129081084
Llama,zsRE,MEMIT,SPHERE,canonical,150,T40,Llama|zsRE|MEMIT|SPHERE|canonical|150,unchanged_original,unchanged_original,1000,1000,84.00264910993961,-0.002655145980869537,0.015029938389677134,0.219360727165067,1.025003976091942,0.0287138582242658,0.5892399411278536,1.1869063831077626,0.1869514975975509,0.22002706592715365,0.00031122882213375884,0.05695742411918299,1.0519583609795777,0.5910876698002707,0.002322690865600409,0.3868342161662293,1.419216783811184
Llama,zsRE,MEMIT,SPHERE,canonical,200,T40,Llama|zsRE|MEMIT|SPHERE|canonical|200,unchanged_original,unchanged_original,1000,1000,79.76414945538114,0.003042435550826265,0.03684646944079201,0.2593917941171327,1.041666935730276,0.0437380623385637,0.7195337817890538,1.275985361366382,0.27598536136638196,0.2602021440244266,0.0005349505305704728,0.08129048752651256,1.0879103091587357,0.7223829919452973,0.004214619770299814,0.5685933288438421,1.6465008874957259
Llama,zsRE,MEMIT,SPHERE,canonical,250,T40,Llama|zsRE|MEMIT|SPHERE|canonical|250,unchanged_original,unchanged_original,1000,1000,75.49540741560625,0.009524352944704322,0.06422616065149826,0.3038153723637449,1.0612304208781334,0.0619758479404097,0.850596591672777,1.376666564807707,0.3766665648077067,0.3048026445181544,0.0008311264288306754,0.11094559564312649,1.1308254279613659,0.8551050598459347,0.008056067879854474,0.7883753678142187,1.9248837569970696
Llama,zsRE,MEMIT,SPHERE,canonical,300,T40,Llama|zsRE|MEMIT|SPHERE|canonical|300,unchanged_original,unchanged_original,1000,1000,70.96464462697139,0.017783491531281434,0.09218182515772103,0.3503888918647069,1.0855745046835363,0.0859991152223904,0.9930355288186766,1.4903525290130346,0.4903525290130348,0.35172268368778226,0.0013420864891890705,0.14913645825960903,1.1860455278113609,0.999603249047462,0.013986325761555075,1.068063704963756,2.2664136810407536
Llama,zsRE,MEMIT,SPHERE,canonical,500,T40,Llama|zsRE|MEMIT|SPHERE|canonical|500,unchanged_original,unchanged_original,1000,1000,46.2691574702446,0.13618962785551533,0.4577607479994609,0.8424948798051547,1.4452115965496213,0.4452461016605454,2.2947178933911654,2.727880344862364,1.7278803448623639,0.854864571495424,0.03038075945538748,0.9241317405194744,2.2268917556858927,2.343648852020995,0.252223229683033,5.603968359127305,7.771713084809259
Llama,zsRE,MEMIT,SPHERE,canonical,750,T40,Llama|zsRE|MEMIT|SPHERE|canonical|750,unchanged_original,unchanged_original,1000,1000,0.01041666666666,19.475189332378957,20.854845871668093,90.7704426554204,93.16052869960218,92.16052869960218,95.30604940698133,97.86673467055452,96.86673467055452,92.94510837047449,402.09179416601415,8380.852266935788,8822.89443976656,97.64640522519456,451.3231771752687,9238.701443544871,9732.734312463477
Llama,zsRE,MEMIT,SPHERE,canonical,1000,T40,Llama|zsRE|MEMIT|SPHERE|canonical|1000,unchanged_original,unchanged_original,1000,1000,0.0,72.61457708521685,67.42481970152807,535.7449690214114,541.0354036582266,540.0354036582266,556.1342194620087,560.597728630728,559.597728630728,540.899616832874,5522.120845148502,288636.31649349374,294304.6664928126,560.4749670317108,4774.863361920535,312433.7259902028,317344.4389915264
