model,dataset,editor,method,order_id,edit_count,trajectory_id,row_id,version,rewrite_version,n_geometry_cases,n_locality_cases,locality_percent,locality_mean_p,rewrite_mean_p,locality_mean_q,locality_mean_kappa,locality_mean_abs_norm_deviation,rewrite_mean_q,rewrite_mean_kappa,rewrite_mean_abs_norm_deviation
GPT-2 XL,CounterFact,AlphaEdit,ENCORE,canonical,50,T01,GPT-2 XL|CounterFact|AlphaEdit|ENCORE|canonical|50,unchanged_original,unchanged_original,1000,1000,95.1,0.0015473312603457759,-0.008519320271861955,0.0445306581261441,1.0027129936114585,0.0046132551802212,0.11847399515120267,1.0084259509151026,0.016491764092772244
GPT-2 XL,CounterFact,AlphaEdit,ENCORE,canonical,100,T01,GPT-2 XL|CounterFact|AlphaEdit|ENCORE|canonical|100,unchanged_original,unchanged_original,1000,1000,91.9,0.0031535301079365155,-0.01673145269523226,0.0663933974304865,1.00570649657014,0.0076788758434813,0.19065410811402173,1.0171809247032009,0.02864510967502023
GPT-2 XL,CounterFact,AlphaEdit,ENCORE,canonical,150,T01,GPT-2 XL|CounterFact|AlphaEdit|ENCORE|canonical|150,unchanged_original,unchanged_original,1000,1000,88.3,0.0037673083492253826,-0.022017055232016892,0.0891459302592484,1.008255952998507,0.0106703327098819,0.248031213588348,1.0272209479158405,0.03823706761828874
GPT-2 XL,CounterFact,AlphaEdit,ENCORE,canonical,200,T01,GPT-2 XL|CounterFact|AlphaEdit|ENCORE|canonical|200,unchanged_original,unchanged_original,1000,1000,85.9,0.003285161801302301,-0.026924093053056056,0.1017645705176921,1.0091012742456364,0.0115086663256666,0.2931696968668553,1.0366637042966729,0.046852982037246436
GPT-2 XL,CounterFact,AlphaEdit,ENCORE,canonical,250,T01,GPT-2 XL|CounterFact|AlphaEdit|ENCORE|canonical|250,unchanged_original,unchanged_original,1000,1000,82.5,0.003086413061918879,-0.030893108055072803,0.1173917039337037,1.010856581111545,0.0132316022167635,0.3345873737705127,1.0463542576085474,0.05525413522742012
GPT-2 XL,CounterFact,AlphaEdit,ENCORE,canonical,300,T01,GPT-2 XL|CounterFact|AlphaEdit|ENCORE|canonical|300,unchanged_original,unchanged_original,1000,1000,79.5,0.0025743259782734203,-0.034557944594373426,0.1319067619392236,1.0122543313839678,0.0150610553919526,0.373896118799645,1.0559886074729006,0.06348244462744317
GPT-2 XL,CounterFact,AlphaEdit,ENCORE,canonical,500,T01,GPT-2 XL|CounterFact|AlphaEdit|ENCORE|canonical|500,unchanged_original,unchanged_original,1000,1000,71.39999999999999,-0.0006244412843886049,-0.044752140088823965,0.1665853445379601,1.014600797731678,0.0186772559648417,0.48939077663504105,1.091560794033776,0.09479667110854649
GPT-2 XL,CounterFact,AlphaEdit,ENCORE,canonical,750,T01,GPT-2 XL|CounterFact|AlphaEdit|ENCORE|canonical|750,unchanged_original,unchanged_original,1000,1000,65.8,-0.001951221758727677,-0.05405087671438162,0.1969362774489527,1.019042716979268,0.0230457087613635,0.5937461204065314,1.129376072715273,0.13043313131700485
GPT-2 XL,CounterFact,AlphaEdit,ENCORE,canonical,1000,T01,GPT-2 XL|CounterFact|AlphaEdit|ENCORE|canonical|1000,unchanged_original,unchanged_original,1000,1000,61.0,-0.0031812047527900182,-0.06064891998806628,0.2218735956912278,1.0230998166485654,0.0268772926330662,0.6779922717674658,1.1647386435898162,0.16473906562293164
GPT-2 XL,CounterFact,AlphaEdit,NAS,canonical,50,T02,GPT-2 XL|CounterFact|AlphaEdit|NAS|canonical|50,unchanged_original,unchanged_original,1000,1000,95.19999999999999,0.0015987328055897363,-0.009672465658407918,0.0458476182740632,1.002817507887304,0.0047290570789215,0.12447474561661828,1.0089967358090803,0.017744970380792327
GPT-2 XL,CounterFact,AlphaEdit,NAS,canonical,100,T02,GPT-2 XL|CounterFact|AlphaEdit|NAS|canonical|100,unchanged_original,unchanged_original,1000,1000,91.4,0.0031203476893728473,-0.019262467302982308,0.0705726295650461,1.0059749449587363,0.0083588059524261,0.20748919830976256,1.0207742534405015,0.032827417136258766
GPT-2 XL,CounterFact,AlphaEdit,NAS,canonical,150,T02,GPT-2 XL|CounterFact|AlphaEdit|NAS|canonical|150,unchanged_original,unchanged_original,1000,1000,86.9,0.004365049590600915,-0.02570569908862731,0.095656631647562,1.0094793670949112,0.0122888847397069,0.27500100831466323,1.034519203753119,0.04575858879840047
GPT-2 XL,CounterFact,AlphaEdit,NAS,canonical,200,T02,GPT-2 XL|CounterFact|AlphaEdit|NAS|canonical|200,unchanged_original,unchanged_original,1000,1000,81.8,0.0032333269478028504,-0.0319996656695187,0.1124232272051841,1.0102790924478038,0.0133615222446661,0.33283507200196844,1.048788839368824,0.058693315490499456
GPT-2 XL,CounterFact,AlphaEdit,NAS,canonical,250,T02,GPT-2 XL|CounterFact|AlphaEdit|NAS|canonical|250,unchanged_original,unchanged_original,1000,1000,76.1,0.003737200051061569,-0.03708248339856517,0.1299899720097302,1.0131290996887663,0.015739079269008,0.3849300053754695,1.0633310046343798,0.07146541931435568
GPT-2 XL,CounterFact,AlphaEdit,NAS,canonical,300,T02,GPT-2 XL|CounterFact|AlphaEdit|NAS|canonical|300,unchanged_original,unchanged_original,1000,1000,70.39999999999999,0.0038330596938869997,-0.04204199750794189,0.1489376942601604,1.01603879218321,0.0187892228403822,0.43420505157489264,1.0776934319882474,0.0844368474046163
GPT-2 XL,CounterFact,AlphaEdit,NAS,canonical,500,T02,GPT-2 XL|CounterFact|AlphaEdit|NAS|canonical|500,unchanged_original,unchanged_original,1000,1000,60.0,0.00016736223677869631,-0.05481968640227894,0.1939997142365811,1.0204796445271411,0.0247030657259333,0.5879565121996861,1.1355543759787345,0.13828523720424107
GPT-2 XL,CounterFact,AlphaEdit,NAS,canonical,750,T02,GPT-2 XL|CounterFact|AlphaEdit|NAS|canonical|750,unchanged_original,unchanged_original,1000,1000,52.5,-0.0013764340469166081,-0.06444739620436016,0.2371729297058221,1.0286261661295537,0.0314871412492026,0.7343883487503394,1.204100107051004,0.20470416971815641
GPT-2 XL,CounterFact,AlphaEdit,NAS,canonical,1000,T02,GPT-2 XL|CounterFact|AlphaEdit|NAS|canonical|1000,unchanged_original,unchanged_original,1000,1000,47.9,-0.003219316540061352,-0.07216146822454579,0.269744416934448,1.0351833335789855,0.0373280914897007,0.849399149676966,1.264022145741651,0.2640248928047846
GPT-2 XL,CounterFact,AlphaEdit,Native,canonical,50,T03,GPT-2 XL|CounterFact|AlphaEdit|Native|canonical|50,unchanged_original,unchanged_original,1000,1000,94.69999999999999,0.0015748649774338817,-0.00955349245970682,0.0474846708447322,1.0028974890679856,0.0049109146045896,0.12596903603133294,1.0094024127102077,0.017931352763988283
GPT-2 XL,CounterFact,AlphaEdit,Native,canonical,100,T03,GPT-2 XL|CounterFact|AlphaEdit|Native|canonical|100,unchanged_original,unchanged_original,1000,1000,90.8,0.003139683366176104,-0.01894537046812507,0.0722946930801521,1.006172450692958,0.0087188493061679,0.2088926269555479,1.0212219116488204,0.032924547102777854
GPT-2 XL,CounterFact,AlphaEdit,Native,canonical,150,T03,GPT-2 XL|CounterFact|AlphaEdit|Native|canonical|150,unchanged_original,unchanged_original,1000,1000,86.9,0.0033050555418403745,-0.025414945811641908,0.1005309540482725,1.0089808880249924,0.0118304880952711,0.2770431869616373,1.0348754674600793,0.04546355106127315
GPT-2 XL,CounterFact,AlphaEdit,Native,canonical,200,T03,GPT-2 XL|CounterFact|AlphaEdit|Native|canonical|200,unchanged_original,unchanged_original,1000,1000,81.89999999999999,0.0024153809746214603,-0.03131017585938842,0.1157744022538229,1.009879259947088,0.0133157121213778,0.3313863195020739,1.0483374048431167,0.057776689723254004
GPT-2 XL,CounterFact,AlphaEdit,Native,canonical,250,T03,GPT-2 XL|CounterFact|AlphaEdit|Native|canonical|250,unchanged_original,unchanged_original,1000,1000,74.5,0.0030187464230130123,-0.03631269587391016,0.133773363551827,1.0129809091948014,0.0159403513172637,0.3818997545644875,1.0624849763210753,0.07033501607354987
GPT-2 XL,CounterFact,AlphaEdit,Native,canonical,300,T03,GPT-2 XL|CounterFact|AlphaEdit|Native|canonical|300,unchanged_original,unchanged_original,1000,1000,67.9,0.0025853635940202495,-0.040987802492189106,0.1549613538357203,1.0158489509543394,0.0190027464448553,0.4329082308563582,1.0777752100481377,0.08373885169964575
GPT-2 XL,CounterFact,AlphaEdit,Native,canonical,500,T03,GPT-2 XL|CounterFact|AlphaEdit|Native|canonical|500,unchanged_original,unchanged_original,1000,1000,59.0,-0.00027812256075968554,-0.05422912531602597,0.2073123301173257,1.0235458412783875,0.0265434379954881,0.5855222552170648,1.134665152636536,0.13698546799041378
GPT-2 XL,CounterFact,AlphaEdit,Native,canonical,750,T03,GPT-2 XL|CounterFact|AlphaEdit|Native|canonical|750,unchanged_original,unchanged_original,1000,1000,54.0,-0.0009042152615890761,-0.06741655277583217,0.2551194279444406,1.034440402207411,0.0369106864308776,0.7353727890486481,1.2021497093348879,0.2027615803605358
GPT-2 XL,CounterFact,AlphaEdit,Native,canonical,1000,T03,GPT-2 XL|CounterFact|AlphaEdit|Native|canonical|1000,unchanged_original,unchanged_original,1000,1000,48.3,-0.003098528663262331,-0.07809444726753101,0.2952083292988204,1.0436988244810363,0.045750660131557,0.8526534247413078,1.2614724911238788,0.26147282838175084
GPT-2 XL,CounterFact,AlphaEdit,SADR,canonical,50,T04,GPT-2 XL|CounterFact|AlphaEdit|SADR|canonical|50,unchanged_original,unchanged_original,1000,1000,95.89999999999999,0.0005624451144501196,-0.006292910234560156,0.0404554024368815,1.0014531701504237,0.0030885696033858,0.12159527158561557,1.0121544287540936,0.016659075579354442
GPT-2 XL,CounterFact,AlphaEdit,SADR,canonical,100,T04,GPT-2 XL|CounterFact|AlphaEdit|SADR|canonical|100,unchanged_original,unchanged_original,1000,1000,92.60000000000001,0.001196272442101414,-0.012610268389005587,0.0574589762087054,1.0029678494972665,0.005099431429967,0.19894137651114552,1.0256047424964432,0.0314747143199245
GPT-2 XL,CounterFact,AlphaEdit,SADR,canonical,150,T04,GPT-2 XL|CounterFact|AlphaEdit|SADR|canonical|150,unchanged_original,unchanged_original,1000,1000,89.3,0.0012390453913561244,-0.017743854537021434,0.0797595851269209,1.0046520705213713,0.0070050902685541,0.26678081601555254,1.0403500242124697,0.04566385011053605
GPT-2 XL,CounterFact,AlphaEdit,SADR,canonical,200,T04,GPT-2 XL|CounterFact|AlphaEdit|SADR|canonical|200,unchanged_original,unchanged_original,1000,1000,86.0,0.0015805732958108065,-0.02203638318522925,0.0906122487103677,1.005962506330479,0.0083043472377053,0.3204001691265251,1.0547358814494627,0.05917434743020014
GPT-2 XL,CounterFact,AlphaEdit,SADR,canonical,250,T04,GPT-2 XL|CounterFact|AlphaEdit|SADR|canonical|250,unchanged_original,unchanged_original,1000,1000,81.6,0.0022178628900907755,-0.02614119251407168,0.1022900962586747,1.0077935772879072,0.0098148129046586,0.37148995156794595,1.0699717990589133,0.07349574041335094
GPT-2 XL,CounterFact,AlphaEdit,SADR,canonical,300,T04,GPT-2 XL|CounterFact|AlphaEdit|SADR|canonical|300,unchanged_original,unchanged_original,1000,1000,77.4,0.003315095268004879,-0.029880592333376463,0.1176468037313005,1.010683249969635,0.0121718815513009,0.4237968545989623,1.0862617126981187,0.0888705566635696
GPT-2 XL,CounterFact,AlphaEdit,SADR,canonical,500,T04,GPT-2 XL|CounterFact|AlphaEdit|SADR|canonical|500,unchanged_original,unchanged_original,1000,1000,66.8,0.0016751126984580966,-0.03972257370815259,0.150390141511766,1.0137150995005106,0.0155445892468739,0.581651066787416,1.1474694892194712,0.14865803831342173
GPT-2 XL,CounterFact,AlphaEdit,SADR,canonical,750,T04,GPT-2 XL|CounterFact|AlphaEdit|SADR|canonical|750,unchanged_original,unchanged_original,1000,1000,59.5,0.001236293225055615,-0.04851150598276211,0.1883008633255203,1.0199884794581509,0.0218059971136232,0.7450518543064663,1.2243186456739366,0.22461807511714205
GPT-2 XL,CounterFact,AlphaEdit,SADR,canonical,1000,T04,GPT-2 XL|CounterFact|AlphaEdit|SADR|canonical|1000,unchanged_original,unchanged_original,1000,1000,53.6,-3.147494159815517e-05,-0.0561606297821245,0.2184527994145153,1.0250469755811364,0.0264966708750745,0.8760114111615501,1.2927847115570998,0.292785007340049
GPT-2 XL,CounterFact,AlphaEdit,SPHERE,canonical,50,T05,GPT-2 XL|CounterFact|AlphaEdit|SPHERE|canonical|50,corrected_layerwise_sphere,corrected_layerwise_sphere,1000,1000,96.7,0.0011876511823118432,-0.008588419358837739,0.040561468895354044,1.0021068010460616,0.003561490472359078,0.11249036406056687,1.006779280269326,0.013652642392825418
GPT-2 XL,CounterFact,AlphaEdit,SPHERE,canonical,100,T05,GPT-2 XL|CounterFact|AlphaEdit|SPHERE|canonical|100,corrected_layerwise_sphere,corrected_layerwise_sphere,1000,1000,93.8,0.002776272408477605,-0.01627644266500956,0.059054348174560005,1.004692027406439,0.00629269695928011,0.18245243922147839,1.015371256542168,0.02466957646427994
GPT-2 XL,CounterFact,AlphaEdit,SPHERE,canonical,150,T05,GPT-2 XL|CounterFact|AlphaEdit|SPHERE|canonical|150,corrected_layerwise_sphere,corrected_layerwise_sphere,1000,1000,91.10000000000001,0.003944657088993026,-0.02196656094180531,0.08354205560256174,1.007717165788061,0.00949001195094291,0.2445057110130014,1.0258394502279211,0.03429704943296862
GPT-2 XL,CounterFact,AlphaEdit,SPHERE,canonical,200,T05,GPT-2 XL|CounterFact|AlphaEdit|SPHERE|canonical|200,corrected_layerwise_sphere,corrected_layerwise_sphere,1000,1000,87.7,0.004352658215519827,-0.027315675134661363,0.09637149589137725,1.0093476589789532,0.011291942733658918,0.29438970917136703,1.036585403355392,0.044233165613841885
GPT-2 XL,CounterFact,AlphaEdit,SPHERE,canonical,250,T05,GPT-2 XL|CounterFact|AlphaEdit|SPHERE|canonical|250,corrected_layerwise_sphere,corrected_layerwise_sphere,1000,1000,81.8,0.005403488063367972,-0.031753758367756894,0.11175406313588655,1.0121108849250562,0.013840654587065598,0.3414148425254182,1.0484728841751234,0.05478941298569871
GPT-2 XL,CounterFact,AlphaEdit,SPHERE,canonical,300,T05,GPT-2 XL|CounterFact|AlphaEdit|SPHERE|canonical|300,corrected_layerwise_sphere,corrected_layerwise_sphere,1000,1000,78.0,0.005922547853267444,-0.036108746818724426,0.1278939086153034,1.014686488821975,0.016290739814250308,0.38774639288465235,1.0607938238573251,0.06571092191047774
GPT-2 XL,CounterFact,AlphaEdit,SPHERE,canonical,500,T05,GPT-2 XL|CounterFact|AlphaEdit|SPHERE|canonical|500,corrected_layerwise_sphere,corrected_layerwise_sphere,1000,1000,65.2,0.00492682466826114,-0.04801251688736764,0.16646982703828808,1.019739549298243,0.021566759604452243,0.5246935825444148,1.106067944636344,0.10801694929431205
GPT-2 XL,CounterFact,AlphaEdit,SPHERE,canonical,750,T05,GPT-2 XL|CounterFact|AlphaEdit|SPHERE|canonical|750,corrected_layerwise_sphere,corrected_layerwise_sphere,1000,1000,56.10000000000001,0.004247392555224723,-0.05920434312583952,0.20453009488977883,1.026445159649945,0.0278033253828285,0.654901863068586,1.1585871726295713,0.15912860394896672
GPT-2 XL,CounterFact,AlphaEdit,SPHERE,canonical,1000,T05,GPT-2 XL|CounterFact|AlphaEdit|SPHERE|canonical|1000,corrected_layerwise_sphere,corrected_layerwise_sphere,1000,1000,51.9,0.004417261153501495,-0.06796952068243707,0.23396024404571392,1.0330937533285245,0.03429222032142197,0.7562130153993192,1.2046284130727085,0.20462889257410385
GPT-2 XL,CounterFact,MEMIT,ENCORE,canonical,50,T06,GPT-2 XL|CounterFact|MEMIT|ENCORE|canonical|50,unchanged_original,unchanged_original,1000,1000,95.0,0.00010443799461486065,-0.01241296384298079,0.0264844569886779,1.0005282786878436,0.001793623990469,0.10086268642155898,0.996880131403046,0.00849380460419383
GPT-2 XL,CounterFact,MEMIT,ENCORE,canonical,100,T06,GPT-2 XL|CounterFact|MEMIT|ENCORE|canonical|100,unchanged_original,unchanged_original,1000,1000,88.5,0.00046474103475800557,-0.024742768698632785,0.0462633254484156,1.0017617008667856,0.0034592457092371,0.18074944067552304,0.9992482128653398,0.01394208919736558
GPT-2 XL,CounterFact,MEMIT,ENCORE,canonical,150,T06,GPT-2 XL|CounterFact|MEMIT|ENCORE|canonical|150,unchanged_original,unchanged_original,1000,1000,82.39999999999999,0.0002496099929290958,-0.03352287072028581,0.0639706894593347,1.0026712109897915,0.0046596447923818,0.23964092547493687,1.0044770047254046,0.017475545102707435
GPT-2 XL,CounterFact,MEMIT,ENCORE,canonical,200,T06,GPT-2 XL|CounterFact|MEMIT|ENCORE|canonical|200,unchanged_original,unchanged_original,1000,1000,75.9,-0.00011847131550478682,-0.04156158303084452,0.0799827820258217,1.0035782345405275,0.0058660914856176,0.2917210650330555,1.0118301021218583,0.022010063192817755
GPT-2 XL,CounterFact,MEMIT,ENCORE,canonical,250,T06,GPT-2 XL|CounterFact|MEMIT|ENCORE|canonical|250,unchanged_original,unchanged_original,1000,1000,70.19999999999999,-0.0004927836951930319,-0.04782253718980492,0.0958307613873396,1.004711626952521,0.0069799038297798,0.33674478622706433,1.020215346311499,0.027458097134027512
GPT-2 XL,CounterFact,MEMIT,ENCORE,canonical,300,T06,GPT-2 XL|CounterFact|MEMIT|ENCORE|canonical|300,unchanged_original,unchanged_original,1000,1000,63.4,-0.0008403991996716545,-0.05343643457644614,0.1099507175865266,1.0058878338837476,0.0080524106025265,0.3753031626432306,1.0279792896670963,0.03337039385541654
GPT-2 XL,CounterFact,MEMIT,ENCORE,canonical,500,T06,GPT-2 XL|CounterFact|MEMIT|ENCORE|canonical|500,unchanged_original,unchanged_original,1000,1000,52.800000000000004,-0.0026016266547484205,-0.06788120147825055,0.14201323542391,1.008333745149151,0.0102275828747281,0.47181829400523945,1.0528586528035822,0.05508345129111775
GPT-2 XL,CounterFact,MEMIT,ENCORE,canonical,750,T06,GPT-2 XL|CounterFact|MEMIT|ENCORE|canonical|750,unchanged_original,unchanged_original,1000,1000,45.6,-0.0038992072836831052,-0.07854523689981258,0.1628196513534409,1.0103615112210849,0.0120698923056769,0.5399175577301908,1.07433754364589,0.07534345121620623
GPT-2 XL,CounterFact,MEMIT,ENCORE,canonical,1000,T06,GPT-2 XL|CounterFact|MEMIT|ENCORE|canonical|1000,unchanged_original,unchanged_original,1000,1000,39.5,-0.004857118661171331,-0.08554143890186287,0.179727470086691,1.012428866640192,0.0140442492653983,0.5902549119055311,1.0931865783607475,0.09325441292687388
GPT-2 XL,CounterFact,MEMIT,NAS,canonical,50,T07,GPT-2 XL|CounterFact|MEMIT|NAS|canonical|50,unchanged_original,unchanged_original,1000,1000,94.1,0.00014545510224838593,-0.013450998418247064,0.0279200179848996,1.0006208823373648,0.0019516444774504,0.11049188362940884,0.9976929204118182,0.009050895635419286
GPT-2 XL,CounterFact,MEMIT,NAS,canonical,100,T07,GPT-2 XL|CounterFact|MEMIT|NAS|canonical|100,unchanged_original,unchanged_original,1000,1000,84.3,0.0005516760750287626,-0.027944796158521065,0.0544526731440091,1.00239346627229,0.0043198950392058,0.2153164469120733,1.0057412308390838,0.017234829357036546
GPT-2 XL,CounterFact,MEMIT,NAS,canonical,150,T07,GPT-2 XL|CounterFact|MEMIT|NAS|canonical|150,unchanged_original,unchanged_original,1000,1000,72.1,0.00046424822612195244,-0.04012540254199476,0.0803548845674922,1.0042876925709183,0.0064379969588471,0.303081377075579,1.0192312923092124,0.027131417292739057
GPT-2 XL,CounterFact,MEMIT,NAS,canonical,200,T07,GPT-2 XL|CounterFact|MEMIT|NAS|canonical|200,unchanged_original,unchanged_original,1000,1000,62.9,-9.374723780853858e-05,-0.05109689583699675,0.1030500153304381,1.0060097874937557,0.0083283163969717,0.38395685936245166,1.0388167588944193,0.04385370122310853
GPT-2 XL,CounterFact,MEMIT,NAS,canonical,250,T07,GPT-2 XL|CounterFact|MEMIT|NAS|canonical|250,unchanged_original,unchanged_original,1000,1000,52.1,-0.0007999634432282126,-0.06016669049659454,0.1241326455965051,1.007863566932446,0.0101905264735052,0.4548384189056325,1.0600918356230813,0.06320261987202327
GPT-2 XL,CounterFact,MEMIT,NAS,canonical,300,T07,GPT-2 XL|CounterFact|MEMIT|NAS|canonical|300,unchanged_original,unchanged_original,1000,1000,42.699999999999996,-0.0010344494687555188,-0.06558954510400407,0.1459809847311301,1.0107838669728668,0.0126397579778217,0.5247271286178957,1.0875954307149414,0.08925975713663385
GPT-2 XL,CounterFact,MEMIT,NAS,canonical,500,T07,GPT-2 XL|CounterFact|MEMIT|NAS|canonical|500,unchanged_original,unchanged_original,1000,1000,21.0,-0.00331291507587351,-0.0817975578246276,0.2285922752111174,1.0253284099701128,0.0259327813061789,0.8043122971988474,1.238418943170594,0.23862422447418744
GPT-2 XL,CounterFact,MEMIT,NAS,canonical,750,T07,GPT-2 XL|CounterFact|MEMIT|NAS|canonical|750,unchanged_original,unchanged_original,1000,1000,19.0,-0.006678865735669984,-0.09373335730495802,0.2988411813638287,1.0420158017465655,0.042318104995199,1.010130258888302,1.3737565554425104,0.3737718777700794
GPT-2 XL,CounterFact,MEMIT,NAS,canonical,1000,T07,GPT-2 XL|CounterFact|MEMIT|NAS|canonical|1000,unchanged_original,unchanged_original,1000,1000,18.4,-0.011261474846332433,-0.10803896221285879,0.3218096556492358,1.0452952593538516,0.0455755010852211,1.063446612161898,1.4019756316452028,0.401990969590291
GPT-2 XL,CounterFact,MEMIT,Native,canonical,50,T08,GPT-2 XL|CounterFact|MEMIT|Native|canonical|50,unchanged_original,unchanged_original,1000,1000,94.0,0.00016228654627066232,-0.013384553770306855,0.0292362017760301,1.0006911818516513,0.0020636435471949,0.1118887569373235,0.9978708946899467,0.008994914295289437
GPT-2 XL,CounterFact,MEMIT,Native,canonical,100,T08,GPT-2 XL|CounterFact|MEMIT|Native|canonical|100,unchanged_original,unchanged_original,1000,1000,83.89999999999999,0.0007218870033143702,-0.027959134253594167,0.0563436596601034,1.0026948044786728,0.0045063020410331,0.21837155345984013,1.006236073095183,0.017376693001790677
GPT-2 XL,CounterFact,MEMIT,Native,canonical,150,T08,GPT-2 XL|CounterFact|MEMIT|Native|canonical|150,unchanged_original,unchanged_original,1000,1000,70.1,0.0003436747456573072,-0.04046644840249344,0.0837756501016414,1.0045268271030965,0.0067161314288759,0.3100944906437424,1.0210136856093686,0.028317185106416554
GPT-2 XL,CounterFact,MEMIT,Native,canonical,200,T08,GPT-2 XL|CounterFact|MEMIT|Native|canonical|200,unchanged_original,unchanged_original,1000,1000,61.199999999999996,-0.00029846150858841257,-0.0524448250733029,0.108268669736072,1.0064694922747388,0.0088131179140503,0.3911856897698992,1.0397998301074713,0.044609050170301486
GPT-2 XL,CounterFact,MEMIT,Native,canonical,250,T08,GPT-2 XL|CounterFact|MEMIT|Native|canonical|250,unchanged_original,unchanged_original,1000,1000,50.0,-0.0008450489403232988,-0.06222144802822421,0.13109471155049,1.008885705788691,0.011080362447847,0.46311919655480493,1.0610420041344355,0.06389726672301016
GPT-2 XL,CounterFact,MEMIT,Native,canonical,300,T08,GPT-2 XL|CounterFact|MEMIT|Native|canonical|300,unchanged_original,unchanged_original,1000,1000,43.0,-0.0014906819831901777,-0.06870104633470213,0.1526106096788567,1.0115244088238418,0.013441543637283,0.5261163247785968,1.084000247904071,0.08561289946845795
GPT-2 XL,CounterFact,MEMIT,Native,canonical,500,T08,GPT-2 XL|CounterFact|MEMIT|Native|canonical|500,unchanged_original,unchanged_original,1000,1000,30.0,-0.004276512329827815,-0.08619501236086302,0.2043366418735264,1.0187534383220398,0.0198782584546351,0.6822787753786788,1.1533081717143459,0.15363535414880256
GPT-2 XL,CounterFact,MEMIT,Native,canonical,750,T08,GPT-2 XL|CounterFact|MEMIT|Native|canonical|750,unchanged_original,unchanged_original,1000,1000,27.6,-0.008331289104358607,-0.10218263847641967,0.2484191525981379,1.025662833880721,0.0266001204915295,0.8065114409432201,1.2185048200904935,0.21857328154049516
GPT-2 XL,CounterFact,MEMIT,Native,canonical,1000,T08,GPT-2 XL|CounterFact|MEMIT|Native|canonical|1000,unchanged_original,unchanged_original,1000,1000,20.599999999999998,-0.0135650519419947,-0.12292590582740667,0.2856526914038595,1.0315754183400232,0.0324099835149061,0.9193747209843871,1.2822235474544128,0.28222512818256107
GPT-2 XL,CounterFact,MEMIT,SADR,canonical,50,T09,GPT-2 XL|CounterFact|MEMIT|SADR|canonical|50,unchanged_original,unchanged_original,1000,1000,94.6,-0.000345322830886738,-0.008917692120123782,0.0264686921010092,1.0000794560109223,0.0013088225879552,0.10805687180313515,1.0018791699216922,0.0075997846567081055
GPT-2 XL,CounterFact,MEMIT,SADR,canonical,100,T09,GPT-2 XL|CounterFact|MEMIT|SADR|canonical|100,unchanged_original,unchanged_original,1000,1000,86.5,-0.0008599981009523291,-0.018303822692784112,0.0410710021247115,1.000164485839029,0.0021941107751339,0.20931393622729894,1.0146619180172927,0.019213332022280736
GPT-2 XL,CounterFact,MEMIT,SADR,canonical,150,T09,GPT-2 XL|CounterFact|MEMIT|SADR|canonical|150,unchanged_original,unchanged_original,1000,1000,75.2,-0.0015657421494023088,-0.027440763952975702,0.0564494394715464,1.0004172980543424,0.0031363183527079,0.29535500886649013,1.0316260745875026,0.03544230738322267
GPT-2 XL,CounterFact,MEMIT,SADR,canonical,200,T09,GPT-2 XL|CounterFact|MEMIT|SADR|canonical|200,unchanged_original,unchanged_original,1000,1000,64.5,-0.00214869749523544,-0.035285054719698165,0.0694492201854699,1.0008596200158666,0.0038435533321302,0.37620112319271515,1.0547485339662908,0.057540257876993225
GPT-2 XL,CounterFact,MEMIT,SADR,canonical,250,T09,GPT-2 XL|CounterFact|MEMIT|SADR|canonical|250,unchanged_original,unchanged_original,1000,1000,51.4,-0.002843712780551752,-0.04127560760759592,0.0844813637440893,1.0016627774578637,0.004871458181922,0.4543481554105738,1.0831516560395922,0.08503083808801588
GPT-2 XL,CounterFact,MEMIT,SADR,canonical,300,T09,GPT-2 XL|CounterFact|MEMIT|SADR|canonical|300,unchanged_original,unchanged_original,1000,1000,41.6,-0.00307924583035849,-0.04761592715055943,0.100135740734081,1.0033007350060403,0.0061858237303987,0.5263524663454138,1.111054324919012,0.11243462174991839
GPT-2 XL,CounterFact,MEMIT,SADR,canonical,500,T09,GPT-2 XL|CounterFact|MEMIT|SADR|canonical|500,unchanged_original,unchanged_original,1000,1000,26.700000000000003,-0.004509106444511208,-0.06346913794071923,0.1421144555646333,1.0081717229331366,0.0105702802697686,0.7237444194209866,1.2076094769820618,0.20808929836233245
GPT-2 XL,CounterFact,MEMIT,SADR,canonical,750,T09,GPT-2 XL|CounterFact|MEMIT|SADR|canonical|750,unchanged_original,unchanged_original,1000,1000,20.5,-0.006917601507631126,-0.08477942715687306,0.1799172478282131,1.0132172305757678,0.0151603704250483,0.9239884244265623,1.325029104063308,0.3251891916066602
GPT-2 XL,CounterFact,MEMIT,SADR,canonical,1000,T09,GPT-2 XL|CounterFact|MEMIT|SADR|canonical|1000,unchanged_original,unchanged_original,1000,1000,14.099999999999998,-0.010700138895283788,-0.10998726654816872,0.2076183990603926,1.0161027243140273,0.017900725440819,1.1397855834833,1.473218786231651,0.4732190994630454
GPT-2 XL,CounterFact,MEMIT,SPHERE,canonical,50,T10,GPT-2 XL|CounterFact|MEMIT|SPHERE|canonical|50,unchanged_original,unchanged_original,1000,1000,97.8,-0.0002773945245589491,-0.008824766948449136,0.0183167683257017,0.99991403840863,0.0012775803176873,0.06745408387176255,0.9955984075079363,0.006259071532881345
GPT-2 XL,CounterFact,MEMIT,SPHERE,canonical,100,T10,GPT-2 XL|CounterFact|MEMIT|SPHERE|canonical|100,unchanged_original,unchanged_original,1000,1000,97.2,-0.000183391587893974,-0.01617966893332592,0.0278439609122861,1.000260982110413,0.0019828814733568,0.11113226360761454,0.9937543904276381,0.010003758999761261
GPT-2 XL,CounterFact,MEMIT,SPHERE,canonical,150,T10,GPT-2 XL|CounterFact|MEMIT|SPHERE|canonical|150,unchanged_original,unchanged_original,1000,1000,95.39999999999999,-0.00034861051200402925,-0.021970667366409506,0.0361564121423224,1.0004049590129185,0.0025985898873596,0.14414969059293475,0.9930605086608659,0.012354911900031173
GPT-2 XL,CounterFact,MEMIT,SPHERE,canonical,200,T10,GPT-2 XL|CounterFact|MEMIT|SPHERE|canonical|200,unchanged_original,unchanged_original,1000,1000,94.0,-0.0005121221751539106,-0.026625309492662372,0.0430709924097379,1.0005590254219732,0.0031194138303716,0.1744562818643807,0.9941531997910803,0.013886889380205372
GPT-2 XL,CounterFact,MEMIT,SPHERE,canonical,250,T10,GPT-2 XL|CounterFact|MEMIT|SPHERE|canonical|250,unchanged_original,unchanged_original,1000,1000,90.9,-0.0005745685991376101,-0.03214963588621204,0.0515480937566815,1.0009544072271883,0.0036854198701929,0.20483881488049357,0.995120347694261,0.015560566627731209
GPT-2 XL,CounterFact,MEMIT,SPHERE,canonical,300,T10,GPT-2 XL|CounterFact|MEMIT|SPHERE|canonical|300,unchanged_original,unchanged_original,1000,1000,87.8,-0.0005119191734644875,-0.03681409688849746,0.0606936834837781,1.0015888808951878,0.0043443272792258,0.2352501350549965,0.9974980847734789,0.01642979663014352
GPT-2 XL,CounterFact,MEMIT,SPHERE,canonical,500,T10,GPT-2 XL|CounterFact|MEMIT|SPHERE|canonical|500,unchanged_original,unchanged_original,1000,1000,74.5,-0.0015069946907341758,-0.05340420936991081,0.0904260454095252,1.003017158732458,0.0063720833571737,0.3397499869585849,1.0121942517540066,0.022155278262181236
GPT-2 XL,CounterFact,MEMIT,SPHERE,canonical,750,T10,GPT-2 XL|CounterFact|MEMIT|SPHERE|canonical|750,unchanged_original,unchanged_original,1000,1000,59.599999999999994,-0.0023336279205553303,-0.06638312430768559,0.1178751211317233,1.0052053539847876,0.0083093623961544,0.4412513768139505,1.038847602028893,0.0417941313408664
GPT-2 XL,CounterFact,MEMIT,SPHERE,canonical,1000,T10,GPT-2 XL|CounterFact|MEMIT|SPHERE|canonical|1000,unchanged_original,unchanged_original,1000,1000,46.400000000000006,-0.003187007254474441,-0.0758989231968672,0.1372815220944593,1.0069580617106495,0.0100075813962107,0.5161737875872322,1.0641819993197714,0.06475836654612838
GPT-2 XL,zsRE,AlphaEdit,ENCORE,canonical,50,T11,GPT-2 XL|zsRE|AlphaEdit|ENCORE|canonical|50,unchanged_original,unchanged_original,1000,1000,93.73957775237956,-0.007055699315045389,-0.015873539888544643,0.0641608792353598,0.9952380871398157,0.006235759089879,0.1357758363316793,1.0042536418156292,0.020136810307648537
GPT-2 XL,zsRE,AlphaEdit,ENCORE,canonical,100,T11,GPT-2 XL|zsRE|AlphaEdit|ENCORE|canonical|100,unchanged_original,unchanged_original,1000,1000,90.9150392139196,-0.011692367417760514,-0.028058954497019922,0.094323315180474,0.9933612635827892,0.0088416252325384,0.21596245745046883,1.0119584029386284,0.03335232326147259
GPT-2 XL,zsRE,AlphaEdit,ENCORE,canonical,150,T11,GPT-2 XL|zsRE|AlphaEdit|ENCORE|canonical|150,unchanged_original,unchanged_original,1000,1000,89.27777699771303,-0.014718737712299862,-0.035946404952770725,0.1142202896816425,0.9926533413552094,0.010243034796735,0.28117529143132003,1.023538112978852,0.043273621672372385
GPT-2 XL,zsRE,AlphaEdit,ENCORE,canonical,200,T11,GPT-2 XL|zsRE|AlphaEdit|ENCORE|canonical|200,unchanged_original,unchanged_original,1000,1000,88.01041703053518,-0.017475863118676365,-0.04309244162458815,0.1298704754363336,0.9920197171228456,0.0113968842550996,0.33749040495863164,1.0359353075343498,0.05369640437052125
GPT-2 XL,zsRE,AlphaEdit,ENCORE,canonical,250,T11,GPT-2 XL|zsRE|AlphaEdit|ENCORE|canonical|250,unchanged_original,unchanged_original,1000,1000,86.38915059387709,-0.020477210071414113,-0.04669504170520876,0.1486569816471442,0.9919448790500028,0.0118197329684521,0.38352772083705505,1.0488404401957567,0.06260509509203548
GPT-2 XL,zsRE,AlphaEdit,ENCORE,canonical,300,T11,GPT-2 XL|zsRE|AlphaEdit|ENCORE|canonical|300,unchanged_original,unchanged_original,1000,1000,84.68675312440992,-0.023623579823008823,-0.05005022942418431,0.1632436422558679,0.991379527837145,0.0126984217859997,0.42141288944358324,1.0601704056442123,0.07139379576033728
GPT-2 XL,zsRE,AlphaEdit,ENCORE,canonical,500,T11,GPT-2 XL|zsRE|AlphaEdit|ENCORE|canonical|500,unchanged_original,unchanged_original,1000,1000,80.30877344706863,-0.027872638495308955,-0.05951037129655393,0.2017843220421874,0.9947157337321316,0.0141303282686644,0.5403387243210594,1.1022009612927672,0.10717618993775334
GPT-2 XL,zsRE,AlphaEdit,ENCORE,canonical,750,T11,GPT-2 XL|zsRE|AlphaEdit|ENCORE|canonical|750,unchanged_original,unchanged_original,1000,1000,76.67341433098971,-0.030389976468651,-0.06710022653044828,0.2357351987822867,1.000035352443183,0.015803378705441,0.6506947908979137,1.1493381781285843,0.15085998381157578
GPT-2 XL,zsRE,AlphaEdit,ENCORE,canonical,1000,T11,GPT-2 XL|zsRE|AlphaEdit|ENCORE|canonical|1000,unchanged_original,unchanged_original,1000,1000,73.61362153818581,-0.03409098961986564,-0.07442564900580666,0.2669203255666912,1.004641809107084,0.0175680421513523,0.7423994928869185,1.1914656381406494,0.19146563814064926
GPT-2 XL,zsRE,AlphaEdit,NAS,canonical,50,T12,GPT-2 XL|zsRE|AlphaEdit|NAS|canonical|50,unchanged_original,unchanged_original,1000,1000,94.78062325895,-0.007652059122494203,-0.016682778369276046,0.0642716654205314,0.994656301808839,0.0068313472754218,0.13874192517156925,1.004885932129493,0.02127526835714088
GPT-2 XL,zsRE,AlphaEdit,NAS,canonical,100,T12,GPT-2 XL|zsRE|AlphaEdit|NAS|canonical|100,unchanged_original,unchanged_original,1000,1000,92.3116711665007,-0.011720471224131218,-0.028687284558137974,0.0941230059589576,0.9933306737668685,0.0091397193436598,0.2233333092725103,1.014716234347243,0.03532208099983432
GPT-2 XL,zsRE,AlphaEdit,NAS,canonical,150,T12,GPT-2 XL|zsRE|AlphaEdit|NAS|canonical|150,unchanged_original,unchanged_original,1000,1000,90.17931764241928,-0.015383956014147724,-0.03752776393484172,0.116552162983932,0.9922874669624698,0.0108890411695279,0.3001350920212982,1.0304022549515786,0.0483291140328758
GPT-2 XL,zsRE,AlphaEdit,NAS,canonical,200,T12,GPT-2 XL|zsRE|AlphaEdit|NAS|canonical|200,unchanged_original,unchanged_original,1000,1000,88.32126895100649,-0.018072542689412045,-0.045472760149817104,0.1343964812212793,0.9920757095963344,0.011762036722881,0.3658906758075729,1.046698476272066,0.06201527833286637
GPT-2 XL,zsRE,AlphaEdit,NAS,canonical,250,T12,GPT-2 XL|zsRE|AlphaEdit|NAS|canonical|250,unchanged_original,unchanged_original,1000,1000,86.36067853160648,-0.02091859585355722,-0.04903172741255202,0.1578379732747469,0.993030734040459,0.0118840518608334,0.4230616483872327,1.066261981024295,0.0764971693127155
GPT-2 XL,zsRE,AlphaEdit,NAS,canonical,300,T12,GPT-2 XL|zsRE|AlphaEdit|NAS|canonical|300,unchanged_original,unchanged_original,1000,1000,84.86659949803867,-0.02408649884754233,-0.05190896412442733,0.1756878305493977,0.9931926747112824,0.0124775923114504,0.47094857535677875,1.0841187443338618,0.09175718769701519
GPT-2 XL,zsRE,AlphaEdit,NAS,canonical,500,T12,GPT-2 XL|zsRE|AlphaEdit|NAS|canonical|500,unchanged_original,unchanged_original,1000,1000,79.05482402258677,-0.029186582984747623,-0.06299839018667257,0.2210183350939443,0.9977763637765548,0.0140880524110927,0.6243697646279318,1.1477146195967456,0.150010722270144
GPT-2 XL,zsRE,AlphaEdit,NAS,canonical,750,T12,GPT-2 XL|zsRE|AlphaEdit|NAS|canonical|750,unchanged_original,unchanged_original,1000,1000,75.12191176146825,-0.03218437813368083,-0.07176982391257353,0.2615268794658136,1.00506711925507,0.0175443787870427,0.7691359589063713,1.2193490335934896,0.2200874439846862
GPT-2 XL,zsRE,AlphaEdit,NAS,canonical,1000,T12,GPT-2 XL|zsRE|AlphaEdit|NAS|canonical|1000,unchanged_original,unchanged_original,1000,1000,71.57744566584532,-0.03505490935381817,-0.07990395547004851,0.3005371765491915,1.013658023569858,0.0220192693931121,0.8848815715380465,1.2805505593229562,0.2805505593229562
GPT-2 XL,zsRE,AlphaEdit,Native,canonical,50,T13,GPT-2 XL|zsRE|AlphaEdit|Native|canonical|50,unchanged_original,unchanged_original,1000,1000,94.33550728651882,-0.00796443214661405,-0.01687970376551567,0.0652075847771052,0.9944029479239516,0.006972949892352,0.13868709762112855,1.0042970604108739,0.020786226589288654
GPT-2 XL,zsRE,AlphaEdit,Native,canonical,100,T13,GPT-2 XL|zsRE|AlphaEdit|Native|canonical|100,unchanged_original,unchanged_original,1000,1000,91.760572680427,-0.012775419034580736,-0.030008638270980784,0.0960910130092114,0.9925038545863172,0.0098189624700829,0.22337292484411864,1.0130974081002233,0.03505004963296213
GPT-2 XL,zsRE,AlphaEdit,Native,canonical,150,T13,GPT-2 XL|zsRE|AlphaEdit|Native|canonical|150,unchanged_original,unchanged_original,1000,1000,89.34524270798603,-0.016457805078189124,-0.03878176350209286,0.119179515226799,0.991593986728556,0.0113148895915576,0.2978260434291191,1.0281270942147918,0.04738035390412468
GPT-2 XL,zsRE,AlphaEdit,Native,canonical,200,T13,GPT-2 XL|zsRE|AlphaEdit|Native|canonical|200,unchanged_original,unchanged_original,1000,1000,87.68046096292396,-0.019369128960344654,-0.04737775165575506,0.1362874534792667,0.9911129273075536,0.0122333723166651,0.3621587468752855,1.0432004403464692,0.06038711651912168
GPT-2 XL,zsRE,AlphaEdit,Native,canonical,250,T13,GPT-2 XL|zsRE|AlphaEdit|Native|canonical|250,unchanged_original,unchanged_original,1000,1000,86.31169809242306,-0.022735828445744535,-0.05132218214070304,0.1588790121290079,0.9914750581690632,0.0125391941938183,0.416280525989472,1.0603485416446874,0.07217064297535937
GPT-2 XL,zsRE,AlphaEdit,Native,canonical,300,T13,GPT-2 XL|zsRE|AlphaEdit|Native|canonical|300,unchanged_original,unchanged_original,1000,1000,83.19877163853432,-0.025807736753817784,-0.05559504945517614,0.1772146985026285,0.991864312835808,0.0130728439431716,0.46321137600374507,1.0761472854177008,0.08534440051781131
GPT-2 XL,zsRE,AlphaEdit,Native,canonical,500,T13,GPT-2 XL|zsRE|AlphaEdit|Native|canonical|500,unchanged_original,unchanged_original,1000,1000,78.36033075409226,-0.031120334517883794,-0.06675366319876602,0.224612138881079,0.9968217227356656,0.0143865337560914,0.6087815597781662,1.1348456510731113,0.13801239231865414
GPT-2 XL,zsRE,AlphaEdit,Native,canonical,750,T13,GPT-2 XL|zsRE|AlphaEdit|Native|canonical|750,unchanged_original,unchanged_original,1000,1000,73.37608199277854,-0.03352537217538591,-0.07573702837851423,0.2685170511811718,1.0058133581517077,0.0178922772840976,0.7479325026428864,1.2023145629750984,0.20310782556207296
GPT-2 XL,zsRE,AlphaEdit,Native,canonical,1000,T13,GPT-2 XL|zsRE|AlphaEdit|Native|canonical|1000,unchanged_original,unchanged_original,1000,1000,68.81093778696157,-0.03618585884264134,-0.08510320998820484,0.3086853508081536,1.0152473439607084,0.0228899331913361,0.8631130716715395,1.261944770397498,0.26194477039749775
GPT-2 XL,zsRE,AlphaEdit,SADR,canonical,50,T14,GPT-2 XL|zsRE|AlphaEdit|SADR|canonical|50,unchanged_original,unchanged_original,1000,1000,94.79583406702616,-0.006407777261481091,-0.01318206069428352,0.0619906136430784,0.995718276995142,0.0051418438581573,0.13280056831393078,1.0072555877927554,0.01831107748447112
GPT-2 XL,zsRE,AlphaEdit,SADR,canonical,100,T14,GPT-2 XL|zsRE|AlphaEdit|SADR|canonical|100,unchanged_original,unchanged_original,1000,1000,92.6392577451561,-0.010071970912051462,-0.02330074307062599,0.092522520830555,0.9947737379336212,0.0070838474920272,0.21380682453048405,1.0180498053678404,0.032195625900539204
GPT-2 XL,zsRE,AlphaEdit,SADR,canonical,150,T14,GPT-2 XL|zsRE|AlphaEdit|SADR|canonical|150,unchanged_original,unchanged_original,1000,1000,90.83023706725429,-0.012229204983833423,-0.02951432543750093,0.1139442009093089,0.9950385281001064,0.0075998645604849,0.2852970761442966,1.0344191993488279,0.0453595332061184
GPT-2 XL,zsRE,AlphaEdit,SADR,canonical,200,T14,GPT-2 XL|zsRE|AlphaEdit|SADR|canonical|200,unchanged_original,unchanged_original,1000,1000,89.78763659626735,-0.014409031824915881,-0.03656405581821862,0.1308239841285562,0.9951056367753006,0.0080858294763818,0.348423280360335,1.0500183482695153,0.060034304237041675
GPT-2 XL,zsRE,AlphaEdit,SADR,canonical,250,T14,GPT-2 XL|zsRE|AlphaEdit|SADR|canonical|250,unchanged_original,unchanged_original,1000,1000,86.83337443602709,-0.01671271589244327,-0.04031695620719119,0.1505798837707747,0.9958689200789496,0.0088040171733648,0.40156823555811555,1.0669203182909224,0.07423328009423077
GPT-2 XL,zsRE,AlphaEdit,SADR,canonical,300,T14,GPT-2 XL|zsRE|AlphaEdit|SADR|canonical|300,unchanged_original,unchanged_original,1000,1000,85.77180232596359,-0.01904563552182161,-0.04334157899103445,0.1657074358648794,0.9962010819541212,0.0096773000756266,0.44995704943908366,1.084616860642011,0.0902501928424584
GPT-2 XL,zsRE,AlphaEdit,SADR,canonical,500,T14,GPT-2 XL|zsRE|AlphaEdit|SADR|canonical|500,unchanged_original,unchanged_original,1000,1000,82.3177854533509,-0.02432877284745681,-0.05383019137968421,0.2096622846846003,0.9997950342779692,0.0113143733667799,0.6059355116018765,1.148210687835358,0.1501767804084938
GPT-2 XL,zsRE,AlphaEdit,SADR,canonical,750,T14,GPT-2 XL|zsRE|AlphaEdit|SADR|canonical|750,unchanged_original,unchanged_original,1000,1000,78.44896695621489,-0.026878251411303972,-0.061465449516789616,0.2517279352300642,1.0074482078884135,0.015658050640222,0.7641479514976907,1.226003056387799,0.22650418073540443
GPT-2 XL,zsRE,AlphaEdit,SADR,canonical,1000,T14,GPT-2 XL|zsRE|AlphaEdit|SADR|canonical|1000,unchanged_original,unchanged_original,1000,1000,76.4055877573447,-0.028896842118668466,-0.06930047590074094,0.2883272476875633,1.0156402100341757,0.0208461215568554,0.8954348454547364,1.2955644602812042,0.2955644602812041
GPT-2 XL,zsRE,AlphaEdit,SPHERE,canonical,50,T15,GPT-2 XL|zsRE|AlphaEdit|SPHERE|canonical|50,corrected_layerwise_sphere,corrected_layerwise_sphere,1000,1000,95.26412969096859,-0.005730060973644672,-0.015248552605182859,0.05777180060575415,0.9961159667197172,0.005030944589606196,0.12626752482862183,1.0025341047289302,0.016349372522761068
GPT-2 XL,zsRE,AlphaEdit,SPHERE,canonical,100,T15,GPT-2 XL|zsRE|AlphaEdit|SPHERE|canonical|100,corrected_layerwise_sphere,corrected_layerwise_sphere,1000,1000,93.04026636941992,-0.009602602324280056,-0.02704225590537722,0.08377310644702346,0.994377725130171,0.00724310108956981,0.20116574351674205,1.0086517467159783,0.02767503758992548
GPT-2 XL,zsRE,AlphaEdit,SPHERE,canonical,150,T15,GPT-2 XL|zsRE|AlphaEdit|SPHERE|canonical|150,corrected_layerwise_sphere,corrected_layerwise_sphere,1000,1000,91.26656306710984,-0.0124415195309695,-0.03500393694264149,0.1028785158128277,0.9935080396670035,0.0084284162911375,0.2653818023979452,1.0194943600419435,0.03706659193016714
GPT-2 XL,zsRE,AlphaEdit,SPHERE,canonical,200,T15,GPT-2 XL|zsRE|AlphaEdit|SPHERE|canonical|200,corrected_layerwise_sphere,corrected_layerwise_sphere,1000,1000,90.04135266942646,-0.014329018152029015,-0.04188171507824538,0.11694023248963817,0.9933121127505827,0.008906845480994687,0.3221623104560918,1.0314922918909897,0.04650050135990065
GPT-2 XL,zsRE,AlphaEdit,SPHERE,canonical,250,T15,GPT-2 XL|zsRE|AlphaEdit|SPHERE|canonical|250,corrected_layerwise_sphere,corrected_layerwise_sphere,1000,1000,88.11862555412408,-0.016690374884870175,-0.04631695890086531,0.13568353604267325,0.9935914255160316,0.009412311304021023,0.36919244119914923,1.0439993991645204,0.05565519144993343
GPT-2 XL,zsRE,AlphaEdit,SPHERE,canonical,300,T15,GPT-2 XL|zsRE|AlphaEdit|SPHERE|canonical|300,corrected_layerwise_sphere,corrected_layerwise_sphere,1000,1000,86.73423316312491,-0.019120033973186967,-0.050257433715207696,0.15069582958179906,0.9935719506493937,0.010058394525368936,0.4097410231890401,1.0557434383391349,0.06512646834224803
GPT-2 XL,zsRE,AlphaEdit,SPHERE,canonical,500,T15,GPT-2 XL|zsRE|AlphaEdit|SPHERE|canonical|500,corrected_layerwise_sphere,corrected_layerwise_sphere,1000,1000,81.36899902914172,-0.024788523276887183,-0.06252476505386002,0.1885902633370021,0.9948141921220668,0.011580663805343956,0.5401796053396128,1.1005644373331511,0.1043989972499881
GPT-2 XL,zsRE,AlphaEdit,SPHERE,canonical,750,T15,GPT-2 XL|zsRE|AlphaEdit|SPHERE|canonical|750,corrected_layerwise_sphere,corrected_layerwise_sphere,1000,1000,77.41942233903173,-0.027251284127477984,-0.07153141305994631,0.22156432630031214,0.999445823514553,0.012730686510128441,0.6628409176578728,1.1528099187210974,0.1539021301196822
GPT-2 XL,zsRE,AlphaEdit,SPHERE,canonical,1000,T15,GPT-2 XL|zsRE|AlphaEdit|SPHERE|canonical|1000,corrected_layerwise_sphere,corrected_layerwise_sphere,1000,1000,73.22690548737927,-0.029590406681392747,-0.08002936711840974,0.2542567632591487,1.0052376620899723,0.015028327321633186,0.7648965492161988,1.199803896768724,0.19980389676872373
GPT-2 XL,zsRE,MEMIT,ENCORE,canonical,50,T16,GPT-2 XL|zsRE|MEMIT|ENCORE|canonical|50,unchanged_original,unchanged_original,1000,1000,95.27604949986146,-0.006028140039214664,-0.018538557782961915,0.0470074837875497,0.9952522832005904,0.0048717640552782,0.1122936116037658,0.9915908357569599,0.012085024882747533
GPT-2 XL,zsRE,MEMIT,ENCORE,canonical,100,T16,GPT-2 XL|zsRE|MEMIT|ENCORE|canonical|100,unchanged_original,unchanged_original,1000,1000,91.424439011107,-0.011864536730401451,-0.03457606215770666,0.0777075152560457,0.9917167658116754,0.008419321996384,0.1918076567486037,0.9900262189955683,0.01781088998821417
GPT-2 XL,zsRE,MEMIT,ENCORE,canonical,150,T16,GPT-2 XL|zsRE|MEMIT|ENCORE|canonical|150,unchanged_original,unchanged_original,1000,1000,88.4083289914151,-0.01577333881732278,-0.04679395370045129,0.1003138995594034,0.9902356229213009,0.0099996347554031,0.2609842357035039,0.9954306435818614,0.01911780722492859
GPT-2 XL,zsRE,MEMIT,ENCORE,canonical,200,T16,GPT-2 XL|zsRE|MEMIT|ENCORE|canonical|200,unchanged_original,unchanged_original,1000,1000,85.66692206685343,-0.018346323429861203,-0.05569950008837573,0.1171043206976967,0.9898459896276292,0.0105182833145531,0.3157799067789247,1.0035632408763904,0.020819240403819633
GPT-2 XL,zsRE,MEMIT,ENCORE,canonical,250,T16,GPT-2 XL|zsRE|MEMIT|ENCORE|canonical|250,unchanged_original,unchanged_original,1000,1000,82.80766057923502,-0.0208395364060363,-0.06079598659142891,0.1338553485081501,0.9898305741925244,0.0108477273991655,0.358940448410312,1.01359372251731,0.0245746098981745
GPT-2 XL,zsRE,MEMIT,ENCORE,canonical,300,T16,GPT-2 XL|zsRE|MEMIT|ENCORE|canonical|300,unchanged_original,unchanged_original,1000,1000,80.41617843389521,-0.024127412734291136,-0.06591069464985705,0.1501366277378191,0.9892639916144064,0.0116949786597142,0.39347943737854424,1.0217855403399903,0.02954745393177774
GPT-2 XL,zsRE,MEMIT,ENCORE,canonical,500,T16,GPT-2 XL|zsRE|MEMIT|ENCORE|canonical|500,unchanged_original,unchanged_original,1000,1000,71.04961738897101,-0.03081990956765824,-0.07994930126261546,0.1896054220209759,0.9903811244597172,0.0125590029370486,0.48479629363489357,1.0469994073311795,0.0498487896960506
GPT-2 XL,zsRE,MEMIT,ENCORE,canonical,750,T16,GPT-2 XL|zsRE|MEMIT|ENCORE|canonical|750,unchanged_original,unchanged_original,1000,1000,64.52686774129262,-0.03483142652049388,-0.09036145051515695,0.2181283739867387,0.9929937891662112,0.0131297462739632,0.559744746005183,1.0735904057653578,0.07458033665787983
GPT-2 XL,zsRE,MEMIT,ENCORE,canonical,1000,T16,GPT-2 XL|zsRE|MEMIT|ENCORE|canonical|1000,unchanged_original,unchanged_original,1000,1000,59.4735881589224,-0.03790931396578822,-0.0980860160982322,0.2427686185931271,0.9962618403125012,0.0134716194841471,0.6155557382733527,1.0952186943464512,0.0952563740756921
GPT-2 XL,zsRE,MEMIT,NAS,canonical,50,T17,GPT-2 XL|zsRE|MEMIT|NAS|canonical|50,unchanged_original,unchanged_original,1000,1000,94.79802019583215,-0.0070204856049035464,-0.02030404972247575,0.0524383122185171,0.994606873387092,0.0055469963556423,0.12394022181379373,0.9922261923518672,0.013262963464803644
GPT-2 XL,zsRE,MEMIT,NAS,canonical,100,T17,GPT-2 XL|zsRE|MEMIT|NAS|canonical|100,unchanged_original,unchanged_original,1000,1000,90.32862963472488,-0.013868943453173585,-0.03834271047649081,0.0907320568583168,0.9910886077580248,0.0092140207808856,0.22261076587646647,0.9945463583324389,0.018919912324349596
GPT-2 XL,zsRE,MEMIT,NAS,canonical,150,T17,GPT-2 XL|zsRE|MEMIT|NAS|canonical|150,unchanged_original,unchanged_original,1000,1000,84.93678592951296,-0.0192500635032567,-0.05382403461998256,0.1263921642335411,0.9903965842317876,0.0103774275229876,0.3210604057446955,1.0088245970250198,0.0231753838247912
GPT-2 XL,zsRE,MEMIT,NAS,canonical,200,T17,GPT-2 XL|zsRE|MEMIT|NAS|canonical|200,unchanged_original,unchanged_original,1000,1000,78.78179999571351,-0.023372066422018094,-0.06483594319462335,0.1570003539793484,0.9914775264288908,0.010624288533159,0.4056519375301491,1.0300796274640154,0.03632990099839523
GPT-2 XL,zsRE,MEMIT,NAS,canonical,250,T17,GPT-2 XL|zsRE|MEMIT|NAS|canonical|250,unchanged_original,unchanged_original,1000,1000,72.53154188303938,-0.027525353263503458,-0.07089133131436257,0.1857382913475715,0.9931929043402786,0.0113132608286062,0.477096509360332,1.0562957235923576,0.05891231547848258
GPT-2 XL,zsRE,MEMIT,NAS,canonical,300,T17,GPT-2 XL|zsRE|MEMIT|NAS|canonical|300,unchanged_original,unchanged_original,1000,1000,68.16602210680203,-0.03199766242268296,-0.07691996679758319,0.206845877645097,0.9937164826189946,0.0125498858755948,0.5291043785348253,1.0763499675701151,0.07800803262034599
GPT-2 XL,zsRE,MEMIT,NAS,canonical,500,T17,GPT-2 XL|zsRE|MEMIT|NAS|canonical|500,unchanged_original,unchanged_original,1000,1000,52.45534388467563,-0.04323154528261579,-0.09611215570527339,0.2974246611871695,1.009261169260954,0.0202299881864603,0.7310028028906463,1.1751391075979463,0.17543618685870507
GPT-2 XL,zsRE,MEMIT,NAS,canonical,750,T17,GPT-2 XL|zsRE|MEMIT|NAS|canonical|750,unchanged_original,unchanged_original,1000,1000,47.530493452330056,-0.04910888641069151,-0.1131471725919131,0.3438278752201902,1.0209577501159193,0.0283271361412965,0.8616611730577145,1.2485198347650777,0.2485744210116443
GPT-2 XL,zsRE,MEMIT,NAS,canonical,1000,T17,GPT-2 XL|zsRE|MEMIT|NAS|canonical|1000,unchanged_original,unchanged_original,1000,1000,47.743355934570495,-0.05678246581440345,-0.13015170635733314,0.3640348508136367,1.021576623197748,0.0303181553106981,0.9112686405188026,1.2691024457749314,0.2691024457749313
GPT-2 XL,zsRE,MEMIT,Native,canonical,50,T18,GPT-2 XL|zsRE|MEMIT|Native|canonical|50,unchanged_original,unchanged_original,1000,1000,94.74501741429997,-0.006997121332089254,-0.019744581325085817,0.0540982561473866,0.994731674432462,0.0054392383731221,0.12462023689119242,0.9927389194519506,0.012717266091758205
GPT-2 XL,zsRE,MEMIT,Native,canonical,100,T18,GPT-2 XL|zsRE|MEMIT|Native|canonical|100,unchanged_original,unchanged_original,1000,1000,89.90191888881809,-0.014447616091289995,-0.03871963476923197,0.0954612014023183,0.9910417472864048,0.0093339895165751,0.22657632568576422,0.9950775677705356,0.01865666424027371
GPT-2 XL,zsRE,MEMIT,Native,canonical,150,T18,GPT-2 XL|zsRE|MEMIT|Native|canonical|150,unchanged_original,unchanged_original,1000,1000,84.1919677280819,-0.01965415241391155,-0.05341750542726372,0.1313888898400611,0.9907526850247492,0.0102506876108582,0.3226108543168507,1.0096330980381185,0.02308538041318362
GPT-2 XL,zsRE,MEMIT,Native,canonical,200,T18,GPT-2 XL|zsRE|MEMIT|Native|canonical|200,unchanged_original,unchanged_original,1000,1000,77.53316487051879,-0.023693594267960236,-0.06424821752262717,0.1609049447475054,0.9918599355713824,0.0105261434517864,0.40188835318508415,1.028920893429994,0.03497280174834572
GPT-2 XL,zsRE,MEMIT,Native,canonical,250,T18,GPT-2 XL|zsRE|MEMIT|Native|canonical|250,unchanged_original,unchanged_original,1000,1000,71.46568857045533,-0.02774442248417035,-0.06929198685679222,0.1918516729147621,0.9942604113905184,0.0110581384198227,0.4708376028124586,1.0542073093590425,0.0565583878769123
GPT-2 XL,zsRE,MEMIT,Native,canonical,300,T18,GPT-2 XL|zsRE|MEMIT|Native|canonical|300,unchanged_original,unchanged_original,1000,1000,66.30853757404078,-0.032628023692205764,-0.07574094729965512,0.219038467873069,0.9960380846713764,0.012498238064957,0.5306563234125483,1.077412355056159,0.07881761609222829
GPT-2 XL,zsRE,MEMIT,Native,canonical,500,T18,GPT-2 XL|zsRE|MEMIT|Native|canonical|500,unchanged_original,unchanged_original,1000,1000,52.17373528083945,-0.04463878295987213,-0.09678512721511112,0.3126648733941509,1.0128984619347905,0.0225332445669239,0.7301108430475656,1.1732104197062112,0.1734213591360302
GPT-2 XL,zsRE,MEMIT,Native,canonical,750,T18,GPT-2 XL|zsRE|MEMIT|Native|canonical|750,unchanged_original,unchanged_original,1000,1000,45.310220428114874,-0.05496198808818222,-0.11735230313962898,0.4041322515005497,1.039821431552174,0.0443544624029126,0.9412040775517696,1.302533382989705,0.30254877258882623
GPT-2 XL,zsRE,MEMIT,Native,canonical,1000,T18,GPT-2 XL|zsRE|MEMIT|Native|canonical|1000,unchanged_original,unchanged_original,1000,1000,36.57507449808773,-0.07624361146709012,-0.15987294758918033,0.518054489471453,1.076888977819978,0.0801768352401103,1.1718240070335715,1.4537059885052763,0.4537059885052766
GPT-2 XL,zsRE,MEMIT,SADR,canonical,50,T19,GPT-2 XL|zsRE|MEMIT|SADR|canonical|50,unchanged_original,unchanged_original,1000,1000,95.01209868760182,-0.005702339741240027,-0.015830617072972744,0.0545535834744418,0.9960241048198978,0.004076631126088,0.12020359900880893,0.9960924363211848,0.010648803405407224
GPT-2 XL,zsRE,MEMIT,SADR,canonical,100,T19,GPT-2 XL|zsRE|MEMIT|SADR|canonical|100,unchanged_original,unchanged_original,1000,1000,91.59343106214162,-0.01077259497321379,-0.029321702284860578,0.093576587651073,0.9944024155606156,0.0063467841251949,0.21527374078310565,1.0018205485370546,0.015822874738718802
GPT-2 XL,zsRE,MEMIT,SADR,canonical,150,T19,GPT-2 XL|zsRE|MEMIT|SADR|canonical|150,unchanged_original,unchanged_original,1000,1000,87.62941970301121,-0.014234448925628683,-0.03955182247001929,0.1273837024172985,0.9953511963206914,0.0072403386950269,0.3046484529367486,1.0177063489723062,0.02467443286181269
GPT-2 XL,zsRE,MEMIT,SADR,canonical,200,T19,GPT-2 XL|zsRE|MEMIT|SADR|canonical|200,unchanged_original,unchanged_original,1000,1000,83.81908933520428,-0.01740843607978684,-0.047938435616140224,0.15650755023023,0.997018401945637,0.0082714471117425,0.3860682679101169,1.0391768307299332,0.04224189857300072
GPT-2 XL,zsRE,MEMIT,SADR,canonical,250,T19,GPT-2 XL|zsRE|MEMIT|SADR|canonical|250,unchanged_original,unchanged_original,1000,1000,78.75302346220546,-0.019456606614829987,-0.05148265756211077,0.1815992679110062,0.9999623505757328,0.0094814236846248,0.4539490493299087,1.0644746560542715,0.06574356724208319
GPT-2 XL,zsRE,MEMIT,SADR,canonical,300,T19,GPT-2 XL|zsRE|MEMIT|SADR|canonical|300,unchanged_original,unchanged_original,1000,1000,75.8162051240458,-0.020339890244520292,-0.053709904539372355,0.20393091332316,1.00413562741441,0.0112549657691264,0.5133428490932117,1.090467342980246,0.09108114384612774
GPT-2 XL,zsRE,MEMIT,SADR,canonical,500,T19,GPT-2 XL|zsRE|MEMIT|SADR|canonical|500,unchanged_original,unchanged_original,1000,1000,61.5828058152347,-0.028874176523932038,-0.07449223332420549,0.2930184274464781,1.0213633391933734,0.0254580810101356,0.7429623824696889,1.2027844300901134,0.20285738817529853
GPT-2 XL,zsRE,MEMIT,SADR,canonical,750,T19,GPT-2 XL|zsRE|MEMIT|SADR|canonical|750,unchanged_original,unchanged_original,1000,1000,47.70617559855364,-0.04113787751476753,-0.10162415724024798,0.4212214748328232,1.0610042868332226,0.0630326921046093,1.064690703882787,1.411097943178596,0.41113006086458403
GPT-2 XL,zsRE,MEMIT,SADR,canonical,1000,T19,GPT-2 XL|zsRE|MEMIT|SADR|canonical|1000,unchanged_original,unchanged_original,1000,1000,27.611048634664947,-0.07191946062469047,-0.16986992744105225,0.6703764685679379,1.1741347110420484,0.1752138715708524,1.7013578928847302,1.914494060068215,0.914494060068215
GPT-2 XL,zsRE,MEMIT,SPHERE,canonical,50,T20,GPT-2 XL|zsRE|MEMIT|SPHERE|canonical|50,unchanged_original,unchanged_original,1000,1000,97.07655098727427,-0.004485725091542268,-0.012445286321428162,0.0353188067958743,0.9962281641292984,0.0038597717828871,0.08129993875699174,0.993321359296347,0.008547043707735501
GPT-2 XL,zsRE,MEMIT,SPHERE,canonical,100,T20,GPT-2 XL|zsRE|MEMIT|SPHERE|canonical|100,unchanged_original,unchanged_original,1000,1000,95.70092838992522,-0.008407405211050822,-0.022409627560840154,0.0540206280939824,0.9933026765229008,0.0067739763246707,0.1283207216308215,0.9896403216430011,0.013782932127116834
GPT-2 XL,zsRE,MEMIT,SPHERE,canonical,150,T20,GPT-2 XL|zsRE|MEMIT|SPHERE|canonical|150,unchanged_original,unchanged_original,1000,1000,94.19300963953869,-0.01118344263644538,-0.03148880052247273,0.0664767654220297,0.9913998785356224,0.0086829733368388,0.16824193555381176,0.9876362967852599,0.01691418583620774
GPT-2 XL,zsRE,MEMIT,SPHERE,canonical,200,T20,GPT-2 XL|zsRE|MEMIT|SPHERE|canonical|200,unchanged_original,unchanged_original,1000,1000,93.20379599522649,-0.013061629193252077,-0.0373709474058321,0.0760851585285797,0.990317640302904,0.0097737057672173,0.20305196477176385,0.9890313744385651,0.01768537279205627
GPT-2 XL,zsRE,MEMIT,SPHERE,canonical,250,T20,GPT-2 XL|zsRE|MEMIT|SPHERE|canonical|250,unchanged_original,unchanged_original,1000,1000,91.57365301076949,-0.015319108534551712,-0.04239472552602871,0.0883258218408953,0.9892624055986384,0.0108464356643223,0.23417748703904237,0.9914639413400061,0.018079582133628796
GPT-2 XL,zsRE,MEMIT,SPHERE,canonical,300,T20,GPT-2 XL|zsRE|MEMIT|SPHERE|canonical|300,unchanged_original,unchanged_original,1000,1000,90.35693129103231,-0.01820556786287909,-0.048042129546095186,0.0991145675432944,0.9875846548834564,0.01252280107138,0.2628785370859183,0.9934500263051839,0.01884305486864453
GPT-2 XL,zsRE,MEMIT,SPHERE,canonical,500,T20,GPT-2 XL|zsRE|MEMIT|SPHERE|canonical|500,unchanged_original,unchanged_original,1000,1000,85.37938286689497,-0.025791839067067095,-0.06671040297865993,0.1351873058309647,0.9850259599399804,0.0153229744227765,0.3602077468247524,1.0064405783199595,0.02279823067566483
GPT-2 XL,zsRE,MEMIT,SPHERE,canonical,750,T20,GPT-2 XL|zsRE|MEMIT|SPHERE|canonical|750,unchanged_original,unchanged_original,1000,1000,78.5609777363145,-0.03081202703701709,-0.07772409661113912,0.1693963356183946,0.9861199685805904,0.0149328965263878,0.45723514175919683,1.0349973749165937,0.039423733967963795
GPT-2 XL,zsRE,MEMIT,SPHERE,canonical,1000,T20,GPT-2 XL|zsRE|MEMIT|SPHERE|canonical|1000,unchanged_original,unchanged_original,1000,1000,72.20772863631807,-0.03565379034831535,-0.09000117283258413,0.1998459297896275,0.9878780545139364,0.0147459860934529,0.5361663004958717,1.0605518561384144,0.061337041472609696
Llama,CounterFact,AlphaEdit,NAS,canonical,50,T21,Llama|CounterFact|AlphaEdit|NAS|canonical|50,unchanged_original,unchanged_original,1000,1000,75.0,-0.013836410077320322,-0.02201939427332222,0.1229467152866924,0.9945738638247557,0.0072836701889189,0.42608449550068656,1.0738074328233183,0.0746116005973912
Llama,CounterFact,AlphaEdit,NAS,canonical,100,T21,Llama|CounterFact|AlphaEdit|NAS|canonical|100,unchanged_original,unchanged_original,1000,1000,56.6,-0.01952937972670753,-0.04188593421969075,0.1701727052450065,0.996228831636318,0.0080584018609455,0.5822094929842307,1.129218520146667,0.12941373062934505
Llama,CounterFact,AlphaEdit,NAS,canonical,150,T21,Llama|CounterFact|AlphaEdit|NAS|canonical|150,unchanged_original,unchanged_original,1000,1000,47.75,-0.02226177119251203,-0.05028444782942015,0.2053121626941228,1.000692430914108,0.0093304269467029,0.6619284230247867,1.165741205096273,0.16576432031354046
Llama,CounterFact,AlphaEdit,NAS,canonical,200,T21,Llama|CounterFact|AlphaEdit|NAS|canonical|200,unchanged_original,unchanged_original,1000,1000,41.3,-0.027398601474390865,-0.060004046568799624,0.2350326125320651,1.0024518438937036,0.0107624880803584,0.7147601538044125,1.1885709199063468,0.188577509851714
Llama,CounterFact,AlphaEdit,NAS,canonical,250,T21,Llama|CounterFact|AlphaEdit|NAS|canonical|250,unchanged_original,unchanged_original,1000,1000,38.9,-0.028330226888765773,-0.06510196021741026,0.2530487791577276,1.0061623752079094,0.0122822211879167,0.7496655276579605,1.2056859017215067,0.2056859017215066
Llama,CounterFact,AlphaEdit,NAS,canonical,300,T21,Llama|CounterFact|AlphaEdit|NAS|canonical|300,unchanged_original,unchanged_original,1000,1000,35.7,-0.031122551579761328,-0.0697171768992661,0.2702450020872288,1.0082037521537837,0.0138760888379037,0.7836688400416416,1.2230303879460676,0.2230303879460675
Llama,CounterFact,AlphaEdit,NAS,canonical,500,T21,Llama|CounterFact|AlphaEdit|NAS|canonical|500,unchanged_original,unchanged_original,1000,1000,28.65,-0.03414612077402919,-0.09107995128768456,0.3022030897597101,1.0145994174963506,0.0184009048565003,0.8632834224758184,1.2589257442507924,0.2589257442507925
Llama,CounterFact,AlphaEdit,NAS,canonical,750,T21,Llama|CounterFact|AlphaEdit|NAS|canonical|750,unchanged_original,unchanged_original,1000,1000,28.4,-0.03799865399307888,-0.11690452367456582,0.3336409384793558,1.0207626472088025,0.0232608752640684,0.9253722795557844,1.2829898167035025,0.2829898167035025
Llama,CounterFact,AlphaEdit,NAS,canonical,1000,T21,Llama|CounterFact|AlphaEdit|NAS|canonical|1000,unchanged_original,unchanged_original,1000,1000,24.45,-0.04398127731987328,-0.14268155280375522,0.3559768156703405,1.0227099436402631,0.0251877642905577,0.9636615207804493,1.2922897828178812,0.2922897828178813
Llama,CounterFact,AlphaEdit,Native,canonical,50,T22,Llama|CounterFact|AlphaEdit|Native|canonical|50,unchanged_original,unchanged_original,1000,1000,69.55,-0.014003195856118863,-0.01255183680189952,0.1257051416636143,0.9948080588698888,0.0071653838130343,0.4612063635373558,1.0978952760859537,0.09836633228875206
Llama,CounterFact,AlphaEdit,Native,canonical,100,T22,Llama|CounterFact|AlphaEdit|Native|canonical|100,unchanged_original,unchanged_original,1000,1000,52.2,-0.016873219269768022,-0.009766476210230668,0.1856175896409888,1.0018325225300189,0.008625523304614,0.68785117725711,1.215626182314955,0.2156386335086036
Llama,CounterFact,AlphaEdit,Native,canonical,150,T22,Llama|CounterFact|AlphaEdit|Native|canonical|150,unchanged_original,unchanged_original,1000,1000,39.95,-0.018090698671859896,0.0032131737345999813,0.2338622051710706,1.0115364872918915,0.0151685793975449,0.8346327921461992,1.3155641866400662,0.3155641866400663
Llama,CounterFact,AlphaEdit,Native,canonical,200,T22,Llama|CounterFact|AlphaEdit|Native|canonical|200,unchanged_original,unchanged_original,1000,1000,33.15,-0.020013773438678543,0.011807868501155852,0.2737737524090235,1.0200721069680092,0.0224042631368053,0.947408628883156,1.396690761950008,0.39669076195000785
Llama,CounterFact,AlphaEdit,Native,canonical,250,T22,Llama|CounterFact|AlphaEdit|Native|canonical|250,unchanged_original,unchanged_original,1000,1000,29.9,-0.01828916603766087,0.022239300914356643,0.3031517405006294,1.0306223308363438,0.0318309695828279,1.047513841025249,1.4740569046349987,0.4740569046349988
Llama,CounterFact,AlphaEdit,Native,canonical,300,T22,Llama|CounterFact|AlphaEdit|Native|canonical|300,unchanged_original,unchanged_original,1000,1000,27.15,-0.019493968233630633,0.027409303583846564,0.3307282882753778,1.0384761042264294,0.039430567989901,1.1375271482408673,1.5421481533552468,0.5421481533552468
Llama,CounterFact,AlphaEdit,Native,canonical,500,T22,Llama|CounterFact|AlphaEdit|Native|canonical|500,unchanged_original,unchanged_original,1000,1000,16.8,-0.019376193806436938,0.07061902113999399,0.4272186198972992,1.0744742670704286,0.0746394708196546,1.4795591985106384,1.8341748759848455,0.8341748759848457
Llama,CounterFact,AlphaEdit,Native,canonical,750,T22,Llama|CounterFact|AlphaEdit|Native|canonical|750,unchanged_original,unchanged_original,1000,1000,14.85,-0.016894127217562633,0.13143306058287502,0.5766282846024373,1.1459683769283306,0.1459683769283305,1.9001037619741978,2.21829807256189,1.2182980725618897
Llama,CounterFact,AlphaEdit,Native,canonical,1000,T22,Llama|CounterFact|AlphaEdit|Native|canonical|1000,unchanged_original,unchanged_original,1000,1000,12.3,-0.007914828219172582,0.22007901889226264,0.7836642094708312,1.2750656115204284,0.2750656115204284,2.406031746771498,2.703884316051017,1.7038843160510169
Llama,CounterFact,AlphaEdit,SADR,canonical,50,T23,Llama|CounterFact|AlphaEdit|SADR|canonical|50,unchanged_original,unchanged_original,1000,1000,78.35,-0.009948896119533234,-0.007603057465122006,0.114450437869971,0.9974141567295466,0.0059497637243607,0.4504434057515053,1.0979508272997223,0.09810792797040435
Llama,CounterFact,AlphaEdit,SADR,canonical,100,T23,Llama|CounterFact|AlphaEdit|SADR|canonical|100,unchanged_original,unchanged_original,1000,1000,59.1,-0.017048313035259676,-0.012275350625531508,0.1726809723574728,0.9992341231684376,0.0084921272975205,0.6875504293511483,1.213759121392662,0.21375912139266184
Llama,CounterFact,AlphaEdit,SADR,canonical,150,T23,Llama|CounterFact|AlphaEdit|SADR|canonical|150,unchanged_original,unchanged_original,1000,1000,49.65,-0.01721212809077658,-0.0060800849251231035,0.2159602071208843,1.0082124959141223,0.0123738569366798,0.8322140015628878,1.3074481481700118,0.3074481481700119
Llama,CounterFact,AlphaEdit,SADR,canonical,200,T23,Llama|CounterFact|AlphaEdit|SADR|canonical|200,unchanged_original,unchanged_original,1000,1000,41.55,-0.019607127416943794,0.001989258984907618,0.2541430045995812,1.0151667764098684,0.0180667736558655,0.948839105679079,1.3912519276933706,0.3912519276933707
Llama,CounterFact,AlphaEdit,SADR,canonical,250,T23,Llama|CounterFact|AlphaEdit|SADR|canonical|250,unchanged_original,unchanged_original,1000,1000,39.75,-0.018543941508404334,0.010013852527863082,0.2821015189429043,1.024032757995049,0.025599431480935,1.0495742886796227,1.467871497204503,0.46787149720450316
Llama,CounterFact,AlphaEdit,SADR,canonical,300,T23,Llama|CounterFact|AlphaEdit|SADR|canonical|300,unchanged_original,unchanged_original,1000,1000,36.55,-0.01783412933883168,0.017193669927551124,0.306120119540043,1.032018093778322,0.0328988277539392,1.1374081300840797,1.5360497390041725,0.5360497390041726
Llama,CounterFact,AlphaEdit,SADR,canonical,500,T23,Llama|CounterFact|AlphaEdit|SADR|canonical|500,unchanged_original,unchanged_original,1000,1000,25.05,-0.013301197340216574,0.05574523303010892,0.4095150633805008,1.0731025780042651,0.0731604539599931,1.4947625848229016,1.839036387998894,0.8390363879988938
Llama,CounterFact,AlphaEdit,SADR,canonical,750,T23,Llama|CounterFact|AlphaEdit|SADR|canonical|750,unchanged_original,unchanged_original,1000,1000,17.849999999999998,-0.006235277478150357,0.10625957117427784,0.5685949081370765,1.1514514627059749,0.1514514627059746,1.9083074774899933,2.213542673591316,1.2135426735913162
Llama,CounterFact,AlphaEdit,SADR,canonical,1000,T23,Llama|CounterFact|AlphaEdit|SADR|canonical|1000,unchanged_original,unchanged_original,1000,1000,15.8,0.007215556199422386,0.18836370322888932,0.8199636803591268,1.310667690150106,0.310667690150106,2.47031083661678,2.7488266609834544,1.7488266609834549
Llama,CounterFact,AlphaEdit,SPHERE,canonical,50,T24,Llama|CounterFact|AlphaEdit|SPHERE|canonical|50,corrected_layerwise_sphere,corrected_layerwise_sphere,1000,1000,74.8,-0.014109696820207435,-0.017661494971948775,0.12192712032367783,0.9941862917341068,0.007465473895220086,0.42884626928746217,1.0792641191112702,0.07988531026548282
Llama,CounterFact,AlphaEdit,SPHERE,canonical,100,T24,Llama|CounterFact|AlphaEdit|SPHERE|canonical|100,corrected_layerwise_sphere,corrected_layerwise_sphere,1000,1000,56.89999999999999,-0.019667421605801195,-0.02346632694825325,0.177620094163028,0.9974773881325583,0.008351315547545507,0.6379166157906317,1.1756622860538664,0.17572333935230497
Llama,CounterFact,AlphaEdit,SPHERE,canonical,150,T24,Llama|CounterFact|AlphaEdit|SPHERE|canonical|150,corrected_layerwise_sphere,corrected_layerwise_sphere,1000,1000,47.4,-0.022642002739891993,-0.023705706991308598,0.22182613725657263,1.00413320701491,0.011149563017163237,0.7612456955992345,1.2478083399833235,0.24782900205171784
Llama,CounterFact,AlphaEdit,SPHERE,canonical,200,T24,Llama|CounterFact|AlphaEdit|SPHERE|canonical|200,corrected_layerwise_sphere,corrected_layerwise_sphere,1000,1000,37.75,-0.02667921187123126,-0.021610816497789814,0.25747530265500007,1.0090702268986038,0.014111445922060067,0.8554685054141116,1.3094253245242644,0.30943053859641156
Llama,CounterFact,AlphaEdit,SPHERE,canonical,250,T24,Llama|CounterFact|AlphaEdit|SPHERE|canonical|250,corrected_layerwise_sphere,corrected_layerwise_sphere,1000,1000,35.949999999999996,-0.02546966225934179,-0.01763302851280019,0.2796770731771691,1.0164539898619616,0.019488639070567238,0.9316099607230683,1.3635781539715386,0.36357815397153864
Llama,CounterFact,AlphaEdit,SPHERE,canonical,300,T24,Llama|CounterFact|AlphaEdit|SPHERE|canonical|300,corrected_layerwise_sphere,corrected_layerwise_sphere,1000,1000,32.75,-0.02712819186758951,-0.015555524809170298,0.30292243471120367,1.021905510662363,0.023981584849171653,1.0009496244408567,1.4126563262021996,0.41265632620219966
Llama,CounterFact,AlphaEdit,SPHERE,canonical,500,T24,Llama|CounterFact|AlphaEdit|SPHERE|canonical|500,corrected_layerwise_sphere,corrected_layerwise_sphere,1000,1000,22.05,-0.0267391660305707,0.0003156624958946601,0.38119231883601357,1.04917127100885,0.04955728461844794,1.2382980921527587,1.5992777646258982,0.5992777646258983
Llama,CounterFact,AlphaEdit,SPHERE,canonical,750,T24,Llama|CounterFact|AlphaEdit|SPHERE|canonical|750,corrected_layerwise_sphere,corrected_layerwise_sphere,1000,1000,19.75,-0.028686698812851623,0.01734444679840167,0.4693782465523063,1.083022785291258,0.08310455493944045,1.4531480118822597,1.779947618369995,0.7799476183699948
Llama,CounterFact,AlphaEdit,SPHERE,canonical,1000,T24,Llama|CounterFact|AlphaEdit|SPHERE|canonical|1000,corrected_layerwise_sphere,corrected_layerwise_sphere,1000,1000,16.75,-0.030644398440490214,0.02703471235653744,0.5574525733907351,1.1235216508236243,0.12355869360110805,1.6329309927925966,1.934387283504826,0.9343872835048257
Llama,CounterFact,MEMIT,NAS,canonical,50,T25,Llama|CounterFact|MEMIT|NAS|canonical|50,unchanged_original,unchanged_original,1000,1000,95.2,-0.0028661834429375846,0.0030008636461935872,0.0516476855185356,0.9986445091211776,0.0030075151959257,0.1944534526729579,1.0300157982806077,0.030682435746520034
Llama,CounterFact,MEMIT,NAS,canonical,100,T25,Llama|CounterFact|MEMIT|NAS|canonical|100,unchanged_original,unchanged_original,1000,1000,84.7,-0.004609800026187597,0.010659395426237115,0.0768963629803672,0.9986892071074716,0.0044846557216079,0.37011922231086214,1.0903925921693831,0.0905841758284187
Llama,CounterFact,MEMIT,NAS,canonical,150,T25,Llama|CounterFact|MEMIT|NAS|canonical|150,unchanged_original,unchanged_original,1000,1000,62.64999999999999,-0.007891363404279659,0.006436420300124544,0.1023725090632246,0.9980338643571666,0.0060696413756592,0.5236248077641453,1.1517630143885094,0.15188723179298427
Llama,CounterFact,MEMIT,NAS,canonical,200,T25,Llama|CounterFact|MEMIT|NAS|canonical|200,unchanged_original,unchanged_original,1000,1000,53.45,-0.009407709393931131,0.002871547480356419,0.1215725677715006,0.9989221654278012,0.006874946671275,0.6358906267800539,1.205516766262753,0.20557838997468209
Llama,CounterFact,MEMIT,NAS,canonical,250,T25,Llama|CounterFact|MEMIT|NAS|canonical|250,unchanged_original,unchanged_original,1000,1000,45.6,-0.010582513515921689,-0.00892431241790307,0.1376757602040436,1.000139958249056,0.0076966676189487,0.7345230654146067,1.2524159008640992,0.25245867292337787
Llama,CounterFact,MEMIT,NAS,canonical,300,T25,Llama|CounterFact|MEMIT|NAS|canonical|300,unchanged_original,unchanged_original,1000,1000,38.65,-0.011794589552578966,-0.019252054949285245,0.1503952454305609,1.0010266747325602,0.0082519069227215,0.8150080602554401,1.2932549172753731,0.29326122820683975
Llama,CounterFact,MEMIT,NAS,canonical,500,T25,Llama|CounterFact|MEMIT|NAS|canonical|500,unchanged_original,unchanged_original,1000,1000,27.05,-0.012726315577488018,-0.0613754513318312,0.1832274818639565,1.0064856658285095,0.011622441698506,1.0375617821301162,1.4170436612069717,0.41704366120697156
Llama,CounterFact,MEMIT,NAS,canonical,750,T25,Llama|CounterFact|MEMIT|NAS|canonical|750,unchanged_original,unchanged_original,1000,1000,25.6,-0.01934910306017968,-0.1294281446527418,0.2114611618182595,1.0062561550619982,0.0142134865481641,1.1598794183012697,1.4650948971502684,0.4651049605187425
Llama,CounterFact,MEMIT,NAS,canonical,1000,T25,Llama|CounterFact|MEMIT|NAS|canonical|1000,unchanged_original,unchanged_original,1000,1000,21.5,-0.02768923987569091,-0.18714242619714466,0.2317583231549949,1.0028453034594822,0.0162250539469643,1.2393370199861662,1.4930506557442045,0.49305065574420437
Llama,CounterFact,MEMIT,Native,canonical,50,T26,Llama|CounterFact|MEMIT|Native|canonical|50,unchanged_original,unchanged_original,1000,1000,94.7,-0.003294502750636793,0.005016938800680279,0.0522140126813848,0.9982447344554316,0.0030699369018426,0.19855851324458906,1.0329902958962935,0.03368692239391091
Llama,CounterFact,MEMIT,Native,canonical,100,T26,Llama|CounterFact|MEMIT|Native|canonical|100,unchanged_original,unchanged_original,1000,1000,78.60000000000001,-0.005147648930629765,0.03225311062535062,0.085550527798308,0.9989405117713824,0.0049678893910313,0.44033056025615086,1.1391675131708368,0.13931950918674757
Llama,CounterFact,MEMIT,Native,canonical,150,T26,Llama|CounterFact|MEMIT|Native|canonical|150,unchanged_original,unchanged_original,1000,1000,50.9,-0.007077879602061532,0.07387714055560551,0.1244976363401035,1.0017825508950875,0.0087179164959514,0.7304587913800733,1.3203960467031348,0.32043417503835775
Llama,CounterFact,MEMIT,Native,canonical,200,T26,Llama|CounterFact|MEMIT|Native|canonical|200,unchanged_original,unchanged_original,1000,1000,31.8,-0.0045922837616619696,0.20329337451138896,0.1773670582399026,1.0138404306646105,0.0187731437284275,1.2102374785270613,1.729430304008279,0.7294303040082794
Llama,CounterFact,MEMIT,Native,canonical,250,T26,Llama|CounterFact|MEMIT|Native|canonical|250,unchanged_original,unchanged_original,1000,1000,21.65,0.018531344063242923,0.6343428641124876,0.3525462817996195,1.0922929089523346,0.0937958287276563,2.650567606395335,3.130365998682115,2.130365998682115
Llama,CounterFact,MEMIT,Native,canonical,300,T26,Llama|CounterFact|MEMIT|Native|canonical|300,unchanged_original,unchanged_original,1000,1000,1.0,0.20390880379659537,2.2419056546484044,1.9570604338390472,2.3867275167665074,1.3884021652641356,8.481155738035906,9.094036009680437,8.094036009680437
Llama,CounterFact,MEMIT,Native,canonical,500,T26,Llama|CounterFact|MEMIT|Native|canonical|500,unchanged_original,unchanged_original,1000,1000,0.6,181.90427242923622,270.36551766837465,3289.428272512882,3295.4914078310235,3294.4914078310235,2932.6322635448028,2945.9691907353454,2944.9691907353454
Llama,CounterFact,MEMIT,Native,canonical,750,T26,Llama|CounterFact|MEMIT|Native|canonical|750,unchanged_original,unchanged_original,1000,1000,0.6,3397.0349704732585,4896.93169857177,82605.91395222337,82695.09002385353,82694.09002385353,69056.07312705928,69244.00553649623,69243.00553649623
Llama,CounterFact,MEMIT,Native,canonical,1000,T26,Llama|CounterFact|MEMIT|Native|canonical|1000,unchanged_original,unchanged_original,1000,1000,0.6,79099.97756012087,111697.34678689766,1916297.2581194844,1918375.7515642515,1918374.7515642515,1591478.1632836137,1595720.1869029265,1595719.1869029265
Llama,CounterFact,MEMIT,SADR,canonical,50,T27,Llama|CounterFact|MEMIT|SADR|canonical|50,unchanged_original,unchanged_original,1000,1000,94.8,-0.002464369825424328,0.004972576836806054,0.047956139337952,0.9988317588354048,0.0028187906269034,0.19183975869335634,1.0313285244602337,0.031827873519144956
Llama,CounterFact,MEMIT,SADR,canonical,100,T27,Llama|CounterFact|MEMIT|SADR|canonical|100,unchanged_original,unchanged_original,1000,1000,86.6,-0.0032190820213837544,0.031109552659084338,0.0757753540125779,0.9999901728394824,0.0043920181505387,0.41801739578542246,1.1287858413312948,0.12888092011770305
Llama,CounterFact,MEMIT,SADR,canonical,150,T27,Llama|CounterFact|MEMIT|SADR|canonical|150,unchanged_original,unchanged_original,1000,1000,64.5,-0.004745643026385896,0.06821488829090076,0.1082769933114005,1.0019952719098202,0.0071616557326175,0.6938567769032435,1.2951074619255705,0.29513284631792497
Llama,CounterFact,MEMIT,SADR,canonical,200,T27,Llama|CounterFact|MEMIT|SADR|canonical|200,unchanged_original,unchanged_original,1000,1000,46.3,-0.0023433385273349586,0.17681845818305605,0.1465578841677539,1.0102828684786658,0.0138794077283002,1.1089715574762917,1.6405355633908312,0.6405355633908312
Llama,CounterFact,MEMIT,SADR,canonical,250,T27,Llama|CounterFact|MEMIT|SADR|canonical|250,unchanged_original,unchanged_original,1000,1000,35.7,0.00955768473454729,0.4913931540889668,0.2496613236488835,1.0477441804689271,0.0495442907881972,2.1979730127337453,2.6757321017764597,1.6757321017764597
Llama,CounterFact,MEMIT,SADR,canonical,300,T27,Llama|CounterFact|MEMIT|SADR|canonical|300,unchanged_original,unchanged_original,1000,1000,20.8,0.06021738276652231,1.3209727812521952,0.6381535286413511,1.2786737032160835,0.2797879701000431,5.045990422053276,5.565148902736802,4.565148902736802
Llama,CounterFact,MEMIT,SADR,canonical,500,T27,Llama|CounterFact|MEMIT|SADR|canonical|500,unchanged_original,unchanged_original,1000,1000,0.6,111.7687833731616,198.59895904963685,2801.375176171143,2804.396134227356,2803.396134227356,2490.4803377410585,2499.0781855278788,2498.0781855278788
Llama,CounterFact,MEMIT,SADR,canonical,750,T27,Llama|CounterFact|MEMIT|SADR|canonical|750,unchanged_original,unchanged_original,1000,1000,0.6,1454.2058560162347,2613.9219926644314,54385.21370396809,54416.24286074942,54415.24286074942,45455.96328306565,45539.594518124875,45538.594518124875
Llama,CounterFact,MEMIT,SADR,canonical,1000,T27,Llama|CounterFact|MEMIT|SADR|canonical|1000,unchanged_original,unchanged_original,1000,1000,0.6,38364.58507135485,67590.42815935078,1435128.7260200162,1435943.6779042028,1435942.6779042028,1192198.0268761907,1194329.6892965694,1194328.6892965694
Llama,CounterFact,MEMIT,SPHERE,canonical,50,T28,Llama|CounterFact|MEMIT|SPHERE|canonical|50,unchanged_original,unchanged_original,1000,1000,95.35,-0.003396274279353077,0.002208969510154042,0.0479617072813516,0.9978714930343447,0.003176149960033,0.16599878028374201,1.0230497221887902,0.024068708016936242
Llama,CounterFact,MEMIT,SPHERE,canonical,100,T28,Llama|CounterFact|MEMIT|SPHERE|canonical|100,unchanged_original,unchanged_original,1000,1000,90.35,-0.005234896992840436,0.00901658999466387,0.073240783443147,0.9976690662962252,0.0042983269258819,0.3117392047898453,1.0690583874155417,0.06944324755238168
Llama,CounterFact,MEMIT,SPHERE,canonical,150,T28,Llama|CounterFact|MEMIT|SPHERE|canonical|150,unchanged_original,unchanged_original,1000,1000,75.75,-0.008352936993893056,0.008633676336315694,0.1008226216882694,0.9972054218515688,0.0060312685101488,0.4506461149256762,1.1211087098833301,0.12138542613204938
Llama,CounterFact,MEMIT,SPHERE,canonical,200,T28,Llama|CounterFact|MEMIT|SPHERE|canonical|200,unchanged_original,unchanged_original,1000,1000,62.35000000000001,-0.010558296528098268,0.014873009799623556,0.1226264278716204,0.99765618616815,0.0071556631699693,0.571307675138678,1.1825942164850678,0.18275197814744917
Llama,CounterFact,MEMIT,SPHERE,canonical,250,T28,Llama|CounterFact|MEMIT|SPHERE|canonical|250,unchanged_original,unchanged_original,1000,1000,49.9,-0.012284922182094588,0.028938231594826353,0.1442866918973858,0.9991396164745242,0.0083297476795879,0.6986699907842937,1.2622767596736002,0.2623741357718694
Llama,CounterFact,MEMIT,SPHERE,canonical,300,T28,Llama|CounterFact|MEMIT|SPHERE|canonical|300,unchanged_original,unchanged_original,1000,1000,43.25,-0.012907948837209396,0.04713119774419578,0.1639006398666038,1.0018918498994696,0.0094907629190552,0.8166972168274017,1.3452977840810667,0.34529868125531127
Llama,CounterFact,MEMIT,SPHERE,canonical,500,T28,Llama|CounterFact|MEMIT|SPHERE|canonical|500,unchanged_original,unchanged_original,1000,1000,18.75,-0.0023262826942574764,0.29123068660190027,0.2724505422582918,1.03867373737755,0.040358405732239,1.7067569618808198,2.1537364591455486,1.1537364591455483
Llama,CounterFact,MEMIT,SPHERE,canonical,750,T28,Llama|CounterFact|MEMIT|SPHERE|canonical|750,unchanged_original,unchanged_original,1000,1000,1.3,0.4344235717803592,2.2004837861458997,4.346391317016117,4.680239452413125,3.682394217904674,8.712286521564526,9.303497618237369,8.303497618237369
Llama,CounterFact,MEMIT,SPHERE,canonical,1000,T28,Llama|CounterFact|MEMIT|SPHERE|canonical|1000,unchanged_original,unchanged_original,1000,1000,0.6,28.46539621209839,41.520010606424634,324.3058357127829,325.80303521434814,324.80303521434814,297.7689824782058,300.9447904733489,299.9447904733489
Llama,zsRE,AlphaEdit,ENCORE,canonical,50,T29,Llama|zsRE|AlphaEdit|ENCORE|canonical|50,unchanged_original,unchanged_original,1000,1000,87.36974716464825,-0.01745505707610146,-0.03639431317958018,0.1905084040229755,1.003978712873636,0.0133221432520455,0.4564673744354985,1.0728430101277426,0.07332847635701677
Llama,zsRE,AlphaEdit,ENCORE,canonical,100,T29,Llama|zsRE|AlphaEdit|ENCORE|canonical|100,unchanged_original,unchanged_original,1000,1000,75.47763661861228,-0.02338880486212476,-0.0470832062659185,0.2648252503842923,1.0174359348467936,0.0243875732795847,0.6118057543680898,1.139237634616661,0.13930421720265873
Llama,zsRE,AlphaEdit,ENCORE,canonical,150,T29,Llama|zsRE|AlphaEdit|ENCORE|canonical|150,unchanged_original,unchanged_original,1000,1000,71.44597161164879,-0.023232781095335345,-0.044122784399992086,0.3011930955391989,1.0288324645186,0.034244972743752,0.7147318675924239,1.2013374906193186,0.20141666344321277
Llama,zsRE,AlphaEdit,ENCORE,canonical,200,T29,Llama|zsRE|AlphaEdit|ENCORE|canonical|200,unchanged_original,unchanged_original,1000,1000,67.61287758626013,-0.02324123910572348,-0.03982510502101291,0.3318250136526159,1.039929563689885,0.0444747959349631,0.7901186476452553,1.2514313590292614,0.25146599356663774
Llama,zsRE,AlphaEdit,ENCORE,canonical,250,T29,Llama|zsRE|AlphaEdit|ENCORE|canonical|250,unchanged_original,unchanged_original,1000,1000,63.2377995611151,-0.022341198725027062,-0.033405087488040414,0.3593673371658439,1.0506388996941738,0.0538945408491269,0.8558779602244132,1.2991437573863407,0.2991578963799152
Llama,zsRE,AlphaEdit,ENCORE,canonical,300,T29,Llama|zsRE|AlphaEdit|ENCORE|canonical|300,unchanged_original,unchanged_original,1000,1000,62.81905684670818,-0.019942119884407004,-0.02863501131410856,0.3829071059343361,1.0621536065835764,0.0641773045313558,0.9070237237495529,1.3368941553954596,0.3369029487488708
Llama,zsRE,AlphaEdit,ENCORE,canonical,500,T29,Llama|zsRE|AlphaEdit|ENCORE|canonical|500,unchanged_original,unchanged_original,1000,1000,57.52973219795032,-0.007309518766604461,-0.007601888090362057,0.4628541612837787,1.1077949789465011,0.1083712155664477,1.098750499148403,1.4875685042104974,0.4875685042104975
Llama,zsRE,AlphaEdit,ENCORE,canonical,750,T29,Llama|zsRE|AlphaEdit|ENCORE|canonical|750,unchanged_original,unchanged_original,1000,1000,53.01358279623491,0.005048412812996343,0.016769239509074673,0.5484471523329106,1.158963751434004,0.1590589486447055,1.3070486586980996,1.6619838954599426,0.661983895459943
Llama,zsRE,AlphaEdit,ENCORE,canonical,1000,T29,Llama|zsRE|AlphaEdit|ENCORE|canonical|1000,unchanged_original,unchanged_original,1000,1000,46.53644666398896,0.022439255004246293,0.04154488514249678,0.6494285394032858,1.2280445723947786,0.2280961905944121,1.5156330705209653,1.843977476358551,0.8439774763585511
Llama,zsRE,AlphaEdit,NAS,canonical,50,T30,Llama|zsRE|AlphaEdit|NAS|canonical|50,unchanged_original,unchanged_original,1000,1000,88.09337957647803,-0.01507855639474932,-0.031755384406925415,0.1836479475796533,1.0042338065574237,0.0112523201777352,0.4395863385390879,1.0699999367514075,0.07046175279759007
Llama,zsRE,AlphaEdit,NAS,canonical,100,T30,Llama|zsRE|AlphaEdit|NAS|canonical|100,unchanged_original,unchanged_original,1000,1000,80.38765450508939,-0.023208995189213613,-0.04980237746806139,0.2482773377379697,1.0119530540801625,0.0184478930593328,0.5718204403799847,1.1158392756811837,0.11591771622551167
Llama,zsRE,AlphaEdit,NAS,canonical,150,T30,Llama|zsRE|AlphaEdit|NAS|canonical|150,unchanged_original,unchanged_original,1000,1000,76.93558372184503,-0.02827598385781517,-0.06107393450145474,0.2766104988412475,1.0149126111687166,0.0213786963555162,0.6377848081850102,1.142594056760614,0.14265528156148585
Llama,zsRE,AlphaEdit,NAS,canonical,200,T30,Llama|zsRE|AlphaEdit|NAS|canonical|200,unchanged_original,unchanged_original,1000,1000,74.48127322257312,-0.029249267054575555,-0.06808123272757964,0.293519317924156,1.0193620399886163,0.0249622968861507,0.6797999366342271,1.1613218537842258,0.16136387448887904
Llama,zsRE,AlphaEdit,NAS,canonical,250,T30,Llama|zsRE|AlphaEdit|NAS|canonical|250,unchanged_original,unchanged_original,1000,1000,73.32812760756696,-0.02819165455790924,-0.07204245499508859,0.310262329875184,1.025581216618695,0.02903560148035,0.7118186794898856,1.1773018777037814,0.17731537895580282
Llama,zsRE,AlphaEdit,NAS,canonical,300,T30,Llama|zsRE|AlphaEdit|NAS|canonical|300,unchanged_original,unchanged_original,1000,1000,71.69239073062204,-0.029763335301793276,-0.07790273955967078,0.327387905189865,1.0300368587741184,0.0327352968611383,0.7387217226702769,1.189126841517313,0.18912684151731313
Llama,zsRE,AlphaEdit,NAS,canonical,500,T30,Llama|zsRE|AlphaEdit|NAS|canonical|500,unchanged_original,unchanged_original,1000,1000,69.5382797572509,-0.03405294640886716,-0.1004453878293056,0.3639864365038895,1.0391770393563151,0.040903509131346,0.8155225375834537,1.220578357360179,0.22057835736017886
Llama,zsRE,AlphaEdit,NAS,canonical,750,T30,Llama|zsRE|AlphaEdit|NAS|canonical|750,unchanged_original,unchanged_original,1000,1000,67.72396333128322,-0.03969649310565926,-0.12768714903427542,0.3969294929450676,1.0464710584191708,0.0474882847806172,0.8865141815623869,1.2485655484911014,0.24856554849110132
Llama,zsRE,AlphaEdit,NAS,canonical,1000,T30,Llama|zsRE|AlphaEdit|NAS|canonical|1000,unchanged_original,unchanged_original,1000,1000,66.19763838846072,-0.04437415186738444,-0.15788934186912343,0.4293099553972743,1.0555497378426997,0.0561317167132373,0.942914829821631,1.2671622923629215,0.26716229236292144
Llama,zsRE,AlphaEdit,Native,canonical,50,T31,Llama|zsRE|AlphaEdit|Native|canonical|50,unchanged_original,unchanged_original,1000,1000,88.00714599343328,-0.01229346018804767,-0.026579072806101472,0.1941124595967147,1.0097921692944802,0.0145261261941993,0.4662609184047391,1.086029605267146,0.08634027995574299
Llama,zsRE,AlphaEdit,Native,canonical,100,T31,Llama|zsRE|AlphaEdit|Native|canonical|100,unchanged_original,unchanged_original,1000,1000,76.7271898740631,-0.016219392481903915,-0.032879281687592694,0.2752528885932728,1.027394266781714,0.0305760898032009,0.6391572483121429,1.1661592492561692,0.1661896072097345
Llama,zsRE,AlphaEdit,Native,canonical,150,T31,Llama|zsRE|AlphaEdit|Native|canonical|150,unchanged_original,unchanged_original,1000,1000,71.56763282383633,-0.016723797876379003,-0.029893461651477684,0.3168588474892354,1.04019772153771,0.0426711357043972,0.7527712457363998,1.2357770760724327,0.2357833188459778
Llama,zsRE,AlphaEdit,Native,canonical,200,T31,Llama|zsRE|AlphaEdit|Native|canonical|200,unchanged_original,unchanged_original,1000,1000,69.36762994467006,-0.013990753940823915,-0.02276810843525602,0.3486657236427876,1.0546418148459078,0.0561535131846753,0.8353202281892994,1.2937152837710406,0.2937152837710405
Llama,zsRE,AlphaEdit,Native,canonical,250,T31,Llama|zsRE|AlphaEdit|Native|canonical|250,unchanged_original,unchanged_original,1000,1000,66.21620395118332,-0.01337262962929288,-0.01637482080516048,0.3832824682699208,1.068088301676077,0.0692095172241774,0.9147842001760634,1.3515443174132455,0.3515443174132455
Llama,zsRE,AlphaEdit,Native,canonical,300,T31,Llama|zsRE|AlphaEdit|Native|canonical|300,unchanged_original,unchanged_original,1000,1000,64.12116163327092,-0.012114929118595701,-0.01168143240504398,0.4135411159044032,1.081635169278541,0.0823215360832578,0.9787645668618254,1.3990177821730867,0.3990177821730866
Llama,zsRE,AlphaEdit,Native,canonical,500,T31,Llama|zsRE|AlphaEdit|Native|canonical|500,unchanged_original,unchanged_original,1000,1000,59.12214042419842,0.005088533391655445,0.01562804774230185,0.5082940628229684,1.1408114625139112,0.1409969091165933,1.2092255584177418,1.586764515545461,0.5867645155454614
Llama,zsRE,AlphaEdit,Native,canonical,750,T31,Llama|zsRE|AlphaEdit|Native|canonical|750,unchanged_original,unchanged_original,1000,1000,50.8479423897702,0.021780290240053606,0.05033815383767863,0.620483700229007,1.212473215920734,0.2125494096066235,1.4716186103624045,1.8147054161216365,0.8147054161216365
Llama,zsRE,AlphaEdit,Native,canonical,1000,T31,Llama|zsRE|AlphaEdit|Native|canonical|1000,unchanged_original,unchanged_original,1000,1000,43.60455964291252,0.041092233352460636,0.0916417656446592,0.7585254152790506,1.308328803645135,0.3083362534290879,1.7568428444833388,2.0739404982369214,1.0739404982369216
Llama,zsRE,AlphaEdit,SADR,canonical,50,T32,Llama|zsRE|AlphaEdit|SADR|canonical|50,unchanged_original,unchanged_original,1000,1000,90.34007192562468,-0.00738551627190291,-0.018641392485106323,0.1719517219873849,1.010183324381028,0.0131425432469139,0.44176021721704795,1.0836741630738218,0.08379285302914871
Llama,zsRE,AlphaEdit,SADR,canonical,100,T32,Llama|zsRE|AlphaEdit|SADR|canonical|100,unchanged_original,unchanged_original,1000,1000,79.8472330845319,-0.008769211955887547,-0.025407579241416577,0.2608709337506718,1.0302380900984185,0.0315921560595909,0.630715221054903,1.1686572376852495,0.16865723768524948
Llama,zsRE,AlphaEdit,SADR,canonical,150,T32,Llama|zsRE|AlphaEdit|SADR|canonical|150,unchanged_original,unchanged_original,1000,1000,75.09760849929211,-0.005597988999440401,-0.015089624402859408,0.3043217767333975,1.0464908867677358,0.0473098788767088,0.7625778010596819,1.2550118686066785,0.25501186860667835
Llama,zsRE,AlphaEdit,SADR,canonical,200,T32,Llama|zsRE|AlphaEdit|SADR|canonical|200,unchanged_original,unchanged_original,1000,1000,72.98151006928306,0.0003365738380203745,-0.0018097223541915443,0.3409079721471673,1.065407653508958,0.0657702104055921,0.8606547756637107,1.3279353789808908,0.32793537898089087
Llama,zsRE,AlphaEdit,SADR,canonical,250,T32,Llama|zsRE|AlphaEdit|SADR|canonical|250,unchanged_original,unchanged_original,1000,1000,69.50492437711148,0.005249928668267231,0.009667213553199674,0.3761415866437494,1.0830207136656256,0.0831087037903811,0.9584717027454381,1.402572013154968,0.40257201315496777
Llama,zsRE,AlphaEdit,SADR,canonical,300,T32,Llama|zsRE|AlphaEdit|SADR|canonical|300,unchanged_original,unchanged_original,1000,1000,66.55876713914446,0.008945939185541787,0.013938543116411718,0.4076192215489058,1.0989242964597374,0.0989625092541166,1.03135368174637,1.4568139541032146,0.4568139541032148
Llama,zsRE,AlphaEdit,SADR,canonical,500,T32,Llama|zsRE|AlphaEdit|SADR|canonical|500,unchanged_original,unchanged_original,1000,1000,60.05562646431753,0.030208295171976964,0.048660389492612366,0.5191063766631134,1.1692742183920883,0.1692803439968107,1.3166565696360049,1.6928547780124499,0.69285477801245
Llama,zsRE,AlphaEdit,SADR,canonical,750,T32,Llama|zsRE|AlphaEdit|SADR|canonical|750,unchanged_original,unchanged_original,1000,1000,53.81975504236326,0.05594185379102565,0.0993004375289717,0.6582363386398435,1.2632856132030803,0.2632856132030805,1.6513590468876593,1.9924033088849042,0.9924033088849044
Llama,zsRE,AlphaEdit,SADR,canonical,1000,T32,Llama|zsRE|AlphaEdit|SADR|canonical|1000,unchanged_original,unchanged_original,1000,1000,48.12336063724642,0.09045282820574721,0.1638642196794787,0.8164889353891812,1.3857294917807137,0.3857294917807135,2.024120199187192,2.3421779562579905,1.3421779562579905
Llama,zsRE,AlphaEdit,SADR,o0_seed20260905,50,T33,Llama|zsRE|AlphaEdit|SADR|o0_seed20260905|50,unchanged_original,unchanged_original,1000,1000,91.55630512888229,-0.003579555433393887,-0.017914635859798772,0.1642085477632786,1.0119190986859514,0.0134868230172992,0.4432088134429992,1.0860359362869871,0.08611543492604498
Llama,zsRE,AlphaEdit,SADR,o0_seed20260905,100,T33,Llama|zsRE|AlphaEdit|SADR|o0_seed20260905|100,unchanged_original,unchanged_original,1000,1000,82.00052401001481,-0.0073041654450626435,-0.0263251122237743,0.2572107825555422,1.0317070317308594,0.0333021948176889,0.6467235933578429,1.1794529138264798,0.1794529138264799
Llama,zsRE,AlphaEdit,SADR,o0_seed20260905,150,T33,Llama|zsRE|AlphaEdit|SADR|o0_seed20260905|150,unchanged_original,unchanged_original,1000,1000,76.37721651579096,-0.0041099913979569,-0.019071731639292912,0.3066687354472335,1.050517646524751,0.0511713727062561,0.7701091379737722,1.2576635728014116,0.25766357280141167
Llama,zsRE,AlphaEdit,SADR,o0_seed20260905,200,T33,Llama|zsRE|AlphaEdit|SADR|o0_seed20260905|200,unchanged_original,unchanged_original,1000,1000,71.16242534592432,-0.002729702877593227,-0.0171813530543431,0.342811072678943,1.0649496384287682,0.0654129806625956,0.868618435126871,1.3218145168790436,0.32181451687904356
Llama,zsRE,AlphaEdit,SADR,o0_seed20260905,250,T33,Llama|zsRE|AlphaEdit|SADR|o0_seed20260905|250,unchanged_original,unchanged_original,1000,1000,68.06530276656959,0.0022870886114272635,-0.010793274318832926,0.3831716075279014,1.085804528025009,0.0860080035646825,0.95188832466814,1.383042014831884,0.38304201483188394
Llama,zsRE,AlphaEdit,SADR,o0_seed20260905,300,T33,Llama|zsRE|AlphaEdit|SADR|o0_seed20260905|300,unchanged_original,unchanged_original,1000,1000,64.64521405757596,0.006084499222566757,-0.0016511103095662612,0.4199591535879426,1.1034750481029147,0.1035552307121965,1.0372797914864016,1.4491875529932545,0.44918755299325447
Llama,zsRE,AlphaEdit,SADR,o0_seed20260905,500,T33,Llama|zsRE|AlphaEdit|SADR|o0_seed20260905|500,unchanged_original,unchanged_original,1000,1000,60.2931556169505,0.02394813472569673,0.029835159437051405,0.5236607757918454,1.1671846588557484,0.167185374371796,1.2981314522915008,1.665198031526491,0.665198031526491
Llama,zsRE,AlphaEdit,SADR,o0_seed20260905,750,T33,Llama|zsRE|AlphaEdit|SADR|o0_seed20260905|750,unchanged_original,unchanged_original,1000,1000,51.33873958252676,0.05530341976956156,0.07882774066443984,0.6819191097831047,1.2779422665105162,0.2779422665105163,1.6074432981820284,1.9422285352506456,0.9422285352506455
Llama,zsRE,AlphaEdit,SADR,o0_seed20260905,1000,T33,Llama|zsRE|AlphaEdit|SADR|o0_seed20260905|1000,unchanged_original,unchanged_original,1000,1000,45.09374491141499,0.09064421838835056,0.1378667526977306,0.8671013759520124,1.4199488297525291,0.419948829752529,1.9633030250513623,2.275050400025308,1.2750504000253078
Llama,zsRE,AlphaEdit,SPHERE,canonical,50,T34,Llama|zsRE|AlphaEdit|SPHERE|canonical|50,corrected_layerwise_sphere,corrected_layerwise_sphere,1000,1000,89.02050229463111,-0.011664678748157633,-0.0252465789360239,0.1846069787552961,1.0084046439540548,0.013076363292074157,0.45407839609238504,1.0820462615905238,0.08235666550982737
Llama,zsRE,AlphaEdit,SPHERE,canonical,100,T34,Llama|zsRE|AlphaEdit|SPHERE|canonical|100,corrected_layerwise_sphere,corrected_layerwise_sphere,1000,1000,78.08449233222107,-0.017301828978674615,-0.03596844812373493,0.2630473722536833,1.02265351058228,0.026229793515741416,0.6152236370116766,1.1504963547119826,0.15052583881681272
Llama,zsRE,AlphaEdit,SPHERE,canonical,150,T34,Llama|zsRE|AlphaEdit|SPHERE|canonical|150,corrected_layerwise_sphere,corrected_layerwise_sphere,1000,1000,73.15294945631405,-0.019025373699737412,-0.038522999377699235,0.3042758885105487,1.0335935821638542,0.03642280655902886,0.7243749850152965,1.2117191403664707,0.2117277047750803
Llama,zsRE,AlphaEdit,SPHERE,canonical,200,T34,Llama|zsRE|AlphaEdit|SPHERE|canonical|200,corrected_layerwise_sphere,corrected_layerwise_sphere,1000,1000,70.85439978549925,-0.01747995083035989,-0.03464841161877946,0.334594257764679,1.0461666477744989,0.04813842852900276,0.8026883218974014,1.2636943343114786,0.2636943343114785
Llama,zsRE,AlphaEdit,SPHERE,canonical,250,T34,Llama|zsRE|AlphaEdit|SPHERE|canonical|250,corrected_layerwise_sphere,corrected_layerwise_sphere,1000,1000,67.06800012002142,-0.015189407381441686,-0.02972888122531768,0.3611203552211767,1.0578317009485696,0.05885093215125882,0.8678197592578273,1.3101955483733878,0.31019554837338764
Llama,zsRE,AlphaEdit,SPHERE,canonical,300,T34,Llama|zsRE|AlphaEdit|SPHERE|canonical|300,corrected_layerwise_sphere,corrected_layerwise_sphere,1000,1000,65.11074841907364,-0.014923587147108513,-0.028180609770263012,0.3862604903607602,1.0679454059083806,0.0686180072166712,0.9208608584288271,1.3472246474885055,0.34722464748850546
Llama,zsRE,AlphaEdit,SPHERE,canonical,500,T34,Llama|zsRE|AlphaEdit|SPHERE|canonical|500,corrected_layerwise_sphere,corrected_layerwise_sphere,1000,1000,59.20347234189725,-0.009823539687904842,-0.017869018115033608,0.46555249592901693,1.1070397319843455,0.10735847063576097,1.1103582540925563,1.4899752474505812,0.4899752474505815
Llama,zsRE,AlphaEdit,SPHERE,canonical,750,T34,Llama|zsRE|AlphaEdit|SPHERE|canonical|750,corrected_layerwise_sphere,corrected_layerwise_sphere,1000,1000,52.74472996132449,-0.004544689865349994,-0.005954859267328002,0.5454452752090303,1.149704257638179,0.14983482903836098,1.2949424448315732,1.6387953582775423,0.6387953582775424
Llama,zsRE,AlphaEdit,SPHERE,canonical,1000,T34,Llama|zsRE|AlphaEdit|SPHERE|canonical|1000,corrected_layerwise_sphere,corrected_layerwise_sphere,1000,1000,47.57371262047124,0.00205734438732237,0.002022325605223718,0.6227608916610539,1.1964985032714213,0.19657248947139494,1.4482483452620303,1.7658477397170382,0.7658477397170382
Llama,zsRE,AlphaEdit,SPHERE,o0_seed20260905,50,T35,Llama|zsRE|AlphaEdit|SPHERE|o0_seed20260905|50,corrected_layerwise_sphere,corrected_layerwise_sphere,1000,1000,89.66856622926397,-0.01300985727960493,-0.0327013854975975,0.17562502787444847,1.0045645510015424,0.011303837953271901,0.45700962212831286,1.0783939465220655,0.07863892560650837
Llama,zsRE,AlphaEdit,SPHERE,o0_seed20260905,100,T35,Llama|zsRE|AlphaEdit|SPHERE|o0_seed20260905|100,corrected_layerwise_sphere,corrected_layerwise_sphere,1000,1000,79.61156940092536,-0.01707413960026877,-0.04203857847828842,0.26089519569274117,1.0226111651315781,0.027666342924849742,0.6341380502713871,1.1583958278628288,0.1584464191339152
Llama,zsRE,AlphaEdit,SPHERE,o0_seed20260905,150,T35,Llama|zsRE|AlphaEdit|SPHERE|o0_seed20260905|150,corrected_layerwise_sphere,corrected_layerwise_sphere,1000,1000,74.52526049182667,-0.015202417152932602,-0.038368713465556384,0.3063882275532364,1.0390376060117408,0.04177347242176552,0.7368090794411589,1.2209121607274371,0.22091216072743708
Llama,zsRE,AlphaEdit,SPHERE,o0_seed20260905,200,T35,Llama|zsRE|AlphaEdit|SPHERE|o0_seed20260905|200,corrected_layerwise_sphere,corrected_layerwise_sphere,1000,1000,68.32842612951102,-0.01652985000165717,-0.037865901426867875,0.3387856966175851,1.0495414474346052,0.05191589698986483,0.8170335568627326,1.2710220870149511,0.2710220870149508
Llama,zsRE,AlphaEdit,SPHERE,o0_seed20260905,250,T35,Llama|zsRE|AlphaEdit|SPHERE|o0_seed20260905|250,corrected_layerwise_sphere,corrected_layerwise_sphere,1000,1000,66.547212175317,-0.011970215370101475,-0.03512457235696002,0.37112400414778635,1.066165362581392,0.06756914551172259,0.8822771869570347,1.316343883309333,0.316343883309333
Llama,zsRE,AlphaEdit,SPHERE,o0_seed20260905,300,T35,Llama|zsRE|AlphaEdit|SPHERE|o0_seed20260905|300,corrected_layerwise_sphere,corrected_layerwise_sphere,1000,1000,63.87979739066416,-0.0098271659544709,-0.03241542244737039,0.4013618409371718,1.0795202593341064,0.08010244836202327,0.9430292610568011,1.3591085938335314,0.3591085938335311
Llama,zsRE,AlphaEdit,SPHERE,o0_seed20260905,500,T35,Llama|zsRE|AlphaEdit|SPHERE|o0_seed20260905|500,corrected_layerwise_sphere,corrected_layerwise_sphere,1000,1000,58.135711675769116,-0.0041722406004004,-0.017628191595173995,0.4774917185320886,1.1180138496788201,0.11815202389238827,1.1165959019635847,1.493720367121461,0.49372036712146095
Llama,zsRE,AlphaEdit,SPHERE,o0_seed20260905,750,T35,Llama|zsRE|AlphaEdit|SPHERE|o0_seed20260905|750,corrected_layerwise_sphere,corrected_layerwise_sphere,1000,1000,53.03367979657345,0.006810126367475998,-0.005310313456965018,0.5761897699218548,1.1759930509018681,0.17603587072351334,1.289401719254301,1.6332549080180183,0.6332549080180182
Llama,zsRE,AlphaEdit,SPHERE,o0_seed20260905,1000,T35,Llama|zsRE|AlphaEdit|SPHERE|o0_seed20260905|1000,corrected_layerwise_sphere,corrected_layerwise_sphere,1000,1000,48.770386064983434,0.019207455198967265,0.002686823070607959,0.6621674524939463,1.2335168248144983,0.23353275826820039,1.440924311782223,1.7594688739922226,0.7594688739922225
Llama,zsRE,MEMIT,ENCORE,canonical,50,T36,Llama|zsRE|MEMIT|ENCORE|canonical|50,unchanged_original,unchanged_original,1000,1000,95.00975930081144,-0.010160700524491969,-0.02153764816180717,0.086137672156346,0.9942739216662349,0.006578497970084,0.21313580694835213,1.0038643839264632,0.009259691093536243
Llama,zsRE,MEMIT,ENCORE,canonical,100,T36,Llama|zsRE|MEMIT|ENCORE|canonical|100,unchanged_original,unchanged_original,1000,1000,90.54791639918848,-0.01916198742965954,-0.041573641530639346,0.1524564536069644,0.9946726673226294,0.0098953483667584,0.3667494248890059,1.0302322399676578,0.03190364602607227
Llama,zsRE,MEMIT,ENCORE,canonical,150,T36,Llama|zsRE|MEMIT|ENCORE|canonical|150,unchanged_original,unchanged_original,1000,1000,85.26046033588658,-0.02397692320160597,-0.05573115886500221,0.1851760212747466,0.9964519664785708,0.0119213949944467,0.46085466271199654,1.0562891039008004,0.05707042196047452
Llama,zsRE,MEMIT,ENCORE,canonical,200,T36,Llama|zsRE|MEMIT|ENCORE|canonical|200,unchanged_original,unchanged_original,1000,1000,81.6069220494047,-0.025253325113727337,-0.05867982992106235,0.2051460885312601,1.0001274012396792,0.0137727368475561,0.5147889583886456,1.0789734490919796,0.0792992025050394
Llama,zsRE,MEMIT,ENCORE,canonical,250,T36,Llama|zsRE|MEMIT|ENCORE|canonical|250,unchanged_original,unchanged_original,1000,1000,78.48063583420766,-0.026485614939636016,-0.06377264772780288,0.2225877642355564,1.0033762151800778,0.0154329227794384,0.5629578868441067,1.0990554776480457,0.09922909879849039
Llama,zsRE,MEMIT,ENCORE,canonical,300,T36,Llama|zsRE|MEMIT|ENCORE|canonical|300,unchanged_original,unchanged_original,1000,1000,75.54669430001597,-0.028436247775063397,-0.06635438695696766,0.2376350950667309,1.0056061111923902,0.0171191895340839,0.5967945819397673,1.1147752475476795,0.1148673958346071
Llama,zsRE,MEMIT,ENCORE,canonical,500,T36,Llama|zsRE|MEMIT|ENCORE|canonical|500,unchanged_original,unchanged_original,1000,1000,69.69085681816865,-0.031221261211049928,-0.0751246477934093,0.2745604095998092,1.0141035732741202,0.0236829359076832,0.6943871970456669,1.1626049373031746,0.1626282495357664
Llama,zsRE,MEMIT,ENCORE,canonical,750,T36,Llama|zsRE|MEMIT|ENCORE|canonical|750,unchanged_original,unchanged_original,1000,1000,67.24179025229884,-0.03209661965892278,-0.07820329326981004,0.3068605479013902,1.0237680491757155,0.0304453353481196,0.7798391141759955,1.2127240413324825,0.21274331414103062
Llama,zsRE,MEMIT,ENCORE,canonical,1000,T36,Llama|zsRE|MEMIT|ENCORE|canonical|1000,unchanged_original,unchanged_original,1000,1000,62.91283325521872,-0.033233075070782506,-0.0842352911606049,0.3416052746629516,1.0352323530793617,0.0407441189745655,0.8552651723042503,1.2570800101922635,0.25708001019226345
Llama,zsRE,MEMIT,NAS,canonical,50,T37,Llama|zsRE|MEMIT|NAS|canonical|50,unchanged_original,unchanged_original,1000,1000,93.20245653298228,-0.001375102746329824,0.002377500455048802,0.1123331813680277,1.0058770263614656,0.0081928668996168,0.29252798300304483,1.0532579334149659,0.053514308577772625
Llama,zsRE,MEMIT,NAS,canonical,100,T37,Llama|zsRE|MEMIT|NAS|canonical|100,unchanged_original,unchanged_original,1000,1000,88.21169132692039,-0.0017369711179300942,0.0039514604571814545,0.1797761531447755,1.0169630534375302,0.0191125478208639,0.47709676897347214,1.1240536878223966,0.12411398681778303
Llama,zsRE,MEMIT,NAS,canonical,150,T37,Llama|zsRE|MEMIT|NAS|canonical|150,unchanged_original,unchanged_original,1000,1000,83.62778498275276,-0.006867869863009934,-0.010635740042779868,0.2222872886890627,1.021728175079934,0.024265121462257,0.5942748125435081,1.1685590323589818,0.16860362749024765
Llama,zsRE,MEMIT,NAS,canonical,200,T37,Llama|zsRE|MEMIT|NAS|canonical|200,unchanged_original,unchanged_original,1000,1000,81.71961108827603,-0.009234960561971029,-0.021282568017939273,0.2523109496868448,1.027785794880041,0.0298797010605658,0.6907949643968736,1.2136448415382675,0.213664156059406
Llama,zsRE,MEMIT,NAS,canonical,250,T37,Llama|zsRE|MEMIT|NAS|canonical|250,unchanged_original,unchanged_original,1000,1000,80.54166707607928,-0.012581576588992406,-0.036384525501670706,0.2831088810493596,1.0336427970644184,0.0348641633405408,0.7689316363670118,1.249279453307223,0.24927945330722304
Llama,zsRE,MEMIT,NAS,canonical,300,T37,Llama|zsRE|MEMIT|NAS|canonical|300,unchanged_original,unchanged_original,1000,1000,78.95598970691206,-0.02066660547771114,-0.06111353028504435,0.3051211323977977,1.0334696332593372,0.0350988362123208,0.8282639624395517,1.2685379636959784,0.2685449878046128
Llama,zsRE,MEMIT,NAS,canonical,500,T37,Llama|zsRE|MEMIT|NAS|canonical|500,unchanged_original,unchanged_original,1000,1000,75.62674774007164,-0.03782970957089086,-0.13568635247334812,0.3761131505284188,1.045031547295198,0.0466024721861402,1.0040559789884649,1.3397114319442267,0.3397173469667488
Llama,zsRE,MEMIT,NAS,canonical,750,T37,Llama|zsRE|MEMIT|NAS|canonical|750,unchanged_original,unchanged_original,1000,1000,74.40037410199331,-0.058620046992593294,-0.2404436933494082,0.4280159930598647,1.0483856370765667,0.051342395200762,1.024838184241196,1.2874298837820013,0.2874550695453627
Llama,zsRE,MEMIT,NAS,canonical,1000,T37,Llama|zsRE|MEMIT|NAS|canonical|1000,unchanged_original,unchanged_original,1000,1000,74.3595854754703,-0.1135418505927125,-0.4622890189542668,0.4433981895774673,1.0045404756858558,0.0319081822855725,0.8654527110947473,1.0288780342005133,0.08298155703481394
Llama,zsRE,MEMIT,Native,canonical,50,T38,Llama|zsRE|MEMIT|Native|canonical|50,unchanged_original,unchanged_original,1000,1000,93.46847347796316,-0.00034498484993502444,0.006599113136383428,0.1103810265021958,1.0067954710519575,0.0090128761547871,0.29837471809561034,1.0588006724433985,0.059011085413805
Llama,zsRE,MEMIT,Native,canonical,100,T38,Llama|zsRE|MEMIT|Native|canonical|100,unchanged_original,unchanged_original,1000,1000,85.6178307935988,0.0069268661356285035,0.03511129132142148,0.2044494611205682,1.0312238379642285,0.0324755074566504,0.5559006253543958,1.1881765859011844,0.1881955484578217
Llama,zsRE,MEMIT,Native,canonical,150,T38,Llama|zsRE|MEMIT|Native|canonical|150,unchanged_original,unchanged_original,1000,1000,76.0087251397704,0.026249408472633816,0.10651770077381426,0.3087520047772462,1.0800994099318812,0.0803525027253186,0.8752991902861088,1.4263168495696141,0.4263168495696141
Llama,zsRE,MEMIT,Native,canonical,200,T38,Llama|zsRE|MEMIT|Native|canonical|200,unchanged_original,unchanged_original,1000,1000,59.26799929453311,0.08933951250613341,0.33395927562092426,0.6078574213207247,1.2705463068755267,0.2705731237159012,1.7358775843380017,2.203381212717988,1.2033812127179877
Llama,zsRE,MEMIT,Native,canonical,250,T38,Llama|zsRE|MEMIT|Native|canonical|250,unchanged_original,unchanged_original,1000,1000,1.82678380644788,1.0273945092449257,2.3719684071557237,5.407732664317922,5.800005131917384,4.800055293234832,9.722876142952945,10.303428416213741,9.303428416213741
Llama,zsRE,MEMIT,Native,canonical,300,T38,Llama|zsRE|MEMIT|Native|canonical|300,unchanged_original,unchanged_original,1000,1000,0.0,35.019052044726415,38.900553853992655,157.99982096361927,162.24256261566282,161.24256261566282,171.75755816313273,176.4685122487159,175.4685122487159
Llama,zsRE,MEMIT,Native,canonical,500,T38,Llama|zsRE|MEMIT|Native|canonical|500,unchanged_original,unchanged_original,1000,1000,0.0,321.79614577996205,286.515130668908,2594.246172157607,2615.338117614573,2614.338117614573,2702.6731908011857,2718.779961343426,2717.779961343426
Llama,zsRE,MEMIT,Native,canonical,750,T38,Llama|zsRE|MEMIT|Native|canonical|750,unchanged_original,unchanged_original,1000,1000,0.0,4617.907790438715,3803.1012004884683,46675.15126783422,46917.67548533119,46916.67548533119,48112.042828213496,48274.368715692166,48273.368715692166
Llama,zsRE,MEMIT,Native,canonical,1000,T38,Llama|zsRE|MEMIT|Native|canonical|1000,unchanged_original,unchanged_original,1000,1000,0.0,41484.532949276596,34278.63521401865,412522.8832659037,414734.840276316,414733.840276316,424619.89458470297,426109.29339510127,426108.29339510127
Llama,zsRE,MEMIT,SADR,canonical,50,T39,Llama|zsRE|MEMIT|SADR|canonical|50,unchanged_original,unchanged_original,1000,1000,94.61998151557168,-0.0005495587064962494,0.0017096582634660885,0.0927757133589347,1.0045626484890486,0.0067822790549767,0.25453011994940117,1.0417593358244175,0.04200313375871747
Llama,zsRE,MEMIT,SADR,canonical,100,T39,Llama|zsRE|MEMIT|SADR|canonical|100,unchanged_original,unchanged_original,1000,1000,88.53566338592259,0.003724858869228052,0.01751322133744108,0.1807993187452588,1.0229886716876926,0.0240586857498327,0.49631688385726647,1.144953063250417,0.14495408505431243
Llama,zsRE,MEMIT,SADR,canonical,150,T39,Llama|zsRE|MEMIT|SADR|canonical|150,unchanged_original,unchanged_original,1000,1000,80.29333551051819,0.021679510520924674,0.08023317170230801,0.2804590560218539,1.066775917185631,0.0669555679222516,0.8004758796618553,1.360136832990099,0.36013683299009885
Llama,zsRE,MEMIT,SADR,canonical,200,T39,Llama|zsRE|MEMIT|SADR|canonical|200,unchanged_original,unchanged_original,1000,1000,71.4118495256557,0.0626038705145734,0.2166933642711922,0.4609676083963759,1.1749834053237382,0.1750017294347459,1.3183267280433484,1.8091339730397527,0.8091339730397527
Llama,zsRE,MEMIT,SADR,canonical,250,T39,Llama|zsRE|MEMIT|SADR|canonical|250,unchanged_original,unchanged_original,1000,1000,31.21565415732986,0.24462548525885175,0.7630705289355486,1.3342194951272262,1.8553355865567027,0.8553355865567025,3.2490592825534836,3.70503467536135,2.70503467536135
Llama,zsRE,MEMIT,SADR,canonical,300,T39,Llama|zsRE|MEMIT|SADR|canonical|300,unchanged_original,unchanged_original,1000,1000,0.0,4.140735552924566,5.97237509616102,21.49812842345739,22.14648616879709,21.14651740115086,24.896844224991284,25.884600438433335,24.884600438433335
Llama,zsRE,MEMIT,SADR,canonical,500,T39,Llama|zsRE|MEMIT|SADR|canonical|500,unchanged_original,unchanged_original,1000,1000,0.0,286.5463495829005,267.28020160844295,2324.09104427116,2342.895163208854,2341.895163208854,2423.306015642251,2439.0941537657955,2438.0941537657955
Llama,zsRE,MEMIT,SADR,canonical,750,T39,Llama|zsRE|MEMIT|SADR|canonical|750,unchanged_original,unchanged_original,1000,1000,0.0,5025.686767146389,4427.805083426112,46918.77475033254,47204.7894208063,47203.7894208063,48376.258189736036,48595.380197469785,48594.380197469785
Llama,zsRE,MEMIT,SADR,canonical,1000,T39,Llama|zsRE|MEMIT|SADR|canonical|1000,unchanged_original,unchanged_original,1000,1000,0.0,45303.183946398094,39868.66984280733,404831.379064947,407519.2484741552,407518.2484741552,416687.25484781474,418742.96077333664,418741.96077333664
Llama,zsRE,MEMIT,SPHERE,canonical,50,T40,Llama|zsRE|MEMIT|SPHERE|canonical|50,unchanged_original,unchanged_original,1000,1000,94.7515750070204,-0.001990828450258341,0.000800480494049741,0.0954674602044568,1.0033372432198937,0.0066746609012754,0.24923261227082397,1.038566220833642,0.038989225517240086
Llama,zsRE,MEMIT,SPHERE,canonical,100,T40,Llama|zsRE|MEMIT|SPHERE|canonical|100,unchanged_original,unchanged_original,1000,1000,89.74842503012789,-0.0031138874944715445,0.003344810267680376,0.1703795061946461,1.0136734292050642,0.0174842534335387,0.44183731473460947,1.1073409596748687,0.10745105748810324
Llama,zsRE,MEMIT,SPHERE,canonical,150,T40,Llama|zsRE|MEMIT|SPHERE|canonical|150,unchanged_original,unchanged_original,1000,1000,84.00264910993961,-0.002655145980869537,0.015029938389677134,0.219360727165067,1.025003976091942,0.0287138582242658,0.5892399411278536,1.1869063831077626,0.1869514975975509
Llama,zsRE,MEMIT,SPHERE,canonical,200,T40,Llama|zsRE|MEMIT|SPHERE|canonical|200,unchanged_original,unchanged_original,1000,1000,79.76414945538114,0.003042435550826265,0.03684646944079201,0.2593917941171327,1.041666935730276,0.0437380623385637,0.7195337817890538,1.275985361366382,0.27598536136638196
Llama,zsRE,MEMIT,SPHERE,canonical,250,T40,Llama|zsRE|MEMIT|SPHERE|canonical|250,unchanged_original,unchanged_original,1000,1000,75.49540741560625,0.009524352944704322,0.06422616065149826,0.3038153723637449,1.0612304208781334,0.0619758479404097,0.850596591672777,1.376666564807707,0.3766665648077067
Llama,zsRE,MEMIT,SPHERE,canonical,300,T40,Llama|zsRE|MEMIT|SPHERE|canonical|300,unchanged_original,unchanged_original,1000,1000,70.96464462697139,0.017783491531281434,0.09218182515772103,0.3503888918647069,1.0855745046835363,0.0859991152223904,0.9930355288186766,1.4903525290130346,0.4903525290130348
Llama,zsRE,MEMIT,SPHERE,canonical,500,T40,Llama|zsRE|MEMIT|SPHERE|canonical|500,unchanged_original,unchanged_original,1000,1000,46.2691574702446,0.13618962785551533,0.4577607479994609,0.8424948798051547,1.4452115965496213,0.4452461016605454,2.2947178933911654,2.727880344862364,1.7278803448623639
Llama,zsRE,MEMIT,SPHERE,canonical,750,T40,Llama|zsRE|MEMIT|SPHERE|canonical|750,unchanged_original,unchanged_original,1000,1000,0.01041666666666,19.475189332378957,20.854845871668093,90.7704426554204,93.16052869960218,92.16052869960218,95.30604940698133,97.86673467055452,96.86673467055452
Llama,zsRE,MEMIT,SPHERE,canonical,1000,T40,Llama|zsRE|MEMIT|SPHERE|canonical|1000,unchanged_original,unchanged_original,1000,1000,0.0,72.61457708521685,67.42481970152807,535.7449690214114,541.0354036582266,540.0354036582266,556.1342194620087,560.597728630728,559.597728630728
